source_index,text_sha256,clean_label,clean_class,noisy_label,noisy_class,injected_label_error
11,8458cb43db1d47f21f6d5f07f7f897e25d8824e2110ad120da3f24979e5d3d88,2,Business,2,Business,False
14,80cb8e408bf03b6b688556b7708daca827d4488e6bc2b8a83f4245989fb49d5c,2,Business,3,Sci/Tech,True
38,9997cc38561c4ec019145bb8abee5c0d385dc4b57bf407332ef7eb9284bf7552,2,Business,3,Sci/Tech,True
44,5726260d7d14a26ee60b1c8180ced01534eff3d9879571837f91df6980780cb9,2,Business,2,Business,False
49,ae12b367ac1b4357750137be4f6fa95bd6a3eef82ac0694f291c7761d4537e9c,2,Business,2,Business,False
56,3f21211a2a93375b7d801f0fff0d1cfbf4ecaa924ddd5405eef10df10bbd3775,2,Business,2,Business,False
58,2a2803a1fd0eb4623c8e8afafd8b76a6c7590a44a0b4c0e0c1e70f6024b7d665,2,Business,2,Business,False
62,84959235b63bde8a57264d1deb64672e697a3dc40be9b58ac6a719a1d1037f8f,2,Business,2,Business,False
64,c9bf1e6831c3d6dbc94f6ef414f94403142f25b24c73fdbfae666035208625e7,2,Business,2,Business,False
65,6ae3fe59a3755a89cfd5c8a499a6ce9afc93ea9a7c97ed70c2b6c114ccfe2c3a,2,Business,2,Business,False
78,fac0c520f5026108bdaf45fde6aa0ca6fd4e631cc89c6e819b19a6d5ee3686e0,3,Sci/Tech,3,Sci/Tech,False
122,2a112fda7a3a949dd92dbf92cffe0e0932577ac98e0f35885ce6cabb1b521758,3,Sci/Tech,3,Sci/Tech,False
140,a48827f25b7dddb9527d0c445efe5475f38ac3b061fb255a31f0508db9962da0,3,Sci/Tech,3,Sci/Tech,False
143,28a1fe948be56285ed1505e4d039cfcb0bc96cc2d10feb2d101096cfe4a8fed3,3,Sci/Tech,3,Sci/Tech,False
160,9b205ea1730e02f3142b5a922f816c6c7d1f766acac68441887aea9043e6ec27,3,Sci/Tech,3,Sci/Tech,False
165,4774134c79896a354f6d2ca4ae78a4d911c22cd06b175f52610f4733741bc002,3,Sci/Tech,3,Sci/Tech,False
193,47f814c4ac21e5fe893b263dfafbde3a4d3092943e523749ba44ce57469ffed4,3,Sci/Tech,0,World,True
199,58144c4d620f03d1e0afd614dac44d1025de7f3e7beea688fa7c069fe54c9765,3,Sci/Tech,3,Sci/Tech,False
205,4c8f0e19da956018f14526dd653d16491a7cb1325d34c85a2c56ff65ea2a6b9c,3,Sci/Tech,3,Sci/Tech,False
206,572b582bee79582d4fa1528d115035006f1771629b5af6593155e4594e97e018,3,Sci/Tech,0,World,True
214,5a65f07c030002a7a364d3899e61d24b151fd2a34210b3e608734abefa65c7eb,3,Sci/Tech,3,Sci/Tech,False
221,ccfd64357aeb495ecfb67dece601a47b6abd57df125b89f3939940cea9ad45c3,3,Sci/Tech,0,World,True
256,4e7aed80fc083ee56cf901fbfe27c513621d80cae8a4256123b97801b6cb3624,3,Sci/Tech,3,Sci/Tech,False
259,3aee9683ef8d224b67dd08c36078e54f2ec12b84e9c7ec31e438935820479d05,3,Sci/Tech,3,Sci/Tech,False
264,0f167df80f95f10274e1c5a8b3ab8f2322970749cd3c56b9b708bceae3f7ef7c,3,Sci/Tech,3,Sci/Tech,False
268,a229f92ada13e1ace34a74860ca611529d686ddf0b37fddd7c98571c91de5195,3,Sci/Tech,3,Sci/Tech,False
275,ccb62cc2d13a4e67b8ead4f7a6cdd9adf4682658473280f0277bbcbc41099e95,3,Sci/Tech,3,Sci/Tech,False
279,7d864d9e365883e25f293ecb09905863e129d75af21f2cbc6e9cc47ca2be7591,3,Sci/Tech,3,Sci/Tech,False
287,fdee4b8a1e4b00b58dc79d632f2282e75149e1d877c36e667e748032c7bc5cb4,3,Sci/Tech,3,Sci/Tech,False
301,17a9c0d211e10c0605ed1766688f88679574b1ebb5ea3d0c57f6e4e3e962094b,3,Sci/Tech,0,World,True
318,9e5c2c248d241790653f20fb0b2ccec9f6ff587eb51be12fcff191951d68e184,3,Sci/Tech,3,Sci/Tech,False
368,38b61d726bf0a0a926bb7dc6a7184da8c91d8411667a71280315c8bfd92d2429,3,Sci/Tech,3,Sci/Tech,False
378,8eff66c38490c0e738621ee6f558ed3795f4451c9a37ab1f244ea2b5be09e847,3,Sci/Tech,3,Sci/Tech,False
382,0f0470158441c9fd4a6f30f17c28d1ee93fe089cc166aa7867e3a334acc202a0,3,Sci/Tech,3,Sci/Tech,False
385,0fd66fe086f780a96fe3ea5a3e5e9acde8e2571ff013bfcfd843b0c816c53ba5,3,Sci/Tech,3,Sci/Tech,False
403,2db407005478780994b7de543969c92772314fe9c7dec198858977c65d904104,3,Sci/Tech,3,Sci/Tech,False
406,b6350412e9a737546909a1ef9beea6ee15b9c0cfb63ed0b17500ef0e9ff619dc,3,Sci/Tech,3,Sci/Tech,False
419,6453352e7e20ce834112893aa3a735dc338925fa19e2fd28a50a8d4e31b661f6,3,Sci/Tech,3,Sci/Tech,False
487,b8c8ec1a9b09492665705569b80ff44ffc1e9bb56b4e3ffa276afb4f90f6d59d,1,Sports,1,Sports,False
498,43c862589ec359b19f3ebb1f3eb61b5076f258ff5c24767c87bb7b4e80ae7aff,0,World,0,World,False
526,95975d0c44fae01984a50059bb3fa1c3b64cf4ec7bb48b07b49ba4106547c63c,0,World,0,World,False
538,6b677c595ad2d4fc12a62853cc823bd64915e6d4f3cbc0f2f82f8b18798d5712,0,World,0,World,False
544,359868ac4f4e891d3deb40318114faf473e2972cd3ccfb10a1dd8bef294e2464,2,Business,2,Business,False
571,332ec54748f65c6259dd3b63fc6bbc2e28847801c2a431ac76312e0e15fc26b3,0,World,0,World,False
591,8db73edd9bb47676095bb609cc3d904c9963377dae94080864bc2329662a9fed,1,Sports,1,Sports,False
607,d7c8942a5373eb8ad872f377ea7580ae9ebee52f07f08a516e1ad8b68dfd0e71,1,Sports,1,Sports,False
633,884a56fb0af82a2db2607d59566852eae979ceb2019d638a2378d5aa7c8b6537,1,Sports,2,Business,True
639,1c49b4f1cd718a882c6b274652e7efa6b93535be436a5512e7abeb18ffcbec23,0,World,0,World,False
652,03c52dae6a93012c1a0726933d4976fb10d714c39dc7023a8bc11b0ab3b284c8,1,Sports,2,Business,True
653,1ad005ab31fb60e3be36dfce46af900cfc4ef2c73aa8640beb2a4c6b4a5336c4,0,World,0,World,False
659,a1e68590e568aa69968b0411426ae1b836816d7e1bcf6604e3ce17d34a1b91ff,0,World,0,World,False
672,14cb00e37d8147cc2f8c2c6fa3954439ba8e6d376cbf15387b50b201b776c6c6,2,Business,2,Business,False
719,76d87703db1607fb0c09f5cc8f36022fe8c17d5ce36d22f61ac69e7c4bc1f27f,0,World,0,World,False
744,f7432528232bbbf958cb4a7aff4f0f7c6b32180bad40a7c5d31230a4fdfa9d3e,1,Sports,1,Sports,False
749,c6a364b7f2bb457dfec89e8740a42469ae54ea727d63955fe493b38ccd9f88ba,1,Sports,1,Sports,False
757,b475dd5a2cbb132ca4c6dd8874bd6ccf891d4a29c8b86fcd9ff79c5a171e2af1,3,Sci/Tech,3,Sci/Tech,False
790,63827bc59b418fa1d029572468803c640c2ee41e8fc79dbc47cb46a6afc9527c,3,Sci/Tech,3,Sci/Tech,False
807,7968b45a85475b97be7ce338d52c15fe6c608c06287928a82c1aab4ec1773b79,2,Business,2,Business,False
823,f6921382adf9292df946a64950d2299559da31acdb9bcd7abd07f6b7593ec50b,2,Business,2,Business,False
835,4791430c80007b19eec6effc74f5f66dc06c80e87c79d4089ca4ec982ecdbe20,3,Sci/Tech,0,World,True
879,cec5b4e5741452aa6496d726516110b7a4536b0f463a44c2af747a21f88bd0c4,0,World,0,World,False
918,2c1b8830493098fc349a4c23848dfdcffc3a2dedd44c1a5cfc936bead493d643,3,Sci/Tech,3,Sci/Tech,False
932,894cc154475bb1a412913b848a7bc2f0d22cebb85409d94700fa93e4d843a59b,0,World,0,World,False
947,0287dc070630ab09b673969eb8a98a4b8c16b4313a5b6230034fdc42c7c6dc61,2,Business,2,Business,False
957,a0ed227648956cecca57748338ba6390dc5d754e68413b2f621fc8dfc370e3a0,3,Sci/Tech,3,Sci/Tech,False
958,81ac0338fe8a3545b77367aef5579fb710978bc343888289287542ee91778456,3,Sci/Tech,0,World,True
984,18042a605bb0579e50c428dec47e0a1a5a3d20ec60b59e7273620b6dc6012441,0,World,0,World,False
990,7ccf86fbb5f2f6fa17f20336c73a149cb5e81f90954bbe1a93e24958ed5d713a,3,Sci/Tech,3,Sci/Tech,False
998,9c8fbd5223cb1ec54cce7a9b6cae225b8184acf7e532f99ddfc78cb510772128,3,Sci/Tech,3,Sci/Tech,False
1000,af455f2fea4ab7aca4c81eda884700e3c0c3906ad10557c42372e2ee92a9b6b6,3,Sci/Tech,3,Sci/Tech,False
1013,4793d7b5ccc29b1f4a75094a451e8983aaeadc66e6c8e79455529ef8c5c8c70c,0,World,0,World,False
1014,d734b18ba80b54883420e50ae913965b38ec99f7f141b6911a5610f3bc4466ae,0,World,1,Sports,True
1050,78e1f9984e13fd889daa33ca2e39e27d01640dd52fb7278612927356eff5aad8,1,Sports,1,Sports,False
1062,a8690abfe6a22c3818072795ddb4fc66ddfad550df9c0bf1694695173e8f4768,3,Sci/Tech,3,Sci/Tech,False
1072,d533cbca14d7b2341e8b29a5776f81c4f7fd37fc1f7fe3d9f338ee15cb519179,2,Business,3,Sci/Tech,True
1073,d155506583b43a52129674c959b851174f49b6a9a9f39b825883964936da3e82,3,Sci/Tech,3,Sci/Tech,False
1095,8463dd1e2d35e7bfc8f8741d6d39503ffa47bbf2d7a1e5d15dee5508c30c766e,0,World,0,World,False
1098,fa086df026cbf840538a0ec308ed903162d27e3f5ebf6e62fdeb374eefbae602,3,Sci/Tech,3,Sci/Tech,False
1103,44dfc322e201f7e078843433205f37dbe7a3f97217e7b3e8ba738340c6d5c5bc,3,Sci/Tech,3,Sci/Tech,False
1107,39a22ccb12c66747e931012ac63d69bfb01efbf083553e5302cd59aaa5a56ec0,3,Sci/Tech,3,Sci/Tech,False
1116,dbf4216f22e6926c7579013301f8b9d8ba55c3828ca8a53519e7706ad12e4f0c,2,Business,3,Sci/Tech,True
1123,96366c04c992ea3c5e122cc8be6134a6a6c9e36d9135b10f1a248ab8572b452c,0,World,0,World,False
1157,917a5639b5b86cd0d67a14dff9b5c392276121619b003e47febaa29c5ade518a,3,Sci/Tech,3,Sci/Tech,False
1164,6ce495e5752477dbf283a9b093f775c47616495c2200ca8357d7bbaece3669db,1,Sports,1,Sports,False
1166,6c826143255297c72de89b48a4ae7bd365657161f030106e7d8f909499e66228,3,Sci/Tech,3,Sci/Tech,False
1167,c669e169bf4f91c89a7404f55f34aff40a8572055ea7324b34bceb3535739273,3,Sci/Tech,3,Sci/Tech,False
1200,05fb539c1828259ab3fbd9fb142c2c49381ec21eec666b22677674ac97b2675c,3,Sci/Tech,3,Sci/Tech,False
1202,12d48bf2f760bcff35bd5ba887d4839546b21a2ab4dce1eaff16ab3957d46ad4,1,Sports,1,Sports,False
1206,6281d70f1b6463d1dc4fd439f3ea28b67a44afa4a5ef1b87619cfa9edadb9b70,0,World,1,Sports,True
1207,a11a0ffe8bf8a9775adbf5c52fc380edf216c7f376a5f20a0702e4035045b2d3,0,World,1,Sports,True
1212,b34419b529159188366e3f053efc59829fefd1ed95c0ddcc435f63ff5a2c92fa,0,World,0,World,False
1214,90cf4e12b1c96b6c188c37d2ea65020099b94479591148cb228f1072d5cb365a,0,World,0,World,False
1235,3136e25418e789c0f3c57632f4dc13a67959d7840f7eeef438eacfe95fc0e56f,3,Sci/Tech,3,Sci/Tech,False
1241,61e061f7f79b9581ef7f90f7b4323c993ca179b6ef3b38b7c09080ffa71627f7,3,Sci/Tech,3,Sci/Tech,False
1253,b8deaf20b3379874068f267ab4c7ca3057c24a0ebdb3a29510ebabc813b26299,0,World,0,World,False
1281,8960d35ce5d660f531c5877f379fa584e27389df312f43e8c742900668060f04,2,Business,2,Business,False
1307,e9d9bfcc967b5d12312fff6a1be0f4cde127f7c83573c8c5ebc7b37b18814ca7,1,Sports,2,Business,True
1330,85497dfaeef7ee5dc12e473e9ba61f8b30dc5f05735b6e2d65aa2efbc208daad,0,World,0,World,False
1339,eddec8bec3d9225264639248f68203cbdd53d7794b789c4bc4c14db32daace5d,3,Sci/Tech,3,Sci/Tech,False
1358,38fa8f853a04835e028d9ae4f8d0281e297cf67be0acae6cfd8d8be87c18cb1e,0,World,0,World,False
1382,80da0d35586ed5ba88ea58415a15517c77794dc2dac12d177ffc49ff46817dc1,0,World,1,Sports,True
1389,a9a68d93baf6514a5203a36b7c459e65c7069c5adcd4bfa78bb26b5ce47b100b,3,Sci/Tech,3,Sci/Tech,False
1392,c35f7b168b6d64d82ee8dd0e8938fca7d06e45f643e8db4ce4cbab61a3802f0c,0,World,0,World,False
1398,2492cc794210be59f4f4e2f17292960ccc79a9c6684737c9bb94d3e12963ac62,2,Business,2,Business,False
1402,ecfa9687a89b08b85adb7f3914e2c6633b9b7370d1bf671642dd16216ad05601,2,Business,2,Business,False
1414,768fd98e5fc527402f3ea007bb83bf70333ca0b091ba0a11a2f18144742120e0,0,World,0,World,False
1418,cba17253206a91fcebb980dd5e42b930f2ebf6de9d519b9c4447ca0074475935,2,Business,2,Business,False
1422,aac380df96fc2e3fef8843aaf1ab7b134010d328078d677a2d02f95f6fa189ca,1,Sports,1,Sports,False
1425,00bbe3e9dc520d49596be72e8815a4c3cd9b0bc86e023fed654adcf88886e616,0,World,0,World,False
1427,323a4750772d31cbe1526afa3489bb850e57dcb80200d74efa11e7863e7e2d83,2,Business,2,Business,False
1430,7fe6db280f3247d3f3690207d37287d92c2d235e16f1bc47987ce31cd36702a4,3,Sci/Tech,0,World,True
1433,0ce93ff49d31c5d51b5eda5e602b58939d2a1156e2e336528ee90fd7c32f20a1,0,World,0,World,False
1442,b305db9433dcac0e6d6c40b6878c28e4e6e65206b70d7d3a30f833ac94b6793c,0,World,0,World,False
1452,fd605806c282de2873298f35c7ccb5476b57bd8227776e2f2c6c49db404598f6,3,Sci/Tech,3,Sci/Tech,False
1453,f1aba543878e996954755e12063f615ed362420e91c1623773cb211d1930e745,3,Sci/Tech,3,Sci/Tech,False
1467,7dbef49b59965d2b69edf83d612acb4e445b92eff76ac29e0f3ffd37dc133491,2,Business,2,Business,False
1484,fccf6a2e7909ad9a33e17142281f93ef98b2f6aeb154d52e92b2236f12e2dafd,1,Sports,1,Sports,False
1502,c514466f445c5d502e55c50b61cc19c55b68e5d868099631a9cf9af6e443a3a1,3,Sci/Tech,3,Sci/Tech,False
1542,9c34418a0409537132b0cbe56eafa1c9b3b3455a93d41a5a1c7d75e2630fd70e,3,Sci/Tech,0,World,True
1548,fcf2573acca4b609113811e8e72c4748bf82d25d07990fd49fcf1ba9444bf217,1,Sports,1,Sports,False
1584,5d402d742c5785f2ced01dd075749094141cd2fd05482215dbe955c2ea674e2a,3,Sci/Tech,3,Sci/Tech,False
1585,3d973a20d2ef5d64d7b43ac4b0f72cb2593aaf539437a511707f823ee8d27b18,3,Sci/Tech,3,Sci/Tech,False
1591,213c9347b2286bbcb769823bcacf7c77d5268f6eb2172f6706956af91e81acdb,3,Sci/Tech,3,Sci/Tech,False
1593,6b6535d03332cc992e09d81aef4333b96b436927e0a25dcad2e0d95220ca3a53,2,Business,3,Sci/Tech,True
1597,5da87237d72ba6f3fe959f855dbd4144fe21d1a252316a149c60e2452e84911a,3,Sci/Tech,3,Sci/Tech,False
1620,02585e555587eebfc66f86e83afe2536c7c9f5b7af8908110d32f64f7252d82e,1,Sports,1,Sports,False
1632,a009874f0e82ca32edb1126726c8af660318145e1d12e0ae86b3880ba9234a21,3,Sci/Tech,0,World,True
1634,952fcad7dbc30eb89b8a7508dfee6ecf4066aca70ce112586035f1e6562b24c2,1,Sports,1,Sports,False
1636,14d4a5b0ea1238b10156e8cbd40c6d4e37a67a5372547851cf3797332c82772d,0,World,0,World,False
1645,dd4fee7c5c715d1f106bcf37726833a4ae5575d423ff2f6a5721bb059bc5c2ba,2,Business,2,Business,False
1668,85ac76eff1bbc485e04a1a9d2f14649299fa8bcabf9a5bdccb82f7e6ec29f314,2,Business,2,Business,False
1673,398aefd86c634e93362c59d8321b0f03a42fe328fe91d7c562e553d6fbc33787,3,Sci/Tech,3,Sci/Tech,False
1677,488c55ac92395553ef86eefafd68da88d4d675a61e13c3e0f7a32599491c864a,1,Sports,2,Business,True
1683,301771ffd2b275acd84aa3df1fc854c00200c214cb03624041e29e6a37f1ae06,2,Business,2,Business,False
1691,f1e50d79636fde933fc6d2046509199d11e6056406125e2a2940718389543260,2,Business,2,Business,False
1711,550c622028f77579d5dd7197f069023c121edaece07ac63e538fc244861a5d65,1,Sports,1,Sports,False
1720,110759e77739330b2f83e6f1739832ca26b86cad939063628619137d5b5cfe45,2,Business,2,Business,False
1735,ae84795e278c11e00bff130aa4413da78d302705ebe5b08b8a4cc798320eb659,1,Sports,2,Business,True
1750,3398498663d4447d2cae36d483f8ccdf951aec1a8d936d75d9bd4f385012d17f,3,Sci/Tech,3,Sci/Tech,False
1751,5bd755c70622e2ffcf09ffc6e39da9ca1b6684f63e5d5abb4abeddfb1ba768bb,3,Sci/Tech,3,Sci/Tech,False
1763,d5b5c0f5ec58dbe721716f032648cb2e70b94244cbe2ca9831eebaebd5aa2b9d,1,Sports,1,Sports,False
1778,9c1d52d320f175edc6aee32896d7d2ae366c26383d1545a31ae5525cf63ea2d5,1,Sports,1,Sports,False
1783,ed78f3aa9398413d1bd836480d6aac375f1be8628e037a936056be498f19e03c,0,World,0,World,False
1798,10cba8920594af872eeb8c370b5338fdf7bae40670cda5fb869b0f95a4748a80,0,World,0,World,False
1802,ba48fd5fd28747f115dcebb0cd5c363a854b2a90b6f779780ec147bca1c7b06f,3,Sci/Tech,3,Sci/Tech,False
1805,eb2f948caa42c7f53fdb581d62936dd90a73e136fb67ab7b41ed7c3f75314b85,0,World,0,World,False
1808,eb07a3098fea67dd9126c8473a12444b5dd6a97c469a3da827350aa9560cac1d,1,Sports,1,Sports,False
1822,2dec0f3baa45cac8a76765bf0462a6d471fadc8358bf52e6c24aee33de38fa81,1,Sports,2,Business,True
1826,458f0e2ea1a10681604193cc7c4d1435f4068ec6fdfa10ef1db396b47f6a6fbb,3,Sci/Tech,3,Sci/Tech,False
1850,494dce9d5c084a9a463983d9363d41a00b3b6365215b0ab796294764dcf01383,2,Business,2,Business,False
1867,f269f0d28d3ba311f43be96592b3e61790ec67fc90fe428daf2a5c7cc5aee20b,0,World,0,World,False
1875,9701e822d962e1dfff5f674dfdfe2cd9c5f50f7758f544e5c49dda7b53e88e08,2,Business,2,Business,False
1876,d059f5e0f57a9ad61f2b059fdebdecd7aa19ae63a72e3b30aef54310067257e3,2,Business,2,Business,False
1891,9d75671f8cccf67ec1dd118e3fce2b8436c054466adab40757db094cebd3f74c,3,Sci/Tech,3,Sci/Tech,False
1895,624080082cb0cb348a0810e771126112ba1817b548c2208be4fe9b0366a2a33f,1,Sports,1,Sports,False
1938,93f507d7ab3dfda83d1a69b143523885ebddc39ed870e539d8bdba65cdaeb2a0,0,World,1,Sports,True
1992,809a38984e49e7c9bb7bda05e7926c6b35bb28caaa3714f28f41448868772378,0,World,0,World,False
2035,6a04ae5e7f1238b5ce48005420a49d04c7d887a2170ce3d31cca59abe24daee0,2,Business,2,Business,False
2045,df1dbb4787d5f534ef52efe3215709ecc2399c42331cd01ef806448762850577,3,Sci/Tech,3,Sci/Tech,False
2074,fceb34c820d623bc423234a6a27fdd53848d7f8a6a023162f509868914765df1,0,World,0,World,False
2077,678fde6c1f57cf952a85bad9049a4be489c5d51c8f976febc04ad70e8007c1c4,3,Sci/Tech,0,World,True
2090,742aa360236856b90ac29357a5514d8bdb2fdbabeb1fba9689975e841823b771,3,Sci/Tech,3,Sci/Tech,False
2098,431f3c7f347a567417d257e2a5cf031c8f07a2c7f2c5ebde870c6557e0ef62f9,3,Sci/Tech,3,Sci/Tech,False
2106,e8139030f448ec09ba01e4ad718204cba494f9f648ddd3f03951ee43bb14c47c,0,World,0,World,False
2111,df740d39aef901825cd9d7311a92418e551bb1ec314b5e7197b02858b32877a5,2,Business,2,Business,False
2112,59c1c50c1f6c636d2e558cb9cb901cdafd51e32d1a2ad84819d3c4f395e99539,2,Business,2,Business,False
2118,1ae38b67bf9922f67a39db1ec7ada9f4072d4311f22aed3c3967841884dbf118,3,Sci/Tech,3,Sci/Tech,False
2123,6c0a9be8361856653cf9e1b5040a231207ff4380397d8145ce3948ce210d6137,0,World,0,World,False
2131,3ebb23fe2e1c4e1d8dad178be33357b8e4e7748b718887a9584e7a70118dc161,0,World,0,World,False
2137,b1c5dfead341ba080da74d9690326988cf75d7d7ad1d3a261a9e0e7d0112f97f,0,World,0,World,False
2165,37674dc6367c24daac10e987cfd96beb3ecc030acad2057e80f32cbc2440c149,2,Business,2,Business,False
2167,661468229f1c290fb87e0547e290d495f9314b4e63015aaddd1f626a3c1bbbca,0,World,0,World,False
2187,71e729fbc7c65182d0e344a13748a6b047cb45a0436631737ec5bcca8cf09743,1,Sports,1,Sports,False
2196,322c249bb8d8d85e0c40898db472b2e3c0d15ad0b1285a91e3c32118592e6adb,2,Business,2,Business,False
2206,f57a64cb752dfb16641dd07ebbd5644e4f380d6d09afc4fafab1a04ed94b1436,1,Sports,1,Sports,False
2207,93481d06722caea2276c5f22afb98873375a78b1cea6c721cad14f5af9f919ca,1,Sports,1,Sports,False
2233,ed0f88b5d9f5d42d8360ea8bd9652bc9e472fe79fed64b58489b1a55a16e84c2,1,Sports,1,Sports,False
2237,3dfcba204c6af6c3fe54e9d7860fdaa97b6336e9f05e443e6e2b70c9d361f904,1,Sports,1,Sports,False
2247,97e4078b2f547d1b619093a3d5b9f69dcbfb362fcaa0f13bce10912496904b84,2,Business,2,Business,False
2252,7b7592a03390ed2e379077ce639475cf0b97e14f29c9030c0257a84750de10e9,1,Sports,2,Business,True
2253,bdcc7e298ec33578ad17abfa3efc21a24b313ac4ccd5cd808b78d889f68b5e1b,1,Sports,1,Sports,False
2267,2e42dda02a499d5e7ab171aadbfc7a37aff84667c2ce13998689c1b4579e0210,2,Business,2,Business,False
2269,f840b942558a1845042c3b46c766c4a118b9dc9de7339e1317e604f975decadb,3,Sci/Tech,3,Sci/Tech,False
2270,ea82e33a60bd02d246c2664d62161583e5b42989e3ad6d33eeca9bbd1ae1680a,1,Sports,1,Sports,False
2275,1d172a8f5af3f7b36575b9b94ce65ee5af054c935410a7cad3638a30b2bdd1a4,1,Sports,1,Sports,False
2278,c42696054cf8ca59dd7d6f9e515cffd3e233df265bd5ed205e144c9d16ee9c96,0,World,0,World,False
2291,7d994b377ed9eca5037fa1325e51a97a5fbe881e8a09afa05ab6ddd2a402a479,1,Sports,1,Sports,False
2305,d5fcf7ba1fef68ab96ca486078bef852b420942ab15855a47cef32f00d0036d4,2,Business,2,Business,False
2310,45e0b86c727bac6dd080194d7caa8dbd21a1e00384cdcac16025248369db17ff,3,Sci/Tech,3,Sci/Tech,False
2323,33c822b51f64f16bbe6b8852e9feca7e46f8dc414e7ab5c2a1c1db36c95b5f97,2,Business,2,Business,False
2334,0a74756719dfc7296f149328f2a1152ae767bb5411c9edf3cce7a2991c4583cd,0,World,0,World,False
2352,303c9c5fafc131545452ffe6b4fe9af074f88e45842c028e839b3395c5b85542,1,Sports,1,Sports,False
2378,205bdcee3e1218bde6d34580a282a3fbc5d6f49f078a81563b7f77d1370e9823,1,Sports,1,Sports,False
2391,3ce1cd42d11315af70b7f0b7131a2f2a9c9c4bdd5dcf8ad61a4d945f17b1fead,2,Business,3,Sci/Tech,True
2407,006a3dd2e0577cdf315d3d89451bf3da59a480dabad885c4276e94210847adaa,0,World,1,Sports,True
2416,ab28869e7c122f6413053eae7d4983835507266d020fc9b895eaf1112519af8f,3,Sci/Tech,3,Sci/Tech,False
2426,739570f68cdc53c87591bb58da5bcfdeffc30c160a0866779253757bfa7114ac,1,Sports,1,Sports,False
2432,6fbc8083d6193d27c5ab669a4649a6273ca2370631c6fab4dc7e194092f49df7,0,World,1,Sports,True
2440,94e54c2ffe9e31d0e657760d602490bcd8288d789b4cf1084f7726a94c567377,1,Sports,1,Sports,False
2444,a7c84466ace6423b5ea579b29438f11b6f8988efd575273dc5d1987a57295cb9,1,Sports,1,Sports,False
2449,98354406a804a2c99720a13ace4655104a73748fb96a710f70ffafa77b153e72,2,Business,2,Business,False
2471,25aa5203be962988c25462f88ec478118a7d2ceece0fa1710151b37fb85672aa,2,Business,2,Business,False
2494,ec141d4f3003b076b874853a827797d43ec7e0c64b4a65549e05ae64b09ebcf1,3,Sci/Tech,3,Sci/Tech,False
2517,f989bb9a2a88a359c9715d48af0e305c97c43995a5250c8fd1f6dc2678bd371a,3,Sci/Tech,3,Sci/Tech,False
2525,90f51b63195d6802c9827a8681de076616e3c4d14d2e9701956ba509c64592b6,2,Business,2,Business,False
2543,bced9822c44e6794b1b7095f83413e3794cf8e321a64355fb518199c87226b78,3,Sci/Tech,0,World,True
2547,6bbec693ea0b6ed12a2f5693c1215f261f448215b588e91d5a81442bd71017ba,0,World,0,World,False
2551,77fc71bff645bf03f20019b1e566e4f4e67ce22978db16480068f05312626678,0,World,0,World,False
2553,75f3a454cdc1b456f49147e833017755cd137eeea44fe755c4866839b36ec732,3,Sci/Tech,3,Sci/Tech,False
2600,ccd6aa87a23922887526f0f6f76e5f32fa8a7d3c901987fc52c2e892929f6be3,3,Sci/Tech,3,Sci/Tech,False
2601,a4ae00ece61147799f5b92e213d97c6984098d2bd9729d1f00d8bc6e1f5ee725,3,Sci/Tech,3,Sci/Tech,False
2604,e0b782f287b9dcde4e9b6830bc6d2ad11d6341b3a4838b258b5ef736d187d50c,3,Sci/Tech,3,Sci/Tech,False
2606,ac81ccbe98088aac8194b4055dfefb6bd0a269de1b99ef9f38776ac1dfd2f0ff,0,World,0,World,False
2607,453f8d181bb466323249b7f248c3c1f4ecc98e8d3761bb7ad4207424d6d6028d,2,Business,3,Sci/Tech,True
2610,48f7391ed62e8b98e357d002807fccf704985e3b73da295b86565d573cd897d9,2,Business,2,Business,False
2612,512f75dd11738582bd62b3c5f83dd8d4155a99d2f5cebd0d190304faf2a6ec32,3,Sci/Tech,0,World,True
2616,06391ddd1db34452379797dcd68a902dee4823a1e7490dcb9adc79548b534df6,2,Business,2,Business,False
2627,3361a811039ca18ed03e4e8d72af69b4082074de7d51a561d206f9f0310905a8,1,Sports,1,Sports,False
2645,c9bcd1cacf8b9ce1f25b05ae4589b1a03c46efd63358af63cacf0de7e0adf26e,0,World,0,World,False
2650,025345ddcef6aee473b353f3a55f75f5ee2c6315876757749561721cdce37d2a,2,Business,2,Business,False
2658,4e0ae6b6cc8cf855532d38d315ef5ec19cd66ab1344ed7ff61e1cda24ac3e9ac,2,Business,3,Sci/Tech,True
2661,f958a08aadd8920bb35e240ac61950d6ffc776d9fb870d7356e20756cb124391,0,World,1,Sports,True
2699,7d1870c9060df6e0ba252969bd5687bd2303d50e4dd22ebd4b19dd9353c1c46b,3,Sci/Tech,3,Sci/Tech,False
2718,da5d375904b56626daf9ed20decd17d9faeeed31dc2f61dcefc928dc453be6ca,1,Sports,1,Sports,False
2727,ba67b1a63830e911c627111272d1dc63bd461218709fb5bc2e0d06e4a9e85580,0,World,0,World,False
2732,6647f83949a5ffa2448072e09a862d75706c799adf598e644d0451adafcfb147,1,Sports,2,Business,True
2744,8af29bc6c212d17f1c3fb0ef63e28b5576f39c6b449e626dcdb7af4078d831db,2,Business,2,Business,False
2752,d6469e6325212957d8afc518042588c492a280938848d0c217dfbfe4f6aa0888,1,Sports,1,Sports,False
2769,6919996ad24e892c72f122bbd55a78bcea0fdd4df653ab71f739e6ab15ae1e68,2,Business,2,Business,False
2783,77877b556b17ee8c2946410ce7e459e716d42f0c0a978ffb4c59f4f5fcb05363,2,Business,2,Business,False
2797,eef344fd58c0d6ca6ef6ea61a16c1dba2c26bbd0fb071989105287bb69f43a49,2,Business,3,Sci/Tech,True
2799,be76b91f17f4f26df8ade9e7d11d4519ebfa3b301404a1220d89222574baacb8,2,Business,2,Business,False
2826,ae10e9fcbed87e62abfac295445fb9e8d3b8127e1d672231177f183e44d1a4b5,2,Business,2,Business,False
2836,0a443956068199d46c546e8202019cc42420e5f6f7a24127e3984d1f9007c031,0,World,1,Sports,True
2837,0a291fa98685315e818b6af34666fd6998c0704a6ff491bd91de10267e8cfab2,1,Sports,1,Sports,False
2851,0bd889a4c38b7699bd4370e5fb4f92fc0096be78d1ca0ebbdb08d6d4d47cd7a7,3,Sci/Tech,3,Sci/Tech,False
2866,33cba607c90878a521c0c43709ecc35c842c71618a64ace77a889539d0fd6ee2,0,World,1,Sports,True
2880,e4b06adeeb7ddcc865c4f640f78469c3832754ce18abf233985355e06bedf074,3,Sci/Tech,3,Sci/Tech,False
2893,43ef26c699b385e12f7f648d4a0ca57301629dc859dc26720e81ec895b14309d,3,Sci/Tech,3,Sci/Tech,False
2912,9875440e87bc065bdcceab9c3180cfa1c4fa456eb775d12671035cf0e7dd3d44,3,Sci/Tech,0,World,True
2916,5a6d9557dd418aa0a67a8ed9a10e04171cc03daf89140cc59ef3d704c1404bb6,1,Sports,1,Sports,False
2931,0348b1c1e8ba9fd6171c228bb9007f7549c64e9046fb9fd78e8e813e9b2acfe1,1,Sports,1,Sports,False
2934,e7aac0cbedb73169b11091eb52926b55fdd4ebeba37bfa200cfe8e17bf07463a,2,Business,2,Business,False
2975,493bd39d64c55708d64747e40d1715ab5d0d55a9e9dfec3765eed625187d59b4,3,Sci/Tech,3,Sci/Tech,False
2995,e2c02d84ca848a7f726d9aae5a4f00010db4b2916822f00585004d99b521fd9f,3,Sci/Tech,3,Sci/Tech,False
3003,157bef737baf594d10f1b61354d70ad219677862867716f997f6f5732e577864,3,Sci/Tech,3,Sci/Tech,False
3006,33a5a34ef35d9c848b610ebd37a5e056249894f453eafeeb3202ad33ce87fe25,3,Sci/Tech,3,Sci/Tech,False
3018,fb0bfe035f696cfcb72a93a9e8bb59573fa1690f77490a16467164a6bf2c3550,3,Sci/Tech,3,Sci/Tech,False
3019,5b5cc81a586d5fe3ab4cccb323684904942ca3eff6f66e53999a69742b1eb34f,3,Sci/Tech,0,World,True
3022,5de445c036269131ac404a8324c3654c765d4e91876c67cf4ee1ffa5c4eb0859,1,Sports,1,Sports,False
3026,a61d3bd37ebfdafbdecc108d9a1cbc705e4dec57e73fee3f658782adb3512645,1,Sports,2,Business,True
3028,13814b805ea75318c2ef9d164ae5c7fbe7dbde87cf2b17d6f91fd3cf74ddc000,1,Sports,1,Sports,False
3031,a5b9fa8eb88814e29ff970dba35b8f2b328ebabf0d70d049fe49510620333402,0,World,0,World,False
3036,93d81a9a6176e8c955073070f2062f163d492bf9f5ad8c03ebdab07b902b3e4b,0,World,0,World,False
3040,c13686a5b70a1232ab7ddad68839c9b0249817b3518f383c9f999e783b89ea3d,0,World,0,World,False
3045,e4e663f1f391305e9c0d2e175e0e1c504b9c1c3794641411e2c916e0e84c12ce,0,World,0,World,False
3079,e81e177f67223c526e17c614f7508941d25f1dfb82846564e3fb9660d9e9ccd2,2,Business,2,Business,False
3080,959d801abb4a718d9f31102b917b85d8bc1d858c225a585cf816b8b6f47bb6bb,3,Sci/Tech,3,Sci/Tech,False
3094,e7a895024d052ca15e9b96fee5b5edd83d287d9e21c29f3f08c8c43cf7d21bea,0,World,0,World,False
3111,5e37f1d9c31e0229ea5f9e63773a89dc3efe73586d59e5ab5cf8d1a485afa737,3,Sci/Tech,3,Sci/Tech,False
3121,1532c59eb9718a4d3abeeadc798e19ddf61092d0141b90dfb3674c84dd6f80ac,3,Sci/Tech,3,Sci/Tech,False
3137,1da6a5af229523eaf0566210db727d48d1f7a6a7504eb7ebed2faccb5eaf980a,0,World,0,World,False
3177,83cfbee611d26fd6707ff3ddb2d655f7b9408345e70818fe7325c668f1d85659,1,Sports,1,Sports,False
3183,1d9451bd3e61c571a59a1a3661c5947ace55a590686fe163b922119254442008,1,Sports,1,Sports,False
3191,48a928c8bb1163227c8a4ddc4d58594bb011e0eadbbbe069b55816330931299b,2,Business,3,Sci/Tech,True
3198,3c54a9427108df54689e4e8393d25591eaa5033b911db1bfc5bc1793db0ce832,2,Business,2,Business,False
3207,157703d781c6b07d4ab82571ceb6029bf5bfb0b091921f3b12ea9846733d8788,0,World,0,World,False
3214,b5f09aa5016867163ee7f3ecbacbf2fc8d9bbf7431d6bd5f41a0e5f60d29d8dc,3,Sci/Tech,3,Sci/Tech,False
3257,6b979a6872c780dab63e13beb9e7def8461495027c75341b06884060506d384f,1,Sports,1,Sports,False
3259,a9ed29554f906c6b6f04f8c06409005e116f82e000543388863e7f292a2143d8,3,Sci/Tech,3,Sci/Tech,False
3270,2a491d6dc288d6c752776aa48b890b035b4af53caebe06ae4aa40452599d6cce,2,Business,2,Business,False
3301,c603db668e126d0e6f296b3016ba0841b729cc7c982f1abe179791bdd3ea4c11,3,Sci/Tech,3,Sci/Tech,False
3307,7b99f155ac49465b7c196f345eed3ff7f9482878e1883d6450342afd6b9361a9,0,World,1,Sports,True
3310,d6e1e8327ade071c6087db1e5b21020d88706721713d6a9e71728adb2c24e4ab,3,Sci/Tech,3,Sci/Tech,False
3340,ad6b6d9db260740b95479b2deec4083ec2d62316ff0185b17626fbf90c8cfdba,3,Sci/Tech,3,Sci/Tech,False
3350,a0a963282378adac2cb40108d87761e659c18411841f624a5a31a3d6bed98050,1,Sports,1,Sports,False
3359,c9dc056961968edeb9d37713c827769ac8be5e09991782f65657d345fbc39dfc,3,Sci/Tech,3,Sci/Tech,False
3374,b522557fd7157599c90274d69aa2cf4102376a45872e610b1c5dd08800777ec0,0,World,1,Sports,True
3380,eda7c19003db411d19e03d3493bfebb80c2c09c620a7dddf6366f1f19d526f9c,2,Business,3,Sci/Tech,True
3407,ffa2504d8f06d0dc624434d4ad9830cd4e87a4df47711dc6e17b6e2ae96681b5,0,World,0,World,False
3451,362993d70a602e286d36dacf6117dfe6af397751935f4ed3617ffd80aa5677e4,2,Business,2,Business,False
3455,3dbb2dd6b0aa81eab7332d1b8a728d6dbe2f20d1ee3f85aea684e8dc61ae2e9a,3,Sci/Tech,3,Sci/Tech,False
3461,164b2206854a6dd1b9351cc5c09c32ffee70f0f048bf8db88e341156db9bd707,0,World,0,World,False
3477,965f45fbd641e5df2144c28cdb260870ea91ce4f0226929388d1e419fa92f465,3,Sci/Tech,3,Sci/Tech,False
3479,fd68463fdf53bc030e8da5a9101e394c381d3af3b82f504be7b9820845a08116,0,World,0,World,False
3496,7e45331cc6097fd3540659ee4b6e9bb28c7fdecf32e656b0b176eff70ed9393c,0,World,1,Sports,True
3506,a005ea6da9f52c217e8173a598216507a0ba5d0676e025067d6518a801cdef82,3,Sci/Tech,3,Sci/Tech,False
3519,63270efaea3fe2182c488096d1803059037dad19b209c4740e673704088ef799,2,Business,2,Business,False
3533,b69d736f31632bc9ef65e9259785bfc578d77641c23e67b7692b202430ec2e88,1,Sports,1,Sports,False
3536,659bf325b9ff9da8e96161840b750180409e72b4c6ff41259f9555dc93b21e88,0,World,0,World,False
3542,42808e76a6de464e4af5030ea8028f227b338e4b852438ebacd68d2581355e29,0,World,0,World,False
3557,8d1d7012e8d580c74f650bc4074cafe5f8a4681627de5e0bad543e195f8755a0,1,Sports,2,Business,True
3563,268dcff332fb25824fe356268e3530c1fda207980826d890a071d7a1f6a44b1b,2,Business,3,Sci/Tech,True
3572,8a3728f84d7dbfb8d5a852dd826f26f7bd61214d9ed3c94603d0201d3b21f5ee,2,Business,2,Business,False
3577,b5e3f13fb9ee2ba19244a0af8f2ab649eb62f7b4b751349411ae70c50b5134fe,0,World,0,World,False
3585,89104b171ecc132b2c09fa20e36382c646ef03929ed015f00e0fb3a582c52c14,2,Business,3,Sci/Tech,True
3593,0210856a287f82c847f6a7d762d6e0e5e884cd21a298426096d518794c4924bb,1,Sports,1,Sports,False
3597,cbf5dce827c23fe54d6c2fe0be3f8769d9f8340bde017ab86bc982e24119116b,0,World,0,World,False
3610,abf7bafbb0daa7c024c609b3fec83c0475d83743751b47f57ffff9d3cdd3f0f5,1,Sports,1,Sports,False
3614,b1fda0fcc0ca925fbc9d8f912e9d1f8db15352865575343475f472472e5b4133,3,Sci/Tech,3,Sci/Tech,False
3628,9d747f48f6c983dc73def7d52c064b80d085ec131615e471a1d8b2d0ad2a0ea1,1,Sports,1,Sports,False
3644,9a0328fa7b97dab0036d5c4a14c49453fecb15f12dad4abe7262ffd5727f642e,0,World,0,World,False
3668,54cf3d03a63a8e582c5d937fadfed3586e420dbf3abd9b70d28fbccdbdcd238a,1,Sports,1,Sports,False
3671,af94aa6f05944547a154bdec4fc3612f1c05a7f89b82f87fd9090f6c224a3ca2,1,Sports,1,Sports,False
3673,3b70e4c20d3a9442639a5465061e399bb1832d84fa58faa6eb2f70adecaca8d4,1,Sports,2,Business,True
3711,bb4ad9ba9fd8d4aae56849866fba8d8366714a252b66126153f7bcc9331594b7,0,World,0,World,False
3729,b70a21906579dd1b9110f19b38847c6d281eadbf7a7c10a1439e1fbd37e4db9a,2,Business,2,Business,False
3731,35ab75eae8c6f70b190b393a8f3aadedbcd35c706468176ec41052ab5e756777,2,Business,2,Business,False
3750,9da4676108425379c712ccd37570fc062f346d8d605b97fb4b00b5dc1959e9dd,3,Sci/Tech,3,Sci/Tech,False
3755,090eb1daf3a2fd90daab6904ae0053bc67d92a93df009de14b1efd418ec74e10,1,Sports,1,Sports,False
3793,bc11a75e53754234406ab2db265c151321113589acb5aeef0aacfce2af4626d8,0,World,0,World,False
3795,8d8cce0b32771b82208703b182c579f96383186b941fa0c8097f4e5bea685874,2,Business,2,Business,False
3824,282f6aeb43c0d14bb65da6cc8dad3f7c67926126b5dda26b21935817d253c0fc,1,Sports,1,Sports,False
3829,d5596d66d61c2205c38b3312644eb8381e042a2f825f6f897013bfe42868e428,3,Sci/Tech,3,Sci/Tech,False
3863,7f1e0890da9caec89bd35f292dbfb0a6cef7a43abb68122acd1bf573bfae2819,2,Business,2,Business,False
3866,2b83c8137376cb0efc95c8f693bcbce9ebb8d43d64bbd60ac44c291a22339fff,3,Sci/Tech,3,Sci/Tech,False
3868,26bc332e5fa46f240f080266d0a395d23485e94586a27c57015ce07f233bbb31,1,Sports,1,Sports,False
3874,705c41c40839db747d07d02e0495b057acb1ca25f534c046908b4e27713a864c,0,World,0,World,False
3875,4a38222bd907045417f4d75ebc15b04a729ec07fc403e4ca312cd6d8102381b5,0,World,1,Sports,True
3893,98832c701f6202b2447f1e44a042168b1c9f30efb7574517216b83751e8c9895,3,Sci/Tech,0,World,True
3903,f2100928df7ee5bb0a9356e0b30654aee0ae9c50589814bd7041489825a04f47,2,Business,3,Sci/Tech,True
3922,269c85063737c1a0b79ffde323232ec64b0b9a8bea69b17ad2dd5332a50ce9e9,3,Sci/Tech,3,Sci/Tech,False
3964,d26ba0a9ab4d7599b6ef9e9d6bdbddeb3ae48f068fc619338844ea7ed8c1db05,2,Business,2,Business,False
4023,e30f91bc0de51a611f5f0dfb17ac3c85854a31604f6de6cb9d08cbb11bdf9744,3,Sci/Tech,3,Sci/Tech,False
4041,5e1fcf71a1b1a326ff414cffeb135af1d5bbcd01dfa57c1417a6c321c2b540aa,3,Sci/Tech,3,Sci/Tech,False
4055,ccfa52a2ceb8013348143802f296bf851db234d7510c35138ffa11af8f377cb6,3,Sci/Tech,3,Sci/Tech,False
4070,cbca04597dab1c235da3659ab6733f18d226af540282e0c5c2fced39b05f37ff,1,Sports,1,Sports,False
4102,e32a80c2c4ec24e7044204f305525d0a83ba5930a94208dad0b1dac78c871ed9,0,World,0,World,False
4119,417821356a1d838c4b306f334ef1511a44fa745dd9342c9ee561db427d8cd02d,3,Sci/Tech,3,Sci/Tech,False
4142,9f612b674d78b5280075df1b1a10dcfba633f9650d42e5f9de77c26a3c25550f,2,Business,2,Business,False
4158,78858a2d58ef68d739de400ddfa5f987b0c59605aeb95f3a2b4531e8d0f65509,2,Business,2,Business,False
4161,9359694d2ecf7ac3db658e17b076192554af0a8ba9a88a235f75afbbd078d925,2,Business,2,Business,False
4163,45d2cb155de714d3cb2dea82e0795f0a3e08a6010095122ad7a8ac8891943bf5,2,Business,2,Business,False
4165,1b723330d0c65e79b17af23a5e2e976d5612f123e6fe3dba6805f9bff24109e9,2,Business,2,Business,False
4169,f82dbfd62a24a87e204bdbae7af78ab73b141ce120ea6f2173b2a13433907702,0,World,1,Sports,True
4178,dff162a02d01d0ed909bf9b7e1e42803ad9f81ea3d0406fd81eab44166b2c528,2,Business,2,Business,False
4221,fe0cdaf98a5bea9aebbe4a87a613f376a71ee2655bba76f222ff03d0802dd65a,1,Sports,1,Sports,False
4223,913f82eb4aaedd90efd8bcdfad509ab35e6b1163c18658e642dbf3769deb3a53,1,Sports,1,Sports,False
4226,f82a29f73b24b7b39ed10afcfcaeeba2d7cc485c8be96226a683c746eec43ab9,0,World,0,World,False
4232,f5b795eb0acc3dbad2981ea203f486a6b4ecbb8155bea346ffa672d3ce5d7aa2,0,World,1,Sports,True
4238,f455887b229aa3001577402f6887e9117876439dba3f6684a724d3e62b9fe948,3,Sci/Tech,3,Sci/Tech,False
4250,53cae13da0e7674e1c44930145d1019054c27100d1f075dfa5f449f473e67ec4,3,Sci/Tech,3,Sci/Tech,False
4253,265a0ad5702ddc60b7d76d8c1f41db0ce7b4cd471638a1f92b60e8c9a8816419,3,Sci/Tech,3,Sci/Tech,False
4262,21055b9c540ab0e183f69c95a6966d657c8178663ffd1aaf72fb48076e89f1cf,2,Business,2,Business,False
4269,7e30053f06c6abe2d6ef6b6dd9ab5f103ffa801dddd816c5b7bd4df61b7b800d,1,Sports,1,Sports,False
4304,61b73e2e60dd8cb8835d0695ce39bfae22f3bd4565c22a216321b86b67716786,1,Sports,2,Business,True
4314,7a1dbbf0c00e3cf5df151a7e4c0ffb9e1427f7545cb06570a981de1a56e45fc9,2,Business,3,Sci/Tech,True
4342,812b4d64118bb5ee0e7cf21efe7a1d9e885a312e11997bbfa109c20ada8d2be5,1,Sports,1,Sports,False
4355,a286ca7cc36262de0dc88df9483bfd2e4929f1f4636fc9f60e953ed007245487,1,Sports,1,Sports,False
4364,b29104072ac543501401bee95f6005ce0dad2fb8166842876f9d177b05d8c7db,2,Business,2,Business,False
4392,d0d8ddd004115e255fb037b5bf5c35cb58eeb07cabc22c0859e9acadd187dc5c,0,World,0,World,False
4408,3e6d7bfdfb11f3b169d963e1ef3013afa296d03ce45d75c9ed22fbbe13f99c03,3,Sci/Tech,0,World,True
4409,4aa7a3de448eff3dfa17238de40ec5cbfc7077c05bf9f0cd01fab3cda54c92bc,3,Sci/Tech,3,Sci/Tech,False
4425,7d1359d32164ece85b800b9ef05e27ff8ecf14d5eee5d28dfd3718c53b3fcef3,2,Business,3,Sci/Tech,True
4431,45c5b8edb908e6b4d5d4b8872b3bc7c417ac98a9bdfa4d2b74066c5f6f593a8b,1,Sports,1,Sports,False
4440,d4c0a2329fe9fd195e8f619b7995847562f2c20a16c4861eb99c26192e059722,2,Business,2,Business,False
4443,3d15f0eb094087d34fc3bb976004556b08450e19ac7916c7968049bdc54aaf45,3,Sci/Tech,3,Sci/Tech,False
4450,36266f48f309323f1ede2d8fdef5208925c4d8b8ae5b132d225ced744f798c70,0,World,0,World,False
4453,2beda32ddebd630b76ffec5040ddef64e754463e0b747face2358967832f50bf,2,Business,2,Business,False
4459,5038d6a1b5909bc6b7d67ffb64bb3fba4ad12cf518a6ca30289553e38c73d710,1,Sports,2,Business,True
4461,46545f303a9ce01ba0f2e3721a5826f6fe5b105e5620d0f1ce63ce6210003bbc,0,World,0,World,False
4466,8b047972833fbcb8c2d238529882a67f85afd8e54eeac5c616394439f21d38dd,2,Business,2,Business,False
4470,4a9324daa558ca2d5a53e59ea0ac5c20ff22934a222f791190604f248f2cd290,1,Sports,1,Sports,False
4471,f665c9239f97b87342357634fd121623d9ffd5efb3fabd39b737aa54ea0ad30a,1,Sports,1,Sports,False
4474,79dbfb2e2543689e4ed888f9081b1c4da73b4941f03b6f4a375073ff0b3cfc19,0,World,0,World,False
4477,9f12cb01b712142bcd3ce73e4e19dce249747dc5b9eaa4ddc8582b4099d77a05,2,Business,3,Sci/Tech,True
4481,0652497e5157f31fee2ed6830b408c9de15e815273b1106a1a6e3631695ee1ed,2,Business,2,Business,False
4488,cec6ba493f26b66e90a92c3b275cf0cd5cc83eed647f3f9cc59fcc3c87d4bff2,2,Business,2,Business,False
4491,379c8c08bb5c38745f9f41a248a975c8459ff89b425f46cc2fc1a7090b7474c1,1,Sports,1,Sports,False
4492,a76a5a1cb9327fff3cc3e3d29938d2da19f1bcea1e604d0fd829b4e69c1730d5,1,Sports,1,Sports,False
4493,45f6e807294f32e985505e0a62a18f60e4a4b9bd285608f9b9fb69bc3c6d84d6,1,Sports,1,Sports,False
4512,fc5ef141bd1ec85467805381df486e284a7f12be61bde27bc8aa2c151ba60a50,2,Business,2,Business,False
4517,7501c0897b15c7125f3565a34fcef3fd8c463dc963871fdb5569db80b692bd47,1,Sports,1,Sports,False
4538,72c86685a9bb84d91c3cc57246aa5625d25bcea234e879c9f799d1d989a7475b,1,Sports,1,Sports,False
4546,70e94abda14284685b9a7307314d3165834c7c870ee6cf77d9c86a8cef7f8847,2,Business,2,Business,False
4555,ae777c61390ee32a95cc9ec4e78a38ffcc3d290b3a63c38ced191ddacff05319,2,Business,2,Business,False
4569,161b8d288f212ef8d9358c93ff231616187737c9252633970560c796a414a947,3,Sci/Tech,3,Sci/Tech,False
4576,14d1516ea91802fa4b08cfa7d2e2176458c99158ba58f2d52fb0a265fa60d4c0,1,Sports,1,Sports,False
4580,6755e9b7cb5e6800777cc5a762334c7f2e8af3a63772bcc806d11f7eba80149a,0,World,0,World,False
4587,7e612774d1918c28691e261697306089ede918c2d5213e801dbb3645345729b7,0,World,0,World,False
4606,de534112153080d5a5e7c7c2282d267ad317cc2d4a11d94dd9e22b6eb79a82fb,0,World,0,World,False
4608,c6b081bc0443d517938ba019baa308f1e52ce5e1173a35ee5bdc6f24ac04dfc9,2,Business,2,Business,False
4624,f7dea7b50b76b73a1ac0b1e5e2f3e74372585d0f48a3ab4a112240fe755c7868,1,Sports,1,Sports,False
4628,220aa2d04eceac719c2a2fbc66c7c54a7e3fe2d618db0bb5884ca9fbfe1af333,0,World,0,World,False
4641,1fb64942e12a73697038792aaf38836ed4c95194318fb23797d651ee69a93c14,2,Business,2,Business,False
4664,04d94343d673502d187bc212f09db018d3810979c92aa0ac913fed83856c5b08,2,Business,2,Business,False
4674,e2ad0778704aaf520abd242799f0219f2f34b6bda5aa821ee570d934454aa1ef,3,Sci/Tech,3,Sci/Tech,False
4675,e2073de3ff42c22f2b02f300c3f4e89e17fdc1c2c482acdaf4517f09695cef3b,3,Sci/Tech,3,Sci/Tech,False
4677,bb52cbf661562c8101af1bec81deb93497e9a992848cc5957eb5e45669de622c,1,Sports,1,Sports,False
4678,df488efce161f90379d8eea79be1cc8bd84ddb978c78ba1aa5c6be99b60ca4b8,1,Sports,2,Business,True
4698,49d228bd54c545793b1d2797f533c67941ec0084abff1294dc7df35b06719a2f,3,Sci/Tech,0,World,True
4702,0dfb8676c3279979782526f30737cce03f31f4d97f57c9255e62526ed347305e,2,Business,2,Business,False
4712,db77322dde88b6a9e14d5d60da878c5f79369c126ba6b24f975038f84c691906,0,World,1,Sports,True
4724,051cc4d0297bcd0870a93121f01964dca0ddbffe0e6b3bd1b85ade4f55da810e,1,Sports,2,Business,True
4741,4f2482fde9a251c76904ad1cb34d7672c5b773fb6cd37913d4f6a9045ac13c28,2,Business,2,Business,False
4747,ea7fce6a9f8166db1657591e6b3828df78f361ce215b260c422b567f0283d6b5,1,Sports,1,Sports,False
4748,80136bd3c97f0536b931c9888b611c20e1850299b2f97bd394bc8e2f5794f100,1,Sports,2,Business,True
4767,1076d70f0637eab48b1e131cb4fbb1c756c81bd6e9d31fbf51bed43c57d5988c,3,Sci/Tech,0,World,True
4783,66448203d9051b48fce0d4454587f0a19c0f56a8a1e9c681fd14ba943ddde35f,1,Sports,2,Business,True
4810,c14d9691fec48b14b89ebf70b6cd30d993c7143dddf3d5996665cd694306a03a,2,Business,2,Business,False
4823,8ac335986d9624b347653620e99c9ee874fa94599715913059d62f783af0fa88,0,World,0,World,False
4826,62641e534d48aca1421c23d4440d20b2f791b5cee10cf6c95a2ca36df84be785,3,Sci/Tech,0,World,True
4829,70f1e38b74977e6aa6cf562c7cd5e57abc7d7a8f472532258ee75bc8cbf3fc23,2,Business,2,Business,False
4834,65257f18bc91eaf6943aff5a03934733e0815d020b68fefd3fb24b978ff4d0ad,2,Business,2,Business,False
4842,863a62448f13c227758b657b9f3fd01c7a962abf38b200b5d64db1e5bfb21483,3,Sci/Tech,3,Sci/Tech,False
4852,eba8beb580be23874acdfad8027fbbbe1c82560d7db1d65149eb33b6977244f1,0,World,0,World,False
4895,1c708461e979eff294dee2ecfee0ba9c7cf45379a9fdfd561397b9941fead5d8,1,Sports,1,Sports,False
4896,86077b1ddbeb6390feb8686662509660137067d0d053c29c390aa4f7fa30bcfc,1,Sports,1,Sports,False
4898,2fb3e5681dbc4391f61ee90437a26111c70872f7c7664675c022b720a3153a64,1,Sports,1,Sports,False
4900,4f059ff22e1bdeaa38c0e12cbba59ce366fc261367a6348ed14e8dc3a60c1df8,1,Sports,2,Business,True
4902,79e4d41d2cfee43ccb5cff0ec2e0360927dbb02afa89a4f9ee5ad6d01eb93a54,1,Sports,1,Sports,False
4938,cee5e41139a1d53f03c5a83cd1c540de98ff492c04f7f9ecf97de92355dc4134,3,Sci/Tech,3,Sci/Tech,False
4955,3ae9985885f04a9bc3401b319c26d452b0410d8bd5df2c455661e30aa2ad9c71,1,Sports,1,Sports,False
4968,c3c3dfcd89ada029849f5f122d7497c697e14a0840b359da0472e66d129df50b,3,Sci/Tech,3,Sci/Tech,False
4971,7e7872cba46ec7e7cd3c9690020519c0aec73f0a44c7c6eea2b167b706de7767,1,Sports,2,Business,True
4975,69276bdb38e153407a9949e0017b409c997e882b0690ba09dfac6598d3fdea87,2,Business,2,Business,False
4979,28a8c44e36fb9fb4127379284aca6833091b702e9a2e7c7c99f14ab5845890b9,2,Business,3,Sci/Tech,True
4986,4ed7118d3e3f050fece3db1ec4096993c3dbcb4c529f4f8e4f31e9f53266b4be,1,Sports,1,Sports,False
4990,1d7601099f0f0ca359a932457bd130d94b6a702757baa8ac8ba82fb2ae62f7d6,0,World,1,Sports,True
5002,f46d478327a8af7ce125dd8f4a988f162139abb26b8f7fe556f166a78f94dc07,2,Business,2,Business,False
5022,d8aa23921cd9214b412e8cf5a41bbf9bf9809e191989e2ef17d087482d013d56,0,World,0,World,False
5026,a394c116fda08bd88514a77089cbd5f1aa5ed4b9a79181636bb44f946b93b15b,2,Business,2,Business,False
5044,1d1974b209963be5ecef6348a0d41c316223bba01ebe0c2a2039f7055ffc49af,0,World,0,World,False
5047,a3a3819e7dbc47cf16a49c985047a50210d770c8fa77af8c09ab1deaeb4042c8,2,Business,3,Sci/Tech,True
5050,a2bbdbac52d24fcbee124f69bc15f4ea69aa53c9ec53ea642307c549093d32cc,2,Business,2,Business,False
5069,bf132c0f1f08a42e45efec4c44e3e89bea14242844c0ba01c127270dec36bd37,3,Sci/Tech,0,World,True
5082,25458bb64a391bff5b6f5a1bca63730237201e8246470d44ca078a263b248476,0,World,1,Sports,True
5092,fd6d26773ce5ca74cd168fa3e4a4f9c093d8ddc16cb25479e24b5eb43d3a2f4c,3,Sci/Tech,3,Sci/Tech,False
5121,9d0cb51eec8771ba7b2aef35c5876b72418faf520f3f6e16dfc2f73e9149ea0d,3,Sci/Tech,3,Sci/Tech,False
5122,c36f4e8a0e12f8854eb48425cbb54bb056759edf32c19680028923ac3f9816dc,1,Sports,1,Sports,False
5127,ce6d9a2e40ee94c1893c7b3c01c109d0711e63b70988db21eb31c96e54057b55,3,Sci/Tech,0,World,True
5130,8b56520fec1c56f1dcc2fdb29cee828e8de02660f99da2151991caf87afcc34f,0,World,0,World,False
5132,58f24d293a3f1d8a2a3916cb9ce8f980c4231e6b5c4e19182acef1a69feed1cc,2,Business,2,Business,False
5151,3e00762aa1d96246e5549918871e05a4c83ee113d540f7600fc3654e4eb78062,3,Sci/Tech,3,Sci/Tech,False
5157,312c801c4227e7074454d69a55704fc5fef0a33e15a660dd4cd44a0b6b17e15a,3,Sci/Tech,0,World,True
5174,54472bdc116d5407c7b44e48d1a5842a2450524083ba214e88de4bbb6a292005,3,Sci/Tech,3,Sci/Tech,False
5188,915bdd2b7623c90880ed2d7d19a8e01e396ddaca9d4a779cb7120dbd50a8be56,0,World,0,World,False
5195,6bb5cd3a05a6ce0b73e2e111eed1407ec1431e37678e310cfbd6cdb9f6b55661,0,World,0,World,False
5200,0a1ee6104db00a2f9061610e2bf21b76440944efa9419ffc51b0ad6f79065f70,1,Sports,1,Sports,False
5218,0b6fe9a4850cfff3657a9ad0d34e5f390b0aaa696a7b533880dabc3abe1bb5ab,3,Sci/Tech,3,Sci/Tech,False
5222,4c9b1ab1e7b82361cad5d8a864d83b4631b28fe85ddc32821745f0d9849be3fa,0,World,0,World,False
5235,9d5cca05136dff7dc7800db373d9f1f153b5fb559e46797e6c2e7c4416f4a51a,3,Sci/Tech,3,Sci/Tech,False
5246,49e75cfe0745d3f89e6784d9fb44a9beeb7be29db602c44752a9fe64e228839a,2,Business,2,Business,False
5256,4811031d4b3ae699c93311908844e5b991bbae3a9f567bd3d522b85642250f6a,2,Business,2,Business,False
5275,23e453d77b95d5c2467e1c13d913444ddc7d3987331273aa7acfd3b94d447e09,0,World,0,World,False
5279,dd607200db915800003240678d2e63d2fe91bca29b836466ceff459a36703acd,3,Sci/Tech,3,Sci/Tech,False
5287,d82a28ed2b88654fbb8b13b553166e1743d6040dd16bbfa9a9e642e834c64587,2,Business,2,Business,False
5313,562ecff6d902ca168d7fe1a75dbc9af4403ca7598f03cfe55e550ce56403a26c,3,Sci/Tech,3,Sci/Tech,False
5331,fb702c69be2e00e5a87101748f841ea21077f9b05e5390bfcc0ad4becb99b370,3,Sci/Tech,3,Sci/Tech,False
5338,0da2ab7c3d7b8434c371b68dcfe02d07e16c4ceadb8ba6f48b535ee7870b865f,3,Sci/Tech,3,Sci/Tech,False
5348,0d5f96a0e6ee2705d9814629255354289c93e67155008531118600e1154252da,2,Business,2,Business,False
5364,e81583936fc3bcecb88df90246eb2faeff3cb3e8b34489eac293fab862d41442,1,Sports,1,Sports,False
5366,26f0fe98b1ee0f26639e944f65a8da0dbe06881ed4eb6519d89573d0e480f381,0,World,0,World,False
5369,c6117d27ff55d1c89b7b867ac2bb86e0f0495d6d5f4691d719d39bb9a0330e9d,1,Sports,1,Sports,False
5377,6f61e62c97a94ce86f5aaadc954f8b46ceb9888186b3ef8d44b0e11c8e584c8a,1,Sports,2,Business,True
5387,48046851cac4b1a76eee71fa27a79973d054c5dbb0874eb7acbee1a34344af48,0,World,0,World,False
5436,669afe35e8532be1b1a579dd9e17883e2597d71f6a63696d55902324ffea3b61,1,Sports,1,Sports,False
5444,86324c7872ca9a85a7c0c69e21487ad29240d7f3390cd678a02a54b00121577f,2,Business,2,Business,False
5469,7d1351149c64a861332ef102371f99d4eda1a5fa78dd44d4b390a9f6c5b000df,2,Business,2,Business,False
5478,3087e0f2ab3a149f5f0fcb287618b6efa2e8a66ce05c87936e69d3a7ff2afda3,2,Business,2,Business,False
5495,da70df7a15aaf0e1c36dd75e9f64847e178bdb1fe44c86428faa3aeb065e099e,1,Sports,1,Sports,False
5499,60cd945e33fef95afd47fc528326ab1f8e66d90ffe4449cc1744daac536dd024,3,Sci/Tech,3,Sci/Tech,False
5508,b84410c954e4dcf5069bd49661de2d29026d8e1c7ba01c73cc70dcfa962b6102,3,Sci/Tech,0,World,True
5516,e55e62b4af8f6060b0965d3cbd01863e42e60f1604b75824d4e94bbd5f74aa82,0,World,0,World,False
5522,d7bba7cc63a2fd4f019961dbdf34394ec48f615be5c7f7a38bb179d0fd8f6256,2,Business,2,Business,False
5534,e44e360c3fc08a3b609dd87daee51db5ff40132da70ba02d98c3d295a32427a7,1,Sports,1,Sports,False
5540,7eba7dcf4d33d87706bd1fdee143072682736d8496245dd0fd4babd0c6a6528b,1,Sports,1,Sports,False
5546,16ab33b88a8747e1320c865f9dd7e7065889586b267848adc56fd93821f73e50,0,World,0,World,False
5552,8c1b70072cccf9cf5e9d4ee4fffe841ef383d3057e57d4286a2b17dc02ed2ecb,1,Sports,1,Sports,False
5555,d5051b486da651c79bff8b118021c23d1f8bc5dd988b692601f2284120b680d8,1,Sports,1,Sports,False
5556,dc1799dc40335057d22e91aa5d6fae4448d78f88a21500abd931f042c186e34f,1,Sports,1,Sports,False
5558,98cf27d869f8138ee8becfd12111536df19bba84ee6405ab526a295f841b01e0,1,Sports,1,Sports,False
5566,a56c4ec6a2e4b261d6af9dd48dc8c012a7a2683dbd63ec1e68fcc49291705758,1,Sports,1,Sports,False
5571,953c5d1828dac5727e9c55923d8d36d98ffd1efb5a0035bac7750ec37cf5f5cc,3,Sci/Tech,3,Sci/Tech,False
5582,b2d30e54a8b8ab2333879300d3b1e41bf816315a641acf947aedc82a70756966,0,World,0,World,False
5592,ed991b8fa78c4127aca20c7e58afa14047ff83bb1bccb57619db1c933a68c1aa,0,World,0,World,False
5600,ac7efc95576602dd20a08cdd0b2d3396eb57c0389cf6917a72082e3e2fecf2ec,0,World,1,Sports,True
5601,18fe1b1b9bb4b657e2f62ffa43e23f63506d46823ea01e72a1e328a6afa26486,0,World,0,World,False
5607,e1de1e25c344f7a1dafd862695a8455e02c338143c77b45b1f18c58a2f8bc286,3,Sci/Tech,3,Sci/Tech,False
5612,67f1d460ffb44471a11f2b4a39e43938f6c36c31be7300c75c66e90c0952419f,1,Sports,2,Business,True
5614,a4cd051b63953259bbd6629acf08866d3cedc1a890879b2996a5b785a3f1f2a1,1,Sports,2,Business,True
5627,1ea82384c759be1ce000b1be673322af02929e480a81cb8c704606a09718aed6,0,World,1,Sports,True
5628,9ae6a4bab3cbc5b1809ee7e889a65fa9356cb1dbb1536467edd0dbf38a79fac4,0,World,0,World,False
5631,dcb8ac403a9546dd1de04fbf5ab92984803debc25c0b26e6abcf0cbd315b3b1e,2,Business,2,Business,False
5632,f8858fec82853df6c4cbf6d2cd2c6cd4cdc947084f038bcb91a6d2def7b143e4,2,Business,2,Business,False
5637,74d36de0792c0a85583e9229ff1013ae49597332b82a3bd24d774f3556b209a3,2,Business,3,Sci/Tech,True
5643,67bb910d7e31c45a9fbfabf6ad239c9dd6628b67bbfb75ca132c56807e2563a8,3,Sci/Tech,3,Sci/Tech,False
5661,17f0ddb17cb8dc2d706e6174eb971a29ff0393490c9cad3d63ef11f9e256a8be,1,Sports,2,Business,True
5677,c8e35866d79002440d3d886c3f4aac4b484f0c676b00fb953f5f2ef0ae9a123b,0,World,0,World,False
5682,16de7df6f2ffa230ae8b3d16cf5b8f07b50172e7e087f7892a9393fb7fd45bf4,0,World,0,World,False
5684,5ed897969e8948a308bd2653ce5ce2882d32e5e0498b9edbf7759a539f9c9cfe,3,Sci/Tech,0,World,True
5685,fb1c8449f03cdae58e18e393800f0421ec742aba2ebc540bf0d01ee4445280b2,1,Sports,2,Business,True
5693,a5ab795a775179386dd6f2fbea054a76dd4c5a2ba3ac1e8deef5fb0c90c594f0,2,Business,2,Business,False
5694,50660a877e59e72cbb90dc7dbd753556d1be0d07657d1b62356479131d4f24b4,2,Business,3,Sci/Tech,True
5698,e6c0811b4cd2be9e002bbc50287496c525fc0b09316e5ece3d8f29cfdea5d5fe,3,Sci/Tech,3,Sci/Tech,False
5710,bd39badf7cdc8bb7505cb271730607c8cedc8306656f202ffa1906e58e761295,0,World,0,World,False
5722,bcd208f4a268a896ce6c7fe37ec4c6c1d59dca0b988ea7061490138d9869511a,1,Sports,1,Sports,False
5728,b9717ee6d4d5aa8dc04bf930f356c02ed9d6c7f4ff031fd15734ec381e4c2dd0,0,World,0,World,False
5754,9beb624dc9e477e0b134e2fa89363ec494dc68fef1d077c7cc1124ffe16ed0a7,0,World,0,World,False
5763,1540dc4f5b5a457a63bd43fdf438ce0e054e310756f246760093afd3c3df52d0,1,Sports,1,Sports,False
5764,9718acd5e3aa912cd5f06aa08fcd5900d8b0d4f44797e23f3f20478b107a4b91,1,Sports,1,Sports,False
5765,d22bb04965ccf633aad68e313161476cb3c989476d3cfe34f547aac1001c0a56,1,Sports,2,Business,True
5777,7aa1eb80c02638b4b46ef44a1904795e3209b1b8b83aea424f253bfae25f5502,2,Business,2,Business,False
5785,469b71f7fe817bfb6d1a271e944a8fa9369dd194f029e748a4576549d4ccd8be,1,Sports,1,Sports,False
5802,cbbc70e013a0e9eb3060260a201578ec040927ebe20b9c68c18ac79f97fb622d,3,Sci/Tech,3,Sci/Tech,False
5808,648fb0b199dded63c79283119b44e353ace8a585db9fbf10a571bed469ec178f,0,World,0,World,False
5817,141600791911e0428217560cff29651845b1c3b078fdb60af03d01cc2fea51d7,1,Sports,1,Sports,False
5827,0e2c1ca9f3e142ffc4b3cba3757c3672a0781db2c487e7c0a6c23091ac62578f,1,Sports,1,Sports,False
5833,4fb26b322df37f344ea752fbfca7298d57b3659a54a25d9037a060af477c418e,0,World,0,World,False
5840,16a41eef0f2f532e21d7ecbc088b04cb2bf0322eb119ab9af54b9c3836d3f8af,0,World,0,World,False
5846,30aad1d623bb1fec49a0a72096648f25b9da70854458444551a69609a2551188,2,Business,2,Business,False
5849,8d5b4e6d061e365e67d02099a8af7675ecad1fd52149ead9db541bf196aa9121,1,Sports,1,Sports,False
5864,38370ebb22da5bb6b2a7c80e84a54ca9ec4b7f09b3ed19cb21d40b3b307cd30b,2,Business,3,Sci/Tech,True
5867,691887ca11b625b0010cda0fa470ba708e731c786fb673e7a29a2df738749bfc,1,Sports,1,Sports,False
5876,500f95fdc760f68cec381fd7496b300dbbf0a1fb4e9c3e1442ba79db13ef1eeb,3,Sci/Tech,3,Sci/Tech,False
5878,e5911782db3a45f120e95870b2fa0f20673071cd47dd0431515c35f6178382f4,1,Sports,1,Sports,False
5883,5abf77e676e458c2726c26cb8955e0e7bfe9409cd02072cac9d332717d4e52a0,0,World,0,World,False
5886,9a5ec15e4bbd4d848626c318a832381efb938b5fb6fca37e44b5f662a97977af,2,Business,2,Business,False
5904,c26e63bcbb4b4a84a8924e8643c7afc34971d39542010131a3e4123516d1b0a8,2,Business,3,Sci/Tech,True
5941,8f748d88163bed89286e96c5bf25a488b37404a6add6be7cdee7da635dffc1e4,2,Business,2,Business,False
5958,58f2b645bfd864a340bfd815cfcacb7a14c88e8e285056c941dc7b4afb67fa16,3,Sci/Tech,3,Sci/Tech,False
5963,9a719dd39f8ddf943be82ae4ec9e5eb5d6903d7c77f1101db5efc3ec449e8b1b,1,Sports,2,Business,True
5974,50e428f9087e7a2b81af3209c1fe1c6b1b9c60dbae3941f7d1a234ba35114c97,1,Sports,2,Business,True
5977,054e83f1da1d66e754f341fd0be2440ab34f74c13f5eee68b68bc0cd717d2aa5,0,World,0,World,False
5987,4e127373909caba8d24cc22e74538b40fced4f4d57172244e5240bcbaa87ce8c,1,Sports,1,Sports,False
5994,eed22eaf5be116315b3b8837fc9f1fe12aaf0dc43e07fca29d54db773ba05096,2,Business,2,Business,False
5997,ca841cdfd15a798b17ae24b35564ff995df927351688dd7c61fe56a376f2fd0c,3,Sci/Tech,3,Sci/Tech,False
6015,4211e2998b7b89a33008edfe41b87a292f46863e4688715375098ed6058c3699,0,World,0,World,False
6028,d5440f40b8e68878a5c5a39a88e0997d4968f0ad480675afe3b06e1c9efaeecc,2,Business,2,Business,False
6034,cb84b2aef3a5b85c1128d820ade862e0dc2a1991f9f18df172ae0e13703426b6,1,Sports,1,Sports,False
6046,737ae9d215ed893d0e139c8caf02f011e2121acdc56d1b6b338409b8dea0ad9f,2,Business,2,Business,False
6053,4af4c0fcafa037eba5a91f9685ced14b3650e6d7c390ea2385c5878923215ff5,1,Sports,1,Sports,False
6062,6592351ee19a7572df8cf5bc03bbbc45cd57439d3faa88778b5bf01a381b5c4a,0,World,0,World,False
6079,c9c8921f3b89a2054b5e108cbba8077f6de10bccf2693f1ec9eb9b07f825e644,3,Sci/Tech,3,Sci/Tech,False
6085,fcf861eedd6066b6fabf153741c6e90fbffb1dc8b35fb757cdbae1f0f66da002,3,Sci/Tech,3,Sci/Tech,False
6088,88df3645bcf8192cc7d413cae662ac79c96e75fa2bdebadc98b5516f332b9ed8,1,Sports,1,Sports,False
6093,bb7fac1d517682334a40fa4fffd0a1bb757b0f74581b883c9f374db7ec93d417,3,Sci/Tech,3,Sci/Tech,False
6135,d76efbc2881628449d8442ebc2aef0a94f1995dda0f8d3132240da78155c5c43,1,Sports,1,Sports,False
6141,fd242a784093206d487f2c1ae9b64fd241cbeb7ab955a57758e400041427bee4,0,World,0,World,False
6171,6ea2b03ccca8091cf2c7f320fef38fe0437bcbfef35ebceff8ab97bb7cec45ef,1,Sports,1,Sports,False
6176,feabac483c9c20f0dd107b6d68bebf0648c228d09e7db7aed600d613a036c1a6,1,Sports,1,Sports,False
6192,b316ab7e06449ee07b64e8187aab36b72491c6c08f50f91e6b7cf2c78cad855a,0,World,0,World,False
6213,6bb206d8692973eef4a60fc3aea697d74efccc7d1e31869d664bc15a9940d9b0,3,Sci/Tech,3,Sci/Tech,False
6220,25c2f88058f1993b32ed1376a28333ede7e98f625174c91a5a51f9c4630bc9c8,3,Sci/Tech,3,Sci/Tech,False
6228,2888cdc47ae7690496ae8dafe0ff2e1ba44f7bae3ef611eab294e4d1654c5cd0,1,Sports,1,Sports,False
6231,6a0a3fa49a6c0d9f87eb934343029d5d00f874066e9fca3628c9774d5e500cca,0,World,0,World,False
6240,d6ea8149b45d966251cc65b082c1b4c9b4bdf9ad8b79a3a8ef71afd232c1f59c,1,Sports,1,Sports,False
6257,4f38c651ae9b7777d88e21eae50d68af2e7fa86b3adf7ca0671ea7d6f99288f9,0,World,0,World,False
6293,395052d4b98e913656c670fa6de2b8a3972673038d700bbacf66da43df56d804,1,Sports,2,Business,True
6300,09acee014b5746b8a28068591a1dbdb68aeefbef11be03b9e19998d4b847acf2,2,Business,2,Business,False
6334,5de136c8e1a075b496a060c5ee69974dacc7c1b29c3f2a82adfb4e70cdbc3db6,1,Sports,1,Sports,False
6359,51fae3f5f36d27bd994dffc92ca69bd85a754fbdc1ccc24ac78c73740d8fbd8d,3,Sci/Tech,3,Sci/Tech,False
6396,9724ae6703eb5aff8cf02091fb14e80a626a7d3a974cd4de6c4d141f3cc7ff30,0,World,1,Sports,True
6401,f8bf2c496863defd9fbd2519e785ead76344c2087ca0b0a2ebc741c1219fe716,1,Sports,1,Sports,False
6402,384777c350e5f5cac0d03ed47c2e5ca605c30ea58967e0d04d5e383a41985060,0,World,0,World,False
6409,c50377c41a72d83b649b4e94bfd6bbc0cfb6dc5090640a19ce25e36318f949d2,0,World,0,World,False
6416,d2245d20d15a0fc6dfae2894ddbf6913d9e8d3c481c1a1e7c91da7c830e23512,0,World,0,World,False
6417,041ab012985eaa1f0170f9aeabe06fb6821c1b3785d3f7384adf715518f2006c,2,Business,2,Business,False
6427,e3b74369b9924c914413aeff7409bc75c01177c9e36b53f301a45e74bb1bd290,0,World,1,Sports,True
6443,8dd66d6f4096c358d69967de9fe31bd68a17ae9c353b439a4a33b59a6f0de2b9,0,World,0,World,False
6444,3ef421aaa5df06508a0ac3d084e81c9477d7820bd04f76dbdd4562ce8a901dd0,1,Sports,1,Sports,False
6447,8db040a078cebfe201bcaa95fe569171731f2880b2a52cbb08b6bb6faefbaad0,3,Sci/Tech,3,Sci/Tech,False
6454,7bad773b8e8661a1ee0dae3d600b367a50b8bc3ff2f64238b25ad1a7350f9482,1,Sports,1,Sports,False
6468,6a3f3cd1df349b986b541d4990a10deb96841aa78c8d5e887d618af514df0148,0,World,0,World,False
6476,29f9c7042f3008c4ef7bd41d898fdb9148584b1973fba2013e0d251baf81be6b,1,Sports,1,Sports,False
6479,b1e5dcd3752be01e68027930830640c0ff3a6e12cf290527e507e311602ffeba,0,World,0,World,False
6495,43b2ec4e65daf85f4dc823b83a89d8c3de57e7a78320c387f4a53ac5fe6c913d,2,Business,2,Business,False
6496,fa4a2d000a05a619d28843160a8eb11d39d2bb67aa9cf6452791f243310fdf98,1,Sports,2,Business,True
6508,a63751ab538fddfd033f95c0448a567d491909aedab58012373765bc8a32126f,0,World,0,World,False
6522,4b1ae25ce1bde790176eaa4e94865c3884b6d447f003794c2a32b86f559bee01,1,Sports,1,Sports,False
6523,134b8628df3b4fcdd4472a3505db93aef6d43822e8eafef9bfcdb865416c0535,1,Sports,1,Sports,False
6540,b2bce07e8c7ee545a893bee205d9294a6d490cc37783c1afe855062236d261ff,3,Sci/Tech,3,Sci/Tech,False
6542,02ee54b801b408402d9793b9629d34fdead0f66176ae38a5e3e82a347b25e77f,1,Sports,1,Sports,False
6584,98e708a54f997d9d06492b81a5d5c96d91988ebcece36324713c356ac78da73a,0,World,0,World,False
6588,da8b79e72486e3ec53f891d1aa22314847d4d4c0233b2d08589c5c005138b974,1,Sports,2,Business,True
6597,a3cf6d21e134b90a67115d2ab510aa5416846c86182a56af9c5302b92ea1de2f,3,Sci/Tech,3,Sci/Tech,False
6611,c057c9187f49961174c79f1c2f67f6672d072df298b6dee286f7c35d8d1e0247,1,Sports,2,Business,True
6613,fc1c2db4e4c553b08024a5e50f1f07cf96f5d6af95eb2d42da5abebf957dad23,0,World,0,World,False
6617,1414bd2fb37c290ca0814f89d4b1e0494e48017f56e98bc739a3f5d5395046e0,1,Sports,1,Sports,False
6652,6e654658a108577aabbf11e451d3a96ef832250afe98fe312becda18428f4cda,0,World,0,World,False
6668,cad2f87c6bfaf71035b7655cb477fc4a2f679087333077ad2cdd3ff645b6195d,1,Sports,1,Sports,False
6675,ac2bcab95b4590b806f841fc640f5514aa5c1d8d4205a1c4b5fa798a6134cd9d,1,Sports,2,Business,True
6687,ca1bdc6d04764e2a645f3a823bcd58b563583a54e488feea52b023d77fb3ebae,1,Sports,1,Sports,False
6692,7d1879928d0ee8918f16b93c4d20653db11b83e200fed6f3bda7827ba9f4b00c,1,Sports,1,Sports,False
6703,f826ede99f75319d60110af0e77770d8f018363379e61121f42104f58d1ba04b,1,Sports,1,Sports,False
6735,61ed8c5b260437d591f89ffa04ccd1010714281c10346a3c5db866e033392ad0,0,World,0,World,False
6746,f391720a35be642e22e8ab559079df1f61ae22ff8b9ac43daf952ca983ecb95a,1,Sports,1,Sports,False
6788,6475faacc174a75d929a902406b7eeb68c6c947491889a852e87a2e7caabde4c,0,World,1,Sports,True
6795,898569c03b026a844a2d27a14e74825b7fb92da6af0c5a0e6af05e505158a416,1,Sports,1,Sports,False
6826,d12326b7ddd764639579e1008b9e5e47a1370e5ab55a53e8110e39c736317e74,0,World,0,World,False
6847,b8e1c84ed6abd6df2da589c147d2860c90e111e454820e33edbb177425ccb9c4,1,Sports,1,Sports,False
6849,99aebace7c3c9c03caae05fb9805cf01b0b0771e4381a9ed97f55199a4473892,1,Sports,1,Sports,False
6858,a09fff81bbc8818d5cbac5d4e564d7872c5645ddeaf1632e4436cf8abeca2dd8,2,Business,2,Business,False
6864,b11331dd747b4fb86e110205a2b623f1d0f7d16df580717ebdef4dd9f3206cd5,1,Sports,2,Business,True
6871,7868962a4e8a827ced52805711e10a891b868fa571d2426bd1d66c0e45081c67,3,Sci/Tech,0,World,True
6875,e267a0855a3309813815c719450e9cf884d3451301018bb4e9d31c0d31a9e781,2,Business,2,Business,False
6878,0d02bb0d60d6d476b893dad8d637ae2c228ca2a3e239079d157ac5a548bca8cd,1,Sports,2,Business,True
6886,e70a6ee11bbf04c871f344db86446100b3036b6b38db7fd2263040714d69866c,1,Sports,1,Sports,False
6891,65162c34c4c6f134c1a114b88aade2c18d2eeb1486e0aca87f5685d48367ca74,1,Sports,1,Sports,False
6893,9ef6acc7ef97e7062a07a0b2caf17f1954598465fa9b643154bf0a038187787e,0,World,0,World,False
6897,59722f354d162e1f66ba8d1da4c62f55f94f698f1e530cc874340ba40443f215,0,World,0,World,False
6898,794b4f15d6a0899111b8f8f1aa6ee71b275ec310759cdf79dd1fb19927887540,1,Sports,2,Business,True
6928,0f729ad98748522d29dfc490c4a6e76cedb5829ec023470f4b345d4625198592,1,Sports,1,Sports,False
6991,27557d279033ccdbe60163d3167f77b8cb899f797c20730b5190e86c4cc27949,1,Sports,1,Sports,False
7001,531b55eb01520c3882a0635180efea7989e76fb82ccb22497318de17edee359b,3,Sci/Tech,3,Sci/Tech,False
7005,8062e92dccf640090bce6cdfdc24893a982352e7d498214e815b15e2c60913c7,2,Business,2,Business,False
7016,d37d4eb12bd8772c2625da116b30e951243c4169718d66d619d54952c5c7547b,2,Business,2,Business,False
7029,8b6e1da266937706caeae3d7fb30a3e82b159dab21faf1a0d91e9b32fdc673c8,1,Sports,2,Business,True
7058,66eaeadffb8dc8e26a37701d0a7a779d78d5229dea40c5e2b84cd895b9b60b6d,1,Sports,1,Sports,False
7063,c9e6898f1f67b079e5410ec75a7f6a54fb890cbda2dd3bcdb1f2ef0754b15d0b,2,Business,3,Sci/Tech,True
7073,2525c0737204f81f8ea3d9074eb20568f6ef31a194077b98837487d68dd9fc9b,1,Sports,2,Business,True
7081,4cb1194e9a8ef80e9d8fad37590005c131f88200c8f250137c59694b528949e7,1,Sports,2,Business,True
7093,b51cb33a93e253d2bf51cd31d6ac78b81c7368e3dfe3509ce07f759bd3833b2c,1,Sports,1,Sports,False
7100,a0e58eefe231524559cfab880ef299c2e0594a2e963464a958c8b5b25110aa45,2,Business,3,Sci/Tech,True
7109,1f6eb5accd5138843ce79acc07a4ce0b50295eda2cef943c524a40c4232fd1f6,3,Sci/Tech,3,Sci/Tech,False
7170,8cf276a99122300e8503101570a5fcdc49a7c0ce71d5c6bf0b44463f0caf9e23,1,Sports,1,Sports,False
7182,eab369f60dc1e4121ad03877dafc01e01e9c0a174841864601701c582d88a83b,1,Sports,1,Sports,False
7199,4d8d20d089bb0d370f461198bfe4b35b905c230225b5109f06ba833cec6ea99f,2,Business,2,Business,False
7216,b561e98217f3e3d613d90894320a0f3302a99d5a60830f76865a34599c277ed9,0,World,0,World,False
7231,9a610918964e43ac6297d42022095a0882b61a61e20ffe836cd2eb78d2e35857,1,Sports,1,Sports,False
7243,0b14ea31375ec3c72292af2066e0455511354e8f580ed8007905fad34c18c6cf,1,Sports,1,Sports,False
7260,bde0fb9890fff82dad3a8d3d44542d8bfc4d9d77117ecf68214f09be5ee74f98,0,World,0,World,False
7268,c4064f13a3785cf00b263ffbd47c6ca9e1fd811c5f31cad76cff4585dfce5291,0,World,0,World,False
7269,57047daadea15fb8c1279ea1a14e4e8c21344f5adf37bd91445b45ff299dd477,1,Sports,1,Sports,False
7284,73e7d8603579ab86764a78ec52ed3461705a7f460ad6ecca10afecf1c3549819,1,Sports,1,Sports,False
7298,4fa5fe87b13e05ebdf45404937197310946ba1e8eda39125a615d2b4d00915d6,3,Sci/Tech,3,Sci/Tech,False
7327,c735c0cccd00b209cacd285f455425d0ed4e06299af019c7494b4ad2b5bfe63e,0,World,0,World,False
7387,235a0c6503707d205f8a8c69064f1aa9a03acde57e6e4036af7257f640d9cc2f,3,Sci/Tech,3,Sci/Tech,False
7420,b3693eb08f1fe3f0070093823ae558d84f7024ddf6c74037b88cc7c0e8eb8a86,2,Business,2,Business,False
7427,3d3246913dc94310185ba414a290f0b5033d0756be8e013b7abb90fc40bc90fb,0,World,0,World,False
7432,3fe2aa35d5df7e6086a8b29285dba9edda3b16ab18d85db58af85db52d31fa0b,3,Sci/Tech,3,Sci/Tech,False
7436,e58b46b221ddbe966094da4383dbeba08518ca44942943e2fb122fead6f0bacd,0,World,0,World,False
7441,d48f794b4415b666cef116b6348e0504050713e1f2c82e62d5e6e0ce4689ea54,0,World,1,Sports,True
7451,31a991f469d83d9ca05148295364bdb73d1baa6ee530bf22ff56635e20636a10,2,Business,2,Business,False
7476,cc28b320b68e6ddea3c5495ad767386dfecaf05fc0e4eaf584e45f37151c8871,0,World,0,World,False
7479,c46a7b5f044014ab8cc2067c6367a00476f4f04dedaaa6088e642ede3f4ce166,2,Business,2,Business,False
7499,8d1b0e63eb230213091ba996cd5369cfba68cf46f26a68fd032adcd9d6bef3aa,0,World,0,World,False
7533,b6fe42a41a693db50441093c5ddd67681499c98238100cf988e9616aae8ed13c,3,Sci/Tech,0,World,True
7551,b2cfb09c6cb77767c50a86972575ac75639fdcdb9b3e3f8d2d3064b4e324eb39,2,Business,2,Business,False
7610,1f5c9fea2356b2ca5d2084c6af1b9eab74842f10d9290e2cd71439f9b696608a,0,World,0,World,False
7613,1ed89279aa4f3a9bdaaa32dcb91372d99af3127a2a44ced9bdb80de8dc9e183a,2,Business,2,Business,False
7629,0efc045550b50a897ff91018f899c7ec78d9d7abfd6d9b975cdb0ab44274bd57,1,Sports,1,Sports,False
7637,8f4ffec1b0382f09deb5c6c27257ab888fc9323f2934ccb956dca577f813a003,3,Sci/Tech,3,Sci/Tech,False
7649,041c0d73998f39ff3f28c4dd87f2b6854cd5ad0dc7f990c6e8aff0d428719885,3,Sci/Tech,0,World,True
7669,abcdf28d4b64114d59b448aa800017b0438d3d0570b5eadf649aff780605aaad,2,Business,2,Business,False
7674,efb383c409375dc971a04d7f50c0893c60c74bdcb39fcabe0c69132385edb5dc,3,Sci/Tech,3,Sci/Tech,False
7679,3392d9d543daa98e970df2ed732e0935e7775bea50491ee15e8ede2cb8e06cae,3,Sci/Tech,0,World,True
7682,f3387631308336c404cf913380698fe621246e77f6a17f78943048b1bd34fa4e,1,Sports,1,Sports,False
7693,0dca1ecb92593a79b930f11a917001d59077e42601c9c9662c065b343f45b400,0,World,0,World,False
7717,79e34ceaef04a9f63e9d7da46de95a1d7b7693fc37f08380c8a309005c6d9a59,1,Sports,1,Sports,False
7721,8a8bc5a175778df9eb475d9f537f32b04b78a1261b17b9f8ad81bf80975454ed,2,Business,3,Sci/Tech,True
7724,7d13e71602612b86596789a85736837bc0d1ed5d00080d70beab2db77b844759,2,Business,3,Sci/Tech,True
7730,ecae6242e94a0ee9d3e6609411c2249b196c7c7b2fd6586e6885e0165bde51af,1,Sports,2,Business,True
7731,f905d6beeb943b3ecd038230688d92478f663befb9cc4461d8417141c9d62476,2,Business,3,Sci/Tech,True
7737,22da5ee579bb69fba175d3ead01e5fc5efd4a880c23d71f640a50bfe20b78960,1,Sports,1,Sports,False
7740,9c015dc2c055b6f4155220e22276c53555ec450aa2f0c256a72057820e93af43,0,World,0,World,False
7745,53b7f95497ead4dcb2f9f58cc16606e0879e26ec9e12ccd5166451cec21813c2,0,World,0,World,False
7748,514f098bfc0565e7babf2b767b6a8ecb69b7507c56a99646078976dbb24d3ed7,2,Business,2,Business,False
7750,afea948b3fa1102f9b65e9f724f2fa59d037c8dce9cc53f68de50e7242f3b8e8,3,Sci/Tech,3,Sci/Tech,False
7789,caff8e95d978d40c6d8d430f58b62e330ed4480ab4c27287c5ed812fb0d5b4ed,3,Sci/Tech,3,Sci/Tech,False
7808,686eaf730246016962c466b72b9aedbdbe9cfd8d830de64a678451875dff9f94,2,Business,2,Business,False
7814,79bbd8b14b655d408ff9996fbcd442260ef162bb16177d5fc39ea1609285c927,0,World,0,World,False
7828,a9ceb957f86dc9e22b942ba205d759f9d294367d560fe1fa351519fe3441585e,3,Sci/Tech,3,Sci/Tech,False
7830,c242ef0d0cecf3ba86476dcfffea0d4cbc102c671e5e05d5612fa8a2d623df0e,3,Sci/Tech,3,Sci/Tech,False
7835,0a6897b00e21117a61e62882549a7a7bdcf1ebb2639fa4dcf68460ca14967864,2,Business,2,Business,False
7840,ab5e0c32d10029d87052fa4a36571cec94409c18ba40e0fd901b0fdaad054e87,2,Business,2,Business,False
7844,b6b0fd688b58bbbdfa8da26088d05f1f551485e925099133f416897bc64a9cf1,2,Business,3,Sci/Tech,True
7845,8f97e7bff59a13f2ae0977bfdbf46dd61d4f8648a5dc1f088c9b6efff68c065f,3,Sci/Tech,3,Sci/Tech,False
7870,c26575c51c1c89d2d9c4453f8fe1f399216ad3a65d4195edf8d22c2f7d63c896,3,Sci/Tech,3,Sci/Tech,False
7877,de6e0e84fe50809446637c7069504627311f2a18fa34cc7fcddf006b76ab4334,2,Business,2,Business,False
7901,b8f76fc65dc40ffba21b32e7fc54da0df0044435508d91c066edf25051e7b15a,3,Sci/Tech,3,Sci/Tech,False
7914,b5217d5097acffaaf8132d17f422db2c11d62833c586c12635ef89766ef75ba3,2,Business,2,Business,False
7938,316d1455b2120ae0570fb380d1a6f1324d714c5213af02c95943d62eb97587eb,2,Business,3,Sci/Tech,True
7941,dbe2c87ffb7da31ccc53b2adc5b6e9f8d3709951ec50b9cf6b1f99d34e5b3894,3,Sci/Tech,3,Sci/Tech,False
7958,118ab0e82b90ab84640734ce55f14fc8ea30af2447218f024a702ed891321997,3,Sci/Tech,3,Sci/Tech,False
7962,24db1952b53fe2ee7058b8a5ceb58e73f3fffbda73e9d7ffb645218adc3b22dd,3,Sci/Tech,3,Sci/Tech,False
7965,97936423ca5c1e32b6880e1eb7a3da16d02835453fdc2f9f0a3fc5d7f127ea05,3,Sci/Tech,3,Sci/Tech,False
7966,232eb1d55a644b71471bf472b73995771b8e03e6e9a9858b660a78bd44963106,2,Business,3,Sci/Tech,True
7975,f21d9f92cf03e998f766d798f1862656a3c0aca9860bfb72e698d4df81e151a7,2,Business,2,Business,False
7986,a6ae2d466f7664f4c92b0c1088edccae92c7b433ddb2f9a9a4b4917caa39d9f2,3,Sci/Tech,3,Sci/Tech,False
7990,f0782a0d5890e506546e254e973e2e920e7c6c0c84dd66a003b0c065e2d9104a,3,Sci/Tech,3,Sci/Tech,False
7996,6553a1e444028916b6729ffcd0b2cf057185acc1127cf01d050b787074e1d95a,3,Sci/Tech,3,Sci/Tech,False
7998,bf8f0be620c1a3669e8d707350aac5939ff6a6128de8339ff5a6e5eb89d0f189,3,Sci/Tech,3,Sci/Tech,False
8001,d025581766e025e6bfcd0fefc867dc8cc816c672dbb5e8002156059c7f54d596,3,Sci/Tech,3,Sci/Tech,False
8009,1c8fef92dbaf56c7e30e86b3897b8356757011ddbff6ff58983acbd1183fb792,3,Sci/Tech,3,Sci/Tech,False
8039,0c611cf942f858f547ccc50c2a8f00e82773f5f7863625ec985a4f3576eecc3b,2,Business,2,Business,False
8069,e766711a187151e07425f24d6c47adc221ebea5ec528022cdf4d7918ef1daa29,1,Sports,1,Sports,False
8076,60b292f2060f89ea6044e230b9ebc19e08eff84a561828b9bc212dce6c51902b,2,Business,2,Business,False
8085,6b48ccd05506c253601c042d5287077adca63d7eed942e1ccb6975eb53f6eb0b,0,World,0,World,False
8109,6ef2542b5d1b0d029776f09634ae68a6b03deeeb4bd117746b2ad8ade0c9f8eb,1,Sports,1,Sports,False
8149,30386ed95fdcec3060662fd88263246e5258783b4b3a2f39dfdbb5d3f9a3adf3,0,World,1,Sports,True
8158,a3614f2c6fbffee14ff13ef649e189e099b4a93639683a78a781f2f7b73c631b,2,Business,2,Business,False
8167,c1fd741e125e936494fce1d981fa951a2c101d84db7386d5b7bda5c4a42df92f,1,Sports,1,Sports,False
8170,a1c2b18772cad03935d776157589bd55a51e73548f4d42359742a5b1868ec9b9,1,Sports,1,Sports,False
8197,459cbecb1a3a1ae11c29272a79b10157bf37c528db3af1e286e4f067d84f4f3f,0,World,0,World,False
8204,ba042606419b38af1c42db6bf00a39470af04f994d6a808955c8c16a938a0aa5,0,World,0,World,False
8211,2d082dd3a3894096b0638e1f92a462be622c1f2077a30ed75456dc53f09a65b0,1,Sports,1,Sports,False
8222,dc0d263fae45f0e0ab574baafc6b534ea5550eb4437270c169711c2faaba5f9f,3,Sci/Tech,3,Sci/Tech,False
8246,08470dc9d622fa5ddc24389ef9e59ba02a0052dec9b8e4a80d2addc406cdeddf,0,World,0,World,False
8257,a9e38c5e39ded9e82d9d097e8987b03d2c5ebf16a96414d40b54f54888333737,0,World,1,Sports,True
8286,604aa03d9d2a871c386d0bb0470d73d1098784e62d1a581f261beaddce9a9052,0,World,0,World,False
8295,f65c6688926c975f6dcc4c32cc766bd1e279de76369afad30e5967494e9dba88,2,Business,3,Sci/Tech,True
8296,748912981a31ccc17a85a73f43c1ffe91264132de997105454618d130f911f69,2,Business,2,Business,False
8308,b2960ec93fcb027137f5da76c0a2158172fa0b0d9edd38099f377edac5347829,3,Sci/Tech,3,Sci/Tech,False
8326,256a0e69dec69315fa97416c5694c32b9cd80577c4f4f80c4ae59736774cf9d9,2,Business,2,Business,False
8327,aaec4891c2de5ce20bcbdeb17b25849c62a330929aa767219931b34a16907061,3,Sci/Tech,3,Sci/Tech,False
8350,cf4e0ee8dd651dfa299f18b67bf649e8c97f1679fea196ba8ee634e2303f6602,2,Business,2,Business,False
8412,abe7f1ea5baa7360479716e786c468c275758af0cd646e3ad6134c4c8ddbd6d1,2,Business,2,Business,False
8417,b004c4bb548edfeb21be3c0c59b0c2670655ee938a8ee97c3654568a8ccd83f1,3,Sci/Tech,3,Sci/Tech,False
8448,f851329cc181d2f2aaae7e5ef04db3cb9166c44994e2210a8c7e6637522fa348,3,Sci/Tech,3,Sci/Tech,False
8457,ddd53033d448ee4047bb659c7f49e7bf72380c7abf6c4f24aace739edbb0ac57,1,Sports,1,Sports,False
8458,7bd9d1de2155264da228ee1158603abdce5f766fd183bee7ac1c984db49ef08a,0,World,0,World,False
8467,f5bacba34f4a1eb03b491a238417e489f0dbdd4be6eba68a16d40be6ddfe2c93,2,Business,2,Business,False
8472,203c9946883a9dea9290d43a7e43a3025917a0e863a8d5db7ff665ec9681c84d,1,Sports,1,Sports,False
8482,ab3663631ba6bdffda7a1c50304572f0096790794a2e371c4d98644026d608ef,2,Business,2,Business,False
8487,824c77acc0e3f7b2e0e16a9ed1f686b9ae1d9cb1c043a633d74541d672184960,2,Business,2,Business,False
8494,44dd0aae51aa2052837ef463cf55865b038593da583ef663a3dae5901786fa33,0,World,0,World,False
8507,f6511cece30abb4351d59405288bbe61b0e8472d622398861fbec937681613d4,0,World,0,World,False
8512,167e1b8d891518eb440acfbabe6817b34cfa8e5935ab0681d956e591cb0f4d80,1,Sports,1,Sports,False
8513,3493b0f20db7b3ad0055a98ecddd8154032e53654f70a565c7f35a58552e93d7,1,Sports,1,Sports,False
8535,aae044fa5d0a7a375aeaec76760f8a317faf2baf2710b9676870acb201f37e56,2,Business,2,Business,False
8563,75ac08c4611801e75863ac5f082487301b500190be0d2e7eab631590220cbf30,0,World,0,World,False
8565,33ecbcf40b8c5b1f1aff65580d7d2e43f9c40b4119cd2d4cb2538686f5f96128,3,Sci/Tech,3,Sci/Tech,False
8585,818ed0ab4c45e540399ae46fc9f0190d6ba7190e29c0040d9528dc18c1592acd,0,World,0,World,False
8587,f5d85f96b167a48cf918381b0450000bec4c4f6d3daa19f41838fe1f4a3f04d4,0,World,1,Sports,True
8617,1a55a0cec8c4c93e09c99ea11906aef203bb91a9a00ebf630b1882e2b3782db3,0,World,0,World,False
8623,b6f206265e878bd18e4c5d779ca7d31a9048f9001ca9cfea6270b402552faeb1,2,Business,2,Business,False
8629,212620f84cbfa1f8aabbdde17c376739e81e76a87acb884831500a95af2f55d0,2,Business,2,Business,False
8639,f78dd250bf14910a2a183d8e5d3086fd9f3c4dd3c32278ef87ab874c24a0b752,2,Business,2,Business,False
8642,e855f1641d96f1f03a9276a03eec6b9e1ea99c52fdf186fb27759065fffaa01e,1,Sports,1,Sports,False
8644,c7b0fa478f225de82ad53c0c0a7e2522a2c6a156c0aedc6c966c2ef36b8fa57a,1,Sports,1,Sports,False
8654,d99357d2b56e4f8fee7ab0276afc04d44720f5658c994e10f3953eeb48a1f722,2,Business,2,Business,False
8657,3c2f5d57cdb5df909be04ef76170c0b18eaa4de72522b5f770fc3482820edc85,2,Business,2,Business,False
8670,a7dbe245476f47265cc575740384230271165861d189c4b54712c1ee9163b88f,1,Sports,2,Business,True
8674,ac5c0d503c8c63c8d81cdbf31656727c54cee355fe78d8dc5acc1879b2f97aae,2,Business,2,Business,False
8697,6dbe972b44606054f9f45006a73d7ffc683857efa163aab77cd998b9adac0b1f,2,Business,2,Business,False
8712,23d56d3962bd360959ee5215e8403b0e1950a2db042767dc2dcb57660844ea31,0,World,0,World,False
8715,8bdaa9c8af959d91a5cb37de3230104a36ebff6e3232ac910bb5b4d6b969ba6b,3,Sci/Tech,0,World,True
8733,97b5d341c3a5e26fe0ef7a202a0872bfe7c438fc18a319a38c4efd7ca09a5daa,1,Sports,1,Sports,False
8735,ef314886bbf4e4e82e84a7dba1059a56938ce6d144bfd3247dbeb7377a7e9809,1,Sports,1,Sports,False
8748,a612fe917f0d6ba13a39ece5abe623c7787c18d34e6dc0bd5f467f6d2636143f,0,World,0,World,False
8752,930be6d079a78c75b73e673bcc1af88d08b29be3c245dc41bf70875c0cf568ea,0,World,1,Sports,True
8759,4418cccd58cbba2bdbbc12529d8c81156ed75e5b57d5cb3ae102d1c17d8f62db,0,World,0,World,False
8761,d847ce27f571467005baaa7755272e5a5a09dd9ca9fc5e5cdc63867eb1834873,2,Business,2,Business,False
8764,d0751d58058db31649509a8c71c0172d11d0a837a74b25e02edb933633ba82ab,2,Business,2,Business,False
8773,757f21b59aea5306a2e1c6f995c713a46892ab3a90b52f2f84e4fbfa06cf47ee,1,Sports,2,Business,True
8778,a1a5545f9afa33b6379c00c5a33dd61ec7194b2816817d12df04d90cea4b54bb,2,Business,2,Business,False
8779,a1cf0a7b65619addd38c8e0ff09e4b325ca8bc54deee45f55dfb2f74e91aa416,3,Sci/Tech,0,World,True
8786,64529620843c32dd71a8821b4d57090ef6046289d217d6bb767dde562203325a,0,World,0,World,False
8789,dc64b2203926c7cf727079978dd618906982e3e7745a6223e443dff8faa00449,2,Business,2,Business,False
8793,a994228e224fa1328d733e819c97b1c7ad63862244e67d704b056be3fb754204,3,Sci/Tech,3,Sci/Tech,False
8838,a4489a3d94437ac60ba4d9591523630fee12c3bb413ddfe964d7f31ed8a46b88,3,Sci/Tech,0,World,True
8840,0df85dd710faf8cd9573398fd808fcdf419ded30b84479bc788679659e0a0f1f,3,Sci/Tech,3,Sci/Tech,False
8851,03d0ec947fd4f1a89da894b49d4ee3970e76b9d8c330831640930a4468a758d9,2,Business,2,Business,False
8866,63e4951b3f6c1444466507b1e1fbfe9bbb6427adb7e6e646473cb8188ad979e6,2,Business,2,Business,False
8881,a3fa8cce0131409a722264870abc8635adee56e61f724a7c9f1f6ea39b9148d4,2,Business,2,Business,False
8887,dbb289d13c9ca1fa3d1d245381fd5140558696dde2d8dc3ca600c33cfe77e194,2,Business,3,Sci/Tech,True
8897,0431118135aff661cbb83d7bc9527075f68051b77579032085d623a8800dd987,0,World,1,Sports,True
8926,d42b77b0fd07a2650952dad54d8f2cc7deeea40aa3372e43e34f82245a2303ec,3,Sci/Tech,3,Sci/Tech,False
8927,7a0b80e973358906b5aa20b6b240b6159acf1d9ee047fe0519d4356b4da15dde,3,Sci/Tech,0,World,True
8928,d2cca57580357bf6ae53e93452f2c07166aecdf25f86d5518e8cb725920467db,1,Sports,1,Sports,False
8931,ed0745e6e1e4b5b974ea3434f82dda022e8c3cc9c8159f33a25041dd3c91d14c,3,Sci/Tech,3,Sci/Tech,False
8941,e31e9ba7910e6c438f6c04fda574d35a3aac02c1ad16e52f00e47e74ca98cdb7,2,Business,2,Business,False
8944,a38f9dde5de72c2b6ae88282755a9a4484d7c307c9c71cad0545b865bf515e76,0,World,0,World,False
8966,aa671727e7a6cff695ce1c1d286b15b7e5236734ae4572cb5f77291358d1b667,0,World,0,World,False
8969,18d3fb943911cbc462be377f181b7301b8ed14ca3efcb1b270b8e8d5c12a664e,2,Business,2,Business,False
8974,a03fd8fadd9480a71847ce26dd7f1520ad1dd36f07847c5158fe51ff7a5fd492,3,Sci/Tech,3,Sci/Tech,False
8984,6d53bc84037073797fb109781547c4b66b70ec89140d34438f2a30087d1b48a0,1,Sports,1,Sports,False
8985,09f3bdc619c07910a14f97c2d8f34a37896d84d96344bf1855dc4500e83e69cd,2,Business,2,Business,False
9008,51949990b8aabc5feadc0181b4366c9044b73dac52c2f2d3cd4d837ff1615781,2,Business,2,Business,False
9015,4a8a1c22964e2cd2b8c3288e0e16bea443bdbb7324d77c2543fc47796a993b2a,2,Business,2,Business,False
9016,54e55160edf8dab6900469cb75cb7c2b56ee619cdbc078e189f10f6991677369,2,Business,2,Business,False
9055,3c923588e96830c5affa997af695ace3a321cbaf80d9ffa91516b04176aa86b2,3,Sci/Tech,3,Sci/Tech,False
9065,1d612b3f9497432dd6849ec4ca16cc92f9c12469be034d7de1f1a7debe23e26a,2,Business,3,Sci/Tech,True
9081,6cb39935ae81a4659345eadfbe9680f3f97a560c9a66bb7f18872782aae58000,1,Sports,2,Business,True
9083,f336dd846a93a71a63ec8ae5a9537801a10bfd1c79ee821758200c9867510b5f,3,Sci/Tech,3,Sci/Tech,False
9085,2340ab2746a7578fb4b1223f6ace88ca03cee6f0373a64c0ca7092118752af91,2,Business,2,Business,False
9093,50aa64ecd771241ad053dc7ce672f7f316f36f69cfcb8adbecb81a736701db18,0,World,1,Sports,True
9104,c79f8dd90aa492d546281ba004d81a10edf1e5eaede8c40272c23a5cdc92fb51,2,Business,3,Sci/Tech,True
9110,3242c7aba4cdf81eb633bb0ddaeb335e15b895a932d0d68fa7c72f294a9b9f08,3,Sci/Tech,3,Sci/Tech,False
9111,4601adcbf865cfea3e8564b0801cf01a059332609abb699969b3625506c36122,0,World,0,World,False
9126,fd0beef2b9a06e0558201cd236f4cde65c8b79d0cfaa0fbf37938e105d57f7b2,3,Sci/Tech,3,Sci/Tech,False
9138,0e6d1e36c31d91afe9edec62d1f0c819fdf62aa7ee82478e2d1ca330878c1b96,2,Business,2,Business,False
9147,69bef463ae132d07412b3d25e200ecd19bc376ddf2df9a492af38fb9b3679010,3,Sci/Tech,3,Sci/Tech,False
9162,39513adcc25a61b08b73f97cfb1f2367a71a95752cb68a1a415ba2e193a1b55a,2,Business,2,Business,False
9202,95375745533e8b6f13753452367c7e30a2cf6f680eb5c78d35c3f6814b4b7a5e,2,Business,2,Business,False
9206,48a28acf061e8874c756a2b7b1ce79ba8d41612c1669ddfe4002367810150c3b,2,Business,2,Business,False
9218,33fc3042f5573336250df2b403471f076b58da8b556a40d35922d58434568a8a,3,Sci/Tech,3,Sci/Tech,False
9224,0e4c928e9a26c0f749c2249da6d4e7e60fa9c86b98d015bbdc815d122e455485,3,Sci/Tech,3,Sci/Tech,False
9232,7eb0c6969b8aa2c0d8548966912b619bac37db268e061752618f6646991a30ab,1,Sports,1,Sports,False
9256,392c15d8cf3cf4c13526733c16cb65354e01f1760dbb8d3a86b56de4883b6f04,3,Sci/Tech,3,Sci/Tech,False
9266,7d7b6d9aad3979d95c2f7ac9ce0d8bdea769eff5bc5508cf75318951f5971a28,2,Business,2,Business,False
9291,7a155e8fc67b249add9dabe2d186dab7e585a53f7973e8a850d9d6d38ae79309,1,Sports,1,Sports,False
9295,ad0721318bdb9a0a2d31729d5540ae7ebcf38e79c830777cbda24583005e28d4,2,Business,2,Business,False
9300,2771d1a15aa1715cd911d9843d5335d5742ea5fd33f1608680f27cc5afbf127b,2,Business,2,Business,False
9305,5c12db1969e3641731d944354bb47a15e75a6ced95a2eb377c2ee2f378133fdb,2,Business,3,Sci/Tech,True
9313,5752c5ebd8ad6552d695bcc495f67303d7185e7c5209e91e92b22371be974c24,1,Sports,1,Sports,False
9329,9573805e3d769d56f158bca1fa7afe18d6191b7d34fc5ccf47ec9c4d332c7b02,0,World,0,World,False
9340,bcd738eddd6bb37db02ab71dcae832c1e176e0acdbb13c7436239d364856cda8,0,World,0,World,False
9347,a0e3e69a03dcd0bb3586614db74bd3ef3c934773bd30e39fd90c52588f9b132a,0,World,0,World,False
9375,15d9b0482ab54d3d79ee57b96632648b0ea23f73a120bf3ce106edb038a53872,3,Sci/Tech,3,Sci/Tech,False
9379,2660f7774d286a50478d0e49e336c1b5bc63048627147fa948a1f7aee08d7fbc,0,World,0,World,False
9407,b2a288458329a2505fd28e98a245b59aca8315034de6f1f0eb0b36e15de7c370,3,Sci/Tech,3,Sci/Tech,False
9411,9ac9dd3eb02138451f24e36d982b37d9215af09c97527cfc70e4cd1a04433891,3,Sci/Tech,3,Sci/Tech,False
9419,1f0fe7cd611d10f9f2767918124b575f6203fc8bee32c14932ae6c7ddd86cc57,3,Sci/Tech,3,Sci/Tech,False
9447,c9fbcb63a99e2e475936005f41369fa23d06bbd4a75c34ff8de58e560cbc8d0b,2,Business,2,Business,False
9448,89fe708a4af8a59fe425ff37eae322acc7c885a437ee4d3e87d80c021271e679,2,Business,3,Sci/Tech,True
9453,4073983ec80493975c0e351e745e88696baaf1872e4de392d59f3eb8ef1765d4,3,Sci/Tech,3,Sci/Tech,False
9466,ab7d0a5dc9749197f8d1d1ab591f97635c63098b6b812ef305a75840c6bf49e5,1,Sports,1,Sports,False
9493,652642a44900bc62574185d81f0196dfbf2d297f923258395334491f31fae284,2,Business,2,Business,False
9510,c5081c3e6d9dba95b69db3ca4a2e6644ba00f608404f71202290bbc834f34bd2,2,Business,2,Business,False
9539,c45ff02f6b7a9affe4c615ab020c2396b726368c61afe7c8e827e61b8b67c689,3,Sci/Tech,3,Sci/Tech,False
9541,49dcc9eacbab8d7b0084a9f51bcf98806f8cef1ce7b836e112627bb1e98b6774,3,Sci/Tech,3,Sci/Tech,False
9542,62f89ade51b0b1c558faa893aae81122778bb530b537494c846ba5c49dfaae48,3,Sci/Tech,3,Sci/Tech,False
9573,d9da414df236dbd722c26a1b96ed24fa610677344c056d2ee57595aef86d74a9,3,Sci/Tech,3,Sci/Tech,False
9580,b61b19a9ebf81da67e9b02c2986538d1254a56b001dfb9098581656375d20ccd,3,Sci/Tech,0,World,True
9583,dbf591e9e727a86c734f38ffa31e7e6ad01c19d5ae7c76e7d580f2f5d1228250,3,Sci/Tech,3,Sci/Tech,False
9598,30a1e3d644985845235da5c729ea0661afbaa35eec72ff4ec59378cf52e4c29b,1,Sports,1,Sports,False
9621,1b1aa25fd0a2010cfa6420bf2526f77fef7bf71d14e802fb646fd4364af0613a,1,Sports,1,Sports,False
9632,28778db65df0ce65d8b7d5808f80db4640d2e0460b4d2088ddadc27b8999a89c,2,Business,2,Business,False
9645,093740190ae883a39e03a0ba56eb62cc9a8170464e43146e5081e2570ec7138a,0,World,0,World,False
9652,26ff0fc3a5c2a92fde3d928ee76f8f637bc59d99a83911d0826f10ada31ede6b,2,Business,2,Business,False
9655,2d94f24878cf1fc96cb7f7e68db1af6d52e4183235b5a4c485572d6fc66a6c25,2,Business,2,Business,False
9659,7ad95ee7c1be366f3abf3cd6d7aaacea889719125893b4be45701506bd44e7a8,3,Sci/Tech,0,World,True
9661,d64f817b8d76619f00eab7f6d8687d067056cc024a7d0b43d608ef11d0d2f3f8,3,Sci/Tech,0,World,True
9694,79f016d2bf4e5e1322c782c6b70026238e8c223008f9d3febd5d411e86da9ab1,1,Sports,1,Sports,False
9695,3c5b0bd897ab6fcb3b434ba261903d5fa3593f3ea0b96dde9d76ae16bcdfd581,3,Sci/Tech,3,Sci/Tech,False
9696,9c8cdd6c76053eb369796dd5791efc86b1681ab36903cc5e7d32a596cf81c830,3,Sci/Tech,3,Sci/Tech,False
9724,f609a23960723d30fb841bb59b2961d0496119048e88dd210c94614915c78a5a,0,World,0,World,False
9772,44504e28c0ba56b4b04ae059ec70c7e9ba890288a36999c26ffdb70aaf382cde,1,Sports,1,Sports,False
9821,4a228cb1b91d253beb8e3d876167e9966ac87fb9ff4551cf93ae0101d21bc080,3,Sci/Tech,3,Sci/Tech,False
9832,54a2b999a1705d8db48a41f4442f2334b19e749a4ba57cafa17e2391b9412031,2,Business,2,Business,False
9837,b6a28eb78a713fd195a1321d31927992b580d833569d1550526bbe1fb3dd6cad,0,World,0,World,False
9845,2f0a193a2efcbef2a0498c0e77176d77060330069982fc02f5cce6fab6b58675,2,Business,2,Business,False
9857,74fa442165c9023dd7294c5db3819a7dc93953bd87e5ad7807cfc5973721179d,2,Business,2,Business,False
9867,0b0955f265f812f131c1d739c43669f77b54be2f035f5ae5293fb22c4a82e125,3,Sci/Tech,0,World,True
9879,0c85f64155217c09aacd9f284441714906ec242fb0cb0158050ec96bcd42e9a5,2,Business,2,Business,False
9881,7010f94ea5617f5c7acab03b437acc408ef95de198083979c338b5fc91a26881,2,Business,2,Business,False
9884,dbc186caed899f8542e4f5f6229b770aa4793904e12034f43381bbdc37b6fe44,1,Sports,1,Sports,False
9893,971cfc94525503283925ccdc9a8b24af7c790faa999f3c62ea83816d0ed6b87b,3,Sci/Tech,3,Sci/Tech,False
9900,5351e492e08ad9896c8c49c45d0d9bbc5c37e388c182d296960c183dd400e3b5,0,World,1,Sports,True
9901,41f66a90a0330565042b4abaa9a84fde2e4bfc0b2bc5d3663474317ae4508070,0,World,1,Sports,True
9902,16f2c96b3e81a6a06f46a7dc562f77a3e05ff045965b2001f80910b39b8f71e2,3,Sci/Tech,0,World,True
9928,66f0d70ff3a3cb9f5e54d2179342d0754451d06e2f0d81e29a7a18e7007eee91,1,Sports,1,Sports,False
9951,867d8ba507be3ba4395fed5f08ac2428de1fb55b3b556633a1897880ca0424ee,1,Sports,1,Sports,False
9954,b3cf886a596910099b54d8b0b1ec95a162780f325ea7fa253d98dd4c73ae1946,0,World,1,Sports,True
9961,8924b584a0f18066eaf3cb07acb0bcf384b7708a65f11c5a80b4f78ae3f570cf,1,Sports,1,Sports,False
9963,30da962ca5adafcd87c3f08c325ec3d178a77f4959826f1d99cb894eb11589fd,3,Sci/Tech,0,World,True
9983,f67b8aa2a7d2f4fa666947c2df320b8b1f2b93d2f405dd22564a65afcdd79f2b,3,Sci/Tech,3,Sci/Tech,False
9986,f4809bf8993b3ffb8c3ffccfa5d68574685b9effefa4676e25340b87af1f62d5,1,Sports,1,Sports,False
9992,7016c5c50eec9787e618125feec0bd62a3382be4316384449150c36e2ff9672d,3,Sci/Tech,0,World,True
10001,c8b1916034aedb5ef6cc9ed1e6a9fbb371ac0f291ea691c2df026961ee1b1df6,1,Sports,1,Sports,False
10015,21f7ec527b5b0854c92312623967dba4fc0f3769b8ec7e2da289128cc2e0ff72,2,Business,2,Business,False
10016,e271ddc6384acb9e468b8429a12e38684311cd1f49e25095a7224e85b452b45c,2,Business,3,Sci/Tech,True
10017,846a78d8816ffb6ebbbef61f574571f48c53cf5f7e29ff488902111661279c52,3,Sci/Tech,3,Sci/Tech,False
10049,1f025579d55ddc6144b8d41407f20431ebe58342062a358da953ec706bcb7f6f,0,World,0,World,False
10050,ed92e544b8ad466bac78fc9fa73928f1bb2a1fa73728b624322f167606bd86d5,2,Business,2,Business,False
10051,34c9c46285a4b5ac726a4b1245ef7db5e77fb8bc6fb72f93aa51f2228b94a0e4,0,World,0,World,False
10064,2febf05accf088ce10be4ff5a0591bac0f0cfd0d402deb3f8bc91cb3c6f70546,1,Sports,1,Sports,False
10068,5d04fe51de6754668580dafd6164b8858740635adf71f20e653869514a42bbcd,3,Sci/Tech,3,Sci/Tech,False
10073,20313c633d8c99e89a2eb89b6872dd18a40b39540aafbe425c5a200636aa32c6,3,Sci/Tech,3,Sci/Tech,False
10083,75d0f41adf27af58fd31602f06b6f68b6d970d1dad3d00bb7610aa4f09138db0,3,Sci/Tech,3,Sci/Tech,False
10084,cc2372d9072b619f5b2d540d2f9963069077bd0ccd61b4cbf830884e33a58dd3,3,Sci/Tech,3,Sci/Tech,False
10093,6dcddf6ebb1765a456bade40dfcebd03f8793de718178b86a9569fa1e39efb0b,0,World,1,Sports,True
10097,5d8995d20968f0f8053c52678cfe49aa6043f4a6c717eff115a7c7e5f159bf6f,0,World,1,Sports,True
10105,5781be1e85351e1a4a8b854e45e392eb65bb3a069b5ca3b239f483525dc899d1,1,Sports,1,Sports,False
10112,5b469922cf9df29b7eef55d71b88ba943cd72ac5e126a385781dc79e3631395e,2,Business,3,Sci/Tech,True
10122,7a9baeecfc8cae8e22950f7f8773250dbe795e7ca0e0b89d5a679eba7eeb485c,2,Business,2,Business,False
10134,4b9f57b967251483f766db08ec02bad060b54d91157d940e0e9e7f88efc5d0a9,2,Business,2,Business,False
10139,b00777e2303a2cbee3d3736d3e22d2b48454019f1a31b3fd20d3e035b3a9d721,2,Business,2,Business,False
10183,8079a602b52fe2c7d8855bfb9a7e6db075a164a2ea2760f442a891d4e4e7cddf,0,World,0,World,False
10189,da24ea74b581cb0d85d812f568b7b75f3dc96470b15e9edfda2ee576995fbad2,0,World,1,Sports,True
10211,ea5da6da529038b19d619ccd87e3c613e5abaa41956998c9e9a4478915a601f3,0,World,0,World,False
10225,1c0a5c49b55baf49c336c3e6627ca8e764de4721a443b058ae288a1f2ec91279,2,Business,3,Sci/Tech,True
10249,78c9d62fe00d149539afbeb9cf45eac020a02ae52235deb599cdfb78f0fefd5e,2,Business,2,Business,False
10263,91bc44530b3fbae3200ae209f03283d20260b354e398c2c87fd1f51304401d51,1,Sports,1,Sports,False
10265,126802c1f5a5b9dfcf7bb30257701bd8553a7e9befdd2fbb4103a605369276c7,2,Business,2,Business,False
10273,375061ae56525bc30ec50e22eb612660010b817741cdbcd7432e907719c84f58,0,World,1,Sports,True
10281,2896b396c55a2fd7b909597c83d03a1933d75221d64c3bf9b65d3c33e05b641a,2,Business,2,Business,False
10300,75f99e174173beab151fbf2a374befd4540c7dcfa6ba686acc4d69d2ecc1b9b8,3,Sci/Tech,3,Sci/Tech,False
10335,1cf37a52c35c590e886f8a8bbeaf95de52a5cfe444baab70c13b46917fa0f6ab,0,World,0,World,False
10338,04f8854608b79b3b44faaa23d2b4f048dd4115e6250c860eadddc883d8f6ba24,3,Sci/Tech,3,Sci/Tech,False
10349,892ab9d2294c7591c09dd7239b4a78ed9ff5e954e565bdcc1a91fed79cd1cda7,1,Sports,1,Sports,False
10369,053a49c7f594596440469e10423072f6b7ccffc04dc8774df0355dcdad6c4b72,3,Sci/Tech,3,Sci/Tech,False
10376,10bad5e28e0ad29de7c58837be3639dbe89aab38dcae8b073f15bb99fdc8aa3f,1,Sports,1,Sports,False
10388,9fa8f038a564a19e19a9c5cafe6ad198f3604a45890c8a9b845e5385eda7a93c,0,World,0,World,False
10393,6eb63aaf2a34091a7926aa7ff899ac35314fb62a6b79e655ba2fc0b60bba4b05,0,World,0,World,False
10405,15b6d3ebfb6c5abd319497f38416953fe3f04e80414869338c6960f00162e697,1,Sports,1,Sports,False
10416,7be14268c8c7903d44b8d95626bf3968f916f50dc1bd296e81a1fc34262ec1d5,1,Sports,1,Sports,False
10436,157851e4848078df43955b3bc82103f6ede7d56293f64fde47394656ac7846d7,3,Sci/Tech,3,Sci/Tech,False
10441,ecfc377caa6a9ffc8982e0623db4fa8ca8f9874647b9bad6b5e1be9d2784415b,2,Business,2,Business,False
10444,503a461a9c2e98a79673b7b5ee390add4d426fc95715e54ef05da63680416c54,1,Sports,1,Sports,False
10458,7761a3defa57ec136a4ef79a02feb394415cbfcf6b837e96396be24649df2840,1,Sports,1,Sports,False
10465,87455a4e266e22941369e98344ea97d8b6ddbbf65694ef799952890ef6710c5e,2,Business,2,Business,False
10473,eb27fa18232b8224a20cb1a708cc6321c93e4fc51e5425241d5ef62814ee3988,2,Business,2,Business,False
10475,406277ec1c8e198d0bacd1d5d6fba44c7971d61163e90e29aa9a0852b65cea6f,2,Business,2,Business,False
10476,f35367606174faf9f72ff85927b45a423519361776dd10549432d4b07660763d,2,Business,3,Sci/Tech,True
10485,45a27161f71b2318fb341290538d79afc7d5883d9f0180ebecdc06662da0cf8e,0,World,0,World,False
10506,684daaf4fb4fccfa460c2c31ebdcb03d28f79f88d3df5a1e96c73e0003c2e252,3,Sci/Tech,3,Sci/Tech,False
10525,d642ace974aef4d88e71acd2a2b24f42f1e739eeed2c68b55fa3f1f7d196bc15,0,World,1,Sports,True
10538,8ef4eef32ef275da9719a54a8d29bdefb1214e9a200aadf061ca69a3e9c977ec,3,Sci/Tech,3,Sci/Tech,False
10543,4ae2c66b5d13b54daed78cfa36cd546706b3249ee40d92d49deb3cc521a7e5d0,2,Business,2,Business,False
10568,cd815bd0b2eab0e7b2414e318920334cf665257ee2bfe3216605b3524c06bfe3,2,Business,2,Business,False
10602,a7ae6f6d091543574d34675b6bc364353e567d0df087f2ef69817f507b237119,3,Sci/Tech,3,Sci/Tech,False
10607,132e022264afad1bea4a0436d013b8860ccb30c817bd246ffac1cedeef24b31d,2,Business,2,Business,False
10615,e7f7cef64949a0af0e8b2eedc71ac6f32bb4c0d61bcdb7d77095f51cc52ece1f,0,World,0,World,False
10617,696b66cde0f8e20cee79851245173f1e0933174b2887cc88109252cc143b69ab,0,World,0,World,False
10650,e0a88ca5b1389b1bf31fb39490fef23c2fafa37afdb7ee4f80b210aa6d04f329,2,Business,3,Sci/Tech,True
10666,d3f9155bd779cd7c5f070aec93843fb148fe7469ab198770d55614adf588a70b,3,Sci/Tech,3,Sci/Tech,False
10668,df87d656a9999eab4270f3209726cf91465aca0e58f04955b4d1f0d727f3cbc4,3,Sci/Tech,0,World,True
10676,4bcd8a47bab7b4b83b7427a1fa1a233be5b863d975578607727542895e86e90e,0,World,1,Sports,True
10705,7e084859d012768b8076883d48c0415581ee249979ab42fab49b1eb1595a8f18,1,Sports,1,Sports,False
10736,d84642db471918aa8da68b67db6b7163816adb7f0c8912da787ef0e1ac528358,2,Business,2,Business,False
10739,4425222445b6d842f97153ffa669ba8b4b2750c4f564fbedf2c8ee479bc8ecdb,2,Business,2,Business,False
10751,afd5ee5837997398191e50bd4dd33d1fc1a87e74378ebc461b31161ddfd7d62c,3,Sci/Tech,3,Sci/Tech,False
10788,e9171407b8e5120434b370a0bd94840b205a23c54597d8697bb6ad410965eea5,0,World,0,World,False
10795,83bfa00396a6db4b21f4a4680fa95605d2a780e949b1866f0c5106b837935c34,0,World,0,World,False
10803,875ccee2ed2659e8bf1df7b6a4c9a5e5f26ce12248a0c3a11a5c491a7cf3531e,2,Business,2,Business,False
10804,aedc7b07dc9cc3d409fb31b35a5a076022908b200d0c60588d2bf0ccd4531e1d,0,World,0,World,False
10816,7f95cd247e2e890e9a45ebfe32b2df61704c2012b33202caa151be0e8e4586cb,1,Sports,1,Sports,False
10832,a8a67fe404886776ee95a5aa80d3e82f08e7d7738f6ba34486f34edb6a8f4dc5,2,Business,2,Business,False
10842,5756d67a28b47366d69c7307654951dc366ace34c3e235ed99c7d89679cd1300,3,Sci/Tech,3,Sci/Tech,False
10872,48893b4635837af590d86f207c69e4fa3f829af8cf3716cb21929d2532d69a4c,1,Sports,1,Sports,False
10874,49f521d86eefded4d36640b38f4194147451c48d327fc9e9d37706823f386603,0,World,0,World,False
10882,be152d5de084b51b35a9e5c0024454057b3bf51d95201d8eb81fb5d43d5eb5b2,3,Sci/Tech,3,Sci/Tech,False
10889,c9dc0ccb49a92b5d8ff67f29a4a6b8754ebacf3cae3705a8a523e9cdf9b7f777,3,Sci/Tech,3,Sci/Tech,False
10890,ad92fd9fb8f8cf01372006f3dcabee23ba8161475d2fd335ceda42b3d69d0199,1,Sports,1,Sports,False
10894,2d592b60e6abf8b9ad90752fcb895c90bb004b62fa9d088a335f5d9acd1b3121,3,Sci/Tech,3,Sci/Tech,False
10908,3857f10c9867b2325a3c04c8a1c1b900d4bf1bdd62271c3c798838367f19ea27,2,Business,2,Business,False
10918,2d045ffd03521a0e288b2f14dc721b54ea7f42a68a87736c57d9b386ac522850,2,Business,2,Business,False
10925,2989884f430fb416ce86560c3fae143a153faf6fb2f28aa8b3fc613398563552,0,World,0,World,False
10933,5f4f0632a9103bc3dc72b73e534ebc6f9dfac8e006b7c30689d5557755e443cb,2,Business,3,Sci/Tech,True
10964,959d935d7222bb35bcd9b7aee163e6b34cce65129c3bddefab57cedd5dcd5fe2,1,Sports,1,Sports,False
10977,8437e387f50c48c496f9cb24d52c96cb21a431525934a0692cd905c9d1ffdfcc,3,Sci/Tech,3,Sci/Tech,False
10989,9ffb719b2f2045ffbc37ad0366f49a4c33511bb9506f36934bbf8dfdf686c263,0,World,0,World,False
11006,6e19231ec26e3a15b46e7f2aece6eca98d9000041b1b7f42ab458aaea1d04f01,3,Sci/Tech,0,World,True
11034,2643ef8ff65d23500e8c4dc34b72196a375aed3410bc40066e3ccdbf5a72200a,3,Sci/Tech,0,World,True
11039,d2a3dacf5d1662293a42638ea205691b32b58da996c0c0a671d31de471669815,2,Business,2,Business,False
11041,8f247a6bbe0ca00461a4b93b5e323d251c213be1ea2d8c7c3a9778693bb775b7,2,Business,2,Business,False
11053,ddc77dfa469d7b48488cb54bd04cf4157c521d6867861d9c66a115973903c5eb,0,World,1,Sports,True
11066,bfc66191a998d08f972dc4d035627e2266ba84c7ac2a2cb158f8f063deffd347,0,World,1,Sports,True
11073,f6b81f1e8168d4a4b2cf94b262ae206e7335d330303acad9a5cd807d6b661d96,1,Sports,1,Sports,False
11087,1aa21992b089f5240eff5e29d84fd510eb483ecff7d5e00fa970ec78627fe69a,2,Business,2,Business,False
11098,d3910d3c1e8533ac8d054d54d9ec9ba493913a8d2bf38db842846f437c4f7985,2,Business,2,Business,False
11124,81d84141a83af33ed8a082211c85a103bf8952758b637274ebc2ea9e82a6298c,1,Sports,2,Business,True
11138,78aa7911c71b6c1dfd824863682515e4a994008e77e88d60a2fe074225c3599c,2,Business,3,Sci/Tech,True
11150,e0821653405cbc648c9a907097192fd459b6d8d50d6256c2062dbe9a69110d8a,1,Sports,1,Sports,False
11159,8cb79be1b6f44000b0dce67b841d3de2cb3e4ddd55c4313b5b92f730b2d20254,3,Sci/Tech,3,Sci/Tech,False
11161,61aa0665b0be41076888720e81c52ba1a89ef33dc74e9c1bce591cb78cf1c31e,3,Sci/Tech,3,Sci/Tech,False
11177,a7ff400b26d79251bccfd4e2af2e7b4aae68297211442d7a79a77b7f7ceeebfa,2,Business,2,Business,False
11183,36de4719a5f4836d3c26279a325fc2287dc549fcacc753f13a624dfa29aae87f,1,Sports,1,Sports,False
11189,0460c9a82bcea2d034ab8f49a47e3f76a7044a7c22188f9fb0ed7e5335e8c6f7,2,Business,2,Business,False
11193,81c38e45d42184cc0a4ae3561b44589275a568e1b87c42baa70c98001424ad2c,3,Sci/Tech,3,Sci/Tech,False
11200,411eca3b35e4a4ef7a94dccadb1d3b050faa7ae2078b1ace123008cd20d39786,1,Sports,1,Sports,False
11210,b8d83b4d306cc5e441d9ca994fd1b7a17536f3879ed3a3087f8b88ab707dddfb,2,Business,2,Business,False
11235,56786134cf808d20a8d0e41959e8b5cc8f95757a7c35327fed258fdfc07bbcbc,1,Sports,1,Sports,False
11259,7f60b39bc8e573e012b1adca491e536659c739c30b6ea73f17df0c4775dc3600,2,Business,2,Business,False
11262,bf903c245e9052c525e958727d0ee96dd4553be753850e6823bceb97a6a454c4,2,Business,2,Business,False
11265,b238985240e7ffd99e323224ebad196bc20dabc4ba2c502f782c2b96030dc2db,3,Sci/Tech,3,Sci/Tech,False
11282,260a5f777fe4fe60739b6d8eb3c36c1d0c5694defb181173d7e2b4c9c4681daa,2,Business,3,Sci/Tech,True
11295,83bc2e9539f8346e2fb168c10b3ff2124b72460181341f295ab58e5108aac331,0,World,1,Sports,True
11297,edd41f28937ab6921189f6bc445395adad6566fbba8d0b58240176331acd51b7,1,Sports,1,Sports,False
11302,03ddf68c12d04d77e1da58f78aa64350900947874132090896438c7b7f515ea1,2,Business,2,Business,False
11306,4023d9d96ce5515d37293fc1c0413f57fee9b2d403601e429678386252ad662d,1,Sports,2,Business,True
11330,80e2d3d91e8729e4420a02d2248895cb9e675c790b950650f96df416fcfff55c,1,Sports,2,Business,True
11332,2d2c474434590d078971a0f8f55ab4ded398bfa13ecd38e7c4bad46a94a8024f,3,Sci/Tech,3,Sci/Tech,False
11343,48d5684ed2ee8e735cab450bcc016aaed98e96f5ff11a198eed41699c7af05e6,2,Business,2,Business,False
11355,97c62a7a31fa7de8b739d51e18ee84ab85c89c23171e812ce763c5aa20240023,2,Business,2,Business,False
11359,3a897185cf97975f22b4bfbed1ac0844d6fd8684e497597083644bab2088bf24,3,Sci/Tech,0,World,True
11365,a34c380605831afe09af224db628cafe67b056fa888c77f0cb2010cd8529dcc1,1,Sports,1,Sports,False
11389,708d3cbafced5cc9a7fcb34305afa4acb0cf70ab13ab7b512b84299b78b5a660,0,World,0,World,False
11415,860743e233bf4f8b3126432ec10802d969707ee05ae52305ca87354eb4fbe4c9,3,Sci/Tech,3,Sci/Tech,False
11417,fe696b7bdac6fcf2cac359d9303a034a4740452b9d3529e36dde548b6a9306c2,2,Business,3,Sci/Tech,True
11425,9c13400eeb0fe9976f93957067236df064773279e43489ebc3783c07da3f037e,0,World,0,World,False
11430,1238b09ebf604afc12162417fc0382e62d536c7edd75d6c0b20f961b970f8f50,3,Sci/Tech,0,World,True
11452,1d0fad79c5f4999635c93d1736d6e521c6928303d067e6a32468b39bd58b0e66,0,World,0,World,False
11455,2634d34ded888ae1abe671c373c95ee348cd5e097f3fc55c9050bab838a111e1,0,World,0,World,False
11483,bf0135507b3c5913239572d3e5ab3272443854d410eb8737c716e79ad9fdf45a,2,Business,3,Sci/Tech,True
11491,c7b4add234600eb8fb72a87e99ecd5db38e0f9ed2eff9f6f56b6bfb9829985ed,1,Sports,1,Sports,False
11505,64361c66ea257eadca1c10b9b09dc3997b5c4940098cd26fb7ec9f39b0695c6b,3,Sci/Tech,3,Sci/Tech,False
11513,8d6c94ea28adbf80413dc4294a6a28d0a4b190fcdfec690c1f8d567f23f6249b,1,Sports,1,Sports,False
11518,cad5a729693e10a7dc4f1985ccc39552fad4fd33d7321f7914d7a8be676b87d9,0,World,0,World,False
11519,5991ecc5aa5e63641048ecc7b1c94954e0d3a54a201f4ed258744fc5c70e1c6a,2,Business,2,Business,False
11528,c93da40982f51e78dc22954d81612817836b1fb73d3189be00008c83afa2c3a9,3,Sci/Tech,3,Sci/Tech,False
11558,afa4086c60db9fad37bf8749db57992a5633fb06adbf089efd5294224ad5e4cb,0,World,0,World,False
11574,cd4a8d745908d5b2c62238d916af8fe91641b33327891e38b30ad4c288ab43be,2,Business,2,Business,False
11585,6da3377687c797748a510f448ded771be3b0c21f63e31a1c3b76becdf89721f9,2,Business,3,Sci/Tech,True
11589,dfa4edb1abd05d849c5343df7bfd689d622cef86b2d36e6bd76f7a3588ed71e8,1,Sports,2,Business,True
11591,fc32689cabea58f1c323ea6ac73cdbebd8a2d9aab6c1c30855f8a2af06e12bb5,0,World,0,World,False
11592,962c2b2369a6dd4e4883193ce6f93f3a303d9e4b961eb8b9ab98abb0ed2e5414,0,World,0,World,False
11625,03f277585ee833b509640989ead7040058aa6ead679c18ac8c782afba4ae4e1b,2,Business,2,Business,False
11640,c4347101da1442d27eefa67f3b162cb622024bcc4c7b9335eb3ae44360c071ab,0,World,0,World,False
11642,3897a0f4061405827fa920e11aaee28a94ec8d0bfd7ff0ccb407bfb14c7b4c13,2,Business,3,Sci/Tech,True
11645,cae0430a8d29ecfb7ce6a42804d248cd63131353ab2c423da475480eee48bc24,0,World,1,Sports,True
11649,c6a0efa7d525627ee3d986eccef16c16b9315f21699227e925365652bef39bee,0,World,0,World,False
11651,69da2c5ba40a1b2dd683ccb28038f87acaf06b3c23204eea7c42a28f84541965,3,Sci/Tech,3,Sci/Tech,False
11654,b994bf9675ee6a22a637778aea6c06780d356347a108ccb5b3d1ca29a16cfff9,3,Sci/Tech,0,World,True
11655,a6609206218a11f1d58c9f2c0a58e168a92100e9029bb50d54ac94ead1d7c298,0,World,0,World,False
11664,fed3ae8378d77c83357fa043b309af36479aa5bc8971a7d9114d1ee05ea4746e,3,Sci/Tech,3,Sci/Tech,False
11676,5e4ceebd89cb8a0a4eb3cb3f2c99522ac172a59852bb71270f070371e62b1c4d,1,Sports,1,Sports,False
11681,8885c6055c73395ec90347bf00bcee268e3e4a99718f3f5d10ab26cb11dda164,0,World,0,World,False
11704,c55c369d4603b228339a74379f3889c0c731f8108f07ebb9d5c9b19245e278b2,1,Sports,1,Sports,False
11726,2dde4b8d0755f0ab3eecf94571d93074715c4e54589a01fe3edbfb9946379a07,1,Sports,1,Sports,False
11732,03d30b9ee0c63b91f0ce41687064f6a4bddab49f7641257156e2a8fc5c94efde,2,Business,2,Business,False
11733,9bafede76bfbeada58ed3c826d7171a39ee973876cc3e23b4697558a7df76348,3,Sci/Tech,3,Sci/Tech,False
11741,1bc75a7cfdb9d818796fac1d930a9a2d62b7506f351c4f667b3d7a407769d9a5,2,Business,2,Business,False
11791,ac5f0ed166a0e0e6f770535e7e75e0b5cf838349f1e4e54bdd6c785e6d56bbfe,0,World,0,World,False
11800,ec6764646e39f618cc0c5d61246fdd54cfa280621652840195c97b7653068792,2,Business,2,Business,False
11812,e2e12ca8653aecf25abdabdb6dd4c0483e14930a68bedc349052eb3e65f6ea95,3,Sci/Tech,3,Sci/Tech,False
11813,0605f282d8d454a3b88440869a9db27a26ec6269ab98a77ac4a87a0eafc8422a,3,Sci/Tech,0,World,True
11821,70f8d16a22c48671183a050b664e330e254de26292726a7c44804b9eaaba6aa3,0,World,0,World,False
11844,ca7b310801156c4f636e07f08c3705ec584ff4a460c9c9bed7a24831e7c67a5f,0,World,1,Sports,True
11859,dbf2332efcbf985e6912a1f8123d72bfe040394174e5f9cca7324f2ed3c9a5cb,0,World,0,World,False
11865,5c53db3962e74560f664096c66ffbf9e8b821dfc46eeecdc4b085b71c3fdf483,2,Business,2,Business,False
11873,02d76ed6c94d88824f631dc10022daa9e52d99f78ac5783ec26e20fef0f38dbf,1,Sports,1,Sports,False
11885,f83a4877b49d39955ac767d3658714779497413b647ad357fce8878d583e31de,2,Business,2,Business,False
11886,b55f955ff8dc96affdb84f87d11a3caa1590963b08318e711ca085cda2796b33,0,World,0,World,False
11891,d6e935422c71a22715655d76c7b91f6d3aadf54c9eba3b8d4549a974212dba52,3,Sci/Tech,3,Sci/Tech,False
11906,ba3ec82126fa191bd4bd857563d018470be30c371165d0818ac9154608db63ff,0,World,1,Sports,True
11914,aad4894e165336cc7b0155afa2053ce64e6935d9f4ef526eddf47d48f4894a02,3,Sci/Tech,0,World,True
11942,30bc22799bbc333d35a9e291a6d9935ce46399a29a0a7a4f41b67042d5a7e7c0,1,Sports,2,Business,True
11949,a49aec245b6072b3d71b287d77f97a460a5c3f8cb9a9c4e97a9d30968435a02b,1,Sports,1,Sports,False
11976,9b5a4271e9d931d6b28452eaceb58805e6255de1f64b35b27b93c1215bd23446,2,Business,2,Business,False
11985,b33a29600a2b65ac9280ff19ceb657590bb530953afe2d3831f935eb48e26047,0,World,0,World,False
11996,053d18c71bb46c68af4579d96fb6869d3430ff263a713603e5638ec4b28cd2f6,3,Sci/Tech,3,Sci/Tech,False
12023,f090464473082a4a574b13fb993a61af04155e26042e2e9a1af292c038377486,0,World,0,World,False
12025,3a1b5e616c24cfec1c0667074f6c1ea16d0a7d6fc200e955cd5379a556dbb53f,1,Sports,2,Business,True
12027,635bcc1e5d16c37a0e7bc951f21570a7e53c6a501aaf5576948b387496f54f17,0,World,0,World,False
12036,975083db96279a126dddc855d7e08eaee0ba01c9383eb3bc27d95a676d344239,2,Business,3,Sci/Tech,True
12064,9f6217dfd9757c72c988c8760bfc84d15ffe7f46955dd331589ba701cc078368,2,Business,2,Business,False
12074,703e73123292c40b17581d5397a4d4df4e3158eb7e8dd5578c5aba5d5aa4fe5f,1,Sports,1,Sports,False
12084,06b147d50826fbb3658205d1ebaea8326edf399d36bc14c66810b884d87e75b8,0,World,0,World,False
12103,2088f175af8cf4005a46e154342d1f0c9ae73b9c7528552f40df165948870aaf,2,Business,2,Business,False
12163,d050c4c1e43969563183cc7e6c9883344d469a526854ea524cd71d719a13c448,3,Sci/Tech,0,World,True
12166,14e68a0c788bb4ac4e986964692cb5a53a1757f4abf5a78ac447f35dfe8a9307,0,World,0,World,False
12172,fee4505bbc9bd115c4592b1a5371c3dad7817d684e49fc0fc78d121f0e63285c,3,Sci/Tech,3,Sci/Tech,False
12181,5cc8ef8a379795c76f30f23f3450fbdd42e9bd1f22e4330f029ccc2212a5cea3,1,Sports,1,Sports,False
12207,26ef1def286f97fe4222f233495521d6311458605d21242b2071d77c25e59eb9,1,Sports,2,Business,True
12219,b17e40ac28e4bc6a50df6826541d0ef20b3e1316d6e5f48f87b8cf6e5a3b7b6c,2,Business,2,Business,False
12235,2fc609a5bcd92f16729ee5154bcff6815fa22e30826d71f92a71771ef5cce514,2,Business,3,Sci/Tech,True
12249,accfb7418a9a2bb395b986435e9d66d165b1462e19f75285fd3b981aaf79160a,0,World,0,World,False
12281,2e36233e54e92b30704fc4920b90e8581ab97ee17776c9bb21d2c9c1b1c25b44,3,Sci/Tech,0,World,True
12297,e659a77ad5e948cc19695b4f26f03d6b5b21b72257dcb5a7824d06796683eab4,1,Sports,1,Sports,False
12302,5085b252446539bfd4cd690ffd0e27b121db695311c6c5dc055d82fb5d91619a,1,Sports,1,Sports,False
12316,ac6ae1c4661c2f4de78921e1345c60aafe6cc337b27f782edefba05e20f58bae,0,World,0,World,False
12331,f44842c19b71e5486a9ae4b24a202e0153762230e225901b579e93dc2a265310,0,World,0,World,False
12349,04af58f32945123a7f3a190a7941339a73583166ca267ab873d324aeb00460ab,1,Sports,1,Sports,False
12350,b3eb398b0d8f3066134d439026dd999f74a2b1aace0f482e559e196cfce0c32e,0,World,1,Sports,True
12353,631697bc4bbdd8406d141eadea1857af056b484f4b58d4efd52f7475a4edda33,1,Sports,2,Business,True
12390,aac455b4506f1fa9e9dc57bd6a71dfdf7c00eaf93c1aa8bfea59aabe353b08c5,0,World,0,World,False
12410,9b996acefa4fb62908859f8469b774b8159344888a7bfc3f323ca755b73e84d8,0,World,0,World,False
12419,e9a26a27f2aec2e7f7561c0b70bcd24c9d522466aa99d015289691e29c69e41a,1,Sports,1,Sports,False
12439,2fed2b75399c7625aa4e4f11a1a27d81c3876e8ec99eac6057937d0858bdcf76,3,Sci/Tech,3,Sci/Tech,False
12448,cf48877949f97b4c832ac8cdd83a98ad91fd2b528f0641454a96cb78cc31d118,0,World,0,World,False
12459,989eed44c8d05fbf0881e065850317f03abc3d2ade866c802036519e35ff65b9,1,Sports,1,Sports,False
12461,48e13c6a3b1319b3349ec9baf9cd86d1071dded89a7d143a371edbee29ce560a,2,Business,2,Business,False
12465,7006537a9451d677b18dab3f81da3e81f161542d225ffcb97688148ce6ce4794,2,Business,3,Sci/Tech,True
12475,ebd805867d1817bd2bd5bbb042f3e4dee14668afe2a2b91d51b230a31f9b494c,2,Business,2,Business,False
12511,c46411f35a6314b44571a96cd2827b2f1f99969d79b6fae2fd3a8a6227bc2c2f,1,Sports,1,Sports,False
12513,7b534face2d7e9c5f1a764fd8d2a60fed0ea9feb6a4ccf51e947e5c63ce6f6d5,0,World,0,World,False
12529,8932c1a83949dd5baf1159780fd46e87912c4a2bed03e8751f0f73ff9f40de24,1,Sports,1,Sports,False
12534,5426dc4efaef1eb462e8daa3cbba07ff820699e429be7a062a593540d6e2073c,0,World,0,World,False
12556,4ae26e674d67b4e956d850fa74bb10623de11a64abeb9af5b393f01c29ca7244,3,Sci/Tech,3,Sci/Tech,False
12564,4aacf6355ba0423939a81b1d159ca19c8ecaec82368d6d88b9915384c4c17c6a,3,Sci/Tech,3,Sci/Tech,False
12565,c413fc7cb0e1f3757088100fa358740cbfc27f56a82f6b2f7f6aaa3b212cd3ea,3,Sci/Tech,3,Sci/Tech,False
12570,767e690e9c1da8851f74a43cec442f17acff6aa89f196751013cc4614316070e,0,World,0,World,False
12573,85ae0da06874df37c7277774a6dd4480817eab2eb3e013874482aa3b39ca19ea,3,Sci/Tech,3,Sci/Tech,False
12588,921a3e37f0a9aa7631bc5f3919aa0c9b5934aa58d53a5399c52f308ce9041691,2,Business,2,Business,False
12600,78278f7ca3e0f440236ff24ef00d753b8d3b14b724ccdfb0fff673c768b9a00e,0,World,0,World,False
12625,27019e10a681f30030cfea386313fd344daa367d04103268fde756537cbe3dea,0,World,1,Sports,True
12628,8067ca1e65845b10459118670178d6cf804cc6d59973c045596d38cac9547e5d,3,Sci/Tech,3,Sci/Tech,False
12656,4ba8856124ed4a17afe2b0fa105146019a65ee422d07e16148cc3052ee70cc0d,1,Sports,2,Business,True
12664,2a1482c013821da0ff78b98c6081367e54041561a98a90940ad185d6cf38f6a9,1,Sports,1,Sports,False
12666,3905ab9027cf880da11d396113fef4aca94fe719ae6149241bcb5911de9eafb1,0,World,0,World,False
12667,a22cc55a6b3a19fdca195ea13ff7c69575fbca26114e6b148b2d9d71d2bd3e7f,3,Sci/Tech,0,World,True
12672,5a848920ad5c5bfa6b74c75ecfa14c7ddbb7e294256cf01ea00307d5c8d95bf8,2,Business,2,Business,False
12706,77fd70642fc0a21e58ca66bbbeaab772e0f037cc08646a08ecedd3afde207713,1,Sports,2,Business,True
12709,ff96208f8529a1f2ea3cc972819ad22fbb474f01676ccf7ea8f77f828b7461d1,2,Business,2,Business,False
12713,9f153de97fa03f149733350a506d3606dad427888127666c2c2e8f1035ceb19e,1,Sports,1,Sports,False
12727,a9d51a1d27215d918ccb151c235fe4985fc76dc4b98134ec16de89e2a7965300,1,Sports,1,Sports,False
12730,b364fbc5e196fb0c7024b334ab653b9ba4e867c9fc211bf775d203a4ce26a70d,1,Sports,1,Sports,False
12731,2a3e3ae97df3ddb864b494f3f73434a673c8f767ffd6dd53a0b0c51e8c5a8db5,1,Sports,1,Sports,False
12749,e904fe1f8969ab77729f817c9378cd0bc6e742a351c8c5403c617179ab59e5ac,2,Business,2,Business,False
12780,f09340fa0226d886d033599fcfc5c55fdc2d79f38a84d3bad7da1480e671b5e2,1,Sports,1,Sports,False
12784,2dbd1dd58dc02a3f4d35690e959a318158b00cfc9edbbedbff68568a69c1b0b1,1,Sports,2,Business,True
12803,60f433966b93dbb27ab56e50ad55dc01a01e79193167267752e7d3a205f21fc2,1,Sports,1,Sports,False
12814,2d71dd5652141a6a5c4e69fca3e116099bbc68db1d95b78686c8d85e4b25aae9,0,World,0,World,False
12819,5a810c07cdbeb5788d8dd4f66eca183a82121cfbb8d6030381496d7adefbf36e,1,Sports,1,Sports,False
12825,311227d0cea65185c285b67f6d3a0cca5d5fbf40bbd332ecba28a12db2aa17f4,0,World,0,World,False
12838,87b314d6c4ed3961ffcd9e59be51cfe4026ec96381e0459135cfbe317fe230d4,1,Sports,1,Sports,False
12841,6a858ed7374b1530855befb3b74919fc1f7a6088e110f9db354e7e96cec8d436,0,World,0,World,False
12864,f5b73c455c3cf1b2af1d8803f5cc26460ee8c3e5f2ba5933ebc22a3f3a0bfdfb,3,Sci/Tech,3,Sci/Tech,False
12869,91d7e06ca69f4838dcb0d94d3f0d4cd10f44a47d060845e84af869928c749bef,1,Sports,1,Sports,False
12875,c01ce4119f18a08c50731560758fed77a1ecab9d9d5e267bc531f60b0038d326,3,Sci/Tech,3,Sci/Tech,False
12888,f825a9f82ca313b58503b99f1525690d9c203bd6c42511e1b181fb46100eb915,1,Sports,1,Sports,False
12931,b7566ef5b34fd4866234de28793e892eb05faa4e7c1bb69f61f26cee7e90625d,0,World,0,World,False
12942,400a81ea6a55563d284794ce9cc641b7d26c367a9fd00f27850dfe2632f46bee,1,Sports,1,Sports,False
12946,052de569caa1e410936b2771db7e50db68bbd64e854c68a1491bcbee3491ccb8,3,Sci/Tech,3,Sci/Tech,False
12952,9bc5e6f6f5b3491d69c7b2e8d7ae6dc46aae8a216ff6b2331d61fdce649efe4d,2,Business,2,Business,False
12955,4036377fbd6af302f15e8cc54c950930883108a4fb92c3483e3b3725bc9d062c,1,Sports,1,Sports,False
12968,a4a9a50dc677fde23d80494ee82c13e8d153d54d9987cb0ddb7f50ef4c469bb3,1,Sports,1,Sports,False
12969,eb990c6ff3be59553a54f031636c7fad00fbcf807a8922aeab7b23f21fc702b1,1,Sports,1,Sports,False
12976,e423477eca5200033af62876a442afcfdc2f78db5346b7da7c48ab0a3d0eee72,0,World,0,World,False
13008,355c3597b15b74e8f5f5a1446cfcc5a749ee7fd7ae86b92635e8b743525b28bf,1,Sports,2,Business,True
13018,e76d060c319db28dbfe21567fadffdece78548987accdb11c9ad76fde43d2e3d,2,Business,3,Sci/Tech,True
13021,cc476c090192a4cd88ea9925db3729b72954bd65d4b3b1df571d53dc2129ea0a,1,Sports,2,Business,True
13026,c23124d2ae97cd80b435db1c51d942550ffcc447d7cbb5ad347b0191ed9ba1d6,0,World,0,World,False
13042,001ee9ef6d037714adfbdc4e742625f56553568babf18c0145afe384a59441df,2,Business,2,Business,False
13048,cc5bc16fc6bd87d5d59424937db355fff04f2097dcca9e9cfb17551a9474cc90,0,World,1,Sports,True
13050,d7530e25e4d34f7aee64f51ec8533bb339842da3683c247abf45d8868e5d9304,2,Business,2,Business,False
13075,996f0511d6d2a3b573659c7d452667fdaf85869cbad70dfccda67066ec0fd7c5,3,Sci/Tech,3,Sci/Tech,False
13077,34da0f09e852447a483898cdd6346bb17e084ce89ee556a2cf3176212e5cf200,0,World,1,Sports,True
13085,1fa9634720b2500f395f3a345f7143c8e70889ef251cb90c084aa3378c26525b,0,World,1,Sports,True
13105,2588107f49ef447a68b7b7a181d99f67c80ae753a9435646116183ec5f0b8bd6,1,Sports,2,Business,True
13107,0c1faae727ed62bd032b8772a0a780527a2b34ac9b0dcf278c8312cac64f090e,1,Sports,2,Business,True
13109,f996648abedc00b5b0fa6444037a9092a7b163a354ae5c8bed5029f089b369df,0,World,0,World,False
13119,1baa81a034d26fa8da3ab78ec95282b1cba5f64fdf18f028322dea7cb39cf47a,1,Sports,2,Business,True
13122,63644c154bd539e402eb3f38e8e197c5f1df883b2768cc1d06f5c9d4674b5039,1,Sports,1,Sports,False
13125,f41f7d936eed7571b20b63e6b2267d72126c74311e8a8fafdc3aae29b6a7a400,0,World,0,World,False
13128,ba0f1be06a35bc8e7e7b7199cdb85d8327b2e85b4d93315b6ecd43b83b4826fc,1,Sports,1,Sports,False
13130,604173f42707e2fe5477a78e673d0943178446fb7ec0c902ebf959d9f3f0c554,0,World,0,World,False
13133,086aec6f9e634c1981174ba465390a9fcae3686683032b6a865bda93cd59e289,0,World,0,World,False
13148,d4fa8a16a254436ada338d26f5d0ee3deb4fc24cfbd327679ac12ee2d0e5f2c7,2,Business,2,Business,False
13168,a340db5a5e5faa2963c371d6ec72549093a3c083eaa5ef2acdd519844a13cb67,0,World,0,World,False
13174,1ca795484edb5b2117d585ba093f0092f0a62e4b819a2affad98dbb093f8d492,1,Sports,1,Sports,False
13176,2c9ab1aeffcd8ee98b810cdf54bcd5e67a25b7a76efcb209b6a545296ac6ff24,1,Sports,1,Sports,False
13213,24bedfdc4c7b5ac7cbd6059d7d1a13a9d661e169e5a8cbe8faee49f4d14f4494,0,World,0,World,False
13216,0cf71f65480f063aba63c40071f33b5e730c2cca28ac46901e78861eb57a0933,3,Sci/Tech,3,Sci/Tech,False
13241,395eb89eacfaab8904728128bf893c4884f6199a0f57619071d1d18845b28a82,1,Sports,1,Sports,False
13245,9e8666e279e146443ad04678b183de3e5fc1a2915ada4526ce57ff6593efe5ff,1,Sports,1,Sports,False
13250,1cab089666f70c99fbf039be48f51959ed21d2647754d316661ab121707e4034,1,Sports,1,Sports,False
13252,2b97f9ec63001a6e17ba6ba87a94f88a533a2d8a9ed4ed9c661063d27bda37a8,1,Sports,1,Sports,False
13254,58ef08b9c6a2aa56cf72685736971f51b12245d19c8dd5539a230e123dc6c0d7,1,Sports,1,Sports,False
13257,a8adb12f52a7b7429c619c5c15f6a5253eb1634a1270e4e7b8ffebeb26027de5,1,Sports,1,Sports,False
13270,569d270b3b8668b28ac4153c0766620d883aad53329c00575d2af59873e85da0,1,Sports,1,Sports,False
13274,a3eb7753b232245c83b0b26cb286757b501dfbb7c170659d81c0a9e1da7a9e97,0,World,0,World,False
13277,a58ff409114cd4603d3dbe4145149d3b80fb3ae1db7fca551fc7bf7619191889,1,Sports,1,Sports,False
13279,5a035f23656f0767d14086bdf6583f19225de7dba8e85f56187dfb0d0c0458e3,3,Sci/Tech,3,Sci/Tech,False
13291,887024e55c59cb436d90ba47d3b8edd9895417877ec2689162d91f07b94fa5ce,1,Sports,1,Sports,False
13318,0c26e0b769ccc20d6b3fb1bfcdf8b0d82e37fb4d21c861e3fca6665c96d5ee82,1,Sports,1,Sports,False
13338,c94e6aacf7b2f140e9daaccd605215babfcfc962dc11c11815be10418fd4f7c1,3,Sci/Tech,3,Sci/Tech,False
13349,8c79d93ad0f51e31abc7802b97b1c92ae1acf39e7cc1dbe4b10fe0ae78468bd5,1,Sports,1,Sports,False
13365,86d1425731f470cfb28c989b3cfea615150db5382288bff7bb7fa999815464b1,0,World,0,World,False
13372,568c337ae68ab7bf8f8f44c74d51ba9ad37d948997899889255f5633415878a1,1,Sports,1,Sports,False
13396,b8e37dd4a25122339e82559f3191e093cc512ac334a6a795ab1aa1ebbc797fc6,1,Sports,2,Business,True
13409,81db0796d6abdc367f98542f8703bbe67e9b6abbc4502de1b7b0391e7dcdd761,1,Sports,2,Business,True
13416,913e476a9dc11682d7bb15fd6db610af13a87ba77f94083a60355711b2b8dd0d,1,Sports,1,Sports,False
13448,8840240e7fe9ffddad8ff17b3d253c15884512743590083dd7a03f8be54cc51b,0,World,1,Sports,True
13454,b0b45086999118384f9903da9716033469ec4ca2995362073660e0464a5bff3e,0,World,1,Sports,True
13455,f157c6cd244207127cdf6bad6a7b4618522db0c403dc8b748b3ca1951e3c8bc5,0,World,0,World,False
13467,66acc7b0359905075c271ff2a82208f70d887af4d2b3f6e7ab5aa986206c3f52,1,Sports,1,Sports,False
13476,3092262c47edcb1ef6afe327802b6cef0e2ea0a0769800726eef9c855784fceb,1,Sports,1,Sports,False
13483,65facaf0b210f62ab6356840affc73d291d784dcdcd83ee2b8bd726f83991801,1,Sports,1,Sports,False
13491,cb7fdbd41697bd990200c78e5efe32645835389a4a08f0d16862fc398e25c25d,3,Sci/Tech,3,Sci/Tech,False
13492,21a157d8194461c1b44a8c077f554b5411953836c186b8933328630addd5107a,1,Sports,1,Sports,False
13494,0a1ae706dd9a0a1e36d37f0866d6775dbaddf0559d22f45fbe3a15002b780784,0,World,1,Sports,True
13502,b272c284346fbdb62390bbb26651ad1d6a8453f67f014ccd834cb0d90d8f1ec0,0,World,0,World,False
13511,c0f304b1f6eabc1778539f136a757b767885d7e0057be9e9517e85e818ad8275,0,World,1,Sports,True
13531,d83422b20fe83d341145a60cbe7649681d746e2c68a18a16324e48704e9056e9,0,World,0,World,False
13533,ee1425b28066b146c41dfe5f43d2a916cb2184083b7f65867bb4e8572cb11ee0,1,Sports,1,Sports,False
13547,1e2d08f88ed1140f048f4715bab1e89773bb41ee27a541b6da88b89ad99d4998,1,Sports,1,Sports,False
13570,c0221af288b1ef6334ccd094a4375ba5a612e2cbffeff56e8f73d53b31588c0c,0,World,0,World,False
13572,3f316e456c1a2c89ee8c348b5bd5968fa2f94fcc167ab76e2bebc4acf0bd2840,0,World,0,World,False
13585,0982bdcc658c1f6af3e052bb3e6115f41dc5585d2224b5976f4988f1a638e4d5,3,Sci/Tech,3,Sci/Tech,False
13596,8e6a3612027c94274680b7b268bf26bd49233d4d07f5fdee3f2286e46a241d38,1,Sports,1,Sports,False
13609,ab6baf569bb7a4881788f418cd62f36dab98e7b72353772aea09b68d4bc5aa4f,2,Business,2,Business,False
13627,ea41a41e3a55b469ccfc4733267e44289a96471d7a3edcb499b789f8cfa99ab2,1,Sports,1,Sports,False
13686,1938946ace3fd5cb7d1a75bd8505483a03a7dad5a6f3b6e9618ac81fd7eba5ef,2,Business,2,Business,False
13689,637ffcb5fdb2abf8f6d3b7d3156aa1c29bf5212d28c3f83fcd9c0fd5e7c776c1,1,Sports,1,Sports,False
13697,91d3781b8107cd70ed49ae273cacded68f318a85998e522b96ca74be7b8731d6,0,World,0,World,False
13706,5e4df480a596059ff8c660d796b6edd643c086055e68f7146b07cc9153e14b2d,0,World,0,World,False
13707,069a4b8028f7a78d0a07ecc614477e275831ce5855d9a567fa6ccb17d5d904c9,0,World,0,World,False
13726,895b16630d76a2bc37df18e23033d20d2d0184ae8cd2dce6450ccd830a95b5fc,0,World,0,World,False
13727,320c32419f392dca065a0020bae37b7dec90e229cd1482b1c99098e85baa414d,0,World,0,World,False
13743,f2bcff4f6e891b5b367a8b02428f1349f6cb3703fb7c360224daa2cd967dcb56,1,Sports,1,Sports,False
13747,415d5525bebb144fc92c9e1f218c2f52a307456c5c2e5f36592eb3caf319740c,2,Business,2,Business,False
13757,ccb28b2d1c6c3212c385283354d7b001781218cb2e797d3b978f5c0a0812374a,3,Sci/Tech,3,Sci/Tech,False
13775,ebd9abdf9976226fff244f6a9f03b0d6cf3c25147a90fc111b433279f896deb2,0,World,1,Sports,True
13776,4b61be6358ae50a9752aae217db8f2185465499e4f5f409b14bf39533269934b,0,World,0,World,False
13779,19a13a0255891deadcacfd3c0e5c331392c9a40397e7798984eb156efa576762,0,World,0,World,False
13782,4184e90c87ce53210d34c7241e4d692a46d24dd80edc0726e7ea5d1d72419e6c,2,Business,2,Business,False
13786,19243f035b856a0cee012ff6cfe8b1441e9002ae1d034010780a00ab85199d2b,1,Sports,1,Sports,False
13795,5b6222accecb1abcfae70e40c961f9e4625c57c3725947a588d45d94e579c5e4,0,World,0,World,False
13814,fac4cb113040cf12bdc1b2b3be2efed213e2e5ce0c9f03caf37a6b473b4de7c4,0,World,0,World,False
13851,81d9290f5fb9fb5d70ff420614f36239e68b7a68d3fd6f5411c849f2d7fdbc36,1,Sports,1,Sports,False
13863,87ea2fac85d200d3e5c93479b40e3f9b001473a3bcbe3358985280c554b2e972,0,World,0,World,False
13864,b3265d487b757d490d4df81d5ba2cc3bc5f2b175fc0572a25aeab2e84d769d9c,0,World,0,World,False
13865,f68b9688209c623c0cdcd18c2b4a1897f3ecedbc8312017c8d397c7b7d5b9068,2,Business,2,Business,False
13889,e43dbefdeb0c971413eb5c531be03abbfa488824ba631914a5d8467a8a8c2eb5,1,Sports,2,Business,True
13945,3f5507c15b774fe694a16d2068739472770f1352fca4e5bae9486cadba495542,1,Sports,1,Sports,False
13949,cf0b2f60711ec39b7925e217ce3e66a08e2bafcb1b13de3ae11d7f311e0a5e7e,0,World,0,World,False
13950,2dca16f7cdd22af82c1e4fe30beda0bcce3228fd770a3c31de80076ac7c6e059,0,World,0,World,False
13951,56eb8e084bd4ab61b1c8c804f22ec7fc06868469a71cfb34a32d20ee3975ef76,0,World,1,Sports,True
13952,8ddb9df597d402edef784858a98a59b7d03e5056fa8bb2b5833042665f1e68ee,1,Sports,1,Sports,False
13966,4484e31e7818b900613f002695f2bd51cbbe2c80be2e5d707da76f2564e5c5ec,2,Business,2,Business,False
13970,5710f8f1c21fb97a985da7ef515fbd34cc7a58da110069c44306373e7279b3ef,0,World,1,Sports,True
13992,ab5fc3a7203d285729490974d5d5cb391370c35429d71128064e85460c36d63f,3,Sci/Tech,3,Sci/Tech,False
14038,22fca64a35d0572f080faa13246bc8320cec45924bbc7f0da77dfce7543deac4,1,Sports,2,Business,True
14071,a1d3f640b28034fe088bd8cb4eda11e67a08232b3478eb79ef2d5984aea5b101,1,Sports,1,Sports,False
14086,97104ca83c0dbfe8c58a3fe7054419adf87e4ed3b6c7975e937087d51e933d65,2,Business,2,Business,False
14090,0a84ae90d868a99f757d99e70312f3f4d574ee8b738641e7911133fee504b4fe,1,Sports,2,Business,True
14099,013283d106b355ae7b3c322b2d768ecd95508b872ed428781b69ee77a533e693,1,Sports,2,Business,True
14119,b4679fca147883a3951100176e34586414be60f6f8a510d7380d76659f140932,1,Sports,1,Sports,False
14121,86cf28af4e3fb693bc68700d0aef9eb01bb7609aefe2eeecf5ca9df4c0568510,0,World,1,Sports,True
14127,f10b58f9e93341e84cf182862c6c3e3e32c997632a0be64914c690d62a2eeac6,3,Sci/Tech,3,Sci/Tech,False
14129,1f7dc57d7f0323918ed2a37144692d4077d53593811a17f1a2fa250d06a74a1a,1,Sports,1,Sports,False
14130,5f1b6964695d88c4e24db317b2e4ce226bc4e403cc61a3c020060158f9e291e1,0,World,0,World,False
14137,06f6af49fde048414099aa060b050452234d5ce8185dfe5602963a0eb8f1646d,2,Business,3,Sci/Tech,True
14171,395b344344ae3be035c42e610071ccc28b2486feea966bb150e0a3f68058329f,0,World,1,Sports,True
14172,8d2156067ba239d31393d8bae667c2c84766855bc707fba9d5b8779eb0a34391,1,Sports,2,Business,True
14175,51dc0751c5e0f84f2d447000b797f5fa79655b9ff229683bc366b6359f7eaa0e,0,World,0,World,False
14211,e6779533ff54f2672e1b340dfde8f85426a3f2d1519933afa1f8d5730d994123,0,World,0,World,False
14223,1a29b95574fa690a54e876287df626033b34bdacfedb338072ee2589f13843b8,2,Business,2,Business,False
14228,8aed0bd3e8ad02e8989da73df054457a6376e0c684d3d5898c79e6abed3be459,3,Sci/Tech,3,Sci/Tech,False
14237,1e95ad7debf0284c8b957f1bc32f3e44ad69b7e059e68ed51d3f0fa99d024558,2,Business,2,Business,False
14241,7d6db5bcf615340f0bedd1af90fe601d6bf57bbf8b054fc0fff2d0ab8954feb6,2,Business,2,Business,False
14250,d2a6d24b9ebd20e7b75e737725570b0fdcbb3154919efd62706191a951a44c18,1,Sports,1,Sports,False
14260,46709e5a5068882c89e2572038535336efb7c365f916409093671703fa146be4,1,Sports,1,Sports,False
14273,b579b8c77ec421fa8c2ebf8bb4ed46cdd569c9f1b269e46b70cf2bf05a762649,0,World,0,World,False
14290,4c9f5d1b9b3ebf4024f130153af59d91deacc52954aaaa0ef4be1404dad6bc3d,0,World,0,World,False
14298,abaf1e1c14e5c61e010008a60a3c03152878198162877a122e07014c33db4e65,0,World,1,Sports,True
14299,5fa0e4818a0711194c447d15c418406d923000ef0a9cc1277c54b798e0b3f653,1,Sports,1,Sports,False
14301,d45dadb779ef5607bb0fd0f9575748f6b1881a6e34abdac3167ec40d5c27f5fa,0,World,0,World,False
14302,f1e12671b38470b1a0cb86a4c0377bc22e4f42f07adaa33215791db351b1a165,2,Business,3,Sci/Tech,True
14319,a3a09c1d320052b0c765b1936e64be00763b9cb892614a2faf0cdba1339b161e,1,Sports,1,Sports,False
14328,bace6f598b7adeb57a1a98675444a943627e29a988225200bc272468a0b58641,0,World,0,World,False
14340,64c7a72310fc43457bb4b186ac410ba66adb60b3c8627a22413fc1a2fc574bb2,0,World,0,World,False
14341,4598a068eac85698087514448c7c3b5b358217c4ca9580f8cdaaae9c69f0d374,0,World,0,World,False
14346,8079bf659013333ed15337ea369b343d0701ba31c96f53ad3139a90f555a3e52,1,Sports,1,Sports,False
14351,c484c0fa9286783f408baff152d1907a0b6ebf7e4d169980123025995c135185,0,World,0,World,False
14352,c078e4006562478fc4cc5f72a7eaaa625e8e5d3ed289a1f4d3a79d66f9928261,0,World,0,World,False
14384,3082eef28d4faafa5da2d8a8ea8ccce602433e54929837011a3e31df113e183f,1,Sports,1,Sports,False
14417,a3a5f66782f2253c2c4d1ed2e1ca157a65a0bccb2f34e852f542e739da0c76de,2,Business,2,Business,False
14423,d2c22ffa3893f8e6cf0c284da0bde6565ec5e1b90e3f1adbe8d2918f12a91c48,1,Sports,1,Sports,False
14430,6cfbf6a292a3cb79fadf0d48b790f8fb6bfb33de21c0d657c70e0d4ef2963229,0,World,0,World,False
14443,865ba4a5500cc398cefe739335fe0ec6792ba1185712b04204a6c4405e5be8d1,0,World,0,World,False
14445,2fb5374eb0d301eb4589b16be7a00709b5c74518d1d05a390f7d11c1aee48136,1,Sports,1,Sports,False
14461,ebd2c75f5a9b0010211d5478c9097f616938b8c1828eb7e622b146baa29e3a79,1,Sports,1,Sports,False
14468,8bf6e1d883efaab03c8a9c0682687a79033c54688ab26c74f2fa2ad274ebbce0,2,Business,2,Business,False
14477,a165ca8cdf41d3c561f806ad4de4c2b9a9ebabd381b1adfbc4e42319f5298174,0,World,0,World,False
14513,a913e47bf14927e216c675dd19816fba117682aa1ef3ad85ccc9455dbe316b5a,1,Sports,1,Sports,False
14515,e7703c18577262c5f7b23cb199997355652b4ef9f05f09d3aecb3aca63dbbeec,3,Sci/Tech,0,World,True
14525,e978755d010c0836ad2e0ca1613da4d458f0b74f26ba95dc5837d78df291e468,3,Sci/Tech,0,World,True
14546,ba2b30fad32b4bafbaa8aeaf138b9877825b0748943e3ac538095d3cb98f2595,3,Sci/Tech,3,Sci/Tech,False
14552,58293adfe33c7524124893175a6a79bd056b1aa5bd3a5736a09b0fd9da33a526,2,Business,2,Business,False
14590,a7a0ad1f5490c01ad8daa760416c3109fad890c5788cb85527aa19ea4f50b804,2,Business,2,Business,False
14617,d940c1b6ae50380fd2da8208edfce22433e6eacff96edcf4862afc15ddfc4d57,2,Business,2,Business,False
14636,f08bc6b70f792d83cc74e25e11f72c2940b281fe9a95ffbba5e9ff536d7b0cfd,2,Business,2,Business,False
14637,6a3f3e2ad52211a167c696150494dfc924331a0170ae90abe6611a9bc9200394,2,Business,2,Business,False
14642,11d4e3203b50a08cd4d09816ff0da01ea59d8ab6e44cf7176fafdcc211c805a6,0,World,0,World,False
14643,81bf685610636f5c45cdc1b3232cd7abfcdc887f6fe633322b563c03ede7c63c,0,World,0,World,False
14661,595cd0d67b9ed76086034d4acd4315ba61c27212dbd404fc1ed6e51ab0b140dc,2,Business,2,Business,False
14662,5fdfcf9f2d41d0b764abedd726d41bc46400e38918fa01058d33d4bf27928783,2,Business,3,Sci/Tech,True
14679,7bfab15dca50c9be94dbd96056e3f0c1c51fd64779ade921b020058bbe24a0d4,3,Sci/Tech,0,World,True
14688,bb86a831cafa384f50f06d5484f714435cee4b3ed042e193a51907cb60512a6c,0,World,0,World,False
14713,7e3e6827344216965b3ad1f4fab38b046578d117c95a58afe204a1d14b751c02,2,Business,3,Sci/Tech,True
14714,00d2aceb0091dd28beec7e2d259eec524c19d7d423d12e048a0d59f9cb3cad30,2,Business,2,Business,False
14728,af685c48eb7b14373dab1d0c2f34dfa730b2e603c94ad27b39b9a030699aca12,0,World,1,Sports,True
14735,2a1b29f873bb7a1339d20872e7dcf1f653af30a9c063bda80d5e0d9e78def08c,2,Business,3,Sci/Tech,True
14751,0a2fc95c4f78d1ce70e1a865faf5429062009177a1d318c2353518c07164b405,0,World,0,World,False
14766,8541a63134b65c1882a566f2df8f0165aeb0ed8750e640ca638af98a94efba62,0,World,0,World,False
14768,563d3943586ce704ceb266fa993bf8587d265dd667bacb854cf4a3ab0fa9b1ab,2,Business,2,Business,False
14771,88a9cd947cb990b6ccacbc93748087b93e93a6098d12d952506ac743fd620f97,3,Sci/Tech,3,Sci/Tech,False
14774,754edb6f0b75d9bc7058514e44f5f385a46bd7318f5db98fb8d32960affb6378,3,Sci/Tech,0,World,True
14775,883f022ca798478087b06161ca481bcd9eaf24ba4214581a6bac5e22a2276300,2,Business,2,Business,False
14791,d3839f8becc284c4e3fdb593411a014ef641a3465592523800918715595e412b,1,Sports,1,Sports,False
14796,45bd06c3e01eafd1b9d3a88f8e4b91e73c0f85d62a235aef6acca22e64e9517a,0,World,1,Sports,True
14802,be8cf08e90d6d26cbb65ecc3f6afbe6c6362a2c26116c89205388d96aa820780,3,Sci/Tech,3,Sci/Tech,False
14820,40809e3d3aaf8271d82299df6ec41a9c26a20226e57459eb8aa2c00120f2697c,0,World,1,Sports,True
14829,8143802d6c887249ee4eae39536e9efd7f43c1cbcd9629fdb9ef1b2d3dc6e052,3,Sci/Tech,3,Sci/Tech,False
14845,d0309c78c27ac38af3bf16bbdac5b3a262b66ee8fce1db171ff1dbe52b2e3f86,3,Sci/Tech,0,World,True
14869,e1887d22c6b6787e13c5a02241cdd9124bff5d57f282f8d3145eeea291ace220,1,Sports,1,Sports,False
14872,2970ecb35514c547d526850363eb41e3f4741635290beb7d6b34b5fc732900ce,0,World,0,World,False
14893,5242cd4b92b7301fa122129bb20ceb5556d5f7e10e551ee89a2f89b21cecfa38,2,Business,2,Business,False
14909,6ff0d8069e284f943c2cbdef3a70db5cc22090336a3ed6de632d752ed2ef1d05,0,World,0,World,False
14939,d5288246e20c522acc2d06bad5187e6135cd8934dc071f022140a518a4bac408,3,Sci/Tech,0,World,True
14947,049ae19a1bdc67582a53da01eb0ce0f82c1feb378d1b78ba558dc881d29e3dc6,3,Sci/Tech,3,Sci/Tech,False
14988,54f8ea27334b0045b814ddd9b5ebb8ff929e26ed9a9b812893fced64f4416c75,3,Sci/Tech,3,Sci/Tech,False
14989,fb941ac9c0914cf95c5b321258ab022699e81513bf494e845b6e02b768df486a,3,Sci/Tech,0,World,True
15011,0a6375a20b43273d8abefbdb488945f6884f834b719d36bc91a4551d002dc340,3,Sci/Tech,3,Sci/Tech,False
15023,89f40142548ac16386da4d41ea347f1de2aca47d65d0efac9e368279d58fbdf9,0,World,0,World,False
15028,e77feec74e5c93c5c1ae4fedf4aa3c0ff10419bc9c6644f88863459fcd78cb6b,2,Business,2,Business,False
15037,4ee7b6d5d0b4c53d93abd309842b4c583f7d9c3e637dc5f9244d4f54c4979a14,2,Business,2,Business,False
15048,3e24fad5f4bf1d5b0d6b5b97c8ec28f51cad03c3fa86e4d6034849c7c01425a8,1,Sports,1,Sports,False
15053,358391ec14dc4d5cf2a48a8cff8c22fedc0934bdae6fb95515967c5362b75272,0,World,0,World,False
15058,dc0cf3d47d3688189ae0b224df6189c063f8fd09d31cf35c688ed5b0e816d970,3,Sci/Tech,3,Sci/Tech,False
15073,27beeaba5a0cd9e06331c7b96dc8ae7c4f92c448a0113f7ed16c94a11c7fbf17,1,Sports,1,Sports,False
15093,a525a5feaff347880c85ee6da7f76a2572d10445ed432d8512aff28331ab1bb4,1,Sports,1,Sports,False
15108,0bce72eba8529482eb55f958a61d5a53069aed704f81ffcadeedb67ea9a54f87,2,Business,2,Business,False
15118,a45cdb0b7269d926a972008e33f286049507240abc3b95ed093c423c3c6908af,0,World,1,Sports,True
15121,4ed1c096ee4bee3738dda5e848b42cfdff1a8eae7efdd2bffd18239ca559d583,2,Business,2,Business,False
15122,1f0f102168eca94c15ad44daf0808be53ffc89d2195c9c75850fd6fcc4875c81,0,World,0,World,False
15129,f4dd79a272b8b2b508c430dd1c0b1000cba3b51310469d20f4f82f47b64225f1,0,World,0,World,False
15130,197175318b1e5c6a98dce0e2f930006c640a18c91f504bd44ab52d1108d6d36d,0,World,1,Sports,True
15132,967a05a0bee95de97764f86339d50a6b3cd98c265323aaabdb23106879b0681f,0,World,0,World,False
15144,ea7074e857349ef8af914f6e68245d80a0b605c94c2dce4d72e4f7c6a45bd868,3,Sci/Tech,0,World,True
15155,ff06b2b601a915948b90a93cee992a79df0f9e8377e3626617fa362816c3f927,3,Sci/Tech,0,World,True
15161,d194cf6aced5f274549962ac7a75e5521ec680f2f31960841252bca79f4444cd,3,Sci/Tech,3,Sci/Tech,False
15170,46a8bb8d3ad9a15d8620db3667c523d549d0d0a2398129b9247b0d5cf189215d,3,Sci/Tech,3,Sci/Tech,False
15180,011ec00d7ed5e41bbd36d783e3fd8cf9697a9d5765f5e04ba3f5c37b2d010e57,1,Sports,1,Sports,False
15199,942c51a4f132b2d9a0e26756062b64275ea41a0f24089c1ef081b8249943386c,2,Business,2,Business,False
15209,bd210d836c19f8e9252d42a3033b404613b70672affcfebf6701f486d4268513,3,Sci/Tech,3,Sci/Tech,False
15210,1f400fa45bc5a6333a5f3174b876d5dba6901b2361c98ae2683b2baa0cfede03,3,Sci/Tech,3,Sci/Tech,False
15211,f72048e4197f814813398df7bae869b68d5e3cb5498e61803d92b09ba26f7049,2,Business,2,Business,False
15223,fc0d5fab768860863175f03b4980a0767a50461249f481982062b25b7a67ed80,2,Business,2,Business,False
15226,9698cac589e273c6a75d7ac40223bbf267756c827d6abb343f5a7e9afa1794cf,2,Business,2,Business,False
15229,b2cf5e1b397dcd297d2aeff3ef4e97cf79d031c6b933fd8569e4bf99efeedfb7,2,Business,2,Business,False
15262,838173ecab69c30d0374e6940d327e96fcfe0d89cf53878978dee2b25c364cfe,1,Sports,1,Sports,False
15272,05ac5a8511589f4b3a64cf3d26a5b1dce80ce8fa42681b01cc70e79b9a99a7d9,0,World,1,Sports,True
15282,e53c547341c3cd0ef01b5f2c65f5131cfb16b434192b28c181ac1181c9cb9aaa,1,Sports,1,Sports,False
15285,53d9be2b44ef5eaabef371cb44655895861082400553c24a27ec9b40d5197f31,1,Sports,1,Sports,False
15305,b32a68ea22c4393f5cccf74fe1706b380f8f3c7786d3658207101e40b705eaab,0,World,0,World,False
15309,824fd96b71e61e2b93adb588f2dfae8930fa8d4904756df77ad623540e3e9d3b,2,Business,3,Sci/Tech,True
15321,49cdf1a4aaf2fb75334e73a59f8d2aea466b9f46fd1093a512e988dc7411a1b4,1,Sports,2,Business,True
15323,89c28e297687332774a41fb6085cce7ffd6f2a7ff681ceecea1c649eb92ce85b,3,Sci/Tech,3,Sci/Tech,False
15331,da4167a40ae85cda3a2376629b68c4fbf0591bde1fb17dec6ff80d6274de7891,3,Sci/Tech,3,Sci/Tech,False
15334,165cc058a9063824a6097dea32b8f8fa40bef9dfe02e971d101c10242d657fe6,1,Sports,2,Business,True
15346,169750db026d62b1a9df0a5e6eb2e459d328311758f182b90b7b3118008bf8c7,3,Sci/Tech,3,Sci/Tech,False
15381,fcb96e87051110cb3b51f5f883267f59cac11ef6ba5b1db5d767b6adabbb880c,3,Sci/Tech,3,Sci/Tech,False
15394,f3294cb7196d87e4cc38dc85449832e270fe057743a82286d20888776d6c9a23,0,World,0,World,False
15414,56776a62bc37ef0bd25b849a2ac546ae2028d75299d187c6d88ca0644fae2cdd,1,Sports,1,Sports,False
15452,d8c325dfeb7686250535103adc194974f3c9e2e9712f98497948695ab25d9583,3,Sci/Tech,3,Sci/Tech,False
15456,561d32edc388c84df24a4ec0030a0b5aac405fffedf507c255298e14b723c8b1,3,Sci/Tech,3,Sci/Tech,False
15459,41094e742b897125df9bc641c3e9a246c928022909984d152adf8592f9848b96,1,Sports,2,Business,True
15471,b7002ca5e8a8a56e363e40424837365b366110aaa34ae298593e79c34225ecf3,3,Sci/Tech,3,Sci/Tech,False
15503,002e8c8ddbae586cb0a06106cfb99ed899f11720df06de355bf4a6e4466308a6,3,Sci/Tech,3,Sci/Tech,False
15506,f4a77f6a8834132bd99a0ea4b86115fef9ac43613a5b84b195f8b121b01b9796,1,Sports,2,Business,True
15509,2dfa5d5e18d9f357f726e1a1f6007cd0f6fe47ac7214e67843808f8ec71e536a,2,Business,2,Business,False
15519,10c949f5c656ea676fdfd6e0b300a6682bcdba5d54ffb6ab7196b4a878061fc5,3,Sci/Tech,3,Sci/Tech,False
15524,0aa77b770995b6614460442eb85732f8326cea3043d26d94fe35afd4db73b0db,3,Sci/Tech,3,Sci/Tech,False
15532,54e919a68c99f8069a42915c2c00f9aec1eb3287ffed1dfeedd312e967bad708,1,Sports,1,Sports,False
15548,c39724c3503d07578e8e14f003c0f5df4a3c4d7d5a66148dc3e0519c00871c60,3,Sci/Tech,3,Sci/Tech,False
15567,887d6150b80c82d27efd6e05a2579d0217622efb6f736884a379e4c46a0b9cbe,2,Business,2,Business,False
15568,f685bdfb2330fe705346a4152a7604472baf0972b668f8ad42e60f199f61f0f6,2,Business,2,Business,False
15593,9bb338f3d47d325c0e1f1ceb13955c488b19331ec17aa23261556dcec9ae8374,0,World,0,World,False
15597,3dc0dd1a201a077586c2b815aea171be27604c1cc1202e21e2dd7810c41bf391,1,Sports,1,Sports,False
15623,302a85c7aa901d973bb0fa33b8c67a9c495d722b480e5c8872d52ea799571572,1,Sports,1,Sports,False
15628,398bf9405a39a358ead277be2c352e79e1baf3839b8959877f05da060211cbe3,0,World,1,Sports,True
15630,947634b6d55d2b15025214f60c87c9ffefda04d508762fec865768d3daafa449,3,Sci/Tech,3,Sci/Tech,False
15635,71ab80643c492b38f287f2ecd0de7784343c021d892a7a0c573caf7d240cb947,3,Sci/Tech,3,Sci/Tech,False
15637,0460250d67f1cc07b743ad72c76a160ff5a01e593fc59c8752346986e18b804a,3,Sci/Tech,3,Sci/Tech,False
15638,11b0dff7b7200db04eadb30dd6f8aaa9c094834f3f82d93d98722078b01c6bc0,2,Business,2,Business,False
15655,4f9159e41e5f731eb1dbac82de18310031b3756c9c2dd40129d444995a2d3bbd,1,Sports,1,Sports,False
15658,53317a1070a08b534f84afe2943af27450c99a72a038a6fa72da47ee954853e9,3,Sci/Tech,3,Sci/Tech,False
15698,22e35581dd40173af9cf4e42d8e59cd57126f9d4d0f4889c7c8e45d82a3cb2bc,3,Sci/Tech,3,Sci/Tech,False
15705,31209684f6be4703a1ebea533a0f72a4e5ebed662c9fa49b28bb84c498037d80,3,Sci/Tech,3,Sci/Tech,False
15734,1f253be7d344707f4e23749c12e8e358115ae89d5bf1767182dea9ae603c6e4d,3,Sci/Tech,3,Sci/Tech,False
15763,45052a5f97834f7e8e677e1e1f69335e7a9de2e764303a60d700a36f5c7685d6,3,Sci/Tech,3,Sci/Tech,False
15778,f166177abc06a96172a69cc3101ccf3977c56ae827bfc03bd7b5ebecfccbca52,1,Sports,1,Sports,False
15781,30e0663f49d4003b5f2bb57cc083ae5c4119144dad76d4e51254da75d43a0edb,1,Sports,1,Sports,False
15812,983fa296c6d6d4103d9bfdc8aaecf67a58375e8eee36698587abe91e49643b7d,1,Sports,2,Business,True
15844,9f961bab99d9d89b01f69e5b72534b8e8d5b874370519dfce0acfec102092437,3,Sci/Tech,3,Sci/Tech,False
15850,c4c101085b6eca0a51299332de778e4da677330c8908b6adcf4214b5469114d5,2,Business,3,Sci/Tech,True
15866,00e0ea0fb5b5d24e8d84917de530639f591afedb9880a8e5f5b16a5ad5ef730d,3,Sci/Tech,3,Sci/Tech,False
15875,f29bbb90a0d6f7a6cbe413f838946f78323761d89709c4c075a3bacf7995e894,0,World,0,World,False
15899,9ae9333990b5c066e9b98c08eabf538172c5fd295195839df6a2830b54e57c75,0,World,1,Sports,True
15935,9ba11852d05f1544f4e16d3c42e1cc6918338af1673229d820b7f673d1085504,3,Sci/Tech,3,Sci/Tech,False
15939,dc591143e75b81871d27eef9e66092dea436ddda503691a0a059e7557479fc01,3,Sci/Tech,3,Sci/Tech,False
15940,081ac7f8731a29a231880b49e02eb9599cb6a157ea0320ace908a91ee8ffcc59,3,Sci/Tech,3,Sci/Tech,False
15942,f75008f4acbc1abcb65c32f26a234300a90bbbd8123403166f8511ce1820a45c,3,Sci/Tech,3,Sci/Tech,False
15943,58c6dc7217592d30a2a4e6ba99b0d8d2da788f3e97c5302c03ce0dcd56cbd733,3,Sci/Tech,3,Sci/Tech,False
15952,8b80757b828a15d549266d21085f905e5b8834ec5454febcdef477d709f88f2f,3,Sci/Tech,0,World,True
15971,59e8b7e203cf56467b97a95313448bd8ec01338d64d7adce7d35e0399d5afaca,0,World,0,World,False
15976,31092dbcf458227efa3362c6736a4055003de27d918fa42cadebee28f70e063b,2,Business,2,Business,False
15990,a5a2b401b268252e5e620535bd6f10eaa4204ca09a079113176c298789a00d97,1,Sports,1,Sports,False
15994,869976bbb34fcd828d19cdf666e25c76b274aa572c40ce490029b197877db9c3,3,Sci/Tech,3,Sci/Tech,False
15999,99e9a496140adc33d57c8959aaa6ab36f078e2aae98bbf49c57fba34d39514af,2,Business,2,Business,False
16007,2f917d0257affda7bac4c7de1b6fa177cbe6a3cccaf21024055f8a74b7662825,3,Sci/Tech,3,Sci/Tech,False
16034,6282f28935aac737545bb412917f8b1de3d4bf062e71a8562fc9c2d8c275e50a,1,Sports,1,Sports,False
16045,f88a731606db694c677b2b120b2e0679847c3d2c06960b7798937411ee5e8dd8,1,Sports,1,Sports,False
16055,3cde13693fe70356285fe32ecdff64c450ecdbc1deeb80e51e2332cb4ddd9810,3,Sci/Tech,3,Sci/Tech,False
16056,eb018c3660ef62668748daed21bee5f5ec7a91277c3e7aadfe4175e26a05817e,0,World,0,World,False
16078,75326a9be56c39fdbf137d5ddd33bffbb6bf932b4d6a61ffd9720061f211deb2,0,World,1,Sports,True
16086,21e15733ce410760ea19d41921356c90cc452c0308c99bd15534c5b95a2d5f31,1,Sports,1,Sports,False
16090,60bcb661085448ea949f7f67f3b909ede9ad948683b67288ac882a5bcdcc129e,1,Sports,1,Sports,False
16101,83ffcc24b6cfd5c5d74049cdba33b5a4f6652e5c3693468c00191220e89c3205,3,Sci/Tech,3,Sci/Tech,False
16117,053d7db8a37e64157a917a7dafa336c0b8de97f606fd14c1867a1184cf3096c6,2,Business,2,Business,False
16118,f7f1599c455f28b81bcccbdf3c7f03cbf23a0283191fcdb524d702018a3613b6,2,Business,2,Business,False
16144,f16f035761ad77ce0cf82db326b3d2d63f84f8041104f7692cf40ae34fe3d9fa,1,Sports,1,Sports,False
16147,ff3d5f1e5cdafdc604ee1854d149532846e5a3cc79f107225108b61eb2c2e999,1,Sports,1,Sports,False
16152,c92cd3ee69ee4233eeaf1c837b9efbd2e228b4e01992a0f13cf2ef2eb561d2c0,0,World,0,World,False
16155,1e52f3bdd4244be41a9e139d3b277f7de7b2a8f8856cf72fd4c8d74348b83564,0,World,0,World,False
16166,98fc9d58e0e4839bebd8af747da97410b8fb17a79e5565b52f058bf47d3eeadb,0,World,0,World,False
16186,044a3d95bee155e50d2fc1d5c326ba8f6ed9fad1a58c4fc9cfa89b7fe7de3422,1,Sports,1,Sports,False
16190,f8687a996812d66cd13e0b8ef16b6d77fade952010997bd8e30e62d2b5153081,1,Sports,1,Sports,False
16196,eb49af8a450a0e2ad9d2166a31bc22d3809323bb82135d70b8a465a2a82cf983,2,Business,3,Sci/Tech,True
16212,51bbe9c97db3adddb54ab6826fc681d516d8262e8aff516f7f9fb810f8a20bd2,3,Sci/Tech,0,World,True
16244,de2a1eb4c9ab89ec34732b27fab43cd166f07a9bdd72a7d0a8193903e3a27faf,1,Sports,1,Sports,False
16261,6cfc8f9d974206e344f8b617b277493284a76c688ccf7e439f075d6133807ed1,2,Business,2,Business,False
16266,7e4a2ad73bb5ebaf70d4e650615091abb227032b4b5e77992b2e60bb0d50d7f7,0,World,0,World,False
16269,8c41be5260cf0a37a1cd3c8717aafa3205698610402bd1b5b1744085eeae9f9f,0,World,0,World,False
16290,f3813306cbda169b70b34e6c3405e2e9053b7c15fa447d2d1de9e093090b11ed,3,Sci/Tech,3,Sci/Tech,False
16326,89287d7595a7388ad65105533e28982dfbf42bf66b2bb916817c8754b000eb26,3,Sci/Tech,3,Sci/Tech,False
16329,a920bacc98cdb5f3d60f0c269624cfa4a73103ad1c81ed8bba3ae52bb6f48866,3,Sci/Tech,3,Sci/Tech,False
16331,293458822bcf503258707f2824e5543b09d11e430e799f98b613f5d832f59199,3,Sci/Tech,3,Sci/Tech,False
16346,66ecec97fdda36b1cf6f18c25df8bc9263c05e3c3183c9d396651838a15d95ab,3,Sci/Tech,3,Sci/Tech,False
16353,70650266683b17f2cc9f8607f7951a47005b042dc2419cfe0cf1ff4197d2835e,0,World,0,World,False
16357,a57d5b0eb7589e26c764641accf2a86bf60d12fca7c6ed08c835ab3b58f071fe,0,World,1,Sports,True
16400,b3144d020ded86de7a10c5977dec0720707892c8ab703ca45aa64d2688161cab,3,Sci/Tech,3,Sci/Tech,False
16450,dd6ef3ec14933d9232a19e805e235d3e9bac1e7fad0f9a6d2521379d6d760681,3,Sci/Tech,0,World,True
16464,9424e4f79af41cb63d9d7f62db75bcc448c4024cda5bb579c99060b4fe6197ec,0,World,1,Sports,True
16473,079cd6764a61863a3123f4ffb00cc7d464f1b831914c5ae0ab5ba8c26685337c,1,Sports,1,Sports,False
16484,d074d5f015099e3c927a897413b77e4431f227900e07d35c37e250445926874d,0,World,1,Sports,True
16485,3ad3ef7dcd0d18898aa8b160903225b22f63cd23c3bb4aaad5394761d4f77a1d,2,Business,2,Business,False
16500,af0d9605252af7cf55be876db5122d2d79bbc73cf0345e6ca62fccfa73439763,0,World,0,World,False
16515,675c4b49e23712a6b8e02a8b7206aca78fa128d354212b70bab15d8e6efe8a4e,3,Sci/Tech,3,Sci/Tech,False
16518,9d48560bea779a5ca8a6605c6dd16ee32d06ea728b7e745a23b7fc79170ae433,3,Sci/Tech,3,Sci/Tech,False
16519,d014f1dac3b076a276bd9ed2b7463739a6a04bbda095c19f7d1a3fdeda5117a9,1,Sports,1,Sports,False
16526,238fafd1326143b6a3ce0f4349aa08a02f47def26ce1caf3073b2b06bb8c4c87,2,Business,3,Sci/Tech,True
16537,07935272b8cc943237de42bca860a759eabc93835bdbff4ee6713e068c5f6c04,3,Sci/Tech,3,Sci/Tech,False
16555,786cc5a5b97fc486314e3127bf57a43e137bba7f5de73c2bf3ad35d648465350,3,Sci/Tech,3,Sci/Tech,False
16569,a96ab1bc46fc9ff6c83df57a266694b1d701549f1e37759631166f7519edd281,3,Sci/Tech,3,Sci/Tech,False
16589,bdd6d3d2c6c69aabed41e746365da224381f2b154267e7994fbffe2de56400f4,3,Sci/Tech,3,Sci/Tech,False
16622,551fce24df2a0029c9effe2e68744c2edf94565f83b803e4a990105bb3feded3,3,Sci/Tech,0,World,True
16633,ad75d7bc97b7bc88b8fbfeae87f4664baade3ce193fab6ee253ba9c7b4cd7927,1,Sports,1,Sports,False
16645,147d2b4d04ed48ead81d83b6d77c22fe237e265d0d9b0e210f91a13f303a298f,3,Sci/Tech,3,Sci/Tech,False
16646,baf1d363a6a6a93d9d682d7e173208ba8e5986457543ce51699f7042a070568a,2,Business,2,Business,False
16657,77a124ea2a0baafa27a9b813b1b5126b0956c79c62f9aefd50a8d6e5f6fa576e,3,Sci/Tech,0,World,True
16658,07ce230c71d755ac7ca925ee6b69e96f7852289dec7196d7e5275ed82d2ea9f0,3,Sci/Tech,3,Sci/Tech,False
16659,f39b2b6ad507ae69f293e475fe118787380e24252570b8a144c2e5265877736d,3,Sci/Tech,0,World,True
16665,13b31570167821e9c376da4b44369c2e66e287e0ff2c25511eee7fcf46c14e4a,3,Sci/Tech,3,Sci/Tech,False
16669,35a9339fdb2d97052fc509956b33ddc17778a2d0076583d1e4d77a189d0f4328,1,Sports,1,Sports,False
16674,e191fa4b90ee4fe95b54eeadca3274493e0c9dbb96996bdc5c60920847673494,3,Sci/Tech,3,Sci/Tech,False
16690,35482db0c1b6230932fe2be9ce6135024a6e33a35df3308ed2e0f4ca445ebbbb,3,Sci/Tech,3,Sci/Tech,False
16700,78e6260e88df8f1b7e6244323485a77874ac66d6fd341539c3d2937dd027f744,1,Sports,1,Sports,False
16708,0c4fff819d521e16cd7f9663f3cf4c627bdadf08c8ba39aa57a103b5f64aacd9,1,Sports,1,Sports,False
16710,2263e4f26a548b38b552b40d02e2704ed3a0dfd8682bea81525b33ebbabdbf9e,1,Sports,1,Sports,False
16717,7b7d6584f2f5879df9a9c1141f9cd27b3e3175c69dfc7ec9a3da16330cbceac9,3,Sci/Tech,0,World,True
16728,0b9947ababd7860269e27416b5943482b05b8b5669addb386282d370d2f7db0d,3,Sci/Tech,3,Sci/Tech,False
16755,037b4e49c6726ea4bf5fef79ab4c530a8e8cba5baca82ada4f96ef11a95effaa,1,Sports,1,Sports,False
16766,c6d9e39a6fb0e6b63c1375f0b9abcdb77a0d7eba2deabd8508b7e613624c2c98,0,World,0,World,False
16771,e6e462e97839720bbedb89050522eec3047cb843b9d8b4d022800258b7947df0,1,Sports,1,Sports,False
16795,3332b39834b8c74433c7ded98fd225a09ef72be2c5bf5aa4ceca225879d92550,0,World,0,World,False
16796,6fa09ff97a0b913e42eb59e7e4ae72b172a489c4780dedd0d4ee505f569dc4f7,2,Business,2,Business,False
16805,711ed2a40b33b75718eb3762256c40db174f55e069c2ace600db47ef6b815a2d,0,World,0,World,False
16817,bf2f5eb8983f76e057e293a54f629e4c76daadecc9b85b4fcd8794ff2d471946,1,Sports,1,Sports,False
16825,c00a8b1968e6ee9bf85f22bf7cd2c485a74084c20561c4dc1754215866e5d13a,1,Sports,1,Sports,False
16837,5f093e8402f1aab09dcb1c31f695cc80f34d4a12f4c74a36f6ba6c1cfc10ce65,1,Sports,2,Business,True
16841,cfc0208b3ed57cdedf4de935844ddd5889e50b7e58cde81bf5890671c47d8f4b,1,Sports,2,Business,True
16851,fcc87071295bfaf80a7288cd390491287ffbdfe8a0f03f43c22ac707f837e73f,2,Business,2,Business,False
16875,e87ffe2f2bed07b3d096df9cf5ac91b5a11d6f130e0074d735b9c4a47ae90f76,2,Business,2,Business,False
16888,2bb6b15bb340e29ecf0f1471945ccf6949d9563aeae0ae73b765a8cc5abab683,3,Sci/Tech,0,World,True
16917,0f6473a98806fb20620cd8814f06ecbe3f107dcf57f42a6c605b86f190e2061e,3,Sci/Tech,0,World,True
16936,71d2dc0fcd7a0dea14c0adb9fdd01475198cb244ca06b3e6572219ae936c7c59,3,Sci/Tech,3,Sci/Tech,False
16946,b2c831d404788e4e5b03e3853752529348cc2ebed813cb5cd1dfbd41fe157913,0,World,1,Sports,True
16977,351b729d72a3fd401d9617ef422ec6404064705cd8009b34517bc82164f85219,0,World,0,World,False
16983,80f9c4e67b47e874eea0b3c3f856851501fd1ae5ca09f862434168ad1cf53f99,0,World,0,World,False
16994,eb8b97685245e8b49b2ac3e49a61a2ac1172f86ca4625a77f8bbc473fac3ef38,0,World,0,World,False
17013,36e3f5e1eab814ba141709903a8f820f3e813d882e4ddd7af54905ec17046927,3,Sci/Tech,0,World,True
17016,646137ed4e0507670066eadf666fb9f065aa3bab34f6a78a9f90beeff171e39d,1,Sports,2,Business,True
17037,8d0e2cfc3eea8ebb77f4b0f5f07928628222b7930ad4935d0673ec234999a972,3,Sci/Tech,3,Sci/Tech,False
17039,503842e9f4081e0b45f5371de6e858dd215df5d361ac15c2e3c36c9c755b4551,1,Sports,1,Sports,False
17041,4dff7b35c9e03ded9b573d75815efe42e664ac176ff54e387d2e9ea01ce6e581,1,Sports,1,Sports,False
17060,91874d4b0d06b75624b83317267bb92ad5750599e1a123bb2522a9bfffbfab98,1,Sports,1,Sports,False
17072,4295786df14bd0c9ac334f6a36d4ec870c6cb32e1f06b9e85aaa251a665f29aa,0,World,0,World,False
17079,1cdd62eddf50a99186cc90c71c96ac42f19da24d003da94e1fc3263600c80716,3,Sci/Tech,0,World,True
17086,82a8e527f750551cbff645ccc0111c0035821010ae958a75e7183dd6659207ca,3,Sci/Tech,3,Sci/Tech,False
17092,c9eb0b0ce8cc14686f986f8ba048895d5f37a1b8ab274513582fb225bf0de17d,3,Sci/Tech,3,Sci/Tech,False
17095,0e94fe9a0e2b549ba7c736046c6e6524ec7ca92930fb744ab5148dabdce79505,1,Sports,1,Sports,False
17107,2f369e56177cafd41eaff99336719264f725d46fec65a2b50c06476959afe38b,0,World,0,World,False
17114,c3077ffa94286df866312aa71c19e4a39a52fcc44d451cb8dc4f73c136d8d957,0,World,1,Sports,True
17125,1c821ef7286ba9bb4810dc9d3c6c40864ebc9d9c0e8a982e80396ddc02b9c738,2,Business,2,Business,False
17139,e15afe52951443924a67806e0cedcf12070e2ac13e8a1e164f88a8ce8ca2adc0,0,World,0,World,False
17140,85383096b89151c32cf6ae99ba5dd24e244288e1a94057fb65e4ce18342aca2a,3,Sci/Tech,3,Sci/Tech,False
17142,71f5d6f96d67cc2b8c7f65db61153ef0e337d90970d1fb6f193294f406a11adc,2,Business,3,Sci/Tech,True
17153,0da6bed2037752d3ca0e847ad7204983157ff2e261708a0390296defd117f0df,0,World,0,World,False
17154,dc06b570b141de4f6f80af9a53fab1ca0bd3b774f309c20647f1a1c36c454e22,3,Sci/Tech,0,World,True
17156,4a56763d90c418ff0700e810d5dc845ec569db2965b98e94c9e6d7b3235063d3,0,World,0,World,False
17169,3f20dbf203189018e55411033e65ae820917811e6e3a6b80fe608a2a09ef8edd,3,Sci/Tech,3,Sci/Tech,False
17176,55c8122b47e82864b2a5b4ac22740ed86aecfdab06eb76f602d3de85de1ab607,2,Business,2,Business,False
17180,410cdd53375cf2f8b1493b156f9cccf23ed4b9498799b59039df40a0395a3628,2,Business,3,Sci/Tech,True
17181,3bfd2aa85d8e68fc364175c4800024a5b88ca5dedaa8af90bad26d1f3f64d392,0,World,1,Sports,True
17183,ebc01a51e944db8bb9961d4ebcfae93487e2283081527e167dad00fb1327eb78,2,Business,2,Business,False
17197,16c2c474c3dbc06d604d3e9ffd398763b114201c6db6c6193270490cedb5da8b,3,Sci/Tech,0,World,True
17198,853c111fc29a8eb5958ce61765337154c52db4393f0836cb8aa485583813e180,3,Sci/Tech,3,Sci/Tech,False
17208,63728670533f8c4a97b0cfd211a0e882ae896a8d0013b4ab8ff00eb22ccd89cd,3,Sci/Tech,3,Sci/Tech,False
17225,eab202bd72f2815d1929928020b52e93213edeba795825f5778be692b545b478,0,World,0,World,False
17279,b8394b072a0a0af9a833414f1c544683d2c073f6a4ab1551c93c63220f5207d8,3,Sci/Tech,0,World,True
17301,2f06f8f25233151ec5a9e4773050e708614bd82a022b60b19a86f5fb2071c0a1,2,Business,2,Business,False
17304,8fa3aa6931fad1db32c2d108679ddbb24472cfc02290dbadc0a0115694d350b5,3,Sci/Tech,3,Sci/Tech,False
17307,a75d01b486919a84d708323465c8141c855a434f1076aca6973b4382a7cbe327,1,Sports,1,Sports,False
17332,6d8798d628e649be9ea416a9ee4b4cdd22c5a412075972cf82968f5e078905db,3,Sci/Tech,3,Sci/Tech,False
17347,8f4df710413148215eb23c0317e375c759925e4884b1e90bb8ce4b685b4f70dd,1,Sports,2,Business,True
17353,c3f1a11334aacaf771a0f387f4bfaf5178c59a4ba47ab9af3b2b88cd742f5eb3,0,World,1,Sports,True
17376,9549896264c176ec580d1d163cee18bbaa71624d23703ec12880d8be03d67ddc,3,Sci/Tech,3,Sci/Tech,False
17382,990aecf6a7824fbfcd03982bb5be8422998aa992a995937f663c6da4c6e214dd,0,World,1,Sports,True
17400,5053b63753d3e2a06bfd0f638d7c01d32869df1a14316749dfbd99e3a97bbf87,2,Business,2,Business,False
17402,4660d7025c6c4b0a0004df8ca6edac14d9db0c401919e95cf4dd5f2feb662790,2,Business,2,Business,False
17414,2124bb3f65316939c252117b03b4f577298e3cd46a20f8d46bfef9ca8a7d6b8d,2,Business,2,Business,False
17439,a643c67d20700271e65bc4ee1ca30b656d31da3d7fd3124d9f8a8929cf34019a,2,Business,2,Business,False
17440,156d1853a24fa07a04c7a96c3c1669285e938c1cdf3abd790d0e72640aac5b3f,0,World,0,World,False
17444,a3f0f6ba8c8ff91afd2313795d28a5d96d821de67e9af1a5ae84ed730f6af54e,1,Sports,1,Sports,False
17449,fe97804c7d30997a46e4bf2654befefc7f46b1afe114476d6a7002a87165a507,2,Business,2,Business,False
17454,40faf61d25adf749642cd7739bbd68d88e5c4963619b860507795deff3046a13,2,Business,3,Sci/Tech,True
17464,a72f05d7eff5c2f91af9b5a657bdaccc40a6d0ab31b55839c89dcf2a18834675,0,World,1,Sports,True
17471,fb2a5fe91fd57df6061adeda8bbf3389541c265660f10cbd32f4453703a9a57a,2,Business,2,Business,False
17475,2e9448f40e09b47bbe0129003e6a7bec002026c754d770c79fdf0403fd26e99d,1,Sports,1,Sports,False
17478,dd106251049023e57b22f1e3f97241d797ffacf0f593ece19752ce46941e7dbb,1,Sports,1,Sports,False
17485,92c1c23246eba6ffc7b7198bb1f05b7d9f52b19b158784eeb2befb8577e19e88,0,World,0,World,False
17503,9344b72df15e38717d69d91729543eea1ca2b187dce170835372e68a9dafa2a7,1,Sports,1,Sports,False
17507,3733f8186d02e80597943deeb22549bc46cdba81a3b28219307fba002d952679,0,World,1,Sports,True
17537,9eea23a54fd94b73b8d2486e0aad665bd5c54508309e5f495547a1d85edfafb5,3,Sci/Tech,3,Sci/Tech,False
17539,91c0ce1b4845ec9795f2e8d8fa40e3f3802a233ae6772498c6007a3433552f17,3,Sci/Tech,3,Sci/Tech,False
17545,334bb7d0840b84c75d3f7d23d938e50f1201b1929ccc11d323cc295ee27464c8,3,Sci/Tech,3,Sci/Tech,False
17546,2a9e8508b07e0d7e8ca9164d878ba3456874b9cd45a924ab9657fe65335b6e50,3,Sci/Tech,3,Sci/Tech,False
17556,9605a76d4d0ed900654d3287726cbaa08110e3c359a64566a03fc4e1176c7c8c,3,Sci/Tech,0,World,True
17557,0f105dd3c51b0596d6f4fb5c2ebafe5bbbdcafdfefbb2a905ef40be63272fc2a,3,Sci/Tech,3,Sci/Tech,False
17561,4a6c0b02f73f634b22ab35a6ced1d868e9b2854d4466a4659188234a41675410,0,World,1,Sports,True
17574,2d3c0682a6efa3e82437e8108a229eb307f0115ce378c5afb164694e4bbc5818,0,World,0,World,False
17594,e8663caf9396375b672ec205e5bdfe49a80282b6f9e0b50fe977d0f2e1f8d795,3,Sci/Tech,3,Sci/Tech,False
17619,3126516bd97d5a81701cd1f801a9dea18ef0246606ac382c6e1322d24b9fa337,2,Business,2,Business,False
17632,b11cd5eae43ecece005abe4d517e70f3f4f08084fa86b6d17eca1e39a25d246f,2,Business,3,Sci/Tech,True
17642,d597b1e770def9a7d2892ae54f48ce7bc67e363a68bc1e518ce8b72b634bfec4,2,Business,3,Sci/Tech,True
17679,9b368fec36b09a754ed42572e6ea74e0b0b5b733dafa25ad04dbb687a51d8cdc,0,World,0,World,False
17697,fa957a60e8476ba2fd755df3bd9b5d53eed2b2f0e0ac8c126217bec146beb441,3,Sci/Tech,3,Sci/Tech,False
17740,4e5f92ff4a5aadb6e2b60e8c3d80b9954cd9db1ea0b35db65fbe3c289b94f05c,2,Business,2,Business,False
17742,02fef4f4fec8714405b6e4e73306b1f167dcc70daef90bc4cac062b6468c0706,2,Business,2,Business,False
17744,1f4954f867c2b20e3cedcbe6352dd6045ad64d3c5406bc86a3affdef54066fc7,2,Business,2,Business,False
17783,fa64b9d455e6d4a7e20babb8d167e9e8be43115df1ea05bacdaaba7dfeb03875,0,World,0,World,False
17785,2456cb8c2abbbd544cccb3e6adb02f1fc66b7879e411b7c8752d0f70ea99f1fe,3,Sci/Tech,0,World,True
17801,c8c66c0b25e06245e9ebbed79002b36f34e9a43108e87e821e911dd43a1481c7,0,World,0,World,False
17821,ec35dc807f0345a981502757cfcae6e0797859c34c36fce8e1c01c9d66f3e165,3,Sci/Tech,0,World,True
17829,a61d7770b3556a3bcf506fe9c64b8b58ca2a9bedf9e136a95edc5deaf7eb0f78,3,Sci/Tech,3,Sci/Tech,False
17836,eefeceafa81ac635a2bdc85e471da9bb2a381ead4c3149c40a94a867cfc7cd03,2,Business,2,Business,False
17846,5f29721cdddee6b8e97aae4af22f0dc4fcf6c1c8514e69d5512cb141897011cd,1,Sports,2,Business,True
17851,6ce24b8d96d5e7d434667090aa3d855064dac7412a12ac42886f985b65842647,3,Sci/Tech,3,Sci/Tech,False
17854,6405282b0aa135143f8971db8a32261a1a227b48f16441388e64a3177a799fdc,3,Sci/Tech,3,Sci/Tech,False
17866,9d03d53d9d81fd1b0bc79b09a57c77a0873658a94337265bb3f661293eb9b464,0,World,0,World,False
17877,b83b03004898db29698d3dbd42de152da3d43e110c5227f3c94da767f2028ee7,2,Business,2,Business,False
17889,9d56ab8570c9a6fb3b8b3e2fc62bc056eb48cd81ab51a8225a5d2ee9573fea83,0,World,0,World,False
17907,1306c8d9d62ceb687c60a890000e14dbcbdb8595fefa6a873f53b9005a30e23c,3,Sci/Tech,3,Sci/Tech,False
17913,7aa37e4e537aab06eb64dc700de9d25655f7bacbe9453c8de6a63aae9b2cc103,3,Sci/Tech,3,Sci/Tech,False
17921,12fa7e9d3319f0ffda32763af9bec0719cf5be541fa5511ed70cf388c8fd247c,3,Sci/Tech,3,Sci/Tech,False
17949,bc509afe4ef1c07003d9aa13bc164d2db5d9a6d0796f02ef4a7bfda57c26b009,1,Sports,1,Sports,False
17955,dfaec4b2964c69c88624b56c44a6e28cee01e0f4c235a179a7903dfbe3dd8f1f,0,World,0,World,False
17956,38c5c6f86256adfab13ba8dc5aa47c01e5c370952613df742fb02491bcfc0834,0,World,0,World,False
17971,f160ca8e537bd948cae0b43ae5bb498cf9c9080831ff57b99f7d2931d8830074,3,Sci/Tech,3,Sci/Tech,False
17982,9fc41586ab2f0e1473ee5a7a990c44335ea5c94d3ed7b3e4066b939f41eaf8ab,0,World,0,World,False
18003,a3acc18c96e6a4f37e9982d92f49ac05a60e8acb644971e36cca05a16908dcdd,2,Business,3,Sci/Tech,True
18015,5ac7f99d0497443c05ae5b4664a1f37b677985b199c94e870975260ba2e5edd3,0,World,0,World,False
18063,bd13a8af4869f1d26e061d763c7ed7b5b0d9ca4efa9ad7b6c1cb955c9afca721,3,Sci/Tech,3,Sci/Tech,False
18079,7515f0c7dc262c466406d92f01a9232663573cee02095a930dec009991d3b2cb,1,Sports,1,Sports,False
18084,22e1cefa4eb2af74f03e4d540e6f65a4f0eafcd81be1b09239183b5774f0a75a,2,Business,2,Business,False
18116,eb3170d2110d6352f2ec2305185fb85041649f77879ffdf972dc98fc5bb2722a,1,Sports,1,Sports,False
18129,1a1564327af4bbc2f329359883dfdaf72280a4b79854db5ebd1ad1efb251a88d,3,Sci/Tech,3,Sci/Tech,False
18130,eedba2e19edb1a8a7e9bc46071faaa19d844a9de40987bdf03762b21e2b0c759,3,Sci/Tech,3,Sci/Tech,False
18145,e3541010b1f5932dd370e13d235f96de0e17e73c495e60555a2be9a5ccc7867f,1,Sports,1,Sports,False
18154,ee7ca996801bf901133d5cf079ab851a18f27ac8f04011c0e7981295fb4e505a,0,World,0,World,False
18162,39f5dbfa5e66dc9f73d3a6c08a42490b1da67f70e3e3ef373739e70880435e29,2,Business,3,Sci/Tech,True
18172,a029706e0d9509ca21b4b79a86cc0fbeaf07d4ac59da7762275480d78e661407,2,Business,2,Business,False
18176,91ff1ba553a2a8698c2e3b9c826f466571d8ba7764c67e30151fb558b30fd497,1,Sports,1,Sports,False
18196,c4bbfae34ef06946d3902208ef6f84435d871bf502a47f5adfa5d55a58a3c648,1,Sports,1,Sports,False
18244,6a1742878252169082b08b2f16fe1fc5f652b7429f1bfe7f05a0dbab7fbf0035,0,World,0,World,False
18251,3d078402d41e98686eb741dd4352347ec49e8f370f9f9688d2093be1dbed7ae1,0,World,0,World,False
18314,84f7d50bcefb75be54ee104b36250917a6446e4f4d4db977450c1b893e865cfe,3,Sci/Tech,3,Sci/Tech,False
18337,d7bef8e1b8f81c10ec72a91a58a3954dee441b6f095433f2ea6f5887d599b2f8,1,Sports,1,Sports,False
18347,d55466a1ccaa2c51b5d4f121565621cab1f5280fae2403454f5123261287beeb,0,World,0,World,False
18352,92cb85b225613321ecc61a6184b3f6dda30285ec545c256d6fbd64c6073d57b9,3,Sci/Tech,3,Sci/Tech,False
18362,7da091c4d1317cafd7341e1fceb6474aac751fd912ae1121c44e2ba504e1e34b,0,World,0,World,False
18379,0df8a2bf86015eca023ec5dbf80830b1f5442ed7390b299fc05d926c8769dd6e,1,Sports,1,Sports,False
18399,9d519ae719016307d380fa37c706bc519f92bfe2b5e74c28ed80c98018e585cd,1,Sports,1,Sports,False
18405,461b8fb2a8c52b6b915848671b305948e1f53313d208ca2882d0b6ab9c355936,0,World,1,Sports,True
18465,e8257de667a7cb09761a7dd34dc25d2e8c1c651c7043ce20c12f4ce56dcd91ba,0,World,1,Sports,True
18478,2249c02c0886c9fb4fe012e4a8d814024632dce279783f1beff3ce4d37d8c59d,0,World,0,World,False
18494,c9eadb57d5be1b1a7e46efd7faa5f97d186fdbe97357328ccc0cb8215af69134,0,World,0,World,False
18525,e894b4584abe8d7a94c5a863788e3228429936a942e50636d3dd107ee1a3001e,0,World,0,World,False
18543,e9646da8f53064a6adecda543f9cde685f75ea6de191229cd266915cadf18936,0,World,0,World,False
18560,cafd1c8a7394f1bfd9ea2a8aeeecaf84e763be0c361fe80e5cd947693611d903,1,Sports,1,Sports,False
18625,379c482620808ff63be541db9d67ec7bfa6ef14f064da01004fb2f3cadcda761,1,Sports,1,Sports,False
18645,fe9f4b190f390212fda98772648fc2e61f5a9a6eb3f6e74fe80e95022fe02d45,2,Business,2,Business,False
18651,19abbbe6688082a31f40054328a04452b542f378b1305f2bf8bcd43fd03fbfe2,3,Sci/Tech,3,Sci/Tech,False
18654,f864fc214353c434ebffd8a46a0337b32637b206a9d7386200a48e2e7a13f03d,1,Sports,1,Sports,False
18669,067c93faf59b80d9bcd41aba5064d6e06558e916a44a284eca5286edfb3bbfe3,1,Sports,1,Sports,False
18687,a6278e34bdb1e131189719e0a94cb3aaa72e3af534ad731768a5af921ab6f87d,3,Sci/Tech,3,Sci/Tech,False
18699,658969a3921724e72f092eca07f394a373405f703af5c83f46a0cbcf1c722e19,1,Sports,1,Sports,False
18704,7296a0c4bcbd5bb0fb23e8bd9c52175d5d895f98bbc819fe53988b39f9c94a3b,1,Sports,1,Sports,False
18743,1f7eb47e07e2ce6b84f861ec1e4fb2a5c92f6b7872fda203d7b35eb4d5b80ae1,2,Business,2,Business,False
18762,fe84dd0310e71df3052d33eae9cb04729d5f5b49f0612664e4a8daaa340a6d6e,0,World,0,World,False
18770,48f74ad1a2695dbcf78adfe8ab42513da9295aa98cfa3e1c41cad7e5dd73d6ce,3,Sci/Tech,3,Sci/Tech,False
18798,36fad44b280ad6e16b0a780aec893835bfe220d40013311ee282c6750d316ddb,1,Sports,1,Sports,False
18813,22b71b89591a88d823ebde3c0d284c420e0083fad4235a039e131001af553209,1,Sports,1,Sports,False
18847,2ed36de471820139e9f5dcc3c5c0795e2d83dfb06cdf55349c01da21f39cd8e7,1,Sports,2,Business,True
18867,7848c2a966d2ca3371f949cfc4dd0640e4841dbb69a968304d9a00117c6db41c,1,Sports,1,Sports,False
18868,80a68d73a9dec867defd34683bf6354d1da4847a8836d025b3869989adf0f4df,0,World,1,Sports,True
18877,9bfaf9a8cce2e66f1e5cd13c41e9b7af8efc44169a870bf9a38ba6a37badd6d4,0,World,0,World,False
18906,a595405cab88bc77e958df54b5126947e844d2e96395304a97439e31cb47c3e9,1,Sports,1,Sports,False
18924,dea54cd322e609ef73fe77b5afdb15bb8eb38dff5edb9b5a776a23b82735bade,0,World,1,Sports,True
18930,096200bd3234dae6501f902cca72373841d16023f61842e686111b3dd76acb34,3,Sci/Tech,3,Sci/Tech,False
18942,d0babcf8226afd63ceeaae3ac29a31ebc4b49fc0a5d23e64500ff20ba3b575ca,0,World,1,Sports,True
18949,e594a97484488e39b267c1084ce4ee9bab1a8d0ee400493fad1a7ed541e5de4b,2,Business,2,Business,False
18950,3feacb33d880ff15218a7ff747c9e3de2e9cd96fce42ae8ca0c8e9aa5fbeb2bd,1,Sports,2,Business,True
18973,4e759e00e3918fff31d65b0bd2e2aafaf13f3dcba3be5567c3bc5de3aba433c4,1,Sports,1,Sports,False
18977,4c20e75909fdc02930020c34cf86648b3354a70d0309a2df8e068795dffe4cca,1,Sports,1,Sports,False
18979,d2f19d6ee06f2fe8576cc75e167e5ebdb70de53b9b4b3636efc2188ce50ed3fe,0,World,0,World,False
18985,1d95c9ee6e03b016c7bb2ac7dfb836080f5383cc2ed38f52770f65aa063b6033,2,Business,2,Business,False
18994,224f52910a43b0491e41e0a265019f3ff65fa4f0a9a4fc226128a8217bb69d47,2,Business,2,Business,False
19023,70a4822a216070e9cd8a2ae84f62f7ac7cf08cd77de4bb453b0f5bc67b73c8bb,0,World,0,World,False
19055,64d1bd73fbdb0243eb9329ce106f4f71a32e3f6d2d9df05d9682e31a134ba33a,2,Business,3,Sci/Tech,True
19111,79dc0fbb354fe4c2b725e6e09a25331a58607136b84592f2c559aba31508b573,2,Business,2,Business,False
19117,592f24f4e7f5acfea8e7408371000dc97f12a01671bcbb2170a6779700ffcbcb,1,Sports,1,Sports,False
19129,cbcb48318e52647f196b45e552dfde53bf6afaa00080b706f0253ee738c530e3,0,World,0,World,False
19132,a3dbd66bb4f06c20a39bde5c3a3938a9662107cc9dd899ab0248b18307a2da85,0,World,1,Sports,True
19136,7a31665f948a4e6f77ce4304846ff4f9a5af0dc6ddf74fabe04ea5f835ef4cb2,1,Sports,2,Business,True
19154,0c4715bb5f294309ee84f0660cdb446d03a0b9dd58a63199fa280375b0a4db3f,0,World,0,World,False
19165,f2c32f016baf7b7f07b3aa61cec97ad72fb5d4e522720221f06d823bbf55187a,0,World,0,World,False
19178,00692231d9b3e84b6e181205138ca81621399458ff2c2e4097ab27fff3c54f98,0,World,0,World,False
19179,8970f145bf5d17da4fc4f2983c0c826777e0c782057e913caefcf326f0c4ee82,0,World,1,Sports,True
19183,fc515cae1664fa41eeb9a2040818f5340142332858ad57bd6324646018db4da3,3,Sci/Tech,3,Sci/Tech,False
19184,8883c41c6c137532b57848fd5775e7c06db40c66134c6b7381c9ce5f3fad9198,1,Sports,1,Sports,False
19192,05bf0529216b182bb47107e889993776bb3dc1cc92d3a30a5df27fac12765a4c,2,Business,2,Business,False
19203,6bb78cf33283a6c76cd8e9d5ee86162e9b0ca290ad816aaaae1cceee06e67ca4,0,World,1,Sports,True
19238,534d6f58f34afaf12558c0c81478e1b8ca931df71e51be729bfb965a72d92691,3,Sci/Tech,0,World,True
19254,cce4e8b150d4b035cb5f2f3e23b32377c3db9fd6be162fa5eac9615c42f40b95,0,World,0,World,False
19273,bf7085e2d229a7e64dc551a6479452e9a24ad7245cde42dbb137834c4f3fa5aa,3,Sci/Tech,3,Sci/Tech,False
19276,0a7596454cfdd1121c2320141434935bc89e60f9409fdc18925b5d58571660e5,2,Business,2,Business,False
19286,7685fdb48f342b926b956647f7a1a94f37a11834a0c5517fc6013bc1eb2b0b8c,1,Sports,1,Sports,False
19294,3084ccebdb181856ed20301a701beb12b45b29ae96f19744d22a9711ad242767,1,Sports,1,Sports,False
19299,0a0df296441d0a9f998c35fdd07500259f41dd63457a123c2068caeaaa0b6abd,3,Sci/Tech,3,Sci/Tech,False
19308,ac32260b1292f1f94b269569ea914859dbc9e1e7a5e4c1205d125bac5d6e6b66,1,Sports,1,Sports,False
19337,b898bbf04235aa2262dd079c242c7741db1b6b83bd448f1ebbf6db1d8e2a0259,2,Business,2,Business,False
19338,91ed747c94b400a1d0dca70c103374a165f0e20c7e9c5987f324ba079bb7d49d,1,Sports,2,Business,True
19356,c39b78f6d12cb2b0aea50076f51f5088721f073bc367a24813bc805d02143fa4,3,Sci/Tech,0,World,True
19380,0bb4cb93a6fdd10f026ff5c109afc761087be53a9cea074b00ab5ca41aafe8d5,0,World,0,World,False
19391,7da2adb3a0489cfa4621196b47ca4ec8f540626942e48b8dfb813e48bcccbd6e,1,Sports,2,Business,True
19402,983b143fec9d2996c76459abbc9c2776b1bc2989666852f0801d97b9b241f14c,0,World,0,World,False
19413,f2b686098cc63a55e482f65a60bb73be308329f48c6add1e36cb1f116a66bf43,0,World,0,World,False
19439,16db350f333175027365385d6cdc602116db98174f5bf88eb151965eb49d702d,2,Business,2,Business,False
19504,7360f37425a1ed6551be149b4a369f4cf8fffdfe6a9dea96644bb43f9db4a32f,1,Sports,2,Business,True
19530,1fe9c8a1cc6db1667f7e98cc725bf6ab647596b0a5b77fc6186967a0ce58ead6,2,Business,2,Business,False
19533,dd4642676fa0d70b2397341b6940e9240b3231b7d4a79dd4c1eaffb6b1f22639,0,World,1,Sports,True
19537,b0921b8fb9187d3dc3b3bd46d0799b9f9134e81f753493936415f05d59acfa7a,2,Business,2,Business,False
19539,9fd369cd0f2dd97bda06a7d72c82ff3ae57015052d256ced19775361d0da28bd,1,Sports,1,Sports,False
19542,203dc9074396cb22d52d161cd23647baf8653b55c03ad7206024762eaf577654,1,Sports,1,Sports,False
19550,634150fffc03b3caaa4b79e321eaaf7726ddd40599236a4ea988593dcb493294,1,Sports,1,Sports,False
19552,aeafda3cbb42d79ee0e60e87f6f0a3b8f8021e7772351c7573f64767e61f2f0b,1,Sports,1,Sports,False
19573,f927170676c4703cd8e7e67e8e673f6ca177f04174fa12ef251bb55d7184c7fb,3,Sci/Tech,0,World,True
19577,3c5bca890010835b7c7f753e3f133efe25909b066d1b1728ee18f1256e648fff,0,World,0,World,False
19588,1ecde01268be03b2e91bac31add70b86c25454876c3c6a18a4169d3aed126c65,0,World,0,World,False
19597,df773336fe51b81bc2d5938f54352e5d32887604616331f8aa57e8f731610e19,1,Sports,1,Sports,False
19629,e697f0896adcd9d323972497dd31a0fd548eb29aeb64351b0bb90e1b08aea1bf,0,World,0,World,False
19637,221b56e84c3dbe3cf40425f8a9127fb301b60bc3a65107404e533b5b545ed78d,3,Sci/Tech,0,World,True
19650,4b2e12d99fb9ec9f5e573965ae7e58190032301667e95e7ff7e51e39eaef8d46,0,World,0,World,False
19675,4ea1ddd8e0c30d120c70784647965bbe72c9fee6780c82c4c0360041747acb57,0,World,0,World,False
19678,aeffe188c38812b326de719cc5fe45232de403dff83f7848d97766d1b5a17bd5,3,Sci/Tech,3,Sci/Tech,False
19683,d031de38ae6197fabd603d0d7a7982d9b7150e34e24bb2245741c726f0ccf6b7,3,Sci/Tech,3,Sci/Tech,False
19716,09f408bf139eb0da100aa7f12aa4312892aeae71d21e205469c24d7065768553,0,World,0,World,False
19726,3280a878092dc6a32408c4643fdc45b03f9197adf4c6717cb4f60b3c3262544c,3,Sci/Tech,0,World,True
19734,00b219b4bdbfcd4ddf54c6ef4226e07c1325372f4afcbb20b920083c27a0eb9c,2,Business,2,Business,False
19738,c9eb45ae1787568581b05d3e9a5984154620bfc576aedbe6e248965947e545ac,1,Sports,1,Sports,False
19739,b9859ad5bf80b8d5e157083feb102734922afe2453c9fcf37e291ee951dc33cf,1,Sports,1,Sports,False
19752,7db5361232404c9cbb2bfea9c1be78999b5b6a47fd6c57e439972923c6557f9f,0,World,0,World,False
19762,99ce71280e3f3cb5c7a32fc3274273cc6355efbdcc26bd66c9fb09a036cebbaa,1,Sports,2,Business,True
19775,ea4e74a0e94e562bd455e41259fd602edc384e08f81615b091bd22277ae9ab1f,0,World,0,World,False
19783,b662e0629d928b1ecd19ef81ba3ed669b47fdb39f4658033f54bd8abf10b55e5,1,Sports,1,Sports,False
19807,c4f196c0361734adf08a2e5b4ebc3b8f1bcbe5fddf9c3b0fb8cddb354a84f782,2,Business,2,Business,False
19809,596057440f259ac197e7b181bcde30a3aa6f38454d1852def30afebdebca69b4,1,Sports,1,Sports,False
19816,270d38d60eeb55ea367004a9a2f78070f76da03e8e3ae9a93391f6e2fd6463fb,1,Sports,1,Sports,False
19822,af69f33e21de74dcace86d0ba53ed28a722e55491c5cb4687441a3c94d0c7b29,2,Business,3,Sci/Tech,True
19838,a38f8a68d7a08aa9d170766878f7749499d5c8a17a1da1d34b69bed90f59b174,1,Sports,1,Sports,False
19877,7ca40dc7e2118315f1fd7c2c05b55b8c5b02a45599249cdfef743d60d244ed21,0,World,0,World,False
19886,1d829d59b36c5bd258d35a95d37f649ec8e45f9d705727a7c8e19dafe96a8775,3,Sci/Tech,3,Sci/Tech,False
19916,12f7f7b3f41f4a59f512767e21320c0ae9567ae943ece7985fc48569612404e1,0,World,0,World,False
19917,e594e2476d827ef4fcf62d1eac86857d3cfae65a496888750209ed54727e88d9,0,World,1,Sports,True
19920,7cb44874aff1413f1640e95e9131f271d7844a59487b4bf57968642eb41bcc9c,0,World,0,World,False
19934,6b9ef375d1695d4ad09d41a2abdc4a1619dae0ff6ad2b8b31e67f22343db146c,2,Business,2,Business,False
19955,0ce79f2b6c479ebbf4d0546a85f81f1847bcfa77976fe69aa70e1949c966e05b,0,World,0,World,False
19969,0c7f2f24ce1a75c80fc7b10a7c87f07a7889d510ac4b64f5a77daef88d561f9a,0,World,0,World,False
19976,27f1ade714c3d1625c008f78a3fcfe3266d6af623c80cf6338f042eb56b65ccb,0,World,1,Sports,True
19984,e3fcbcc3e52644d5837572312fc604733482619f602a265d8818b8443a78dd3b,1,Sports,1,Sports,False
19989,ec7be2f3b3377f293df40384eea8d355316e3c7b791db8998132142f0b394f05,0,World,0,World,False
19992,560add39a76cd8a5fb00495aad7b247ed7e9010675321e245496fb3beb4a2e23,2,Business,2,Business,False
19998,32a8117d4a531c17ddb7ca4c60125b856222bbc435097fe06c9c6efa4dd14785,0,World,0,World,False
20008,64cde2eb165fcbb3cdd3fde78cb2ef5f4b0670ff2818e995c8b90056d0f48da6,3,Sci/Tech,3,Sci/Tech,False
20009,57bd9740500848ac13862c5d2308cb366b1f5dfcd9e73a75de398c67f24c6a05,3,Sci/Tech,3,Sci/Tech,False
20017,57c573b1f5f85e8c0823adeffb547326969b4000ec921d5f1f2b0ce4e4715576,1,Sports,1,Sports,False
20024,73d395acfb16014f8e033d462e4c0769c0a538da7e58d7479327a40c74676404,0,World,0,World,False
20052,bede5d4f02e4d8e730ac3d1b36d0d08230f0b4556ff593b9e523feab37fc63d0,0,World,1,Sports,True
20074,e41b50396cd2b31668afc547b1ab1c549638c91575235290e0a4b170152f17b1,3,Sci/Tech,3,Sci/Tech,False
20091,dcac718d6de8dc2110c62ec70c6afe9ac434317bf90a0dcd176f4157bc3bf799,1,Sports,2,Business,True
20092,ef7ea5df3f75b85e7b50ed15dc948b44a8cf940c21e21daad7fbf01436c4b0d4,1,Sports,1,Sports,False
20142,9a973fc9ae2b422724ae433c4c6a481e681678e87c2491b9d157148622dc41d8,2,Business,2,Business,False
20144,eab02c14f0ed5af03cece333ad1b1878087bbe12241ea848433ae2b6f10a08da,2,Business,3,Sci/Tech,True
20148,8fb47be137dd3edd47580642d6bb636778cb142df4d23cf88472366486ccb069,1,Sports,1,Sports,False
20151,640e0f4684a3042defda87ae7cb7b22adbd9abaa6e8bda43c787aa27613da3a9,1,Sports,2,Business,True
20170,2564d8fbead91bb9640e6612a8f2518e44aedf46e56e4f54971d3a4908c78644,0,World,0,World,False
20198,52d51dd8b2a8a000f61165eebc8e725f4cd79d1064f7cec9eef2ea5fddcf9422,2,Business,3,Sci/Tech,True
20227,454e8a00957937f66900fa5139ad3b4cd4295db6abaeea3c4cc16fbc0f58154c,1,Sports,2,Business,True
20255,c6055b1759640e2829b02ddf350ca2ae7462009cbba1de80da7c196d5d35f0c3,3,Sci/Tech,3,Sci/Tech,False
20284,775e1392b35eb287178ccaa289ddbb85948444b99f89e5a04d8161f953607b1a,1,Sports,1,Sports,False
20299,64e8abcca9405c717841e70c6abfb7c1c705a206a3697e2f6adf1abb7777e50f,1,Sports,1,Sports,False
20309,fe9d2c892c69802a09a8c3531b338a4254406fe2e4aae404a66e745469fb19cb,1,Sports,1,Sports,False
20313,4164df257351df88b7ab3e1c7878cd6c2563b589d08d6936f98a29a0c98ff221,0,World,0,World,False
20319,3a15ff9b4d60a631b06d577a56cae8bf6eb023b8ff1daba39f474458cd62119a,3,Sci/Tech,0,World,True
20323,29a2760c66ee01f4c02ea492cd4bf03d9168ec02e896b73476e086973ed861b1,3,Sci/Tech,3,Sci/Tech,False
20325,b6f450288a1a1e452503c485d218a4e084b42ae566ac796313be31943fdd41e3,1,Sports,1,Sports,False
20326,2551a4aef1287ca2e7c582c979c2275e705c86f35ed4843f4847b9ca76e57fa7,1,Sports,1,Sports,False
20338,f1bb3fa95a609b072ac482b009ca6c26f37050f897c85919556e835e991f226b,3,Sci/Tech,3,Sci/Tech,False
20351,0bbd7b7b8feb0e50fc819233b73d589db464bd8d7dda6dfc78dd487571bb244a,3,Sci/Tech,3,Sci/Tech,False
20357,bb3d85d8ee320d177fb9e2d96495d537531878efb95184234a8c23a2fcc14b09,2,Business,2,Business,False
20367,c95864e61216f5049ad2785b2a730ea31bdc34dffbfceee3ca448ea7b4504040,2,Business,2,Business,False
20381,4fd34ea1cdfae8a51942feace97bb4c54ac85426009ad8a63d9c649668da9e9c,1,Sports,1,Sports,False
20383,0c8ce34f438c26ef18ebeee6b48e97081f0a78e9b0704c5902098e378d1ee06e,0,World,0,World,False
20387,c5137b29c1d75bda947c3ff79c7b3c1782de397dd4ea2e1fc5599c0d3d87173a,2,Business,2,Business,False
20392,60c42d217c3686a480f32b792f74e84762d61a88bbb326b39a70bca2461cbe38,1,Sports,1,Sports,False
20393,0d554776101d0d1f99ac4eaa2e6c5fd99d5c543223fdee0d18294beaadd6df0d,1,Sports,1,Sports,False
20398,3a8bfe0e752a7ffdec0f4210da392633dab305c419df28c57359fdcfc1a96fcc,2,Business,2,Business,False
20409,3636b1b6705d089440eaa6924ca29f8ac31d9c1faa11d2322756b9854dca1a20,2,Business,2,Business,False
20449,ef00e5ea024fad56200a6c1512873c4632ad1199a1d98e6fa210d0a01d6b7fe4,2,Business,2,Business,False
20455,b3cac3b457dce28eddbdb5375419010eee377300e9e98d46e730b3dae072d472,2,Business,3,Sci/Tech,True
20458,f3037e5a5cab9a6fe585d1dbfeaa0efaf3c7a48e4c4c4368567d6416e3b379d3,1,Sports,1,Sports,False
20461,86de88e537d3cd6427ded0a1edd6070b65d69f6bbe344f1662af0f857e3d6958,1,Sports,1,Sports,False
20494,7018b539ace349fa05c59cb538d61f9a0309fc5e2acd1b09c75d0867719a8a11,2,Business,3,Sci/Tech,True
20496,eb9c0ac9df65acd39b5cc673df778e066ef0a764af6bcfaf46ce275cdd51f2cc,2,Business,2,Business,False
20505,aa8e2ce8be9e3752d08351ea892a84fbda75cabd2085ccbd9d613e130ab2a683,2,Business,2,Business,False
20516,8a3ad7d8a08cadc2fa865abde76900ff4ba4c9eb5bf87ec32fcb105640505ec1,3,Sci/Tech,3,Sci/Tech,False
20524,63fd005ed621649d23189c092468ce24b9efb4bb6c1ba814a4eaf30365a0668c,1,Sports,1,Sports,False
20571,189237095e15725e12423d51f5ce657f61833046620f0312018b100516700493,0,World,0,World,False
20576,61322cc8922c3726c9ba76f111a79f51eb8a9a241183be6a7099f325db0372ef,0,World,0,World,False
20579,593b36895b1e26ea49628542d60654da6571ee6381f8b4e2a9bdd61f41e9e6e7,0,World,0,World,False
20594,05acc9e9ad6c50bd01b4f9618f844ddc4b2c17dffe475d100a38f8993640f761,1,Sports,1,Sports,False
20611,4e213d068f843f2ae2772251388b5989eb9f0a2cba345a3a37af1c418a27981d,3,Sci/Tech,3,Sci/Tech,False
20642,1d7d1aee55063b0dffed5f396639217ca64d547036c7466e992c6ad367d02488,3,Sci/Tech,0,World,True
20681,22d7932fc02cc45a315f0cbce035e7f3be21e7af2dbe762d952ddae1fb0b0124,3,Sci/Tech,0,World,True
20684,ec826ec492792e5b79133a374ea2c5f35f62e9f4cf428c9fe1b4b40d5a628a9c,2,Business,3,Sci/Tech,True
20694,ba5d6accf7341dd617c5c9ab091a8b1ab3b4b42343c2bfdc0e9eea2d44657c51,0,World,0,World,False
20726,8f329089257ea6d17b8e7838263704edaec4b937e444f3f8e2afc44b465b9b61,3,Sci/Tech,3,Sci/Tech,False
20770,a61b4d09220d14a10da5e9d7957e20f37c9c3e7a7e480e36f50417638d7a7f84,0,World,0,World,False
20774,8b3f0a023ca196089eed88be2cfa189ddf917d48c130ea7698b1141712fe9645,3,Sci/Tech,3,Sci/Tech,False
20781,53d4a204c7eb4ca15a7212c423545b9de15c13c4bd62e42006fb01eef1470573,2,Business,3,Sci/Tech,True
20799,d096c1b011a69ad766d102ef3d3df2a28ed8ff205a42c3b14e04135f663d7979,2,Business,2,Business,False
20800,e2909191e01e53ee57816342b4484593d065c1af96a8afc9bc7d6ab4a16e3847,2,Business,2,Business,False
20812,d75a7a623d98f555b546362010d692c878324c7d87890ca1b66afcdc0965f9e3,0,World,0,World,False
20813,b2447b3f4e874469a02bd12db0e28fb2efc5b9378e71f75148d232dff7be8f3a,0,World,0,World,False
20816,010a849cc5c7004d572ec6377534294169759bd3dba2d129a78e4e1a5656506a,2,Business,2,Business,False
20848,a5aa2a4d68c0d47be7d53d59d7c63d75c422b52dd6e103f3992af3ea7238f6f8,3,Sci/Tech,3,Sci/Tech,False
20851,aafa365b1713a9d87024f2f68a3df5f6abae57068ec61c160146f08896e6eecb,1,Sports,2,Business,True
20855,af5e51da04abff0611a9602daeb549c1ae153f821c71edd56d2d93fbe5c9597e,0,World,0,World,False
20866,dc722c903e3f9268602d5b520e5a77f2719d4734a09fa0ad2bd2fc4881547251,3,Sci/Tech,3,Sci/Tech,False
20872,66f9ca9b70875fbfdbdd0bd18810a7ce1748b4bb7f2e7c5b2a5286c89581ff19,3,Sci/Tech,3,Sci/Tech,False
20877,62630864333afc4736b2a59ae69997f332d62114c410e74289c6dd2c096f2956,3,Sci/Tech,3,Sci/Tech,False
20883,7a7ee44be46da4b1f5d21fa1b80d471b706116afefcdce6850a5bdd1e57abe89,0,World,0,World,False
20893,f957a607657bcdb57bbe039e50e39080bcf7830dfdbc45a4036772c6f2997294,1,Sports,1,Sports,False
20902,67322f069ea5e96b103d71d2a63dfb0208a98ad5fa5fac517ba1f09881dffdce,3,Sci/Tech,3,Sci/Tech,False
20915,268c8d9d70e0f890b04aa87fb5efc6583b1ab594542609ff946191554f2c11ff,2,Business,2,Business,False
20935,6b9276d616aa3b54dda7ccd1240a1f21a0a81c1d3d5a45ec87c42ea421ca2810,0,World,0,World,False
20970,8f795dc5a5f51c7bfab5f4238009711a95c030cdc5fd722db0bda722efa425ec,3,Sci/Tech,3,Sci/Tech,False
20982,59257c71e3f35cdf5280c07f23a1a66e9e6be19ffcc2113df6a5646f49b67290,2,Business,2,Business,False
20985,04947f703acd69e3fc1e01f3c146ec02915ad686013a0cc0345344eddf10836c,2,Business,2,Business,False
21000,6d6efe804b886f80b00a24e88b3ceeab901c6c93e65f41a36e55190d6ea8f72c,3,Sci/Tech,0,World,True
21034,1d9647e3abf75717c266653660502e1f95eda6ef84a75b23f84a10f82767c036,1,Sports,1,Sports,False
21056,d5e7d4e4d82a5a75572dec05f1c34a544355dc266629a28da9ea006f834faf52,0,World,0,World,False
21057,d5a9d0babbe313a419f8045f82a53f5724a74b77cf671643bc48cb8c1fd3b14a,0,World,0,World,False
21068,8ffc592a8a047b524ce4bce30db440e65696aa6ace2faa584d3c6bd10be90db5,1,Sports,1,Sports,False
21070,2c8df78172f31eff900cca7e8908e37fa7a5f192f4a9b3688896694537072df8,0,World,0,World,False
21076,a9f349fe800b9827b72d7379699a7b1574741f8594eb4f06f86764d1c33cbc3b,3,Sci/Tech,3,Sci/Tech,False
21106,eef9f048d77c1fc0bf2a26db066b2ccc67737c668a2a421e08d8f0c32229b8a9,3,Sci/Tech,3,Sci/Tech,False
21118,40f069c6b2225f220f6cb23412bd0f0048462a185707193dad9673017c6fb644,3,Sci/Tech,3,Sci/Tech,False
21121,29a11f2996139d22c58c37a81a612a095bd6a9e4793da19364dc11db92010003,3,Sci/Tech,3,Sci/Tech,False
21125,48034c7686e81f91979f6f429f4ae4724286304f2ed1dbb83bb4bfa454398149,3,Sci/Tech,0,World,True
21126,1ad5432ee0889e085c452bcfbf9cc4ce5d90a2b304c53ca11738a1d1200a751c,3,Sci/Tech,3,Sci/Tech,False
21143,d13d8506075801471d0825bff4ec0150b85cc311ecfc1fe86044c6d2b3fb84e7,3,Sci/Tech,3,Sci/Tech,False
21146,9065c61a8ba29027ba2358c7ccd14a10e441fce6dda176ce56045078133064aa,3,Sci/Tech,0,World,True
21177,64671f62f0e40a9bfa821c35bcbbdd0717e07f6e2a8df6c2a565b625c194e9b0,3,Sci/Tech,3,Sci/Tech,False
21191,38e4768c5bf6be7733f5b74faf8a2acc0760254fc39ce34d6155bebded422008,0,World,0,World,False
21201,089fb31509a5c2acbf264902953da51f5f7b8d34f22b9a1c4ce145797b1b10fe,2,Business,2,Business,False
21202,7fe265a211703160cddb420e450af5aa4a7add8bf5d0d29dfec891821111bf2e,3,Sci/Tech,3,Sci/Tech,False
21209,f3e2c0823e97364e1854cebbf23cce86e93f9091cee49abcff78878c82e7ade8,2,Business,3,Sci/Tech,True
21242,ee0321b603b4f84a41de6acf7a02f4c88baaab70626dac36d9797073fd9e1a2d,0,World,0,World,False
21247,153f446253df72c2713b493abbe18ac578af4dcd26b60d5799f59502293731f2,2,Business,2,Business,False
21260,f5eec4fb6ee8b959d7310d53da823e1d460427dc09623f938cb0f477b8f10f54,3,Sci/Tech,3,Sci/Tech,False
21271,5b826866e003d556d924064587318a3077995d2b154c6225b873e65bf0fd4f8a,1,Sports,1,Sports,False
21275,5de991ab0846928e2d4b853cfc059cca381f102d8a4deafda7affc39068659c3,1,Sports,1,Sports,False
21276,8886df37d3091d066eb9075e938e6f6178c15ad77b2a85c215db098382bbe964,1,Sports,1,Sports,False
21278,21000a17be4cfcd5bd546fa4aee82dca0418c4c29264e8d6ad39d340164df89b,0,World,0,World,False
21297,bb7cb5c958a11459b40510b7178d725f92a59d84d13292234f2da1bd0e82e2a1,0,World,1,Sports,True
21300,07f29c9162d8fb690212238e7b6ca8256fbcd4ccb912d46483433e690b2af953,2,Business,2,Business,False
21307,19c3a4c365ae306843a4b7eff809b088ca5fe72538a5e1d38582da2ee639f243,2,Business,2,Business,False
21312,85742782dd57bdcc63b459815e198abacbe259126d0a75740e2a7a22cd99b481,0,World,0,World,False
21321,6869717d5a30c6ae3d9e467b81aa3a17c7a0c0339d58a6d4b155dad10533009b,0,World,1,Sports,True
21329,65732b33bc8db8b5a95689c720051337908f7047edf4f9257269bf1cf4743a87,3,Sci/Tech,3,Sci/Tech,False
21339,c2766cfc048b2913c72cdb52df2750f3b56b48d277988060e111202779eddedd,2,Business,2,Business,False
21371,f14137479216035218894b0fcbd98e85f76a8f4610d69d112237f24c2ec123c4,0,World,0,World,False
21388,6142aaa33c335b0e29039a925a38cf7f4a916218741322e3d316fd2f407c4f6e,3,Sci/Tech,3,Sci/Tech,False
21401,2ca3e31078e78deaa2b6e6eaa9535f6b88ad0363651a1347e8e9b39869f2d3ce,3,Sci/Tech,3,Sci/Tech,False
21405,cbb01c7c3f76470e6147074d3bd636b29c43f5cb35a4d7f0a8ed0b6e4a923108,2,Business,2,Business,False
21464,5d84b0cc024dc2d26ad3bf80f02779d643f967130f8d857bd7f023440484d223,1,Sports,1,Sports,False
21472,558313a610f60bec04683aa1cbf48342bf8f89f7b6778116871f42820354dcfc,0,World,0,World,False
21513,bbcaa7cc4584be12049081ea003048ab6efa477ec5b2552c3a6d56eadf4a9abc,0,World,0,World,False
21527,a258e382efbc23b5657ef4e018d207f3fc3d90dc54c8ba57b0a0542248529813,2,Business,2,Business,False
21547,ae922f63a39ebcc07e254277143ac5c92ef3505ebdb1e6816554420aa5328e43,2,Business,2,Business,False
21548,6e20baec4c92699504343ab7e2c06f11eaa7c2f17b7a96848d4f679759135bc7,3,Sci/Tech,0,World,True
21555,203a0fd6abe7c1c5bf09b52932a4c4b54f63969f1595045f68aed1a98d9a0113,1,Sports,1,Sports,False
21593,2c176f60ab1e456e7399f27d9cb7a76761c487ec63665c43dfc17fc9f94b89a8,0,World,0,World,False
21615,4ebbd90b29d82568d4d8a59446a4a55738efb929e241718e6288c0606cde231a,3,Sci/Tech,3,Sci/Tech,False
21622,c5402704c8fb3e516db62407c6bc16886666bf4fe2e0de0ff5a59b6dd8c6caff,2,Business,2,Business,False
21635,5adc3b72eb0c4bd311ff45934bcfb6323e4389fcd71973216837fedaf43f6545,3,Sci/Tech,0,World,True
21640,733c1ec12c9584ddfa51d0d103ed84df3b936591aec632364b04734472b6c5a6,1,Sports,1,Sports,False
21646,07c177784b7a9aeb744591ad14c760ea359b3f57d27d9051bdde21b7d9f4025d,0,World,0,World,False
21655,bdce0b12b597b92b277574dccbf71610b64154503241366737913193429f4e0d,2,Business,2,Business,False
21673,241cd1be73764825646aa465a59f4f1f4538480bd865630c7308e3631af31247,3,Sci/Tech,3,Sci/Tech,False
21677,5f01d95c59cb8963145a9d0a7124ca4cc08456458309d78b290b435f9bb4dbc1,3,Sci/Tech,0,World,True
21687,8097d9cb685613e82c7702436c7c259590cc20deed541fa3805f83785c39b348,1,Sports,1,Sports,False
21701,12663f4440fc7c1908ca4d1da48221905a4368f451b9a318a8ad08e6936fbedb,0,World,0,World,False
21713,bdc933e47377c82ff3e1b69eb21620ee2217b2326e434c44ab740bc326bc599f,1,Sports,1,Sports,False
21721,049e28b9cfc71e797647204da87e0267ac3727cdfbd5f4354fe34b71d286bbaf,0,World,0,World,False
21724,1ccb78150a080b9fd5b8d249b291ffe324fa1cd569c45a4b927a62b89586d0d5,0,World,0,World,False
21735,1fb474f504024ee5ee2bb64b34c2dc581c4567cec77f616987f6b9b4fdaf382b,3,Sci/Tech,3,Sci/Tech,False
21741,1cf48e7e6da488bfc115a3a9416564657fb97214f586cb9bb1a802c78b506a32,3,Sci/Tech,3,Sci/Tech,False
21743,d2095a2412ec34112c6d2df369aa9c70c0350bfe183c672b8db918cdbcb126ca,3,Sci/Tech,3,Sci/Tech,False
21745,1f1349b86aef344f91bbb4e59730c4fbd7afc33ff9ac55b58c98c79de1a00f0c,2,Business,3,Sci/Tech,True
21748,14262c0621980da787569569e6788142a360e8fc7599990497b41b3131fa7cb1,3,Sci/Tech,3,Sci/Tech,False
21751,253759deeed8cdc8f67171424f9c256f670e2c6a97860787b73c1eff8747986a,2,Business,3,Sci/Tech,True
21758,59099ff0ee87ec8ee889e4ea394598999f0d4c914f3f481dbb41240d6949cdcc,1,Sports,1,Sports,False
21773,999a88eeee2f83d29d55b44731190db49dd7aeca80539f1f5f421492199aedb3,3,Sci/Tech,3,Sci/Tech,False
21809,315af087c397a261d7aba20e924e4cf05643f46ebdec15783631e1b4a9ad183b,3,Sci/Tech,0,World,True
21828,38431aaa821cdfc44ee50c15b6844de29fdcfeae8ceb9228f4c150636c9b0bb0,3,Sci/Tech,3,Sci/Tech,False
21830,eeb7eb196f67bf4d83faad658e031d8b613f865afd9b7706cd0cbd7f0af53b74,3,Sci/Tech,3,Sci/Tech,False
21833,3832a3f813d705e6ed6a199619fb6a75772053c78bb79ade409a378fc803abf2,2,Business,2,Business,False
21851,7f59b107f2ba1aaa7ce6d33b256d951b05a144280e4b109916b4188af616d018,1,Sports,1,Sports,False
21862,acff56fff5d735c924a9c3119e52a17c230607d28aab2fec7535a2a7019b5fb4,3,Sci/Tech,3,Sci/Tech,False
21870,3a3e4223148089c23ba91dd13c07e6301c3b0c24a5b8191f3ca6e49adb178614,1,Sports,1,Sports,False
21880,eca432b8136e3e5134febdfe853e4204ffbb3d1bef111712877d472bd7a33bce,1,Sports,1,Sports,False
21883,22e89e65b64a59ecf8a5be7b66015577cbe5525f1faa521a5e5f68344c55de92,0,World,1,Sports,True
21894,f6760ca50ef3c6c2eb1db3d8a8bf5669e8decdfc7a59155d4a60de90665cf32b,3,Sci/Tech,3,Sci/Tech,False
21896,551b43228a9786804607ccdda50f7c47419cf244657534e830e6646ff28d0e16,3,Sci/Tech,3,Sci/Tech,False
21897,3e45faaed0917ed455ab1a452396b747ab4071700e01d5dd2b8b2ff1cfc74d2d,3,Sci/Tech,3,Sci/Tech,False
21916,9a44247eebbb758b628a2f648ae02f8de5cd547727b533a74269eb9de0e9e324,3,Sci/Tech,0,World,True
21920,764a2835d5e871a8a4d56afa9c9ae8eb950ff56c2ebb9e46e162343d83a6b31f,3,Sci/Tech,3,Sci/Tech,False
21934,9064bd114717f29449dd23fec55e4312d93719eb559a1081d19c4c2c18bf210d,1,Sports,1,Sports,False
21951,5c41daf6a7369cadd699174b10c04ef0c73b702794a7a813bf58b0eb6611c355,0,World,0,World,False
21952,e467b69815f26aa40d9031f48ba0938e1af5523c1cb86a3fa9f69a943870a93b,2,Business,3,Sci/Tech,True
21970,25f316c0e90955f513ef28ee683af24acf54ede2cb901787c17b64d19780eb01,0,World,1,Sports,True
21972,92952d1427cd3d877d96ea225cd8a3e685a4f120df851ccfdea24ce6f8d06330,0,World,0,World,False
21982,35bf4040a026a2e9afc184459f48fa69738dc6636a0538406d8b6498e6f0510b,0,World,0,World,False
21992,53b3f4177c0fb5bea29cb51c8f7b1e257ce1b48aef067a94f031d48d65324616,2,Business,2,Business,False
22008,4f1ef34e97e2ee4b573b90dbcc981efc0c17bc80a0c8804fceece5ee576f07eb,2,Business,2,Business,False
22019,15736211ff25b6da8eeb18fe28464713d093e3516cf5b00a3171b4796a971456,3,Sci/Tech,0,World,True
22022,e6e6df3967a3d75fec568be51ae29ddd83b2f0adecc09c341681c327d8e5926c,3,Sci/Tech,3,Sci/Tech,False
22027,c67ac6754dd47f9822a83215eea170503f0edcf53af7361b99a996539e41841d,0,World,0,World,False
22035,7d0c585d27fe480155e67c7b7d690043952c1ef87871e7c3ff199ee468f2ae5c,3,Sci/Tech,0,World,True
22045,eecad7536e491deafe4c643502a51948c19b6c10a5869af8fd4993367f2abbf0,1,Sports,1,Sports,False
22052,b89df2e9dd9fd373f8a9221d4406beca0292cdcac8bb6b9ecdd0875f148d15c0,3,Sci/Tech,0,World,True
22089,1d584fbca25f66d5cc1255620b0874590fabaa55c7d155bea62d7c941c53c58f,2,Business,2,Business,False
22094,bc84b39f643a2b628bd6e6846a49f3bb893f4d70a08d2c0887c267dada8cbf21,2,Business,3,Sci/Tech,True
22107,e2d0302b055aaf9331556ed46882fb063eb2add90123a3c7be65c99f98cd7ca0,0,World,0,World,False
22112,c31340d2ce67e71d4b394748f79a4fe31babdb627dc3a1703ceb40a555be9e71,0,World,0,World,False
22116,193ec345e65e6bf0b53ef81a28ecd67c66bc7298ef1df5d8193c3847b646daa2,0,World,0,World,False
22125,f5c8e13fd218f47be9423c6134cbadcbb3a0f10ce7167648a5a4156ae17f259e,2,Business,2,Business,False
22128,5e240b8f9ef1425bb2fb0753cafd21554a28c6d7f7ef9d13b76e3ba7195369a7,3,Sci/Tech,3,Sci/Tech,False
22155,b6ae277005b2a13b4be5a5189da9da79c4581da4efe3084fe15a8bf29ade4801,3,Sci/Tech,3,Sci/Tech,False
22174,83e1c54a072fa9065db8f2640cf7c5bef14bf022373389cb4e593fa8438ee527,0,World,0,World,False
22202,979025d12bab03c3b42209509e7d22fbc7cb33d84733594732d5f454b8c89560,3,Sci/Tech,0,World,True
22204,cccf130a2d46d155a457c6acfab10a877a05f25a44b62d9bb05d8d601531b6ee,3,Sci/Tech,3,Sci/Tech,False
22207,787a0d08ab96d074494e113243da6711e7c19a6a6aae01040f46aa2c8523c498,2,Business,2,Business,False
22210,4354bbe1b1b8e6e50f6ca62b591fd8fe614b47140bee542c826cd8f33371911f,0,World,0,World,False
22221,c413ed29f555f98945a40870b3c37880c59fe80370d0d55609ded6636858890d,3,Sci/Tech,3,Sci/Tech,False
22233,28eb23c1c49147759f6c439dd8ed3e94564b5bce856951491f46f0055b8a4044,3,Sci/Tech,3,Sci/Tech,False
22234,34156d4171f156f94b0cf4fb8ba54f2118ac0246fc9815ca034bdf4eee3fe3db,3,Sci/Tech,3,Sci/Tech,False
22248,41eaaebf375a37552a21f8b43066e0d1ff3d49a59cb184b690638705710218f2,3,Sci/Tech,0,World,True
22252,39c5002a0251e0923e917cabd40e8dfd51b8e6a5b4c585b9358b9d4b4a862505,0,World,0,World,False
22260,4829224b92a746974741af597da876693dde83fe0e18c1c2e160740b84a13c4b,1,Sports,1,Sports,False
22268,e1d7b3752748e10c3707cc46b34ce8c852cc0a975f46347c35dc9467a5bf24ab,2,Business,2,Business,False
22291,56a645f359aced79a4013bc9aa6326359ec7da80693889de877ee00c05656a75,0,World,1,Sports,True
22297,f57b14373de4a28791420777de228c3ca9856937f623caf32e5bf8bc170140a3,0,World,0,World,False
22310,30ba126bcda6574d657e0af96e71b437482fe8a3b64df6ac0d93d6910b07971d,1,Sports,1,Sports,False
22333,cc849ff1981720f955d85c9702d6ad85efe0587216ff71c47b1324b1b4ba3368,2,Business,2,Business,False
22336,3e62075770bea8d6a984de2deeffea2d534fa20ad397abcb1e76dad0e9581988,0,World,0,World,False
22342,5bae6466fff714a69a8db93b787f4b5c9a7ec0125c5d8520a6148b92c8f5e42b,1,Sports,1,Sports,False
22358,1a94ab9d7e8647841842084e639e62ac601fe45bda90fe7920dcafd5c382a170,3,Sci/Tech,3,Sci/Tech,False
22360,2abad53c26afe965e615f3996ac3b857021468cf8a478496face754bfbe92864,3,Sci/Tech,0,World,True
22361,22551c56bfff88d46e393e88e8072cc30dddccf350bb977726bc4447bd674645,2,Business,2,Business,False
22369,4cc6ea85ac0ce36f6d7fbeabfcd5bf41ee5ee6ca0518f3912faa8d39f5e63bc5,1,Sports,1,Sports,False
22371,6e811a78895adbdf7f5979da27821129e74d0277ccef4a410ca171091bf5533c,3,Sci/Tech,3,Sci/Tech,False
22385,a4329f1b0a021de7e4470e9b8d7711a50def8625542f79eb53087771287d482c,0,World,1,Sports,True
22391,ab73da10f3688f4ef4e1fa6ecba1be991a9ecec738a63bae8c904f1b00407d49,2,Business,3,Sci/Tech,True
22393,d423fb3bcced92fc1ad02bb0c1ddbac2d2bebced2025ad38d1394e3e4a3db5cc,3,Sci/Tech,3,Sci/Tech,False
22407,50c64806536de413f9080118d2d1478ee0f5d9eb8b61258ad1135b8f11b2ac17,1,Sports,1,Sports,False
22413,e92fda34372fbe6653ecb679e332403b0e003137b9a9edd05074c0e7d802b94b,2,Business,3,Sci/Tech,True
22422,3c2c5d47fb51d7f8e1e4c0e42c9ef6576b3d46b67b1894e5d23a098aea68a654,3,Sci/Tech,3,Sci/Tech,False
22427,378201b64142248d13feac31b8813ca9c6705059cd88387eec2aec5e296fe192,3,Sci/Tech,0,World,True
22441,d3c5d658ec71c212be0b00649aa118f4da491a78139f70c3da7eee5967849774,0,World,0,World,False
22455,360f492ece7f2b7a072674c8cccaf7f220c02e52e61fc463a889fcf7d0d98cf5,0,World,0,World,False
22457,ee128bfe61dee77b6cb2f5796277bb676fd47d314253c8287261eaaa0f9f4293,3,Sci/Tech,3,Sci/Tech,False
22472,352e22cdd8e08692b985401b1120514d89da0ca207faa29ccb7070cad100743a,0,World,0,World,False
22495,1f542b460b7ae9d7bd091b244ca0a7aefe2dc8822b0f24299b60fdbc36bb6c7b,1,Sports,1,Sports,False
22527,4c665881fd180f3a9dfaab4138463a8c868a709c28bc54d8776c7c57d91db6d6,0,World,0,World,False
22532,19cd29f922581bff04e39f8fb49efca57ad28efaa93500dfdf110dc268410fc6,3,Sci/Tech,3,Sci/Tech,False
22553,4fa2293c64eb84ae0d0d22217314a62fa524647ecf41bfa7c9d0b0fd22fdb418,1,Sports,1,Sports,False
22568,84dd4b48108b1e0419e49ea61db6391294502dab7bc207cf789dc968a3fe77f3,0,World,0,World,False
22569,a66056a37aca4d55a28805240d20de26cac582089068a384b67bdd209416573a,0,World,0,World,False
22596,c91a06564bd4fab7d260f0f2357c4dee23e7aec0d65ab9baf1c068b2bf4960fc,1,Sports,1,Sports,False
22609,0863f278f7cc0fcba8821b0d18adafe8b4489bfcdbb2b52db1316e0e5586702b,2,Business,2,Business,False
22629,569f3d423dd687a6a6df00522d6fafb3be9cb6828cab6d1b4250402ecd70be39,1,Sports,1,Sports,False
22634,81509022c7785bdf7352828fff2e960edf813b7dc93a5ceaf4d5f048cacf96da,0,World,0,World,False
22636,c9a24c7b7ce7830d05fd83ccfdd3dfbbc45c0a6cafca7cebef64e4223e6c0b9e,1,Sports,2,Business,True
22651,bb468f6afa3e53d22a3e15bbd5622b66a1390cde30cb8a4df6c7c8465e7918b7,2,Business,2,Business,False
22652,e4302289198fe12cbb678b7ee1e7c27c08699bc8e4e7348c70c27eacadc2b58d,3,Sci/Tech,0,World,True
22661,e8901b191f104fa8697330b60ea386f59c033a6de0aeced67c14e4113c2e80cf,1,Sports,1,Sports,False
22682,b0053835a873b20e7dc30fc10cef1ef0be9ce5f4e28b285ecce8cdeb53d48f51,3,Sci/Tech,3,Sci/Tech,False
22694,e71f2f33ccf05e1d20482d8a4b7496a2f07f21877c532eddd3b29dfccfb00285,2,Business,2,Business,False
22696,bdc1467c36c03ef523c74e0289f0bbdfd3121a67602b274a3201161690fcdcb8,2,Business,2,Business,False
22708,088b6eeb827b5253d6dbe50100448a8fe83ac918e447bc4c5e4f076368d3fa4b,2,Business,2,Business,False
22780,bd236bdafda2492f8e1a70c30db0fd185d61773f73b532908e29b41b57cf2da2,3,Sci/Tech,3,Sci/Tech,False
22785,646a083e6b2b2be4373fac137501841a32d3dc02aa8cad5d2536210bbd679e95,3,Sci/Tech,3,Sci/Tech,False
22813,2dd8128de1516806e96d588a04511d11b236ae706da96b9319e12bb9038c5cb7,0,World,0,World,False
22836,80ffc68a14e4b643920fc4a0537a7d6dc6326f5f58185103d78c9eb5c07480fc,3,Sci/Tech,3,Sci/Tech,False
22840,88cd4bbc614debe1557953c6a77d2ae13b73809269a6726b65cb6fca723eff9a,0,World,0,World,False
22843,4a19ffb268fdcac4ba12993467f38738709f9746a8d880a340d8018fa9f125c1,0,World,1,Sports,True
22859,37cff90edac507246678a0d897fee8b24d27887f00155d35765a232cdc93af74,2,Business,2,Business,False
22864,5d813c928d1a0a1c7f38080caffeccf3b5c2f4e4b243427fb4ff05ec3e7188c3,3,Sci/Tech,3,Sci/Tech,False
22869,2c4f7af77a64e52996bce70b69716c354747e747bf887d79cbff1bbfa146ccfb,3,Sci/Tech,3,Sci/Tech,False
22888,77eb38adb71fe93ee965c1736debf9a595213b9cbe509afb04c6ed93aadbc3ab,1,Sports,1,Sports,False
22890,60bb09dc965be9eae53dda4dc580cd26858e9c2ef5aae51bc2d580d29a1c6966,1,Sports,1,Sports,False
22900,3d8aec9de500180df0a16c3b74955728876a8e4c6f2142a01436085f2f3fa576,0,World,0,World,False
22908,64d4d49a2f5e5a6f6e3421d8247f63261bcb4d47617e6e3f6b0277d41008c14c,3,Sci/Tech,0,World,True
22910,26c7bf203b5256ba68e85946cb41deb337dac2c49d5fad239376f149fb8dc0d8,3,Sci/Tech,3,Sci/Tech,False
22914,77546c77e195149cf9b8f3729577e06d16c1fb8aca55b6cf64329624d6dc3e2f,2,Business,2,Business,False
22915,28fc0349677e8d0a9365f9cc0a196c31b632c7fed03c92efa4f9211bf4a531e1,2,Business,3,Sci/Tech,True
22917,170c676eae5dedbbe3cac212b4d38bd354dd215dfec2635df744bf7c072f1988,2,Business,2,Business,False
22932,95c9a5b2f03ca5af60f0c1ae1fc382b1eb616dbe6c3589fb22696285c39d2637,3,Sci/Tech,3,Sci/Tech,False
22934,344d7fcc2276a36700aa60d6e514544532a1e21e74df0dcf090729191d226d2e,2,Business,3,Sci/Tech,True
22936,5bf011d4c8309383d666796c5df2007a143d6b5a34bb9a53b25679fe724455f5,2,Business,2,Business,False
22948,2f5941e9ba1b61856accb36a2f99d17fa69927be4eae63d4c6563708788cb30e,3,Sci/Tech,3,Sci/Tech,False
22966,f08338b735a5299c3258c45242459498f53b41b904e9d4aac8d1634acfab35c5,0,World,0,World,False
22984,ef93ac071f821ae86a0b7f0e12d847963cef03ef898cd381cc94232bb7aef693,3,Sci/Tech,3,Sci/Tech,False
23024,20bf09aea413d88d2a554dff26a00986f8235408fd2afc22b83fa763600f5779,2,Business,2,Business,False
23036,8acc0c7de7f59bb02f24fac23198e166bd50cfccbe292a927cd5544c913828c5,3,Sci/Tech,3,Sci/Tech,False
23086,fd5334b8742375339021f7e2978c90b8f112a19356d9e600ab1051d64ccaeea5,3,Sci/Tech,3,Sci/Tech,False
23092,cd9b8a41d03249fafb73c030a1eea34ab019f37a61b9b6279b8e86ddcd870811,0,World,0,World,False
23095,1c34b676c490cad6148ecf06089a841d6ae456c085d8dd1985eb48c96b63f9d6,3,Sci/Tech,3,Sci/Tech,False
23096,f0c58438177c44592f4c49fb2056ff6d530d268244bc716bca6e37921e490459,3,Sci/Tech,0,World,True
23115,0ff21ba2439ebdd27143d2ea6df582cb39c8aef8ea854fae5eb3cddf8d5ca2ba,2,Business,2,Business,False
23118,78dc2f01dd81dc3fcbfc636293b583b1b9b28ebb65a45d0fa9c7bcdbf54a63b2,3,Sci/Tech,3,Sci/Tech,False
23177,ec38f5bba8937a14fc97846d6ea2c40ce9bef1884cecc963530bd8835216021a,0,World,0,World,False
23179,52dd28e1032474c321fe73ce479a447877f125b53d4b7601fec827df0fa84484,1,Sports,1,Sports,False
23197,5cb7b0d57b10d1cb6f5101958a2cd8dd0746a359759abe048d42170436e8d42d,1,Sports,1,Sports,False
23209,90e8c61e93f59d2759c334bd10ae9994021786b1963146e7aec7d60021f4820b,1,Sports,1,Sports,False
23223,80d6ce32b045b3ca4e72003489ce744e9c4756085ac16aec638435a16ab64863,2,Business,2,Business,False
23230,1639828fc4863b7bfc31cd550cda11146a62d9d8a3a2d5200145eaa5463842db,3,Sci/Tech,3,Sci/Tech,False
23266,31b45acc0c2c4626953039a197bf6495e17020f9295576a58ac07c2b779cd6e9,3,Sci/Tech,3,Sci/Tech,False
23321,1883c60bcb9ab3454c855849592685be1cb22b468358c50c4924ec97dfd5c010,3,Sci/Tech,3,Sci/Tech,False
23332,7e4e2001bca0b60f160097201af954b6571c7351c8a6dbc621a0eba43d42096f,2,Business,2,Business,False
23342,66e9d1602fad5995b9ddf0c159f0597ecf501e7d2792ae982f1c51332e1f4b1b,1,Sports,1,Sports,False
23355,df3f1083b189324b9a2aa614d6071e123c7c1a3b0f38459fbf899b001ecc7276,2,Business,2,Business,False
23366,283f6cd8af3e364e9c2762161f77157a823c083e6e29a5aacc8334b75052cb1d,1,Sports,1,Sports,False
23367,496bf30259c298ffe7658b35fec5346b0107de7f99e07a32ba5a2f846e797360,1,Sports,1,Sports,False
23379,b38189d8ec56ba779f8a1578becf4a7721aa485711bc88eaa3987d6c0e1c504b,1,Sports,1,Sports,False
23380,e3e28cc11c997a90781d8f8ed66cc27dce4b92d32b1bb43fd53609476b75df87,1,Sports,1,Sports,False
23382,a94b5df955888f135881b5fa646427fea0fbe10ea700f4bca2189e94b6f99f83,1,Sports,1,Sports,False
23386,12d4ca2518d2a0437379b649ef9d7b240b4a4b202d74d6881040e1e8099c3e18,2,Business,2,Business,False
23404,8c4483716db7b1697b52f76dc2fdddffa85b5d0b10781ffc5e50fc760dba5639,2,Business,2,Business,False
23411,eccc54d58430fdbf29c14e1f6a3a0139376491432dc59b82149f7f4d10151122,3,Sci/Tech,3,Sci/Tech,False
23417,6de3062a119983851a869b2253bcc7a32ace4f3fee1a27d2d7b144ed95bc854c,2,Business,2,Business,False
23432,b80de259f4e5d64a986092180b8e3403c944de2bbd6caed435e9ba5dac68a43b,0,World,0,World,False
23440,3536f9c63e4bcb10a47d166cd78c0a0917dbb726bca1274d28733b789a456235,0,World,0,World,False
23447,21fccad683dc9a8be6224bc6345dee06fcc0346afd05c7987d51d0a4c1f9a887,3,Sci/Tech,3,Sci/Tech,False
23465,5f053cb1becc2ec004498adc4cbf5accb99e02bae8f14d78b530348b07ad67b2,1,Sports,2,Business,True
23482,0ed9f212127e09f63002979de603d6a37dc8a0aaa9ddb35d38a9f4f26bf840cc,3,Sci/Tech,3,Sci/Tech,False
23483,440326eab17d5c054e17adf7dad2f9ee08a0d2a5cb6a476d5807b6e111586bc9,3,Sci/Tech,3,Sci/Tech,False
23492,06ae59a24da1bb3adb46713f9e61b5cab79669fcb061e5105548a6a6e23d238f,1,Sports,1,Sports,False
23498,32d77596f4be05616239092e08fe0d7ed92e1d5b252bf9089c2bca996d295e68,1,Sports,2,Business,True
23504,ea27b7beb70fb9b75c9eee95d68a477bdbb821fcd4ee45243d707f5ac70eb635,1,Sports,1,Sports,False
23509,6fd7b65732780f42ee46a3f3796897d3d393ad94896dc6ced968a9aa0b85cfdc,1,Sports,1,Sports,False
23515,05a7943b49b522a1a824765538db6f48cd8a6e04ce0f6f6ad6949da89020d2d0,0,World,0,World,False
23522,8bad35b77c5f7d1a55e177d3518d629db618e7c9e410c78b9927ef6e06b9c2f3,2,Business,3,Sci/Tech,True
23530,e418c98d46f889e82aef604b1219a83658ca554dd3501db4e2b786e6ffed8936,1,Sports,2,Business,True
23549,a26fdf1721209c4d85ae10d27e540ab73cac3184e98241f9ddbf73f3cfec887e,1,Sports,1,Sports,False
23586,1a35aec9d709f987b408cb529657488c25bd3c2761d99a394dc78ca2474eae45,3,Sci/Tech,3,Sci/Tech,False
23591,06a3533e98d385282c407e9f4d908f8b8839bf813ed1678240d57d3861bbb9db,2,Business,2,Business,False
23614,17fa5d4de01d93dec3e681df110c45e67024e693baf67ed296033b89e53b1cc1,3,Sci/Tech,3,Sci/Tech,False
23628,d77bcff807068e7e833a9c2112f81f826dd841c2341cbee397412189f4a3e03a,1,Sports,1,Sports,False
23629,3578c61344ad14eec7d7a18246646ada57351068f7e30443e242492eb6f7cb51,1,Sports,1,Sports,False
23650,181e1f5a368f7ddbdfd7c80da77aacf1f51ff17032ba671c56817e1e19104dcc,0,World,0,World,False
23651,ea34bda80177229520344c58cccfffe0d00c716c251c8eafb4bc8b752847bb0f,2,Business,2,Business,False
23670,9a48dac09a8ef956f550b25ed38022d27e18ed4e89e343b03c7e4cc5c25a4ce7,0,World,0,World,False
23672,626103c1768b8df2b41a9b5c0d81982a8ad6b86bf27ea5fad075d33c6a05c8e0,3,Sci/Tech,3,Sci/Tech,False
23673,1b28c2a8c2fdcdaa45069d0e9023a76daa0e7ffa48c110422e64ee3acee088c0,3,Sci/Tech,0,World,True
23714,fd7fba4d45948775298b82e75e543f2c16049895b49607459ad84c0e1014374d,0,World,0,World,False
23731,8939a9a62ee66cab8cab9b0ae4ee29c8af6b3b9f156896a1d1e2ab62d7374e0c,3,Sci/Tech,3,Sci/Tech,False
23784,2d94ff9a8faf306cc0ddf6b7e9c01e2450e763c788f7edcdc1f6db3a83ee0f28,1,Sports,1,Sports,False
23787,5c311865f0ac70615504ed21979560da04a88d96b3e279ffc8291c06705d00bb,1,Sports,1,Sports,False
23801,8bdea4637b857d47e573c94e5f860609097fd6bc80a384f8e8afb3528e36dd0a,2,Business,2,Business,False
23808,6595372e7994a180131214d03a90baa61908b78d12b0add33c6590735507e3fe,0,World,0,World,False
23815,d6fc1f95880886275197136e1c524e1f29fb0fb94482e43999ce5f3a0b7f08cb,3,Sci/Tech,0,World,True
23819,94ec41c3c9ede5d4ad58565a7920fc5a8e4ef3abd006cc9b2920c1cc2f62d6b7,0,World,0,World,False
23823,8d6fcc815d83e9f6f592edd885ce7ac7a53bfa2ad261f0c12338f8c8115c9311,2,Business,2,Business,False
23829,8defc777d5013a935b72a63242e63a2d2f3a3165b6386878e94391ae16bc44c3,3,Sci/Tech,0,World,True
23867,dd4b301745c18824364a3cedcd4beaffe1d47170f12627e219e72819bdb56986,1,Sports,2,Business,True
23870,79ede72e9ef58eeb36d58528545600a649e7371365a17b70c954184717895b48,1,Sports,1,Sports,False
23890,5f983738a087cea0b494013b46d4f0251245e354dcd22a805fbdd600bf211fb1,1,Sports,1,Sports,False
23898,ac32b228816791fd0e3e6fefe9e0cab38ae1db0c3d85ebf80005902d6eb51adf,1,Sports,1,Sports,False
23903,e219ca2dd3902a1ec8d135999faf5f3218dd4c177cb54f8cdf0a5443d4d34b88,3,Sci/Tech,0,World,True
23904,fde926739105fc2242644543cd39f8d1b5623086bbbb5c43226acfaa2abba142,1,Sports,1,Sports,False
23906,a9058ac8832e72a5b978d530b5121eb13d54937801f12256208bab4e82db6bb4,0,World,0,World,False
23908,46ee6c1c3168303a65b0e4136d9049dd0370efd3dc71b0ab806cec0c97864a18,0,World,0,World,False
23938,83cf0fb9c8313210b352dfd423ea2b074f766707bb26753a713df7a9b63480de,0,World,0,World,False
23942,7134bbe774a7a3d913f45d3b968ae886dea141607bcacd73c9c6a618bb131e22,2,Business,2,Business,False
23963,f119deeef812930b7d5daa0d08c758caaec5f58f75dec9e64cdb98a8b67335de,0,World,0,World,False
23966,92559735a8e25e4e998f5644a750a2ed9b9996c6375d79fafa1dd19017e86817,3,Sci/Tech,3,Sci/Tech,False
23986,48355302998cb40784e71ce10664375f5185502829b6f9f96a02bdf1e25a545a,3,Sci/Tech,0,World,True
23993,c56ea61ffb2062fa596d61564244535dda4841c2ac33da3905adca3bed01e688,3,Sci/Tech,3,Sci/Tech,False
24018,78b82d5008cec3613c11eb886e614372eea45cd74502aed430860ae1bfd21095,3,Sci/Tech,3,Sci/Tech,False
24030,f808f6b10088af1d2173289ebcfb6c858aafc503a5163cd933c5f218b1aa647b,2,Business,2,Business,False
24032,03b80327b4499abe5f58a1728df79972f17290f58124ca53b9f7934fda157165,3,Sci/Tech,3,Sci/Tech,False
24037,92a144ca003e43fa967d5cafac65c608188c2034aab151d30c57c08c8868259e,2,Business,2,Business,False
24049,6d6039f5df7e29edc7ab623289409a9b09355747da0e3d91cd26a79a308c6058,3,Sci/Tech,3,Sci/Tech,False
24050,0f3af1edbe4e66401f1b84aacd0dfa86f804da1f86e3fe1eeff75c4bea9a1e5a,3,Sci/Tech,3,Sci/Tech,False
24058,aaa202bb7ba3e1a60c044fbf68d834e50335c251a5716d19293fa943627c6a71,3,Sci/Tech,3,Sci/Tech,False
24076,3b1d92eae06a8a5c06f159ee2c789fba2b0bce8a4472cab25979e39b317ed3ca,3,Sci/Tech,3,Sci/Tech,False
24091,ee994f2cff4a1a666ff86248de59afd051db97ab7bed40f312cec14972e1f4fe,3,Sci/Tech,0,World,True
24116,f66a1d098c8d0a770796a0509a27cf48ef4cea839cdf604bfe7fb5a42481fdd3,3,Sci/Tech,3,Sci/Tech,False
24119,d54d0bd55d13c1320ebf026c489f041d75e31244f8be8848e77cdcd9b7e1ea38,0,World,0,World,False
24124,758b65659ea30f0a373381dd453c4752d337f2da7c8c157e524541894ae5697a,0,World,1,Sports,True
24135,44be1fe1bde36e7ed547bd783a6bf089746ddd5177b5ddde7b6886c18ef904a5,3,Sci/Tech,3,Sci/Tech,False
24140,4724a548dfb0a17723ecf02e547c3c1a01a83fcb705312e54717165689577997,3,Sci/Tech,3,Sci/Tech,False
24157,54cc16a205b4b2d0ba78fee6e7501062d761811c636fd25acd0da1ce7b749865,0,World,0,World,False
24158,dcca908c66c9d3d39b3e01801c67736fc0e02fbb6cb1251d2cf8b9f221b37df4,0,World,0,World,False
24161,3b45ca419ff76bd56d73daa320eeb8d39d844f0227ea04f463736e967dd5eb5d,3,Sci/Tech,3,Sci/Tech,False
24164,9b4f601e2e37cf0000871c40d159db590e77701a463aa4ceb2da4c5f96d254b8,2,Business,2,Business,False
24175,5c0d720ab840b975b87357ccdf9943a92191ee6ad2271fadcabf20f160001871,3,Sci/Tech,3,Sci/Tech,False
24199,1c12da465b4a886228f0483398eca28335acd7030ee1f1ff812334f805b4afbd,1,Sports,1,Sports,False
24233,e7f9a5e04b5c40fb6b4d6f14e8549fb4dabcd5a429f5dc4c0b823ecc5ac16923,0,World,0,World,False
24256,19cb4213933ed964b04bb580aa170cb74c42130ad9438a9d4e9b2f1779c65eff,3,Sci/Tech,0,World,True
24259,033943257ec580dd624d4453e1c8321d0e0a12407ebb9013c80ab19b94843db2,0,World,0,World,False
24266,70e086850ce356b8e9d90344be37089501ee9126c97f26063c577d16aa9f6552,0,World,0,World,False
24268,3d59a3c232836af7b946fdb0c48dda1029d45f965a11e5ec780d19cf7187a2ce,0,World,0,World,False
24273,02591a6bf72951bb4e98508cda61996b287bbb6ea4987e414de1693c0eb5da66,1,Sports,1,Sports,False
24285,9b87ea99c5a10d05cbbb48576225a1261c9c5707d6fea30e31781256b0aa1ecf,1,Sports,1,Sports,False
24318,d8cb4af8e3fd1c04d3d02545662afa30e3ac6cccb937ab2f8570bd8f7f39e225,1,Sports,1,Sports,False
24327,516013db4ef940f75c8b726fb13c23d0383ecec2d94d60b9f704df12969fa2db,3,Sci/Tech,0,World,True
24328,ac2f01b6a076e2249ca04369362ba3750c39d1e619ab25e89de7477630833ba1,3,Sci/Tech,0,World,True
24332,926322cb9a57841435b6114f53003844c98c9c0c20319dad11fbeedffc73b3a2,1,Sports,1,Sports,False
24343,c674dd44cc73cdbb0025b8a85d6807af5fe470fb77741cbb95e2611ea7ea5501,0,World,0,World,False
24347,0bdf0e7dc7f20325d8edefb419b32d0e4a66e4874344c93ced67a3baeed65240,0,World,0,World,False
24378,f3971d0d706223217b58f21e564da0f6b394293e17c509cf20eda306c36420fa,1,Sports,1,Sports,False
24400,72245bbaa9ea11c0b350140fd2f79e74ab897705f43d73d2ede96ae8b5eec7ec,1,Sports,2,Business,True
24403,675f433f2c40e0ec1d919d9cad9d72cddaf1757e361cc8c2cdb2b1d4e14fb715,0,World,0,World,False
24421,58f156e517f2a5ef34c21b7928cb9872e41bf9cce914bad5234ee8de95eb6d7a,2,Business,2,Business,False
24426,6d29f9dedeb8951ff2105d9b9c7093bfc460f82bf72021d34f51e0a6a7806906,3,Sci/Tech,3,Sci/Tech,False
24428,37adc0f95406b8c21c12a8dea9ae2250427df35e0e18898fe92da356bdb93556,1,Sports,1,Sports,False
24447,83298012b0d5882e93748c2060963d31c7be832e19cdf7f450cce455dc7d318f,2,Business,2,Business,False
24487,fa6970ba6d98d336d2069e641d0990c09d9d74943af285aaab5e7909febe4156,0,World,0,World,False
24500,dc9eb3057be05f9694b18e7cae673e9eba96019641600046e36544098628fc46,0,World,0,World,False
24501,33ac380ea102bd361c2482dbc97d33bf6c246e6d9552509a6f16418d39901093,1,Sports,2,Business,True
24506,35f084db5adb4daea8d05ffc69d287f5142c7f0b4e7dcd04bc445fd8d67f8520,1,Sports,1,Sports,False
24510,5e23450a98338c4ea3b8b1e0a996de47ddf8d91be51988040b04a260961a9ed3,1,Sports,2,Business,True
24513,6673faf1e2ce7c25cb9d178de15b9c99dc8bc93946cc45175720bcef1dd574b5,0,World,0,World,False
24517,31c2b65fee72c30091adcde30c1acc1b091b71e07b591cd1d53418a4f51ae6aa,1,Sports,2,Business,True
24528,efbf922a0c396acf01b893565852dfda74c41e1de96a40cd13f8ee15b0ce2d4e,3,Sci/Tech,3,Sci/Tech,False
24534,7a10efca09f0a58edf376e5a71b47b44a326326039fbddda1ab132a751231659,1,Sports,1,Sports,False
24553,914136a772bd67fecf389e7c46120beff3947f58dcd0af7dca47bda5f742ffa1,0,World,0,World,False
24559,8749ad5130f69c8d432f5f4ee64b71967b379086ffacf69f19f6837a03b72e97,1,Sports,1,Sports,False
24585,2ea27b1ac5d6f700c1eef8e37dd7cd05bfa98dc88f2cdeb3b6029099948b8d3e,2,Business,2,Business,False
24602,cac97913d04317286ff875a0f13fb4ed5e7a26567c74cc9dfd873a0fa7f70b02,2,Business,3,Sci/Tech,True
24604,1568ae812f528f8350919b3c42da2a7e322c9165f5a78333ba895e62ad9b8b56,3,Sci/Tech,3,Sci/Tech,False
24615,98899fe3ff0c405ee62096bf4da7b50473d577724088b3a13e577d6247a6b447,2,Business,2,Business,False
24616,5a46b3443f6b4ae7aa05a0b0d85b4ac47ad3fee6859d126160569e75811cf094,1,Sports,1,Sports,False
24641,0c522e125d5b58d24e13907a1c0057a93e6e5b5c9d2182f501f0ec5c0299f0e7,3,Sci/Tech,3,Sci/Tech,False
24647,9551d1a4a7ecf180655db0b1dc919217de5597211e847d614cc682c3af7f768e,1,Sports,1,Sports,False
24673,727d9d460303857ee2a84bc81d044987ba11cd619dc5e969cbfbdddd0a111328,0,World,0,World,False
24678,78b3dbd0080c7b9854e28edb261303f80e51682f3cb3a4d3ab76386b0cec64a5,1,Sports,1,Sports,False
24690,92e246cf80f54147f6e3a768ca3db641eaa18f25664a590fc8b9ecafbaa55ed6,0,World,0,World,False
24710,e2f1e41b91998d6a12f4d20a3390922387063990d424e99c3cf62f37dffb8413,0,World,0,World,False
24726,b207227c79305b1443954011364da5ea8c72cce24e9682ae015fab0a3e3a4a21,0,World,0,World,False
24749,b2d30e5c965a4a16f6c03b91b39dcf0b5878127e23c1142be60a35da335b23f4,1,Sports,1,Sports,False
24800,5023f64980863abbf91c66fb8a1044dc6e0d1814eaba8380e3f5f2f7a9924539,0,World,1,Sports,True
24802,6ceafec41bf93fcec4943c521eacc7d0efcaa897a74f661d5735ca4f5f922289,0,World,0,World,False
24813,4aa05b65172da04c4f76973c42eb23ac480d48795f92e6b53c091e69556e87c5,0,World,1,Sports,True
24822,4cb97059bd39aadd8c430437c53e38536aa31e5062ecd9cc4128921c764a33be,1,Sports,1,Sports,False
24824,6fa725318805eccaf1b0ca7d8f2a76f4f31e2044784b5a3d15b4f1593eb86e4a,0,World,0,World,False
24830,bef917bc958c994431fbe6775e745ad8005b1f9d4f3c10b460b8d34e941f2f49,0,World,0,World,False
24878,df3a5e0cdfbf8c232559993bb190f15180bc4d94e979b91637dad7bcfd203350,2,Business,2,Business,False
24883,8d1237950ac3e2db3204fe463e1b99ab3c7fd84bde6b4fce07cb0fe06e5e5afe,0,World,0,World,False
24891,d6c0d4eece473e0d99eb30eba9f859f16fb230c79d316a6a590e5073b5ba76ed,2,Business,2,Business,False
24901,96995275c6f0ffd6ab9187043a230acab2bad89ffdb4bc95c95f32f92153de25,1,Sports,1,Sports,False
24904,4a3e9e6b1b27226330cd9575fac126dd1b3331b6407f6cefba9094c28a52864c,2,Business,2,Business,False
24945,8c3e0f641a9a646587370d9d7afcd6f2be62e97f143170c1d009e149eb629a9b,0,World,0,World,False
24946,91f71bc6f265ef705af6715a8f9259c8e646255d1762b41f9b35a805960740fd,0,World,1,Sports,True
24949,9f82c759a359303e3213ff703bb1602d7b9929a6e09fd6a99c57f8417da17c3a,0,World,0,World,False
24950,62726ba7b4f0662b9d173d71b9ead9d08b18fd341a5a08f0d2c9f1ec7cf69cd4,0,World,0,World,False
24985,abb61cf89fe90eaf1c9c1c67f9f0f30bf813d33425ee7c33df883a7a99611246,1,Sports,1,Sports,False
24991,ec4e9f2ebd120fce0aa3a5c3c0600f07aef2f83e921922b16acf911ae5d093fb,1,Sports,1,Sports,False
25000,fa7b4da19d9ccb3d30c0debe8b9742277c8221ce6371bbbd2c0969ebf4b4eb54,1,Sports,1,Sports,False
25002,7c8c982cb7aca5236915be0f888e561ed992d3f6fa57d307aba7975fb7c2a2bc,1,Sports,1,Sports,False
25011,b23aefc65ea3ded004a06957b00dcb58bec788226b49ff1167d657c6d6e54f66,2,Business,2,Business,False
25040,e2f8db6e4ee46933354b45bcf3fef560b54d638594752c9c06d820f138ee35aa,0,World,0,World,False
25092,528d8321b8ca7b29f52d1e801162e9564595e3f68a45708b174a5832b90de7aa,0,World,0,World,False
25098,ff1f81b34031f643aa4f7a070fcd167fac413769eb322922762d64c5c66867b2,0,World,0,World,False
25101,5f04f6bc5d3573d3dd493dd4ef86218a7dda8fa168aa6ad027311f27998f4714,0,World,0,World,False
25115,b5a9d5acce44f70647e41d7dc0575697a5f6abfaaddc0fa21ab3c04de181ea02,0,World,0,World,False
25126,0b864d052414d52897debdda43ab7b08c183a95a901f0a3aaaf2f839a66dc736,0,World,1,Sports,True
25137,ba2adad5d76b6c92af242a186025b87866ab0322d015fa6ef5c5b570ea27987d,3,Sci/Tech,3,Sci/Tech,False
25142,8a804d0aa5e3650bb930603a860da4ed3bbcd7517bf8e9fcbf79a4951309dc6a,0,World,0,World,False
25144,762740647f5defb48803f2daa7f365616ca2e8d58d212e6407f5d1afb4f3402b,3,Sci/Tech,0,World,True
25165,1fe3681b5b622b543036c5976a10eccc9242fcee1396e7487cd8d76067337cb0,3,Sci/Tech,3,Sci/Tech,False
25174,a1e4d5cf573d8cfa6962709556bcf2d8ec9a5471f3e7ac754a2c1a4255c7ffd7,0,World,0,World,False
25179,436518897cddb1c909ffa6c50a5d671d79771a30304c1dbd88f3eee6cdb774bf,1,Sports,1,Sports,False
25187,bad92fac60ba86ca6c74bc317ce60899bf1a9d5d931794cca997220e1886b18b,2,Business,2,Business,False
25212,d9bfcc67873525c040b56be74cdc11952e33e0ebb15a638112067d295b70d2e7,0,World,0,World,False
25245,5125fb3e73e5d245a561ef4cf40afb0bc1c2d585cc839764303c9cd5507bf635,1,Sports,1,Sports,False
25252,b39136a8cdedd1527a297f6585cd5a8c7abfe328d8372bae33ce3554f864667a,2,Business,2,Business,False
25253,9930c8a94afba517efb35d33f1e68a770c3e525010e2f23b62973efc21f8bcd0,3,Sci/Tech,3,Sci/Tech,False
25265,41dab8b5d60a180ceb34663847f4070be9a8aeab44c2bc087e88af2f55b769ae,2,Business,2,Business,False
25280,2de448250607cac7131d48f1a261b5ef2d5208ba10d235c5f599289610fb03e0,1,Sports,1,Sports,False
25287,f13b6e4caeb34e3c974074ba26c81caa56642068c8bebc20a7141bd57222ba0f,0,World,0,World,False
25323,736a3b0d4bf84833962b6ab7710e0c45952b35e539907f5ead8e7c7f2c7cd38e,0,World,0,World,False
25330,a4148f1b8d9626f7fcba5c358c7364fe321200d8200fb82a16a77bc06b007d1c,2,Business,2,Business,False
25331,ed282836a38d7651c10ae72ebd4ee0420d8421864b8dd4b1fae34fe7bc095ebe,1,Sports,1,Sports,False
25337,8c7a29a837d1d6dd300c4d7fd86b5f6a4902aa1343534c67c42716b96d895351,1,Sports,1,Sports,False
25342,9d80538306fd0d142fbdf8c9ab17e185510b2d9ef9cd8d82447a492eaad86cd1,1,Sports,2,Business,True
25353,aac247190e2b61c34697ac1b865a72e143c7b80e5ce11bfa899fcd3eff3a6ae5,1,Sports,2,Business,True
25365,6aa47f605e89b056b071ef360fcecaaf3adb6b2a8c132beac9241a3684c56c2a,3,Sci/Tech,0,World,True
25389,ba6b0b22f533e05399c23cc44b0da642cd3fc4f72ec7309a90a812d4c01726b1,0,World,0,World,False
25436,49f964676b9d9011870e352e14e2e3cf9430d9c183ed886a74af9715b7e37d05,1,Sports,1,Sports,False
25439,8d729bf61e55045bbbd218435646b59d0a58a90ec0ef0657e56a3a5ef84fa938,2,Business,2,Business,False
25445,108e7328b3e73bf91eb9e6d797a96e482e7d18c50e141bfde69e26ca55f2e6cd,2,Business,2,Business,False
25479,aa71533c9d13017e7db52d3bdc48454805a7918beca07166d1195b4250572dd8,1,Sports,1,Sports,False
25489,ff426fde99f380acde97abf41c29767778280ae3d7847b2a3bc0bbd96038cfc8,2,Business,2,Business,False
25513,60cd8386b4255f87cef4a4f9cc8bd291665c52990517314ccae13d4c0381f5e5,2,Business,3,Sci/Tech,True
25527,cf26077488ed146f3a2309295ea558e36c0c59245dd4cdde4eb9ecbde536feb3,2,Business,2,Business,False
25555,f55ec86d238eadb8ad87e5d115150672840a8010efabb8298c1f65f5a15bde02,2,Business,2,Business,False
25560,3fa5d1b87a95871e051c2f0ca3b18a9c7228af10a9eaaaba0b17f526947eda40,0,World,0,World,False
25608,3a195de38d01d87fd464e82e16877bfa62eb92f3950d07ee606ec43cb43ef050,1,Sports,1,Sports,False
25631,22b586b18dbd8b853c3a1b5376e37dbca37c3c48eca503ed0da81bbf07a294f4,0,World,0,World,False
25633,98c2e5e64827c4e8c955d265c8206dac84ca64ba96be2d0fb0cfd2ac5a232a62,0,World,0,World,False
25644,5fb10c6a193f542811d16aa477b09c622f043a5e2e0032ddf15c8a824208a5fc,0,World,0,World,False
25651,03140d73a207701f1f1289fbe8ee911755ad91691aa27b980f8741f5e26f2345,0,World,0,World,False
25656,a6e31dc88416dd2c62d68696a703eac40cd1478cdf2853868a055dbcdd5f05d2,1,Sports,2,Business,True
25668,6ae2987690595988bf9fe037df70bbc145debe18adae3edde3f31a2a0d346f67,1,Sports,1,Sports,False
25676,5c1e94908aedfb338107cec82b957616a8c5c55099c8d9769e0ec06cce68febd,3,Sci/Tech,0,World,True
25682,614b1718c8a059005232255cce4028d56f95bf7587391f7f9ea474593af673fb,1,Sports,1,Sports,False
25687,e425b01a29b686c439430f8eac546d2887e2871591c06d4df1062b71774dbeb1,3,Sci/Tech,3,Sci/Tech,False
25701,09d7836269ed1760631b883f6c63eb82f09dd4b9cbb09ce03293c2cfbb4d8bc7,2,Business,2,Business,False
25728,139b8af54bb2b826c5f8faa4502b9bc50c7673846dfed29cae276a31d906ab1c,3,Sci/Tech,0,World,True
25736,54562f9b1963b60a26a2da050594b2f3bf1b86f6b52c51f6b8f8d647cac40ff5,0,World,0,World,False
25741,7f6aa1c36df7e89aa3b9c0b98ff651445501b896eccec8dc912b062747de27bf,2,Business,2,Business,False
25749,23f408e4bd29a8d52be9539d8bb718a5db93b78ea2c3bd12b253f3bc82116ab5,3,Sci/Tech,3,Sci/Tech,False
25754,0885297cec41e3e013e514b95082c083785657da3d07e088080faeb2b9c47661,3,Sci/Tech,3,Sci/Tech,False
25765,11ea23392386a225e12a0f382b55a0fdc561b7919ebe9cc90a687fc4847a3b52,3,Sci/Tech,3,Sci/Tech,False
25775,6cfe140a43d60fc570aadc3fefb4d4736b2eda0eb42b5814c5a8362361782f9e,2,Business,3,Sci/Tech,True
25780,83d57a9877c4736d703258d61c5332cf33b31c3575cb48d92e7b8e02bc85aa10,2,Business,2,Business,False
25804,851865a5008c0de2eaaf6acf6106661a322566c5b34bd47b9438315ef312556a,2,Business,3,Sci/Tech,True
25819,e9ed76a5935ec243f57d28317e51b2068e3a451522a03b139631fbb6065deed7,0,World,0,World,False
25862,c1feb276fd5fb56f9e58b5c10ff5bd52b6131f2962e4da2c55b80cb0307ecd23,0,World,0,World,False
25880,72d28577e503ca743be4f8f470c15908ccd4ce86456aa03d6e534b8080c633cd,1,Sports,1,Sports,False
25889,acf8f3b25b8c50cb2297dd0bd371a952c6102f6d9cfb3cdf970972244145875e,0,World,1,Sports,True
25913,265a3ca5480aaa6aa26b064883245baaf91f16a59ad37692c3247a6abe86b918,3,Sci/Tech,3,Sci/Tech,False
25960,c85e74fae81b9bc04e3e41283968acdc1e86f1e1c29c29906ce36b29bc38b70e,2,Business,2,Business,False
25961,a6c3ad829f0a03301a36ab8442e10f56ba1a440dc5eede9172943091870a6a17,2,Business,3,Sci/Tech,True
25963,233cb3af626ec6336cd15129529096506f528b1173405a18eee67fb6c8bf8310,3,Sci/Tech,3,Sci/Tech,False
25971,82c3e85943605976f673055733357d8583999216ffcf8cc4d6babf05a643105e,3,Sci/Tech,3,Sci/Tech,False
25988,b64162b05f5746338eb0096a2246efe5e469e0960b2215c3e1c6a7e85eeaab77,2,Business,2,Business,False
25997,1fd2fc955209562d0f79a08df7fb20f752108e8cef1180e29031703287af3bb7,0,World,0,World,False
26012,aac99f31a43a659c02053c7506ca7259e5a565c4138941a700f87e52a771189b,2,Business,2,Business,False
26026,a1084cdc3768c75262a03094c8a39ffa0e7e29cbf58bab3407ec687b1fb5fd0d,2,Business,2,Business,False
26032,fc333d8d61ce01588521889ae74e3e897ea8748d5867a62a4f8d163c9fc9eb17,0,World,0,World,False
26035,0f873edfd07e98f905aa7cc5f581cb0805993aff4c435e5fc3feb1c6e610de1a,3,Sci/Tech,0,World,True
26038,214da791de6fd97463480937d794dc958d55b3258ae0d79b65dbbdf29d7b2126,3,Sci/Tech,3,Sci/Tech,False
26048,4df68ddcb31c20b11f92d0ab4c8cbd4c866ace739d3bf3692db412657e5bdbe9,1,Sports,2,Business,True
26051,59049be4ea73a365219e4b4fd56d357e693c2b732e153de634c64b1b70fec979,1,Sports,1,Sports,False
26057,279d4be01b8ece60ef8cdfcac10253ef8cfe5d2c74e272aa40d05e46f3f31433,0,World,1,Sports,True
26067,3a680ffc45d5263f1471fd6c446c16a34dbef60da112cbae440930f72a5dc431,1,Sports,1,Sports,False
26070,c917c145ada11392408cf03a14d3c9f61901e33393956c8dc00a4ce58244ccca,2,Business,2,Business,False
26088,c0beaaf9d5e6a2732e526f36d89ca2a92859ac7b18c8ede21754c2b4778bcc40,3,Sci/Tech,3,Sci/Tech,False
26091,e897c5290c0df59bfb0dcaf94d0e0f7d88481a27af9999a3f8f8f40aff4bfdb6,2,Business,2,Business,False
26093,91b2d4f83808dfb30a09fc1e0513601469b91500a5ae67e4c76f0f03cb107295,2,Business,2,Business,False
26097,8a4b2165ce27612ff75647d61fe705aae94ddafe4406550551507b9b3651a97a,3,Sci/Tech,3,Sci/Tech,False
26106,468de3e4d546964ab05d95e06a9f0f3cce5b88954abceb4abb1e99b2f858875e,3,Sci/Tech,0,World,True
26169,5e36cd756d45f5a375244d206ea4f8308b0bd7065c537424e3170a027ac5c2ea,2,Business,2,Business,False
26171,34e8b806d03e851f8cddfbb8db2e20ff033309ece236b981287688859f3ea4c7,1,Sports,1,Sports,False
26186,aeac1ba1428ddd3b3f9c0692b05c2247adb82b57256ac13dbf640c0d5d655935,3,Sci/Tech,3,Sci/Tech,False
26192,1a8863c44cd99e4cb6fc99e8239dd00d86b53aa8cfc89f5ab6986dc3cc09ea96,3,Sci/Tech,0,World,True
26200,8d259442b5d3893f0eefc2d55d57e1a55dfbbd0c65a5ceab055dc189c5abe00d,0,World,0,World,False
26220,a0387df65a30fd50d519786767e5b6446a8f89da9cb8d1b71a5b3a3dda061de3,2,Business,2,Business,False
26231,4c6e0313f250972f69ce495fa2dc3369fedd73a90d858a47d85943d38b52a36b,3,Sci/Tech,3,Sci/Tech,False
26242,2dc79b5b3d930989fee0a4d0639b337930307f2e3ded2b39c09092ad018c26fb,0,World,0,World,False
26256,dead8a71aefe2d65dfc1a62c989e120200928fbac39a93b6610c1a2592999291,3,Sci/Tech,3,Sci/Tech,False
26263,b464f7a2933f52a4690b67e1601d760ffab1208dcd561e3decdacc2d8f9c96da,0,World,0,World,False
26266,078dfa5072af0a5adc0e833cd0f26b5dd25e4ce9dc1a24e7ad73fae5258733d1,0,World,0,World,False
26276,210b72c1c1f3246e0b36e85f2098bddb1ce63d58d2f8228d7ecf8de52b57c4e3,1,Sports,2,Business,True
26295,f2bf0230b75b22067729a4c1683d7c2716a70099839721a156c1cc14437bb69c,3,Sci/Tech,0,World,True
26302,0acd4ce0516a61f2c296e93fd15ca6e9c6525dcbc303bae4e809f8c7a1ce3973,3,Sci/Tech,0,World,True
26332,5d09cb27e936c0fa251f371b75f0c4b966d22b63b2267fbe141a71ef37c7e56b,1,Sports,1,Sports,False
26334,5f76a6cb235666d519189542fbbb0b6a562b451e73bc7c5d4a7b2772ed233438,2,Business,2,Business,False
26339,673e4037a38425ce89aa504e914f9e59ea5509e5af002e32c751c1eb9c215f79,0,World,0,World,False
26349,d53d0604310ae1e95f21b9734c5828abc219abf6666cd5e41727534fecc97948,0,World,0,World,False
26364,31bfdb91b2d18f7b75627ca2ca428e477dc0cd4d5e8f554972ef163eaf3c1826,0,World,0,World,False
26371,d1e4af902b483d853aaac4812cf2899ccca308a5e70dd79d90e9a914a0fa83b9,1,Sports,1,Sports,False
26376,17430ef2e7b5b04714d15d35bc2fa24f0080d14dd14598c8679bccedfdd8e2f1,0,World,0,World,False
26388,ae016a3906eb735d07d3be55f7ad3d319d717e0a5baf14efa73336ea2dbe0f9a,2,Business,3,Sci/Tech,True
26406,6b7eacbefb532e0d1281ccf157fe59df3bac415da3235b660e8c88231cedbd54,0,World,0,World,False
26443,fe4f9b113edd355733ff69095011510036a9a945dc00bf69b62ef678ac6a7a8e,2,Business,2,Business,False
26446,87cd2c9da304023a212b48cc08500347de913f720171569761815535dbef4ab7,1,Sports,1,Sports,False
26449,0c371fd35dceef6ba904aa8f5901272d79ce41fb33c90de9a9111c3159835e15,1,Sports,1,Sports,False
26454,3810c210ac4caf1640cd51b6b76d090ba2d9069bc792791fd81945ec0a0b97f2,3,Sci/Tech,3,Sci/Tech,False
26467,f34e30d9c49ef56899f3ea2c74533845e558820ac822f58bbd4f7c9f1f78b184,3,Sci/Tech,3,Sci/Tech,False
26475,44bdc998d159a0453c0973e8f566d034a503028b5e72e1362a3a4a9b0771cee0,3,Sci/Tech,3,Sci/Tech,False
26476,441d3cec8e1af547a4641c48d8617474da997002c23ec9fe89e9f94973e01e43,3,Sci/Tech,0,World,True
26492,692b0e06e04f3936d4f6393a393c42c0e70ca6389765596d9ede6ae9894c9c91,0,World,0,World,False
26497,63c9591b28ab9607c28d4262629975710b0d1fb35306350873358d910821d4ec,0,World,1,Sports,True
26516,d91dd95bdbba04f2bf787e86ca944d190bcaf8012b3c85f977e08bcce2954e52,0,World,0,World,False
26519,34dbb81593930c3820eca41cc278a1ba7ab1a73fa50cb1c3e9261a815e245dee,0,World,0,World,False
26543,b6b3c3df83756467f5a32042204b68a76ae4857a7a52479b029d1ce23b1931ee,2,Business,2,Business,False
26557,2cd0d37f7e975e179139f0723537d93d7c23049b176eeb9f11cdab48f219ae2c,3,Sci/Tech,0,World,True
26592,a77d6b7b93821a4582e7915190a26ac36118d90d4b0ac32f9b6abf6c6f5aa5e5,3,Sci/Tech,0,World,True
26604,87ae25c2bba3d1d7b496282be1c9e229effd63f2b6d3189ee733bc254f7bd6de,2,Business,2,Business,False
26644,3dcb0771e86866a7291f287869a3a2e4cba95883b8ba4758388ba1fcfc96dd3d,2,Business,2,Business,False
26654,c99cd2a37997bd634beba23eb5543a6fd86bc0105a9f4b33744923ae14b2d84f,2,Business,2,Business,False
26677,a9e68129ea6ca9fd0a3b5f3d28a020cbf8f06604c8d0cf17e96a559eea504900,2,Business,2,Business,False
26734,f8eab000db76df48e76e5cb5d51d5306f6c0758933042c1261dfa1ab7301e4eb,2,Business,2,Business,False
26746,737622a664efa329e4b2fb1b950937ecdb0efc89a2cbe58f598d265ea565a8be,3,Sci/Tech,3,Sci/Tech,False
26757,7ff8b4d61da9fc53cc33f1e0de3a231861d6e58dba3be273b91c2dff763b9a32,3,Sci/Tech,3,Sci/Tech,False
26765,5f38685bfdaf98822aa4f90e387c3fbadea37266846437eab225a4d38b9cd816,3,Sci/Tech,3,Sci/Tech,False
26766,9dea0e66b907920c1ddbbbd32848c1f4653ffe9f7fde7bef5c4664d4a4d83a95,2,Business,2,Business,False
26774,fc3ba079bcf692b0821ff2449e8895dfc69dba00b501058cf6b548cf1613da52,2,Business,3,Sci/Tech,True
26792,42cde6a128e94576f3c6154d876793effff2f7f507f345e199da722f87b8d8a4,3,Sci/Tech,3,Sci/Tech,False
26809,00e7a779fa7434a190ca1246097adc21168583cc9ba090ddd718729f20e84b08,3,Sci/Tech,0,World,True
26817,dc20342ea5067aef815255586779f88c9f7baf351aa19f07940e7e1423e27620,2,Business,2,Business,False
26823,4834582f9c177a759c60e9c46be3d3fc4ebf09b556477070a527d1fc484d338c,2,Business,2,Business,False
26843,3fceedb1c513d825fb38e34a8a51cf4f6b93ccf485d7ce8495aa944dbfd87ed1,1,Sports,1,Sports,False
26844,6d434e1aa656f162a0e3d9bcac460a859d2a93d992f9ae397f3dd12f60193550,1,Sports,1,Sports,False
26851,fdebd4ff9c634a96437e8140928cd6f2f5a9b84df2bf6641fe34b55c1284141a,0,World,0,World,False
26858,4095f203a4bd2ed93a536922c1be3afa95e5f56abf24faafd5cabd228e8f8b89,0,World,0,World,False
26878,2fd5a691cb9736b10ce45fcefea7ee3bb28b4036d38349409ef5126ed144a19a,3,Sci/Tech,0,World,True
26888,baa116932bfa00d98b35f301602a8b0f174f0ec0da8098182ddc50a054436b0c,2,Business,2,Business,False
26922,5d174c12ed0e44e1ab7b81e0027d0f9c70a0a58267fd415da65ce126473941cf,0,World,0,World,False
26923,d9287d02e0103a3d27da4db7f57dc599f8aa2456e6c9d6b0dd7668a37bc61cae,3,Sci/Tech,3,Sci/Tech,False
26936,046c0c60c83d615fd66740d46944dd3b05a41bafb450f91f4291639a4b1b26ab,3,Sci/Tech,3,Sci/Tech,False
26957,0cf34ff9f91aafb18fd30e33dbc50327fc633da15f6f4407addf4c5ffa4fb4dd,3,Sci/Tech,3,Sci/Tech,False
26960,580d67ad9f5febebb8a9b828738f335b04bc62ab284f7a3674778305f518439a,1,Sports,1,Sports,False
26969,c7bd42af7b67b796bbacf7986e5114fbd09f1acda0deae2d91c778c182f232d2,2,Business,2,Business,False
26985,ee48bf03a0df887e69561f3d2acc31af1897f28c30defdcc8b924ebb75b77ffa,2,Business,2,Business,False
26991,05f42624d6e82a1107314b9f9b3cf04b3acb5803d45450109c833ace4e768e78,0,World,0,World,False
27002,19f4436c79cbad3a45c15ec1db6b563979141ddafedb41bb08ab0f4145e2d91d,2,Business,3,Sci/Tech,True
27007,f2da030e773a9ef38ffb1728df0d1f7c5b6830c75c1b4f02f983d554473c98ab,2,Business,2,Business,False
27009,efc885aa618f42166a8c6cdacc1cf6938c1cbe66b9b0102b700c4d410f5457a7,2,Business,2,Business,False
27020,0455a8897c7323ba5ebb2cc86a1e175e1c2cf44f8bc51198a18644707a131c05,1,Sports,1,Sports,False
27025,7b9ebe5eca631acea1b9844df9c55b8dd74eb049156d1463102fa3aa6a486844,0,World,0,World,False
27036,fb5701e649a2367a7801b74a2eedb845b38d94a9bce5dd31f0b46b250e6472a7,1,Sports,1,Sports,False
27067,a543bb73ab41fa8ba174d31f448f2b5b259546f084c2cb40f40ff06095f0f75f,0,World,0,World,False
27072,886099ad8f996560623a971d1c6a75cb8b7e26bf3d6f5f3f136d401885f8ee09,3,Sci/Tech,3,Sci/Tech,False
27084,caf9486aefbca0bf4cf5fc425e9859976356be529fd66ded9af89da1b6c9c637,0,World,0,World,False
27092,358e1cfe2a1ace7592af59b9321416a3695d1ff1a737298a0dae5df7cdfcd0d5,1,Sports,1,Sports,False
27102,40ddda63a17c583b97b3fb1946de0c00355a7d8444d53251f275d8be0ffc66a6,1,Sports,1,Sports,False
27115,78fa36924ffb4e5eb972216f83510f066c4f13d82b367004ae281a537b03f444,3,Sci/Tech,3,Sci/Tech,False
27122,149520ee595ee01f0af4e85ae3a9089907aed0e8adbfdb1fbbe05b198cf7b008,1,Sports,1,Sports,False
27132,5a4c928901d03c7408bdc28e1900c790ef6cec50480ec675e232a12c023b6dcd,2,Business,3,Sci/Tech,True
27135,5a34a50930dc0d18aaa5b983a9b39f021a733c77dd257f355cbf8e189551d2a2,2,Business,2,Business,False
27154,3da2756118e22d1e2bb63d695c2cb016d5cf10c9618ce2642537d9d88a85e510,0,World,1,Sports,True
27176,0db96836888f9764e02c8b26283be5ffbad32734a383435008e9a79944564aea,2,Business,3,Sci/Tech,True
27181,17128f86c4aeb89d8ea69480f97e1d98c57d618748fcf97751c5816de381f9f0,3,Sci/Tech,3,Sci/Tech,False
27182,58d14f8df00bd18ea3cb56fcebb9c42b407303b9ad2df4464595d3fe6018c2c3,3,Sci/Tech,3,Sci/Tech,False
27188,472506cc2ecab624343d9dcaa42f4a45083e67f0cd82e9ceb5201cba071e1ac4,2,Business,3,Sci/Tech,True
27213,b1bb2247a842f5577d192084b03bc4f51e49116aa10860c8c2c64832d5353d98,3,Sci/Tech,3,Sci/Tech,False
27226,67f6c570e3ee17665f46f19506a60648100454f7183e531c2aea9e0455a95d44,1,Sports,2,Business,True
27252,98749d094c43ce8adf76ddd3fba6a34665fa2a2bf0fec5becdd582a8a717a606,1,Sports,1,Sports,False
27271,2b3302bb74d08a0d158c021239cf4999ba7d6014b3a98f468065dc9717398c6e,2,Business,2,Business,False
27276,7d9c932b9f4a7e5518b3ba5bb87a847c95e3ecdbc56b99c7e0ccc27fe9f13452,1,Sports,1,Sports,False
27292,193e41ae827bdc6cc9c665fa51426ecdab1e330e7f9b802633b343c2f192ffb3,1,Sports,2,Business,True
27300,5863d346ac9c62bf9a83e877518c5dcfaf70601a8aaf33220996529f69d50a9a,1,Sports,1,Sports,False
27323,e6f90c8e449a80c8eceeff1c7f1f3bc8e9302e615a8a00a3013ecea4411631bd,0,World,0,World,False
27324,cbfd962d66ee61cd39218b5186db02b8383a4c4a2097d27df0703e6c526177ec,0,World,0,World,False
27360,a27b02901595bd7c24cdeb031c7ead50fa798ec5a16da80f88412630c24eb130,2,Business,2,Business,False
27392,4fa3fbf32c3d3d339c86aedd6be7fd2520933d533fd9eb625552f0fa3e2132e6,3,Sci/Tech,3,Sci/Tech,False
27399,12e7e6f4f6bd9894c01c1043a669ec5fa89d820fc4b557cd74463fabfb8f80a7,3,Sci/Tech,0,World,True
27412,4640811fa858a02c9ec0abbed019a477f943340b170546167d88a9c97dbb6e09,2,Business,2,Business,False
27416,4103c67cb4026bb16a4d4f1414c75a5d11f093de4cb082ea0e2908efe3e76ee2,3,Sci/Tech,3,Sci/Tech,False
27425,ae9380e5403bd2dc2305a4f9e6569525502c887c8bffeee374b9ac5863c36d8f,2,Business,3,Sci/Tech,True
27430,389622ac81a06af8d459b52c06473027367443d3da40af695b9e03162bb37b16,2,Business,3,Sci/Tech,True
27442,92a425ae625d0c70a6949591487a1925b1ecb6e0d9b58f8a6e227fc45688e480,2,Business,3,Sci/Tech,True
27448,8cec39a7ee38763fc8231df762ef27c09abbebeaa60efb9b229c77d81df133a7,0,World,1,Sports,True
27450,d2ad0ceb27333867edf266a9421d8b11f47d9a41121c2c1f03b118c7a0f071ee,3,Sci/Tech,0,World,True
27481,a324b1d1db0eae551ffd88dcb7af39379e5bada6a75f4993e3c04a1b51b81a72,3,Sci/Tech,3,Sci/Tech,False
27486,d5397268dc4ba5bcd21fda98b7a758d2ee0fdf420fff32c6a930fd1d579dee30,0,World,1,Sports,True
27500,c3b83d9824a0e3fb15443121e234c2360d45245463b4440b4d058d012b27e25b,0,World,0,World,False
27524,1cf358bac74e52e519ada022a75c6c9c9479507bf42ebad605c3d76408e4de9a,1,Sports,1,Sports,False
27530,467f2ee65a43f4f83f354fa606498b1415cd7587911cae8d6ac7d8ba6d185fcf,3,Sci/Tech,3,Sci/Tech,False
27561,cb725e100730e8bcb12f702f5a08aaf0dc624b552a0fb6771aaa404472458bec,3,Sci/Tech,0,World,True
27562,aeacf6a3ac78aab058f760c8ffb74e53391d329d0b9524195b7b36dc440b8786,3,Sci/Tech,0,World,True
27567,52259cf10706911b8e46ec694416c16e1ecbf71dbfaf560f0483c20d25b5a7e1,2,Business,2,Business,False
27570,96d61c4e4ab56ec9926e0396b40fecc002e8c25b51ca67bb291424aeac6bb426,1,Sports,1,Sports,False
27580,390c95b0281f1dfafbc08ad590767d4a75df20ab3f2168eda3f792b1858a9236,0,World,0,World,False
27582,79cc9bd402ab82637fc0db2aec4f73b176645a0624ddfc60a8ef4082c5d68a0c,3,Sci/Tech,3,Sci/Tech,False
27618,1fc4bcb523a37a418ef8caa9bc87d677d030c3f231af8f63c568867c0ebabaf3,3,Sci/Tech,0,World,True
27620,4fbb8de2900a41bd18479982bc3cd5084b37ae7564d066c6bbd9e876c351b010,1,Sports,1,Sports,False
27642,20577a1f3efb109ac70bce33655f3e503372f9e6c2b892747bb21e2f96b84670,2,Business,2,Business,False
27645,c4fa35bdffb9b421ed3a51067276415325172d57c0f0d677eead640f4b0d4dba,3,Sci/Tech,3,Sci/Tech,False
27646,f2e2b1a8dcb56668e451f73918f19e9dd944b00de2a38eae32a26aaea398dcec,3,Sci/Tech,3,Sci/Tech,False
27653,ace20feec2e2f9aa5e39fa38a5acc8a8cf11cdee33b41c47179bfc4dbe1472ef,0,World,0,World,False
27684,9e8fa9960943ade975e4244ec4ea70f46c0efdbcd522a5607e95be05901078bc,0,World,1,Sports,True
27698,b1ac5652095164fe5d8a3b1d7433f3160b699713060e98496ab742fd78a5a07c,3,Sci/Tech,3,Sci/Tech,False
27705,e5a1181f4dee0907468679fdec45de91dcd6ad278fd4e6e2764fc3638b9de226,2,Business,2,Business,False
27711,76971f086330352c0fdad42170f49cadc7fe2875953420e98aafbf2ec7cd50e6,2,Business,2,Business,False
27723,947830273a4a000474651bcf86ac8ded6b030a6d5ce64d4094b10c4dd5085b6d,0,World,0,World,False
27741,1fd76716ab084aed359835e18e32426f4129974b87f91ada35b64ca804d02a06,2,Business,3,Sci/Tech,True
27756,63e272e3df6e6a58c0aa9b497477f5c472a69b45a6468bcff6ab3618607f164e,3,Sci/Tech,3,Sci/Tech,False
27759,45853f0f8dc051902680e1858c439e00d26017b5d2194fcae280a94c0f268697,0,World,0,World,False
27768,0b6c7f8587d68f652d6aea147d45b3ff4e75c963f9af113b7b486a5628864a0e,3,Sci/Tech,3,Sci/Tech,False
27807,faeb33e5b03a7a13e0fcaeaf4a40eeeca06d002762480804f7bc6bdd4da51f50,0,World,1,Sports,True
27810,8875c77873e37f45b06cd4c220deaf2776e8749f64a249d70dec7dc2b39e50cb,1,Sports,2,Business,True
27827,b1846075e92675ea6fef808a463995644d0342126d91fb7c77ed6daa4315d823,1,Sports,1,Sports,False
27854,f3252dc2ef8a4a0d239c4c2dfaa9b0a90feff241053f4bcbcd579f9f6be5c59f,2,Business,3,Sci/Tech,True
27858,63ee2a37fa5c945145cd12328695ef1d3c24a19a785d753170bec5e898972483,2,Business,2,Business,False
27860,a9b9ddedce0d1a4fdedd4d76d46c128abcc8739f2f6e790767eaeb02f281610c,3,Sci/Tech,3,Sci/Tech,False
27861,6ac89fe04e4fc2bfa9c4bf1f35a692de90821105970451ee2080eb8f23b7fe01,3,Sci/Tech,3,Sci/Tech,False
27877,9718735e1979cedfe0ba42e1444f3128f69d2cde9d9ab2d7a8ca6abac663512e,3,Sci/Tech,3,Sci/Tech,False
27895,7fa2111ac66c6033a4ab6be54461b6f886df32fd7aa91e1c0e3c946b727eb954,1,Sports,2,Business,True
27903,d8cd9b2ec4afcc2e745ac266f970e9220a7c9b7cfa9ae52baf66140efdb342b6,2,Business,2,Business,False
27920,3db646a67e32faae7415bfacabc52948ff052603047ed6aaccaf104d3e32297f,0,World,1,Sports,True
27921,f789c8ab199360ca3e916882047fd6652bb647c23c768bd6df1ca05ccaaa8ad7,0,World,0,World,False
27926,f3418ed4158ee931cb2c8bbf4016a51acdb8b22af86cc4b7c43476f8fda8030c,2,Business,3,Sci/Tech,True
27931,b530742f896255aece625f0fcdf2258377da544d8a0c0b4fbefd8f2e3fbe3f0c,3,Sci/Tech,3,Sci/Tech,False
27950,967eec4aa9b48dc4946a6ec65426853a6780eb413f42114287f637ce32df476a,0,World,0,World,False
27959,84edb4211f2600e1c7a3d08fdf6e1bf68c544e9d78e8accc5848536dfaa40174,0,World,0,World,False
27971,39cdc4218e0947e83031230997edcc94d8c427d3c1394a41dda056a46ca53e84,3,Sci/Tech,3,Sci/Tech,False
27992,0a04f6b46529bf065abf9c024a63466b5daa27b57c43cea4e1e9336dc2cb8586,0,World,0,World,False
27999,42954905997a9f02c0c87d1b768806d25a53e455264f01bbf2b834dd0bb04c7b,1,Sports,1,Sports,False
28000,a4db79504f3f24d832315eee9b1c6e3d32d989533d0eeea775bac1549887eb74,0,World,0,World,False
28039,f4267e477dcd9614d06f6e5c52df5be197f905737a605b2c44bdfdb72dd8c892,2,Business,3,Sci/Tech,True
28044,94cdf0976c64bff17de7d031b5bb7f0565679b78614d7cfdcdf4db2c75a18e8b,1,Sports,1,Sports,False
28071,0c8806ec44a58fda93a406946e97b38d255c974bf84a35a3abfa3e7e3c2bb5a8,1,Sports,1,Sports,False
28074,8d363494071c5f05e6e6d295c84526b285d766ed43d3c03192c74f0e86d2a7c4,1,Sports,1,Sports,False
28088,0344dc7f34ef6375472a45a653d1a684436b31d92db1e5dd09432bdc39a34981,3,Sci/Tech,3,Sci/Tech,False
28108,3750a4cc8b746b4d757572e763bacc9e624c7c07d6dedecc413e03fe82867010,2,Business,3,Sci/Tech,True
28111,9dd3b34ce89d945afded011fbf02bf228d75cc07a5e79a644c92e65c23b74b56,2,Business,2,Business,False
28113,5ef5c4b48e03ff62edc80baf7aa001b652953db876209bddeafd8ba6a90ed59f,0,World,1,Sports,True
28122,7d3c8d3bc69687f12917dbcef1eec7dc0f4706fb6cc91cf939ddb16426da6697,1,Sports,1,Sports,False
28130,d93cf34cd08bc55a93bb4eb7751a2a4a2e3ffefe5764b943fa2fa4c25e577a4b,1,Sports,1,Sports,False
28134,9325edb41abb5336899ebe1bd3be2062adced8cafdaeecec90725db0de1ed901,0,World,0,World,False
28136,1d0a74d064c04fffcbf42ac1f4616204d4c937b2e1c4b67252186865bea6fdce,2,Business,2,Business,False
28159,91dee13665bdfba99d7373a24213a580b1ab0c21f30e18f243ffca88bc5632b4,2,Business,2,Business,False
28166,48d1f4c62aef5c51d2203fb33ac1dcfd2ec35fee28057f5c6c6b58dc48a91b86,2,Business,2,Business,False
28184,2f41c8f75fc447734e8ed5f9ff9c3a295c0fc12c151d15917453d7c43f72f8c9,3,Sci/Tech,3,Sci/Tech,False
28208,801e27bfe4f48dd11671102a939aba3c91a955063a1d58e4660157ebb20f909b,0,World,0,World,False
28214,bc28fcb997c6a0b1a2fcb5db28b61e885020b6301120a1d85c7d0f08d6a31194,1,Sports,1,Sports,False
28223,a8b07d72ca8abafb239ae1c7fc70b11ff8ec2e9945ee96219a265f1069403881,3,Sci/Tech,3,Sci/Tech,False
28245,2dcaec2ea08a8489812988f9862266ee9d22a52b1c2287835293bd2f100c656b,1,Sports,1,Sports,False
28246,4beb3b4a66184183b3285f7e34e5057f0220b830771387dca4d6a955bf9e6a58,0,World,0,World,False
28255,998ad5d0f6c817db590e2f13d3ea9d923b18db0cf3625000b6a21996f439cab5,3,Sci/Tech,3,Sci/Tech,False
28261,06d793cf257031d4912d18065fc3392f9ddf19709c031e7735975be40277917a,2,Business,2,Business,False
28266,d722089bf630098d84649a52acd34d21475598b021edeebe22607ff255e81ff6,2,Business,2,Business,False
28277,da98579e232922b85ca996e7612bcbb8ecceed383e0d3918d3908b32c216fbcd,0,World,0,World,False
28289,109c6d7bd6f3b6738c2589caf8d6c01ecde44deab38bd7818dee41efbcc6942b,2,Business,2,Business,False
28291,6736ad635f4d50aa4755cdb5eccb053cdb519a2f027534be5bfe6c638c4cdbbf,3,Sci/Tech,3,Sci/Tech,False
28292,ffbb323c5b0bddc96633b356e0e44c44f67e76e182cf331167b0651817906d07,2,Business,3,Sci/Tech,True
28294,c892d08a7a2df49ba92e9c0553c70fbe52306186ca2463caa65c6184b5dbefb0,2,Business,3,Sci/Tech,True
28300,1c9af91147329cfd27124f0911de37781051cdb36b547f40328912838501010a,3,Sci/Tech,3,Sci/Tech,False
28336,ee0bd272af4e9ef4c5e01a95a9d5190d2d1e108156d3dd632152c2f585e2f1b6,0,World,0,World,False
28351,1d1b131f74b263b7ae35fbe850d2edf017f84a4dc8ec0a8615590a2222476488,1,Sports,2,Business,True
28352,b904db9dbbe37f90848c2dfc1dcf4a22c81c3cf019eae1f865b38125998a1ce8,1,Sports,1,Sports,False
28353,4fdba83dc5e2df6be2009e32bffec52f31e7bf3ad2828d907dc7bb34bd6dbba1,1,Sports,1,Sports,False
28364,4c5e9f9f54f889c19568abbae447b25d383bd2debc2341f6c6841d5c8d7207b6,2,Business,2,Business,False
28370,e94b912051d80314b715cbdc75fbde1efe58143a081b6f351d856b9f364896c8,0,World,0,World,False
28374,be9ee5cd731aa83199a4a954a38d320841ecbdb304e53255a7b9d238f3517493,3,Sci/Tech,3,Sci/Tech,False
28380,5ec5fa31186b7ae39d738cc9437122ab6d5a64e7396facd63c93e652a04ca604,2,Business,2,Business,False
28436,fb271adb294137cb906253f0caf511dc21df681226fb0462277ad8e64a006d76,0,World,0,World,False
28448,eaacb2f843d8097c45bd03ae7798db52b4ac779da624fb8a9bbac707d58d198f,2,Business,3,Sci/Tech,True
28458,1d61f587ceb6c76bdaf14865e879eed4e3cb360f2ccac26af23738b2d1f10dcc,1,Sports,1,Sports,False
28465,3744e8aecf309f2e28ef94e3ad9970b22ac8705f1ff46c6330bcb66fb4d038af,1,Sports,1,Sports,False
28476,dc163cc2a2d46f3b8ea1717c1a949c3b96357c8ef618e75c3972ae516bab6459,3,Sci/Tech,3,Sci/Tech,False
28487,59343cfca2f749075a8b4fd5d45481e0b931dc162d4d1fdb29967ac1224d09b7,3,Sci/Tech,0,World,True
28491,9674987505ba79b06beb47d4b8b4cf44e4402e2dc8100a16b2d7feb059f0627b,0,World,1,Sports,True
28512,bbe176f200fe42305baac88e1c7b152b2d7702c7b520547a1c7fa2208978b320,1,Sports,1,Sports,False
28518,e6e65dbe190b9fd4aa687724ba2bfd0051768705b7334fecffa120076fa94e52,1,Sports,1,Sports,False
28523,a847da74c37f2797b60b74ffbf21fd188edcae19d8498bc21e82be56a585db56,2,Business,2,Business,False
28546,2d7df3f5a84ea06a2d0840a5fc50d1d9d35f2cf9886b552e0b52a28d44fdb0b8,3,Sci/Tech,3,Sci/Tech,False
28553,456472c402a5fe2372158cad7fb80b52f9ba81aa3c7cdd98dd68ef7819b36524,1,Sports,2,Business,True
28555,9b88081b4693cb3f425c7b36dd93447199cc17df05cee35d1c0e065c52d99667,2,Business,2,Business,False
28556,9db273633fff84d9d6b824f5aa69a411c8a65166b52c01ba94bc8a1b69e73ba5,2,Business,2,Business,False
28565,5317dbfe7eeeecdb9b64d6c2c6ae0293ffe06010c054d99d0d044c37a9dd7628,3,Sci/Tech,3,Sci/Tech,False
28586,ce4a6b635e87cb1e0edbf7274df1b63e382239ff6f4c9935c18b2785b2b61e48,1,Sports,1,Sports,False
28593,fffd5ba7bbd97ad7df2250e33230325cdacb55bfd8bea2531b5ba68674a9a23e,0,World,0,World,False
28600,726c211dd44b5793c6c9beaeea60db1f2c58140de454e75b65a5dd65d62d3f30,3,Sci/Tech,3,Sci/Tech,False
28613,bf5df90780c74abcfc645c3b3abc844f96065b556f859c86aae2403b2552736f,0,World,0,World,False
28622,fa7524377c9604d8c0e4820e9971470e6e5e8dff9751a77c061019d4953ad7a8,1,Sports,1,Sports,False
28626,b53ac472a081c11839bc6fe2d623788499710b320fcecd243a31c5135e148134,0,World,1,Sports,True
28630,1231fdebcc407aa6ea651ce4d2dbe9fba015dc50d5fe56535cebb15589b655b5,3,Sci/Tech,0,World,True
28656,d13a58d54031f6e134cbaca68301353af717afefe4f01ac5fd4aa28ad9e0c92d,0,World,1,Sports,True
28670,a1ade154c3e62b0ae3b1ba1fc0e0dd9271d5a65749650be48aec6a528286c336,1,Sports,1,Sports,False
28675,cdc92a59a18ddd36f0d2c85786bae77185fe91c3c68bd04a7320f72b57c31350,2,Business,2,Business,False
28684,a460f0d3473d5df059cff3255ee9186eef82346ec7a6e32361c794e6a3f48185,0,World,1,Sports,True
28710,c532405bcc27fdcd51b8fa498be23d785e153c8c0efcadc26a4bbba2259da9ea,1,Sports,1,Sports,False
28725,d1bebdeba72200d733bce930c99d3dccb9be50e6618019c847e294c18f905f82,3,Sci/Tech,3,Sci/Tech,False
28729,992097ac9fbeb80d5f9cf7812398ed7b30e40dd3acb003457078b7252c2b6839,2,Business,2,Business,False
28730,e5ed895981078e4933923e76c0f3bcc04bf4a9e7e21efc6d958440746f7a10bf,3,Sci/Tech,0,World,True
28731,7bcba6804d03499152ef5a442781a307eebb260810697b84520fe2918a0832fc,2,Business,2,Business,False
28733,07aa12ce6cc78a6b5ec9524312360207eb9439c489d77439ef162d87fd570bf8,3,Sci/Tech,3,Sci/Tech,False
28747,92361d3d4c4f3a95566325f7e5fd87e5052bf53dfc3b8d93e8fc4f4d57967884,0,World,0,World,False
28753,7f2c474c49f8936e26e5ab794703f4c72ead3237c03f60f9b3a562d1098958c8,3,Sci/Tech,3,Sci/Tech,False
28757,2449e50976bcd614c3e849c42c451cfb0b5af148f6797a9f9b363e826bd1f282,0,World,0,World,False
28803,1404a74c4d0da8bd532a579efe2be89bb1da5057bc2de9dd1e7bffd59a15bbe9,3,Sci/Tech,3,Sci/Tech,False
28805,619c6b287f85e08a17f163bee062e281da9074fd9acc16cd665915e38fb55d3c,3,Sci/Tech,3,Sci/Tech,False
28806,3b0a8887a74e474a77622a3b2de5bcf929408c1985bc70ffb9278426306a9dc2,1,Sports,1,Sports,False
28810,8f2b196aa7dbb970f11e5bf49abc8f6c406f5560e095afbb223c6a46f143a5f1,1,Sports,1,Sports,False
28827,6b2a743e04228267d31bb61c9f9e70eb1729b6460e592691c92c04376f8c89bc,3,Sci/Tech,3,Sci/Tech,False
28880,704c10aa3a23c6b4496225821d5482bfacd5a4dcc89cc91ce5c9dda762c948c7,3,Sci/Tech,3,Sci/Tech,False
28890,067c2757ac34816bdcad7fbb6e94f66ca4c67cf25e036243e128dfbeddf0fdca,2,Business,3,Sci/Tech,True
28916,afb5fddc282d012d4845f5fae2cd0ac922243fe7bb3de207b660c45098496ce9,0,World,0,World,False
28953,77190611eec815c33b2c221ea4fe5c707f24e37d24c7cc64bf569fbfbd685bf4,3,Sci/Tech,3,Sci/Tech,False
28959,8293aabebbe334fc445a560b4b9c3c622b7a1b1aed6b688a096935b8b832565e,1,Sports,1,Sports,False
28961,a1f84535f883efcbcf07c0adb2a07d6dd0f6ff01d5d93821d2b65303f0073430,0,World,0,World,False
28962,870013841e96d5ea6d25a3c95c6bbe184e07cc2a9922d34a2a185d8c0198c9f6,0,World,0,World,False
28963,9770ca5ade9b52e2811711699643b822b5686469312577a4f88946a0cc7b09a7,0,World,1,Sports,True
28992,e22408c96d367571e0f47754c6a8e3b9afffcf76c16adccb62908a6fbc36dff6,0,World,0,World,False
28998,e81a1ab7d1fbceecbdd76f51565bc77ff9e219b7d303947b2cb9aa6ea606ec1a,2,Business,2,Business,False
29002,1b8cfdeffd2c1b72436da197f82f693da3772e97633573e5cd3a5891e2abe452,0,World,0,World,False
29003,7052898a2b2623fafabe87045b075a4a962da07107336d8edcdb530a02a97cfc,1,Sports,1,Sports,False
29006,3b335248bc0c0f9fca8688cfb3650f5a7d43eee33c74bcb6e8682b04650a1f87,3,Sci/Tech,0,World,True
29023,58f770035ae6fe81f7f91224815284b5852bb811938715dc2cf37f9d99aa163d,0,World,0,World,False
29025,c65b34deee9022704049b752e8a5b9e58747faf24f4288c27ae64d45165dc6cf,0,World,0,World,False
29034,e054c6cda50c34855a69f0217355882ca690446f6577af123e960e05fd26bf1f,0,World,0,World,False
29056,6e5f6e321058cd0379c91c71bec5b3cee7723686e2c7cb9f3d4a5fee3ad40319,2,Business,2,Business,False
29067,245538d31a34adb649c7deb7a5d9cc18307251dd59666c1cb6e12023b3874711,0,World,0,World,False
29082,0e185303852ddb673980fa3826c5283d3bcabab795c4fd63c361d30a80e9071e,1,Sports,1,Sports,False
29089,534c92acaa03fe814fb1f7a23bec6bebe0757a970c6d1112de0260c9e85f8e63,2,Business,2,Business,False
29100,4ca51025677023d043dab78c8cbb9022661a5da5eb40f2b159342ce937928400,3,Sci/Tech,3,Sci/Tech,False
29103,2d2517bca42d6086e367b96a588a91b5f203c0e7466c459210210aa6c5cac8fb,1,Sports,1,Sports,False
29105,e64ebba0fec823af7a4a4a1f09c5940aa055e39a41125b0ec72bea8aff71e45c,0,World,0,World,False
29111,65efa2d3252f37cfc4d5d6728247c3be7d6b5f0d3cb82233dbfa80a71c1f8eaa,3,Sci/Tech,3,Sci/Tech,False
29118,762a265c69a59ea3cb29dbf56d096130d54878d1ff74ef5171fb5ea4ff288f90,1,Sports,1,Sports,False
29119,118b52bed366a44d911e92fccb1b858bdf3a0cc72059672de489edbd43add57a,1,Sports,1,Sports,False
29122,9857cf5061ec05656a6800987322c5aba0711a5fee728657b6a0c0e9596a0825,1,Sports,1,Sports,False
29152,1d1e27348928ad42af63e44fa3d1cfec0d1fdf0888bd351dcf17faa5760ff6b2,1,Sports,2,Business,True
29174,88e03382ff8bf3931dc3c1cef6c8f69d4d143d890fd5b2ad8e42a9dfd0cedea6,0,World,0,World,False
29199,ba365a71c4bf972f70d6463bb72833dfc68632364b3194dbfc4edfa33795fb11,2,Business,2,Business,False
29206,38d7bb22559659be59b0cde07b62d1541b90b185cb9e86616eebb6eae58bd7ab,0,World,0,World,False
29209,b7ee11d3311ee2af6cbc65e85941020ec823d888fed68654a647e7c8c3359d66,1,Sports,1,Sports,False
29233,527a43916fb19a9b815771b6d6fc3e0b81993202d73a766d279b0c00c74e9b0e,1,Sports,1,Sports,False
29253,b51f86a9f82579647b1172f4d27c437022695fd4a952d3a233bf49291624ad37,2,Business,2,Business,False
29261,876def8b83d35e1fd6642d1184e16bb4a43b685ec1a961a7679dfaa6338de7ce,1,Sports,2,Business,True
29315,0e3a5deff897bc53b1e6c89bdc068a23539d6e61dc6ba78acbd766be46317f8e,1,Sports,1,Sports,False
29316,7781977352a3cc90037019a7f936d1eaf4a84049815af9f21875cd688a34750e,3,Sci/Tech,3,Sci/Tech,False
29333,62829ce03ac843903395ed1baf733dba602246c27ce55b8e2ebd255ee2ed5ec7,0,World,0,World,False
29337,5d3583c36957e9add40d78bd9bdc3546f938734d0d9b9724e7636441f326a9f0,1,Sports,1,Sports,False
29361,2ae0e5aa260635023a27be83a80dea8b380e4666aeef83ee83d59e21ffbcb507,0,World,1,Sports,True
29362,182e72ee790b7d1b500344b34f24eafde50d13da14cd84471f509d1876888c6d,0,World,0,World,False
29372,05a92d89d8b878fe908a82ce54852d6ddcb74809ba3e6dda06b7b2aada86eb1c,2,Business,2,Business,False
29389,e9b02a5c8aca4b256236f189b59011bd97ebb5787d5bcfab8fc61200ef7389d9,0,World,1,Sports,True
29397,5a490f220bdbedb0b5183e4b6dc87c9416f90e63c4819dba73742ac5be1b3146,2,Business,2,Business,False
29406,0f18106fe9802082919899026d06e0cf7abea215b8df530854455ed72299a9d3,0,World,0,World,False
29425,1985f9a64048045bf6f82f9fa864ad0be66bf7e4fe5666b585741559d855ac75,1,Sports,1,Sports,False
29440,006201b088bd5ed2070bfb419df3efa7776de0166bbaba1d339c9e300dd65edc,1,Sports,1,Sports,False
29447,afc2b9c99e3ea08d6aba5c0294dae75468526aad674243dfd0ab497f38539059,3,Sci/Tech,3,Sci/Tech,False
29456,49e658bd9bfb3ddbe7abf5e30dfd25dbd3e30c587486d1ef9be627c8a9442579,2,Business,2,Business,False
29459,339ea68f6a3b626f4496c22a4bfd143c6eb09ebb01bce790bf806fbffbf13fee,1,Sports,2,Business,True
29485,4c6c16e09e631cbcbc635dcd9c37ee21bba3b743d01f23f2fbc0a2b4b4db317e,0,World,0,World,False
29489,9f78a1b995b3be0c35c42dac7c60c5100bf513878556b615962562089a6b68e4,1,Sports,1,Sports,False
29491,64dee2d7ca826e12165f2adacff5cb73ef8be19581f6fd479d496758b51a1693,1,Sports,1,Sports,False
29508,52c1102de5dd86619d84317d0d62176906fd5acf7bdf4c68a1089d11c2011710,2,Business,3,Sci/Tech,True
29509,d7e694ecc47487f0048af1835cf225dabbcdfce2fff851e12b4656533b8e6659,2,Business,2,Business,False
29557,bf6a065d6f6d088deca54f7a1487c9838a58f31eae4e7f4d70c6bd802f9dc228,1,Sports,1,Sports,False
29558,3c5ac57fb328720e88eeeb2a095e15ec654f1f58f1088f3b1400766ef473d9c4,0,World,0,World,False
29569,96b4ff4f64326d21c54563429cfed61dec6eb561545c22fee92f76883a4b643e,2,Business,2,Business,False
29595,851309b6089e8302828b020a988d79e95c8393984858ee862d0ff2d65461c0f0,3,Sci/Tech,3,Sci/Tech,False
29617,dd075b6d93db4916a64152f88c3c3f64fe88c3845ca010799f8e209c8649c4c6,0,World,0,World,False
29622,4a1bffb075f12586baa40bb8c698f84b2f2bafe268aa009e4a823d980c9e760e,2,Business,3,Sci/Tech,True
29630,d71babe3960387980f7734f851d2d09d94e378c0fec92c318986f3451f6f1348,3,Sci/Tech,3,Sci/Tech,False
29637,1c00c5cc66876c2d402fd05cadd1abaa14dfbcb24ecafaadf28140fc5e091a98,2,Business,3,Sci/Tech,True
29654,f5838c69d496c250f919ff81029927ddb88f708e7210254e895bdcc1998da783,1,Sports,1,Sports,False
29660,f9cfbcfecf59fc72871927cd391d9403e51456debad1941fc157faee1b22523a,2,Business,2,Business,False
29663,4b613397722e794cdc9c1772745303da6bd36280b9086322aafcbbf719ef73d8,3,Sci/Tech,3,Sci/Tech,False
29671,0c2846a94e48e5e1991084b9b89439d5f6f05468cab32d43700ac174d13fcf08,0,World,1,Sports,True
29682,cc5fea2462f616fe3c1e51ced9c7d6266f4b396e4207d0498964fa8ef3804711,2,Business,3,Sci/Tech,True
29707,e68425346df13f3179ceb338493938f327e9b63492c587ee65270fd56e239428,1,Sports,1,Sports,False
29716,ed095a9ccbbdbf36b6542fd373a189a756de8baf743069c0ede703a6bf06d169,2,Business,2,Business,False
29718,85bac14c60b10393b55f8af7ad3d4a7ae35773819721f2cc72e140b63b52b7ef,0,World,0,World,False
29732,c4cf218624049024263429f55de53d596e1099787e3762663f7f024f4389d7dd,2,Business,2,Business,False
29735,12ad178e284f260453bc2e0853a5e30ada3f40b43e999eec176b4233f0ec6d21,3,Sci/Tech,3,Sci/Tech,False
29746,e7edd1dcd50a6b365eb7866ef2167e9dbf30cf8e35cb4010ef9ae9e06ee91389,1,Sports,1,Sports,False
29751,8e2547c01bada994b348c5c215d72b497b17e2999351656b84a8b48ce0a6f990,3,Sci/Tech,3,Sci/Tech,False
29761,f6b2052529bf7e71a4884cc1c2ab32a11964b6c4af7ba0c90ac29bf7138b72b1,2,Business,2,Business,False
29768,eee06d447ff508e84fb8217d24971d3bfd1cb5da3ddbe5bbb060182da2061e02,0,World,0,World,False
29792,1b7d8552228cb2cbde6979fac623ae4c0e83c49febbc06b70ed3a732ad0e8bb6,1,Sports,1,Sports,False
29796,d1e5348425c17e06550d146cc823b0a8d8a9328f5bd8d878c636f740941c62e9,0,World,1,Sports,True
29876,f2fba60434d89520e337a004c4791a931760c90c01f5b4d067a41b34b5f437cd,0,World,0,World,False
29879,1883a8a5a01c8066f63bc0318276f6e6d94717fe5e9a48ad7e4678374747e4ea,2,Business,3,Sci/Tech,True
29885,1662ef0958695282c67e6a56c5c3b90d58e6b930133d9e4c97771b195b977138,3,Sci/Tech,3,Sci/Tech,False
29890,c6406a8cfa8bf13d3222311c830179cca4e547ebda1f338f939c16b602d0c2fb,0,World,0,World,False
29894,35529d1e77106f47f155650ab4ff8de46c92d0447e42bc3d2caba268783caf27,2,Business,2,Business,False
29901,ad58176ed9487698ee5b6639671b99b501701e461fb02983fc8161902d1b05f1,3,Sci/Tech,3,Sci/Tech,False
29917,5dfb986113abd5f2757e244279178d1b57e543e6970b093ca49606fdf965f42a,3,Sci/Tech,3,Sci/Tech,False
29925,3528190ea4a37e7dc98ab894768c0ef15617b9a10f28e6ab909daa1d18624cb9,2,Business,2,Business,False
29928,88ca3243018a4fe502e5d6c0d499e32ec7d54f214545573e5f630338cd7b7097,0,World,0,World,False
29935,7feca8850b4c435b7dd64980a2a3836656d04c65a0443b58daba1a130e360c24,3,Sci/Tech,0,World,True
29941,7557ee5c628c56c5dc077623d2fa6e04241e993a7f499395e802dfc665402af7,0,World,0,World,False
29953,faefd75e52bd015923b393e02fa4c1e6a378def705c4becc50af9c2b53811e11,0,World,0,World,False
29957,104ffd8f44add70a454f7e8992592a6891cf351bb798a0cbdf4739c64f93f13d,2,Business,2,Business,False
30001,7ed3238210d30d68e0bcf677066c8e99bed425fd9e5d565278cba4bf5eef1a16,2,Business,2,Business,False
30008,3bdff628fe08792264e8b802e7988e174c7ebef5aee31ccb654c69f593c6fa4e,3,Sci/Tech,3,Sci/Tech,False
30031,136eb9b4234f05c160f9fd2e21853ee6a2e08d4c959f7920d995c10babf20bc0,3,Sci/Tech,0,World,True
30042,ac8877a183b8d0ee1dc55674fd2c6148cbad9addeeabc4ddf75aa1a81600acff,2,Business,2,Business,False
30044,63f09aa04761c6312063c8963729b313af4afa9ea41e26c074277e7b9da664e8,3,Sci/Tech,3,Sci/Tech,False
30045,4840f3fc1300d41644a6be6542302660c0470e472ed547a2ffeae43f5dda8170,3,Sci/Tech,3,Sci/Tech,False
30064,3cee509e7a9343f032000920a168f7d48f5e28ed33b32327080611acf95b80b2,3,Sci/Tech,0,World,True
30067,9f61abab8bf9df6431fd634d831afb7740d43d123746082eacd254c207c745a1,3,Sci/Tech,3,Sci/Tech,False
30077,3023af062f225589bafc16f45307f6c07faf8ec024fde5ddaa902e0e259a5621,2,Business,2,Business,False
30086,16273d926123bb5ab07d41b0037b783844a2128beddd1a6bfc0f6957c0c3abf3,2,Business,2,Business,False
30112,4a1795ac7aac0409ec7609caa6388aa1b64b7678536ff0bd3d3826fe6de7895f,2,Business,2,Business,False
30118,7703992c5a73fea40b6bbd724a00cba842e350744a61a71860e6b0abea1b34ab,3,Sci/Tech,3,Sci/Tech,False
30141,a9f5f3c06d7de5dc0d3fd81a6db2ff7555f5bb314860d1a2fb7ab3cd3bd4817a,3,Sci/Tech,3,Sci/Tech,False
30144,f78383abc274d16cf6a7b2e33ff8ab1b1512e0ab5a9e6da3c4d05b287ec3bb5f,1,Sports,2,Business,True
30163,8e60fcc2c57841be04fe469ae1da8bb3006fc2fe96ee192c7b6205f2675e6056,3,Sci/Tech,3,Sci/Tech,False
30164,c4ea78280b850e6d767a7b7330b26e57584b322336114cbe2288de78811d93f7,3,Sci/Tech,3,Sci/Tech,False
30185,008a2c5b294ebe1ad52392977d858b40dd4b007d7fdf4ec13295eb97755dfcec,0,World,0,World,False
30188,9a8e706a949baa1762e246ab5f6acc45d4f749a51d91650c324a9df183cacc11,2,Business,2,Business,False
30197,e5765c5e9be8fc38ce010af1cdf9ba6f08c830b1e187e4b4ea0afa823be52033,0,World,0,World,False
30199,9282ffee14c4aa5f2ce00aabf105352d05a11fd6c18d23446e60eb3562392a37,1,Sports,1,Sports,False
30201,4a8bfbc691891364e5772e813419ef92b35ba305aa2ac33299a1046fe80e1fa8,2,Business,2,Business,False
30228,3a3a6d975be32b1deb897f4fc9e4186d142f890472076f09099e84d549695c8e,1,Sports,1,Sports,False
30243,d5faeca6238b019084529ed30c944fe61f61b779a475d6194f5c26c1bd239124,2,Business,2,Business,False
30250,aa79799b2d3366f93edb3a70dcba8072d8b2bd931d7ef5aa2b6359afb121e46f,3,Sci/Tech,3,Sci/Tech,False
30260,e795780b8d7e2a04bb9026bb5a243a32c0a77adf97d105133a52308529d81cd3,3,Sci/Tech,0,World,True
30279,32aa419183413b8628ac55c5a1f441c8f154117e94fe90fa5bf7672a33bd704c,1,Sports,2,Business,True
30336,d9a6a1b33756beb495d438e012ebe1f81e803e7290be5f6e6643c4e6812b5cc7,0,World,0,World,False
30339,6076c30801f62b593d16fae0f1c3ba9671469bbc5267280945598a9be9baaba2,3,Sci/Tech,3,Sci/Tech,False
30366,2fbc7fa2c38a591b0fd94a7f4d2fd549732498490619c43e909eff842d8f2d6c,0,World,0,World,False
30380,3499d2ec2528b0862aaa1513a8a3dabfe2da48d37e1fee66fa6fc8c5f2920437,0,World,0,World,False
30422,341d0dae8a024de2c19978d710bd020f96caff89e9122e2c2c034a596ded89a6,1,Sports,1,Sports,False
30432,a6d686a6da4611bdff645aaf8193ae214738ab0e32bdf5b95997e6cb79d6a086,0,World,0,World,False
30447,e38bff68dfc3d47f941d1835d1af52bc42770dcc3f8883d2dc292190bd5744c0,0,World,0,World,False
30472,f37c04dac3da06fc7a5b15d1889a3eec2dd390481f6405a3697c8a710481c27f,0,World,0,World,False
30473,39f5d8d7f569cadf6e0b11340887422f6d456351fbf516dbd8a1e73dee9a8e41,2,Business,3,Sci/Tech,True
30482,f22f5f0da1ff2122c56a94406576a805d80e4c8bf2533dde79a9951d16c08f7d,1,Sports,1,Sports,False
30496,02e2fa72653d2c6d90403ab3c2fffa906ab146f5b8e8a1194e119ddae7651438,2,Business,2,Business,False
30499,83a5111b9bc289ddac958d6ec67a3ee199853f458095240f481444f753b464c0,1,Sports,1,Sports,False
30504,0bf1a91df5d8dfb60a6f97da89c71e34fccabafdce71b12ebe24f2635f04ce31,0,World,0,World,False
30509,24349d34c04b0ed8e7979a0862e9fb928f5b3bf5914438d7f4aadaa6895dd788,3,Sci/Tech,3,Sci/Tech,False
30510,d4b9d413c098a0efd58562043ba061e9dd078a8f3a6b10fe6d0468d7ab373fa4,1,Sports,1,Sports,False
30515,3c876d9df054660347d1fd679c085bf395663f7c118e95ef7155b5a0d171e7c8,2,Business,2,Business,False
30517,61d4834b55b1256573837c35a83a7da1ab9c7fe3346212526fb2f73f24aa6c8c,3,Sci/Tech,3,Sci/Tech,False
30527,df42a4fc83e9890045f2e53f20750419f9851c2277085524a025bbb723262769,0,World,0,World,False
30544,880802a521e74d0f5503daf00c81ef64bc057d5900f701670817c1b8d673dee6,2,Business,2,Business,False
30584,547587bda45b9aa2873cca01db0309c6a89339f98e663d00dfcba351cc5d4b99,3,Sci/Tech,3,Sci/Tech,False
30607,1f92260b382a6ddee4fc4bc1217a629b8b86b2af9dc587f85ced61be07c76fd8,1,Sports,1,Sports,False
30625,eca9768e0f86bb39512678cadf9e8c1e6f4f6b988e9803d92da57687dc4ef975,0,World,0,World,False
30626,373b2911d1df3f0bf5f09b7e8fe8dcecb30338549e9a3c21aaf314afff31a196,3,Sci/Tech,3,Sci/Tech,False
30631,4a1c2795824f6fb9e1bf40722b41901e201db4d4628de737fa13ae9edf33ca82,3,Sci/Tech,3,Sci/Tech,False
30636,445016c01023921c9055fc955bc2c3c8a804d0c3a67ec7b152a29761fb9f36d8,1,Sports,1,Sports,False
30668,3619f43c47a89d52de6d7a57b4efb2aaf3564d8817fa0162e1d66704e48eba4a,0,World,1,Sports,True
30704,b0703a85b1c5b2cf4b970cf5eebbb6275f3dc99797474dea2c8f24b07ad74e18,1,Sports,1,Sports,False
30741,0adf5661f4d93bb81a51cd9dc802157f22ee362c3163ede14ccc27bdb50a31dc,3,Sci/Tech,3,Sci/Tech,False
30762,b0efc77a5b61b9f1bc5e064d8b88a3646fbba5235147db09a0dab31714aa3703,2,Business,2,Business,False
30763,9b484031673738a04ec3707b0db51d735b3bfdc1e6065db1ecb9659830c29ff9,0,World,1,Sports,True
30765,6858b0320aba3d604276c5b2f8984705e5b683f0cd12cbed4e2189a631150ef7,0,World,0,World,False
30783,e358f8a98b1518e184c56f39ec781840486c734d04fc7b775ce2fef8516d880e,3,Sci/Tech,3,Sci/Tech,False
30786,a3b0e0cbe2fe6e85b60f1c17c58eb3202e01a434729b6a0b00199347b88defd8,3,Sci/Tech,3,Sci/Tech,False
30805,a74de3e6247819f5605ba8985e1f74e4af1e9cf9b0a462ee9dfeeeb415b3c15c,3,Sci/Tech,0,World,True
30841,0ba1e6e078caf319368254e0685ff306341b83bbb7b416f593d956fd999e1d47,3,Sci/Tech,0,World,True
30845,7f0e69529cfef8c4bf4f24760c2a7a7190ca52f40856f77e07fc5501667cc5fd,2,Business,2,Business,False
30859,2f184e116c8fb342fbbf0e1acb5b3b7daaf6dfb91dff254271118427d500fd54,0,World,1,Sports,True
30878,c1698d491fca65e6e348136253f3f8d81507758fbdd202e63bcf9e2e217a45af,2,Business,2,Business,False
30882,d7fbd7d3940b0def3128f9f9d2ce78852045ddeacd8cf3257c78b2be434ee037,1,Sports,1,Sports,False
30887,9f9c5f0bb471fb2a81520151e34035d8a4302ad3b25380ec05b347f53adc0db8,0,World,0,World,False
30909,7733439ea768139ff2c912b52c01e6367316866a447581805ee552f53397a363,0,World,1,Sports,True
30910,7f6ad2df30ee9fad8f63578c4a25273186bd41f08c0952fd82669aa182dd82cd,0,World,0,World,False
30913,23b675445ddda36ce68d9dc179cf2e0b51eca19a590566fa5fe843b878b7059f,2,Business,2,Business,False
30959,6de8346e55371912582bd3d28e1d5dad6a83d63b9412d8a1a8b5110c39567615,2,Business,2,Business,False
30991,9a3d8f6ddd489088c1fc4b9465283cb446f6eb09c9fb5c606d3b78429e974fd8,2,Business,2,Business,False
30994,3933ad6f08e4f3aa5fe24a8332bcfd74b385c49c22afa6f26cc75984c0584577,2,Business,2,Business,False
30995,29e2875a5048df79d326678808744cff09cd61d8d603d723bb76f7871415e35e,3,Sci/Tech,3,Sci/Tech,False
31016,a144ec3200f071abebdff5914febdaeef2e11d14f44afe1179b15d7585db3517,3,Sci/Tech,3,Sci/Tech,False
31071,281ae1f844ce5714ca64cae3f30d8a0a3ab10591e0dc40137b956a66510d4cfd,2,Business,3,Sci/Tech,True
31076,48928373183a82cf2cad45e5bf7add9ca3a74d42c70287414d51282dd770c4a7,2,Business,3,Sci/Tech,True
31082,7f16a8ee406b270ab73c82c7b28c3d5c768d8ec0a39d778edddccb0a37e562d4,3,Sci/Tech,3,Sci/Tech,False
31112,3f7abe90b23d27f05c6f239e0598793934fa0543ffae61d203e419fd283bbca4,3,Sci/Tech,3,Sci/Tech,False
31114,ec6ddbd2bf42c47274c5eae38f8755145e022a807e4ce3c5e7766762ee92bfe3,2,Business,3,Sci/Tech,True
31118,c7d34d4fe1bf05f67f85f56eb7b85e1d50e2fb032f7a9c973da718ff4bcf7d75,2,Business,2,Business,False
31144,fb5aa318737cd4135412c365fce76cc4255384b36c339cfa3de5c2e3f0ad0221,2,Business,2,Business,False
31145,c0ff9a72decd53ffb11707f67fc4486d622a392edf247bcae8c25dafaf0aa964,2,Business,2,Business,False
31150,935d7453dbcbf2d53465d18500b3a61a47e29e873945852fe3f69ff9abdcdd4c,1,Sports,2,Business,True
31155,3a87aa90f2ab732f30fd4fb2a2c59620750ccb2b0b546dbfe8749a0c9e19d994,0,World,0,World,False
31159,efceaf5b9b9646196cad111f288d72650ceb106e945b9f48fac412bdfb4bd6de,1,Sports,1,Sports,False
31176,5281090c15c2011200253dbfc330c03053f6bbbb73c26d4365529e3267f0f6a6,2,Business,2,Business,False
31194,d3556024519c72ffb53acd7982a1b63353783540f7625d2b71839e8e83fe4401,1,Sports,1,Sports,False
31230,9324f73551b8929541df3bd3bb17446d171fd203af099b43c7969570c0509352,1,Sports,1,Sports,False
31239,e27f957c8eab81d7b03284576655e31a198b7f8d50269014c50f2f2c89d8a4aa,3,Sci/Tech,3,Sci/Tech,False
31249,430b0e81e5bc46e0a8f178b8ac171715bafb9c6bedbe4c6f68f60b2979286f9d,3,Sci/Tech,0,World,True
31280,f718d5ab06ca366276ba637311b3428e282af0e086d74f486cfd0eb671007988,0,World,0,World,False
31311,bffc176879032ce1ba631cecf9f07671508d192f6baad8b1ad3ae69f957a25e9,3,Sci/Tech,3,Sci/Tech,False
31322,058f12d720dc986fc39041d19cbc3d163d85570cfe418dda008e45d8065191ae,2,Business,3,Sci/Tech,True
31326,37302370bd30fe2a58193576bd058f57947caccd2e4cc0c1572d40087b9d993e,3,Sci/Tech,3,Sci/Tech,False
31362,cf0a3aa95ac99469f74f0777d624756a3f59f2b0872a7ec6c8e28f2429f428dc,0,World,0,World,False
31364,18d79d4d38ac6ec55b37c304a80184a35211a415fea42696741543ca75417af5,3,Sci/Tech,3,Sci/Tech,False
31391,c023c85ddf697f63c96af8bfc71215cebe6a2ea2e63dd7954bb3a9c6431bc1bf,0,World,0,World,False
31394,8083ac1d249868cce8a2838186fa22c68aaec9c2831d1ac1c3bf1ec1b3b5daae,2,Business,2,Business,False
31400,42e244615b8798ce1a6914c93d0a3dc9ef3e8b8d8bdc88b40929fa9be545f471,0,World,1,Sports,True
31407,45b0609c56e333231d25b6b2cc9ba39e33e02d8a3b8148058cf305f6c824e0b0,1,Sports,2,Business,True
31414,bd174f23965a50591d9d75dd836b7f56253154acdd398580c9771781b73c2ea2,0,World,0,World,False
31417,69df6d4d991e4ca96192ac78d7f521f8dd20ba56d239af75b9c48e9104ada145,0,World,0,World,False
31421,37156b95df11b83b767efca3edb877bf79ca990f4ee54abfd6800793addfe456,1,Sports,1,Sports,False
31440,077a2339735a6d1372c63e077a250ff25624e56d6541fdf704c0e0f1b09abe0e,1,Sports,1,Sports,False
31493,515857ad4a4bfd17408d9986b589ddd3f75c5c192a9fc0ff8d9be82eb48dd695,1,Sports,1,Sports,False
31495,c8e2d3d5523dd208e176d504140076b8cef3d0c361e7295392001b92ee4a8359,1,Sports,1,Sports,False
31507,6d6d7a9288a497c911b2aef098bd274be89f01b25d6b108de5e269bf06631908,2,Business,2,Business,False
31511,4d9901f23073613df10893b25c79df0272f8eecd95b89d08aa16edd634f1fac6,1,Sports,2,Business,True
31520,18cb47966f873251388fae4526cf0e0b2569640d8c1220e63a232a0c3fc0d886,1,Sports,1,Sports,False
31547,f9882cadaa38db15b611ca0e2de3b0c7cbbadee478311e059cc44afcfad31c0a,1,Sports,2,Business,True
31560,1241536ec5b584a196b752ee897434b65bf0d5a18d54dc65f0b45a8421a70947,2,Business,2,Business,False
31568,30b1adb5f12a376fdeb3e1e6e7be44e767ee0537276a0bdc8801ddbb2c7044d6,1,Sports,1,Sports,False
31572,9842cc6d7d91798066c7b31e975e41f8c9748915451a337dbc4b0676a89affee,0,World,0,World,False
31586,f945b6468ad2abd77046d15e9bdec0f18b7a2dca3ed96cd8bf3a35aeb076f35c,2,Business,2,Business,False
31595,550b5a6424f787211d853066cf23084dce09056807527f7378081891710f3d62,1,Sports,1,Sports,False
31609,1a6c1fa2ec1129c05208daaca6ac0d24254076648aed59f68e1faba9bc914e70,0,World,0,World,False
31633,c75d456012e3280180c2cf4a70a26d03c839b6cee16cbfcaf3e4047345a7c0b7,1,Sports,2,Business,True
31637,eab2564168c4594cef799daa890670f0fbf18b8fccbb5eaab1395ce4b6782007,0,World,0,World,False
31641,479a965649f2ee56eec10373dce7b5dcb29816c5e2658cbdae9a407e8731a563,2,Business,2,Business,False
31660,ca609c651a66103c51ca0f56f2b0228c45977f7b6e2a1654fd479a1d4fe03f33,1,Sports,1,Sports,False
31673,4f654b73a80916d46f5d5f32131e78b45ead3e39741393931578220a5b52403e,3,Sci/Tech,0,World,True
31687,9f680e79b631d6dffe0453b4c20dae9de50a1e34e2513c2c721aedf3e2ebee36,2,Business,3,Sci/Tech,True
31689,c21d1f87df4f3afc120bd6bc96fb60451898142556d79efeb68e6ec873b58bcc,1,Sports,2,Business,True
31690,60f6372ab6243d2686e75adaae99373d5cec39c52a8985f21e44ed03db295d5c,1,Sports,1,Sports,False
31700,b4a93d82966889983f981d623e457977dbcba1935ba8ae718c13a7adc2c2314f,1,Sports,1,Sports,False
31711,d3ed29fbbec8d4197cf89fbcb5d213b732ab179bc1a87838ece95aad151acb50,0,World,0,World,False
31747,fb784652a7aeeacf15f3dd93086394e545213364b1cfdc01cdf2ba1aaa5f0fa0,2,Business,2,Business,False
31754,aa04189142d124feeb9f1b14173b9d508d1c6e37430197a6eb111dce1d80fe13,1,Sports,2,Business,True
31760,003c54a7d3d04d9898ba5e5fa14b392e7830eb624956f6ab4073cbae7b0f18df,1,Sports,2,Business,True
31769,0a3106bd46a9f9fa98419c56c460f273afa20c695245a4f3925e564e2b64761a,2,Business,3,Sci/Tech,True
31772,b18d78d96c8fdaef8497f9ee12fb901c84b1ab59ab4fe1350e0098e751a1bc14,1,Sports,1,Sports,False
31774,ca6663537089c26eca074b7ee1ba570137121116959e9adf23e10eb3ee18dc5e,1,Sports,1,Sports,False
31786,4f798eb2c7a4cfa204bc6573a4c03f84a2091f9de714d8123ab68cc31baedc29,3,Sci/Tech,3,Sci/Tech,False
31820,3a151f8106d89f3a9a252f1bdd26e6e1c1719eb63a784a08f0a841b89e004099,3,Sci/Tech,3,Sci/Tech,False
31830,04f97e4987adb7d89e2bc30067c7b9a63a8ba85fc393a4be4a9981ed9382c7c8,0,World,0,World,False
31842,7ea54fe3ab3117f77deea87eb8f0611e353e437ab0b46b1d294e318e91c54a81,0,World,0,World,False
31843,f06e07c03a2a53d341fa2d57bc1bdb01b0d9816d8467ec287e07f754abbf3b3d,0,World,1,Sports,True
31845,ca7386e0d172b93a98be498f632fed4728df30063aa9219e18cfd4a9e233e447,0,World,0,World,False
31854,d672c7eabcf2231e46e167be5960dcb5661e1fe05ad2b7263e5cedd5857eddaf,3,Sci/Tech,0,World,True
31860,b7dd8109e29d5c79a34bd0f1693e4bd80af250be57843cfe87e1c79103d3033e,1,Sports,1,Sports,False
31864,f0e51a8256d9e5c23b54952a0b1340edc440d2b192110e0ea48e6a5b7582341f,0,World,0,World,False
31886,5a4361526cee1afce6a3cf4388885b4d1c2f2f6457624d4c682bac8ecb5df822,0,World,1,Sports,True
31890,b530191b0a38ddbf5a4b8b8ac0685c87a19fd813a107f0400d85ae49d03aff51,0,World,1,Sports,True
31898,001b01675345566a0c9517768c2e0d9fc6bfc64ed837ce58856d81ff4a797778,1,Sports,1,Sports,False
31910,e81319541761e990ffefcd74033fd0673bfd95af1577723871c253d87ce2a337,2,Business,2,Business,False
31935,47a689c43f7bd545c5d0aaf1e037fb69f3508e97db55046d2e49a57bfccda3b0,0,World,0,World,False
31945,22bd89bb33dc0bab5a8a4eeeffbfc3c4d7670a20669172f7f30a659472c88127,1,Sports,1,Sports,False
31957,e269f5a665be663b099dfd947c044f823608ffe34304a8ef1c168fea1911f117,2,Business,3,Sci/Tech,True
31970,d53405702b2c3ada215c4d4cf333734fdbae99b932d3432a1d6410ebff6d7dc3,1,Sports,1,Sports,False
31984,7f43e310448d06d63727cf4e5f7967f01fa026f9b9e6a6ecea8a0fb4179cb17f,0,World,0,World,False
32004,9a9f52470126494c3a9d9d2da5ac9fc9c7549cf2734e0c4605ddf995b055cede,0,World,0,World,False
32010,2f28adbf8efe363c36e0d3c40551bd615fd5565e5d3d7aaeace12e24ac9b95d9,3,Sci/Tech,3,Sci/Tech,False
32012,ac3928e5a0ffcf43a7c2824ded3c78184667e412753ca0da3b5f8eadd63592f4,0,World,0,World,False
32031,c06a794d6968be1429ae92cb22e2c1966f5709041be81fcc0ae5e6dd8f365ab9,0,World,1,Sports,True
32035,4e2b8dea8e2d661a5d035a7de88162e9df84ff45bf68181e5d929bf1c7518035,0,World,0,World,False
32050,f127faea6a142ad525cde0393ff2eb740d819b428be3a8a1d7d8fe9abfd3dda4,1,Sports,1,Sports,False
32087,a56e68161ce26377cf8fb79585bde8035ec94a81627f847e470e2e5e59727c75,0,World,0,World,False
32092,814781cf4223f01068d10ab5563ababa2b84e1056559781775336cfa1f60e8c4,1,Sports,2,Business,True
32113,788eaf6edab641d8d666111575cdbcaf739efa108ccc001137d8d90f49bf4d4e,0,World,1,Sports,True
32167,65a15a28df6f620e7ea3c3908343370ee5ba5c5a8a130abe3158809c088a3d65,0,World,0,World,False
32172,e51a67644c330a282fdd15adfac9ec46460b45fb6d727cfa49042d8fada3fe00,3,Sci/Tech,3,Sci/Tech,False
32177,f99b80db8fab1d600f5cb4fe74693f80222f0e61c1b2c318a524fbe8cd7313a0,0,World,0,World,False
32182,70cfa886a428bdd9744291c00bbc0d6349631f1114d41d341a788890c66a00ce,1,Sports,1,Sports,False
32219,2641f0c5ff3ce23210b2134216f9ad465cd4dfbd280a269c41ecd1724a54b2d2,1,Sports,1,Sports,False
32247,aca4d9a47cf139b17783a46354c873286ca5ab7d3753340e4c20cfcb1dae1322,0,World,0,World,False
32267,3e2267cacc3d9a1f19944a11d89942aa1b0d35a39029c0fad506a61a67348f39,1,Sports,1,Sports,False
32269,8cd166d16e020f1384be08e6c9ec0281beb488b1fe9914be3e936253bc4c509d,0,World,1,Sports,True
32278,b8a2bf691234c375a435b72d809ffa75722557e79beed13d4482ed1de5ca26c1,1,Sports,1,Sports,False
32280,4811aa633d030e7976f8c5651cc835aa9ebd2d28e59757d488d4e262b8befaa2,1,Sports,1,Sports,False
32302,a4a032c4288e4f87d148e93f0ae0e20c06798594de80640390e02e39c31ef9bf,2,Business,2,Business,False
32329,cfb2e6b08d13185bbe06028c4f1ab92d22ecd7bc1fb5913e16379e7abc546cd2,1,Sports,1,Sports,False
32367,03c9fb09a7e7c10e5de8e3742d00e5ff61a33126ef56bb1db4e5c16c570d5914,0,World,0,World,False
32377,a88105ad2595cb72418344d1c7a86d2331bd9ee757094a96e72d959231ea0ce7,2,Business,2,Business,False
32385,b9e6b34e33b9b8673dea697e0e1a7c2222fd5195be965f9286e29ec22a0b0347,0,World,0,World,False
32392,e5f82c7a8fdfc58e7ea867e0385f63e729545be59a08104cfdb19c7dfe8790e0,2,Business,2,Business,False
32399,5774817e25c3aceeda6599b9a3345dfd8e682586ce9c6384f4cdf41de5300288,3,Sci/Tech,3,Sci/Tech,False
32417,389825fbf21ca956df6c7dccb395af1e38afa9e228668f9b46c6de2ffe272c4c,3,Sci/Tech,3,Sci/Tech,False
32426,b760260b39c7e27b8af29eb5c80b8055ff4a34e9d84e654b16273c6d98873ba3,0,World,0,World,False
32438,42b0c715c5c49158c0b758952ddcf367b6e5ac1ad2a1a5e6530230022a4d0624,0,World,0,World,False
32451,93d2013a3c71a76353c2c25bb0110602f558ad6807f4fd5f9cebd9238e826666,1,Sports,1,Sports,False
32456,be34fdbb8105187aa4518846c3b7851bf5a8a6a1244143a8216bade2a8b73a07,1,Sports,1,Sports,False
32459,26a499e513e8153f39771b3ec4b015b150aeb92c1d540145f5cfb4447c002456,1,Sports,1,Sports,False
32469,922f9556d6dd1e8cc5ae25072dc58be268a778c875a123adee6e963ecf81cd03,1,Sports,2,Business,True
32472,5005b3b3f69db3e814c3b56e8a6d72e9f8704b8aa41d8d6a10107defeb8abd39,3,Sci/Tech,3,Sci/Tech,False
32480,d11c334b6c742913001fa09bcb28260af0eb33d140b5f31aadfc5fe040451220,0,World,0,World,False
32486,f8f72066e13493331129f938cc622ae16f034967d61901af5fda61527eecbd68,0,World,1,Sports,True
32512,191401dc4231ad6acef8b4112c05d3dfb96e98fb54210b11be6886dcfb3cee4f,3,Sci/Tech,3,Sci/Tech,False
32525,8ff8765358ea04761060200bf9054726ae292cbf08b484c41fdc8f4bb15e72e3,1,Sports,1,Sports,False
32549,57189a8ba1980c370f77e0a100a008a46b21ed031d1a311bef7209d7dd045d4d,3,Sci/Tech,3,Sci/Tech,False
32554,b57d9aa27e461ab48cb4d4b7741b552046abfedd7ebf23ea34979677bb7b21fd,1,Sports,1,Sports,False
32568,548a4134eaf22861a402dd192c4f75cd5329aefc614af17587149a1d04dcff35,0,World,0,World,False
32593,4ca0d342a74f54e81fed5253e328cdc98fc717aad714967040707228f60e9dc4,1,Sports,1,Sports,False
32600,2e648285592d34599e51035ae493186207e388da58cd84e55334c047b3ba46b8,0,World,0,World,False
32603,711febeb38f5c6ad625062af93a2acb0e5db86a7997b1e816149f9eae960e2a0,0,World,0,World,False
32612,495c024c235b0e8fa9d53a82e17d1e72783495900b6018ea19a6c1d9a4a035ee,1,Sports,1,Sports,False
32617,54d96a5fb823e98bc8df08ea57536b5d0abff68db9c5fd98dbfd31f68bffb264,1,Sports,2,Business,True
32619,4f98fac1f9c2967ff622e25987a781878f93fa4a9bbe69274a1baf308610f3ad,2,Business,3,Sci/Tech,True
32666,05040d70f02ed60addc96f7cb5dd51c364edcf0d3cf2a054cf14dfeb285633cf,1,Sports,1,Sports,False
32681,4679ed82fb9bbbf0d0a75b09b6c2b14b5f278baaefea87b9d6cf506e7f6b62b3,0,World,0,World,False
32710,2894f2ddbfd12ee4b667dade118b497369a283d71002e104f2f0d12b3cce48a0,0,World,1,Sports,True
32720,25d77ea86da2345586a1f5db5f4c558efca9a1d0143497a2529eae3021c7097a,3,Sci/Tech,3,Sci/Tech,False
32732,0ce6d2d5bc0db8aef5d6c03d4e7feffdd1d6f0cf060321f4b38b6e403eab64a4,0,World,1,Sports,True
32743,b85a61a17ee51d03e70c87736bb68409b95112489544d983913bc586e279a4ba,2,Business,2,Business,False
32761,9f7173b8e4a48f22570e92a20c6cc6040e0c4d37f073db25a98fbf9d832a9383,0,World,0,World,False
32765,35547b5410c675d67451f0de32083eb0bfea841b0b97ac0509570a8c3364c22f,0,World,0,World,False
32774,5e5d94b632af2c060df296f315807c2dc47b6c6e940dc73ca78357f61c4b271e,1,Sports,1,Sports,False
32780,c453bdc1f77909c3ce3a736f823cafaab28d4b67961a168d0318ef1ea20c73ee,0,World,0,World,False
32785,a002095af3149f6e4c6345df6181d45a90b100cd94d8729669a743f06f7220be,3,Sci/Tech,3,Sci/Tech,False
32789,6b5cfc32de04b20a015aad0441e168d2c436c02cbe98f194790bad1434b8d585,3,Sci/Tech,3,Sci/Tech,False
32793,bf6f96da58598cb346b37957a3611db4895acc6894df3b94318f7802b018f3b0,3,Sci/Tech,3,Sci/Tech,False
32820,98ec14a54f805298062a93dbdcd326b28a14a789b7e9f3767ef4469ef1f8f164,1,Sports,1,Sports,False
32821,bc1e3b43e0ef337717fe940f0c6ddd24f33ba079c07fea848d286d93b0d6fa6d,0,World,1,Sports,True
32832,91f78c49793b2ba5d21851e9916fec136c36df889cb4789ea53f082f3cdc23c6,0,World,0,World,False
32855,fbde46b8e3ec5d0ed239c3bf3f19c5b72f04778fbbe8b3c0436e4f1a78dd3ccf,0,World,1,Sports,True
32867,c596118c2ce8cad22667f897419b45464eaea44683a3f51b81702a1c1563a369,2,Business,2,Business,False
32885,b40f498dfeb04bf56e5c83d45965137b68954113416b081412cf637e03c35774,2,Business,3,Sci/Tech,True
32887,41ae061e9e16443102d5a3687f6089f6f379c5e8e86145d929afe8cc7c94404b,0,World,0,World,False
32910,832176525e835e1e349abc7b0ca75aa60877ab4b5ca308c3265e1a4649ffab6c,3,Sci/Tech,0,World,True
32930,085d577417f83c5ddbeaa950b2aeabb1d26e2603d9adac8f1f9e6a4a04bf12a8,0,World,0,World,False
32956,a7bd245fe7c9c2d2b75ba4d82c78ba6b2151316becf185503b49bddbe9ca9477,2,Business,2,Business,False
32957,11a2698a24755543051068245df52af9cd6da0cbe2500946017194d4e93d566e,2,Business,2,Business,False
32975,b8ac528b38beb31e574d58535cd834c782dc88cbcf9cc8fa4b8ee1a596b7a018,1,Sports,1,Sports,False
32978,623f6e706631fa02e117effe345eeb082e7260fe3ab0d077041d56f7e92acf3c,3,Sci/Tech,3,Sci/Tech,False
32981,c570e99446db4447c88c8302cbb36175159ae7c4b152265579c41fb218948dcf,0,World,0,World,False
32988,39bdcd3a2888caf16734d564d7e693f4ad3ac2a3793581b79bbd0e145d847b83,1,Sports,1,Sports,False
32990,61f585b39e0c3807d36cff26b3525321f537b12f85dc18ed91997ded44719382,0,World,0,World,False
33000,97f1a48bdc12ebe8c25e2c79ea44fd21c201b2a2c5a1a6c20829a9f899ac736b,1,Sports,2,Business,True
33003,2f8a377613cd41312681cce857606732308b64f15388cd1253c61c7f1f848730,1,Sports,1,Sports,False
33032,1d5f7c8d9c33d3327a24221b216d518887c49763dc65fdd28a82f58eddec4cb9,0,World,0,World,False
33036,e24f05e4577690bb5cfecf836b2a437bd885faa27e682f3329cdf36b74e998cf,0,World,0,World,False
33038,e763d3f0c890d400cd50e1a8e9a272ed1a2a0891cbbbb99849b4c6fe4167e116,2,Business,2,Business,False
33050,7bbea19642aaa652f7d7133a0eae039afa98d3a89a31b072c0885990b61ed4fa,1,Sports,1,Sports,False
33056,a48430f7111069ee9596ff9020f950469c164f07300588b0dfeefed4e1b28a0f,1,Sports,1,Sports,False
33079,0b1ac8604086aa3587af4c12c605ab57e16c58b51ef354d4576028e496ea7066,3,Sci/Tech,0,World,True
33083,1c2a49bda4fb61af4dd4b40eeb9df2f74f234ad723cd6fb7ada60111885a0a49,0,World,0,World,False
33117,93427156ce9acf144047b3c9a2c05bf6ee7da4ec996ccf6627e9cb5330d7c93a,3,Sci/Tech,3,Sci/Tech,False
33125,768b635d75a3e50e06634cfa4dbe660d82695d8f41f871aa7e1acc6c03b8b2d6,1,Sports,2,Business,True
33157,7b37e18fdea1e912a06e28c671ad4f92357157716d90dfb90e2557e56b4cfef0,3,Sci/Tech,3,Sci/Tech,False
33168,9bc7d7ef32a4789f4934c9119896c7887aca62be37f96b685e0d3ec14daec22f,0,World,0,World,False
33173,08f8449aa0114bf1863b7a4c7e9d5159e4f5719cc77503f96255cd11bff1000f,2,Business,2,Business,False
33177,83af413f60ce0fa506f9e88ccf8217c5b93bc72ab43f1b19b3332bf47a19121e,3,Sci/Tech,3,Sci/Tech,False
33182,149784f02b739e3e77ae35889e61ba410de967b0a2aad69f68d2b5f0eefc33af,3,Sci/Tech,3,Sci/Tech,False
33184,b46e4d19a781d8840eaafccfddaea36435ba152c66aa205c13bfc4cac22df797,1,Sports,1,Sports,False
33186,3789eee49b4ee84630b6ec561ff12312c6953e3abee096a686a577f8a2740190,1,Sports,2,Business,True
33193,8467e7ef1faa9702bf49d5e63502df342e7e35572e3f36ec3dfa5c3c873eedbf,0,World,0,World,False
33203,6fb32448451864cf97d40aec599095f5f9e26cab0151b969831bcf5b1046b61d,2,Business,2,Business,False
33216,f46f9dff3b561f94b386d707b7879afad7798391de5967a37c2efed00c006030,2,Business,3,Sci/Tech,True
33217,d24d51c57561fdb26e8498e11aecf1936cd0d2026d366b9a627ed0d72c003f53,1,Sports,1,Sports,False
33227,5d9ff28c2199733a1f3d74ff6163a4b6af5136960faab05f4f4a7f640fa46244,1,Sports,1,Sports,False
33238,52b39f4f50ad370619abad63350f3ca41b83549808ebe130f8c35cb8c07049e1,1,Sports,1,Sports,False
33256,30e4c51697542e95471f9534155971cdd829eee16df5d68a51d306f145bbc559,1,Sports,2,Business,True
33281,eaed1496443daa7693d1bfc6e71c0f41680f79e1b2788d66dace1a7ecb1ad672,2,Business,2,Business,False
33286,2c02e082dd687b423c0457ce422cba41605d2cb2386d20da5bbaffb292eba852,2,Business,2,Business,False
33289,e1ceaefcd7badd387db7adfdd0cb69df476f6ca727f0441c195a7663c224c7db,3,Sci/Tech,3,Sci/Tech,False
33292,04fb1b2110c3ddbb57e184c8ee44d1a8b2a8bda8a87257d8e56232a010f7c381,3,Sci/Tech,3,Sci/Tech,False
33294,984971eeab68e4fd2042cd15e6c9c1a6b82dd73bab1b7914c7a0f4b3a69c648b,2,Business,2,Business,False
33297,a3ffa9754509f325a1561327aca5018fb78930c456ab8e6c16bec620b2443002,2,Business,2,Business,False
33303,e908e673a76a3f9ae7b46e76c1ce593191c27a24fe0054218558dce23d6c6e97,2,Business,3,Sci/Tech,True
33332,a88f57b4ff98cc8386673599eb38e158838edde8af82064e3d80348bcf0d5157,0,World,0,World,False
33341,21752394d3d56e949cabcffbee0255b085bc26a5e3a36b3e337114dd8eece919,3,Sci/Tech,3,Sci/Tech,False
33363,3bc58de82ef782d0907bce9425f6e770892b4310b028e97a26144f52ad6391cd,3,Sci/Tech,0,World,True
33371,cbe056e812b14489bd0d3ea0ccb32cc5bb2b2e840f556ad0335559b6986a9a88,3,Sci/Tech,0,World,True
33384,41270277721427deef38b8fdf3b1c5d339983abf65eb1837d9fdd7f8131555d1,3,Sci/Tech,3,Sci/Tech,False
33386,a81dea4a6b7a9006488a545b0864aceaa94eb4c2f7d57061deba19823501b2d4,2,Business,2,Business,False
33387,50e220971728d1b6b860e3e06c5426f402bd094dc2145d4b66f63479aa99298f,2,Business,3,Sci/Tech,True
33395,be01b3efe10ef1d2e4cc2c5949002c684e566fba8e4a37903d276def997d1bb3,0,World,1,Sports,True
33397,ed0de7732670eb0d2c41bc47de0b6105cf12a8aa1a8104f7debd60ac25c8ff88,0,World,0,World,False
33429,cca605717996bc49794e0617f88252c21084d18c363383372382fca8847f3168,2,Business,3,Sci/Tech,True
33435,32e7eec19ed30d48d87064d562ac50c62ac4551627013b75c68a44ee605ccdc6,1,Sports,2,Business,True
33443,f19a34528ea9feb7e3b0f4fdc8e4dd80b67743817a6597942f27bc74fdaf7717,0,World,0,World,False
33447,441451d404081d8b28237fe10e965faede8ddb5b304abb37eea92784ebf3110b,1,Sports,2,Business,True
33452,5989d8e4b31e768fb38d4daaa6c3dc1c3088f28d6b8a04fc08a041bca37285d5,2,Business,2,Business,False
33466,7ca20039991cb78784316a097e69342e5ae3de86e9684f0a1485d2a117980c99,2,Business,2,Business,False
33498,ac4bca7c45d618cfa278d3aa29f59a06b0a37ebef5dea9cbaeb8cde21029d691,0,World,1,Sports,True
33503,014973b9b68fe38ef2fcec1e4dbb5b53a84b6ffa048b9af5ebaa23edec90ed56,2,Business,2,Business,False
33511,62da0cd4f480e9337bd0bc877849398ffd446e24652777a2a46f36ddd4d1cdfc,2,Business,3,Sci/Tech,True
33534,1f41d6096419a3fdf6266e8d3f6bac3b7a95e25eff81ab6878f740031072b1a3,0,World,0,World,False
33553,72bea4574a56e64eb0a5432bef088b863930711f7bf7fe2554d748b6c6f420a9,1,Sports,1,Sports,False
33562,f73a20f622418f4ad0146a9ff7c9104416975d0dbd7c7a9f7b9f7a1b12815fa9,3,Sci/Tech,3,Sci/Tech,False
33582,51f93c82e9d502f98aa1d04f7897eaf0e71f63ac6ff7770c299e46090cde6f7c,0,World,0,World,False
33593,eec07e465bf95a2c09d17be8b35a0016293c7fc35efe205dfef51144601f0a31,3,Sci/Tech,3,Sci/Tech,False
33612,1f51c1e1740b414ac04c3efea1db5a472a8062c1d7819b64eb19ab1f06fa6b6a,3,Sci/Tech,3,Sci/Tech,False
33616,334fcbcefa0d321166e9356a37e3fea480fd13054c8a4e055a1bab76394ed4b0,0,World,0,World,False
33618,e5392c2f27c31b7ad8707344f2041a0564a16176bf59a90a004a9d75f93b5506,0,World,0,World,False
33619,eedbab80318dfe1e902fc396ee6a0c0250553656bf00b134e652b2ad63bc91d0,0,World,0,World,False
33625,49b3331bc75b345b9a612eff4af455e9f92410bd1f0660ff2d894946f6716547,3,Sci/Tech,3,Sci/Tech,False
33642,808db63fa2a427922c357639063f16a6084c2bf47f30d139301f0bf5c2f5b085,2,Business,2,Business,False
33643,aaf411f8e48ba9de4dcbce788ec820377dba1ad9f4e8399f88da2e9d05a99499,2,Business,2,Business,False
33646,266233ddc5f8dca67edf2e1e7568d9b5ac4ccf46b521fa789a5b8566c2df1bdd,2,Business,3,Sci/Tech,True
33668,8c9ae189d9274bf749ccec9c40d23c4de7b2da913a66352b55aaa04b9e695dad,1,Sports,2,Business,True
33671,d08c144648f72e98e61eeadf6ce6ca13d89d9066a9c9f44825da6fa8161b14e0,0,World,1,Sports,True
33680,3c5de22c6af2ad4e1709d030b26aa53cac2f7b519c9b3942960f39a91a31a3a0,0,World,1,Sports,True
33691,8d06757400362427d3207daf250d02ab6b638f35e46c6b6217aa6f09ec556382,2,Business,3,Sci/Tech,True
33697,0b41798ac6efe8c72709e0903cc181f9f9fe6970b3daaf144faf534da310b0b3,3,Sci/Tech,3,Sci/Tech,False
33705,ffae5308636289acd3e477de31512e193d4301713782e3da87cd33a690e10d88,1,Sports,2,Business,True
33714,5f725e03788cdb87798756ce1c5d209df74ab5cd7409110305eda7386254facc,2,Business,2,Business,False
33721,5374c12bb7bbd76555498ee0b2949b73375a8c934a6d61aaa6a5c7226f17c68f,1,Sports,1,Sports,False
33725,5373952521cb858f338f975b8b77f02dbf6258b6dfa8a4832f76883927ecda58,2,Business,3,Sci/Tech,True
33729,2d12be6e7c8260706929108b17678bb7986191704c18740f7e5137153596115a,2,Business,2,Business,False
33734,53cf190d8e31d4af0fc78ef9279365808b99c46237a7203fc25f35f1cd23a0d6,2,Business,2,Business,False
33738,821583e77aa1d6f6b9be16105ec169821ab79c43c4e34be01c62feda8d036dd8,3,Sci/Tech,3,Sci/Tech,False
33739,054827be0f4ca279408e89cf79b3e6a1cc0d6bb654bdc91d75b82ed3f03b4177,1,Sports,1,Sports,False
33762,2bf3dca110cff4f175f313dba6fd5cb27dc6f2a9c07a9bf413fff4db36b2dd49,1,Sports,1,Sports,False
33766,ec58fb4b466dfb50c3b59cda740d628a5b89bda9f2e7cbe01e9e0edea9507601,0,World,1,Sports,True
33781,80d6df93ddaff68ee23455cb388474f1cf4db4e016354f769c53ed692468d2a3,0,World,0,World,False
33786,57f7835e3e487175b174db8e5404e37b923206304b5f91bb689e9e3c392963fd,3,Sci/Tech,3,Sci/Tech,False
33787,9c72cc20d635704b1af76918d0d549d028d7955836857d58a7318fdbb23f5066,1,Sports,1,Sports,False
33793,f1b0468de1c0508b59dbfa4304dfe7e695353afdfdfa15cde20822f0b6b3d84e,2,Business,2,Business,False
33816,acafde6da31a012266798db081aaea1a7ba217baae27d403705a9b9eda4188b1,2,Business,2,Business,False
33820,6a9c0d2e71011464c90892a09e20262beac80e665d8b008823394e78827f6939,1,Sports,1,Sports,False
33833,b590d7221ddb96cf1ad476c369e9373ea529bd5895df396b3c29bc3bda1052a5,0,World,0,World,False
33835,616eda3714f2035933b290143e69216f77dd489f9cce4bfdb1f1a1feafd2448a,2,Business,3,Sci/Tech,True
33839,844aaf29a05f3fec422823a04e6a6893be0f69d2ad4c5bdcfcea70af2d9d1bbe,1,Sports,1,Sports,False
33859,917be1a7a3570c6c343d6bd9c0cafd38b91d4837ccc6d90eba0166b2f71968e4,3,Sci/Tech,3,Sci/Tech,False
33869,ac70b1e1489dd94322a4db5f31540e13147ba3dbf78a741574149492f87da148,0,World,1,Sports,True
33927,67fcb371ef25a434b0dec37ab914f3d0fbc8523b36a4067048c51041dfeab5e3,3,Sci/Tech,3,Sci/Tech,False
33931,e57184617ea4b902428b48b3bb6479ecc77520ae0b1cde12859784a4a4fd385f,3,Sci/Tech,3,Sci/Tech,False
33936,2e99c3288b2c143e78894a2ba7b7848782da75f2c8d78c1e55b727fde6e932db,3,Sci/Tech,3,Sci/Tech,False
33954,970fbec71115fcdd0123ac2f879931d9ea44d79584ae851e7153ccb228cced2e,3,Sci/Tech,3,Sci/Tech,False
33976,25075e545c36bc9172a4be2337e1d6bb9039dcc5dfa113b366d46c0c02d9dad0,0,World,0,World,False
34046,8b05426a471ffbaf685d616e6b5a7559ed313c3b88b7dd3650c23ce9a60270c4,3,Sci/Tech,3,Sci/Tech,False
34048,94632ca08bdfb8d6835592ea681bfe0c4363a8cef4f182d784f92ecce34214ca,3,Sci/Tech,0,World,True
34049,11b116e24f286f98d78577c1c7a824cc3ffb6deae4fcb18f2eaa8f5793f2e4c4,3,Sci/Tech,3,Sci/Tech,False
34054,ca751c5ebf914b8bc6919afe13b4863d9640659b612512b46616209e0bb82f35,3,Sci/Tech,0,World,True
34071,29212d0945741b223b70386071be69a372d5e2a6579cc7786c4fa13eab992d10,2,Business,2,Business,False
34098,d564334eeeee0f9367706a40ccffadb5fb039b3b4dc501ef9c6db03fdf4228d4,0,World,0,World,False
34105,36404856fc7fe2e0183cddc95ae09acaad0b961d3c117335eac220481391435e,0,World,0,World,False
34139,778573c930479fe9152a65c1a37c6de6c9d10a0874e7ef83dd6643ea095b47e4,1,Sports,1,Sports,False
34155,0c53eb9efbe1b47eb978c27e28f4bb4896bb752351fd101ea91da490c8630d4d,2,Business,3,Sci/Tech,True
34180,f80e950bab1ae4dcb6f94e1b03005e0c8994d9f8028131e706a2c358d68b47d2,1,Sports,1,Sports,False
34185,0b03f12a1c7e25a3cfd585249cdad963e6f554abb3adaf841d800bac3b1ea353,1,Sports,1,Sports,False
34197,f4af60ecc8a456cc6606d820dd94bcfeef0215790d16d0ee995cc39f4da32304,3,Sci/Tech,3,Sci/Tech,False
34210,0e5c873fada50c5454dce573f0d6f116e51c9f3845337c9909eb1ae721a6ab96,1,Sports,1,Sports,False
34223,06a805a92bc08de09d29386a55eea61fa2d186201def1abd3d6d94782e7ee91d,1,Sports,1,Sports,False
34237,c740b9f9539c95406bf6d45e0edb76250b98af9d7280fae019839cd4036ba17e,1,Sports,1,Sports,False
34244,d552ad985e784cb0e3a5276e10f45d3037f2c3f243058e14e9eeb6f8caa3563b,2,Business,2,Business,False
34247,64bd7dfd8ad77588160b3e2335513b981d683ed5102ebbb39ef16e0b5ce0a986,1,Sports,1,Sports,False
34267,450de762dc31402ceb5128235d6608c602b8e077eee6ab08de51187e82ae3a0c,2,Business,3,Sci/Tech,True
34269,33147043c575c8cce88b94f34882d5a264b829e95fca828d2d6b4389c9662bfd,1,Sports,1,Sports,False
34274,eb32f2c63f9d883da492fc326f5793f381c48c3746456575de8578515cc2fd09,3,Sci/Tech,3,Sci/Tech,False
34285,e65f5d3920992739c1ad8aeac6964649b306ca332cc57b1fc5fd86c21d12f542,2,Business,2,Business,False
34288,76dbb45b6eacc883369b6879a66198a2c4e43ebafb0bc8c51d4ef5e6979cf01f,2,Business,2,Business,False
34292,978deb67af600d0de3a19fb6ef5a0b9d1e9ae846ddef25cb960ffc5b5d2f138c,1,Sports,1,Sports,False
34319,abc4fa74cde02c795a07c8669470cecda986a37255d272460657eb9c8c6c6de4,1,Sports,1,Sports,False
34322,4838699f6d9a6df9a53d03067df8833093176fbad2b11ed4fbca9817daa1fb80,3,Sci/Tech,0,World,True
34331,387aa2b23aeafdf6b5c13fac6372b8282393d3ba1fb652cb57bbbe9023c1dd6b,2,Business,2,Business,False
34338,23e1163f4d613b4a290fd8ee8756f007044fd5bb9d4cdda9a7d5fdea1e6d4e76,1,Sports,2,Business,True
34350,238a1b9e6b154285b6b3cb8691299ccda64f38399257911218d55ce594e57a4c,0,World,0,World,False
34359,952ad3f90173e61fdc3c7ddc3cf23714789feb5f4e57d472339c783c4ba324d3,2,Business,2,Business,False
34380,70db95a4768926a2655fd2ee4aea3b74e533dc87539dd263153f8b0516a38bed,1,Sports,1,Sports,False
34394,9970ee6c64b3cc78ce8b25690e8581d9abb35cd20b2a2c1ac344b554a3a34473,3,Sci/Tech,3,Sci/Tech,False
34395,e0d5b1a1525a0d4cb99be5e388e000fcc7564c365ccf70cc8b3a3f08dba739c5,3,Sci/Tech,3,Sci/Tech,False
34425,b65756b70dfe7a7a2a838f85a12d69dc0ef2ffb8d92e8520bfe1d2c9d16c8f7f,1,Sports,1,Sports,False
34432,24d947046e56f951901d8f9b22a3f95d65dea61017ff8ff953ac632260421d6d,2,Business,2,Business,False
34436,6890e27ed05948e9fb19c33508f206259d8cf26c48e4f8ffc1453e007b18a4b7,2,Business,2,Business,False
34442,84f065d64725f43e0afda53717d4b4d64a2b73f7924f8794b913cfc5269de9ed,0,World,0,World,False
34446,00d1139de5628e5320932f3e8c8771298fedddd3be3aeafa088d97fea24adb45,3,Sci/Tech,3,Sci/Tech,False
34462,630e8c621b09abdda9a4c7b88d1f637ce96316f2c08d4a893c5d127744bec8e0,0,World,1,Sports,True
34466,963c9052b96e9b0dd2dcd624a3d2a1ac3fa4f223d37afe3cd580b0502c1cb9ba,2,Business,3,Sci/Tech,True
34467,086c9e0625be1e359b9956519cb173fce18c27340e2b95919c749504ff72382c,0,World,0,World,False
34472,a3fef3f5c50f290c7b829c9956d249e2dae7904c0e67cd55f6fa2d103e638d74,1,Sports,1,Sports,False
34489,41e47bbc7afe050ea5305ea23c8d8d3efcd45525a7e2aeca538639a93df27720,0,World,0,World,False
34490,f632ed3b4cda34d70309c8208ade0207d148f475b628b03258cb3b820d94e394,0,World,0,World,False
34492,b35503ec6a4817f79aebe81c0c7ac03d55f131ec526aabb8c8dd3e4a4308f6aa,2,Business,2,Business,False
34498,c32ea889a157acec6686c116e22218d3acf91c9145b21139ee2e824aceec5545,0,World,0,World,False
34517,83071b18fb37a40cb845499f790e893752ededce79e2b0c7f95cbc535a7bcf36,2,Business,2,Business,False
34542,74b5cb5fee8d3961c41498ec021daa854090ef7469a86ee80b2b3acc5dcd08a6,0,World,0,World,False
34562,4e0151bcef5a5f97dcac23ed65e62e29f2c41dee3deff6866080cc677c3919ad,3,Sci/Tech,3,Sci/Tech,False
34567,32a37f516593bec4b6f10f0877947a55fc78d8ef88c7c7dba6c45e730acffd4a,3,Sci/Tech,0,World,True
34569,44ae314ad8971b8008ea47bc0e307989ccb0d1fcd531bdb4f28da1dbe8d61dfe,3,Sci/Tech,3,Sci/Tech,False
34577,e00341326d265312ecd4fba0ca1f1a411191ce74657599e94ff2759db636fe7e,2,Business,3,Sci/Tech,True
34580,4e6cb40a4bc2a955bd5a30ca8ac1c9698ea481bb7550c6bd62d102ad76146a0f,3,Sci/Tech,0,World,True
34606,26b22bf316ff586534a6c14f0de5e0248204561aa0f7fa51209fd7db20fa3a6c,1,Sports,2,Business,True
34609,ad6d49545f5fbc862c29f9cbd735d222af63b46fe461f70ff7bda2eafc5bc18c,3,Sci/Tech,3,Sci/Tech,False
34627,ca72ec4f45841ff6b4048a903fb7c85b6d55755c8506bde95385d7a468ccab7a,0,World,0,World,False
34660,be38aefea7c9fbbe1d3323c102e52d795a41ad45a43782278209b56bba647faa,0,World,1,Sports,True
34671,6cc485560ce047500adba9877e31b18366e7f930169c84c1f8969b087f1e6d0f,2,Business,2,Business,False
34694,9418024588e84b1d5c39fa0e5e6c339075e5365fd7f098d67f63764a6a19b31c,2,Business,3,Sci/Tech,True
34706,512707ae051df78abdf888f3e93f8867df0f73739a5ec704c2912a9bf9c3f34a,0,World,0,World,False
34707,ddcf3dd9813045326c2b4f67e9373ec3570c1306b51b82a5b4306073ba407f4d,3,Sci/Tech,3,Sci/Tech,False
34712,131f022488712d84b3fdd9bc3b766d4dd72c0c6e228076701b9d012875726bf1,2,Business,2,Business,False
34734,a447fdb484adea017aba79a07f0b35a90e6d699b099d2bc86ca3c2e6d205f2bb,3,Sci/Tech,3,Sci/Tech,False
34766,faae527bb0f3084855784de322b7c2b1f43dd11a6e02f7b98eb66e2feed84443,0,World,1,Sports,True
34772,6e463ccdd1e123f153290ed693c1b10dfffbbec9ef253450c838115c7c74d027,3,Sci/Tech,3,Sci/Tech,False
34786,887b646f2002e6b29fc7070b2835a85583a579fcff3d79b2f97fb82607c5fde9,2,Business,2,Business,False
34797,290244cbf807e31913177020e6923239558046f67d91115fcc4283e316a7210f,2,Business,2,Business,False
34810,1390ef10d60f93b4f09c5e14e914d6880a11283b1d22f216d40ca49dbaf809ae,1,Sports,1,Sports,False
34831,e63d4d4b24d47924c765df7fb1f2505d4b5ebcf5be58a1b973ee00945920aea2,2,Business,2,Business,False
34837,30b33754f5d96d39029f1ecab1d105a60fa700344de6417a168991fc9eed0903,1,Sports,1,Sports,False
34839,853d76acc270570c772728a8432791e97b6de32c9437c80481552ff062e2dffb,0,World,1,Sports,True
34855,5bee4450624e63d98bdd01a1f43d2357afb4eb0eeeeee791badeb0da74fb54ba,0,World,1,Sports,True
34862,bd11d87836cb91605c006eb9ef995ee61495162b12d67fc202ba64dbd8d9ebab,0,World,0,World,False
34888,67e1e3a10478818488d69158a8fba7a25491b3cd02fe7013b24aa5ab10d85ec9,3,Sci/Tech,0,World,True
34904,4b7b7a0b25f3e8b080efe1db8d5b251133e42ea0a64932834de7e7c67cb8b921,1,Sports,1,Sports,False
34910,cb14a079711f58f85813b3d46e768ee40e45313c1b4d22ce8cbf8adffcd72507,1,Sports,2,Business,True
34918,b681857b3943a36759e8195b5ac61c64081edb15c0592fa770254988fbd6292e,0,World,1,Sports,True
34919,015e95a296edb86ac3645291e23bce02ee3e8503ac83e31bf87bde09e0f4fa59,3,Sci/Tech,3,Sci/Tech,False
34945,14d683154ba1cc169ec4e90c39def87a6773088dfce50438fd7da3d997bc3dc7,0,World,1,Sports,True
34947,c60f137f90ff6ce04058a861803aec218e4dcbdd3a9c98414d8e0f77fe9562a0,3,Sci/Tech,3,Sci/Tech,False
34959,be7957b9e4e478ffcdbee0a90ce161beef325514602953623f5e0f459ad190c8,2,Business,3,Sci/Tech,True
34967,cddcfed9650a9b380fdab83d864239ba87610523278bd568ed3ca0aa11e55b99,0,World,1,Sports,True
34992,baf5d3618b005372748a41a9811ce9fd8c44499b6f88c3f09ac52521cb376b78,1,Sports,1,Sports,False
34994,ea96d9d4cc6429c1b0aab648ab3cca74a97616b740283428e9f84ec9f92f17eb,0,World,0,World,False
35009,e2fd23f449e1987e0700d3eb6d062a90201caeda89e20206e6df7c3a4f22aa5f,2,Business,2,Business,False
35014,496bc86025235e020f05c61b2987e705ebf9d76adee4654a34681758cb847bc5,1,Sports,2,Business,True
35025,99e5ac38cbba39a9f4416e03818f821d9f0668cf749370cb4a7e699ca90113ee,3,Sci/Tech,0,World,True
35036,93d2ef4743592767aa699e2e3de82e62a16e788f3a30ec794802f9e134fa7d43,0,World,0,World,False
35043,e8fb7e66fe44e3e3535e87b42578a6ad90c88443368777c0305f28d2626af3a3,2,Business,2,Business,False
35065,c7f18a23d14a618ee8e045fb9182f2a552bae55a9eca4ba798fdcf61681cd18e,3,Sci/Tech,3,Sci/Tech,False
35066,bcbd693d18e43296ad55fd068c7f47451d5815bfcdadc2f9e2d10f8ce08601e2,3,Sci/Tech,3,Sci/Tech,False
35073,0f21dafbcbe88b43b8bb0ffa1b7ff623ada4f5317e11ec7e354eb8881e7d464b,2,Business,3,Sci/Tech,True
35098,86ed13271d016e1225da10a3b6e4ba65444dec05dfdab1e761ec064c703c7ead,0,World,1,Sports,True
35111,1015524c6fba82147ca42a9a11e543d0102bba80279ef4e5d9732c3e4afe59bc,3,Sci/Tech,3,Sci/Tech,False
35151,ce506d133719ca4da18a1e121ba036f6c8ce9a74a9aa22ad2f113002ed59e048,0,World,0,World,False
35157,d29b456a69a851845cf08ee097ddcf53d4cc9dac254aef277dbebc2806f4a8af,1,Sports,1,Sports,False
35172,9c90633cb5778681dcd2c33d52e1c2d1ee05f7a01c31943dfac0c1320220ff4f,3,Sci/Tech,3,Sci/Tech,False
35177,083dd5626a7062fecfafe8b40bbd18460344e67cfd6455882146b2b209f874b0,3,Sci/Tech,0,World,True
35178,c38988222a0521840ef681e4b4138315de820090e619feca354ab9304364b71e,0,World,0,World,False
35187,6fa0c9a1e95fc4ab5094ec2da425146508627e8420119e7a75606ab9513ba2fa,0,World,0,World,False
35192,8b84f6110a0dcd3e3a07741b2cb53242411da4232acea8266352d9fb43094247,3,Sci/Tech,3,Sci/Tech,False
35218,8150fc21408404007a54ec37d7f820c6238b4f9ad056d4ade75db2d9507fefcf,3,Sci/Tech,3,Sci/Tech,False
35247,32cc396b7d902d005c9b96997f584abbb77d1f6d358c11ef346649d16d5e34e5,0,World,1,Sports,True
35267,2933874ed206a18f39100c8597dfc9220819e914501f84dcbe5f7b19314bc0ab,3,Sci/Tech,3,Sci/Tech,False
35285,4d90880b6764e867803ffbe51f090129c58f1b87bf9766e8f6e3657eed82d58f,1,Sports,1,Sports,False
35293,9071ee3c80074abf92af887c598b1d1d5c7d01a3431b0f307c22a8bf4b7df2b0,3,Sci/Tech,0,World,True
35294,951af31258ab02a2b2fe595780e354e01a19bbc0c2f6603e7cd0ed835a380393,1,Sports,1,Sports,False
35302,02f429dac5668dd99110a59498f057f07c9b1fc1d0caa4b3c2a324a9c5545077,2,Business,2,Business,False
35303,81487d96a87a7370ddd51ba5e779113e07b8467a477f0d1b0dc7590de8a37220,1,Sports,1,Sports,False
35331,81d0e49081a3203978ea613797d97b70b22ca2f30b12b10113af56cd11507943,3,Sci/Tech,3,Sci/Tech,False
35332,199788af015df2d26b76e7272f74e12b3f7c0ded6232bdb21dac1ab911060757,3,Sci/Tech,3,Sci/Tech,False
35339,4554352394d209db667cd3f05865f2ff16c8b14a2a854b47cc6927f83d0db49f,2,Business,2,Business,False
35344,74489ab11b1b20e06d5ac95e6521506a5fe02e40a1e29a4d85cbb71859042906,0,World,0,World,False
35348,7e9e6a4cfa3959a01b63ba2cbd68a6bdc04beb1a68169c513ad6a2c0fcf379dd,1,Sports,2,Business,True
35352,3bea433a886dbb45cbdaf0fec8205d2330fe339030f0499a80646b4e20a4d123,2,Business,2,Business,False
35367,3e02079246e1f32eba65996be59073e9d928b841fa11734e94243f1d3e7e96ec,0,World,0,World,False
35372,54ea5cb3dc1164cb189fc93024b520b7b41b764e22948a91cda14aeb8a27937c,3,Sci/Tech,0,World,True
35374,41fcd5ee99d317d5d07c00fc7ebcf4d86195b13dd191de88ad91fccbfc8ffb48,0,World,0,World,False
35385,3cc7ad06cfa698b003bb5873c0b13f15011b2283facf264bca5de91072e86bee,0,World,1,Sports,True
35399,99845d77a9f333ffde4d59b20da39d64724e8b9e980484f44845c7ecfdc4d960,3,Sci/Tech,3,Sci/Tech,False
35402,e9d59e1b7b0a74f1a2da47fedb2783f1b704fc343a1bc57db9792a75df105a47,3,Sci/Tech,3,Sci/Tech,False
35411,249b688152f5a2bb98af8aeec6e4239cdb7dcdaca935b67e2efc25afd415b4de,0,World,0,World,False
35415,643ceaef3e1acb2dcaf32915137e6e2562ce529096bdee8ce25adaa1f5adcf13,3,Sci/Tech,3,Sci/Tech,False
35417,372339d58fe60a730b0ebd25ebb26912787c4977eed5398e231b48d0cff30956,3,Sci/Tech,0,World,True
35443,24bc2f32e3b008f181c5a5d8423eec20172450cf2f50a01dc95765d93bf82485,0,World,0,World,False
35446,6e21430bca4a20cef1eec764093712d38f9adaeb23d4799b4c945e0e105f1f99,0,World,0,World,False
35448,9f111f522ce29be9dc08511917befe5b6b1324fbae61d343cbfc9b4e88951f47,3,Sci/Tech,3,Sci/Tech,False
35453,3a81d872e43446d9c6c4d7f0eb606edae0198455098b1e247b11644a71453f57,3,Sci/Tech,3,Sci/Tech,False
35465,5fb7f09cbd2617fb4dc5aa5c4ef66afe03666329f432ef44b091401179491ecf,2,Business,2,Business,False
35478,e342784dfb6ea9df939a0bc0dc9b5c7cbefe895b002015851c2ed16903ce78ff,1,Sports,1,Sports,False
35479,65c6b61e65e2dbf0d44b987f914dac322bddacfc9fff543626469073e8191611,1,Sports,1,Sports,False
35489,7304dcde8510eddd715fb28d9c742ec7b450fdd1babe2e33de3a3666af44fa72,1,Sports,1,Sports,False
35504,7527a457b6a5ddc813cdee7d34718adfb870be971bf4e2c7c35b5e97be534850,1,Sports,1,Sports,False
35505,f7be724ee085e3e34542798b21a6dcd7b3fb623597d2b9dbd98834309327512c,1,Sports,1,Sports,False
35526,3c9ebc6a02a6df51b17e58ef60043cfb80552bdb1828d7c86e34b01bfb24f427,2,Business,2,Business,False
35536,56f4352ef37ecce2daf240efbf3ddb1863abb7d9671a906972dccd5f86467802,0,World,0,World,False
35538,7e168f4c7f48ab06644d1a79f2557aa25b52b8ea1f2dcfccfea3781324e7f3e2,3,Sci/Tech,0,World,True
35546,491f43cf934c55572ac2b2a3d86143e01687bf25f7600618135f6826d36be7ff,2,Business,2,Business,False
35564,90f96ef92a2db2ca5e3d30999d4f86739743f6babdd450f30ec9b7a77cee0597,2,Business,3,Sci/Tech,True
35580,143b076eb0c74ec544d220db5cf5e1dca7cfba91edea69fb8dee94e22d6ca764,1,Sports,2,Business,True
35584,235a61c218ce62582717e77c3d6988f449777c431eb329671e6bbe1d7ee9371a,3,Sci/Tech,3,Sci/Tech,False
35619,f7e39e2651c9831af5eb5e99c69808d936400abdbe27db766e8b3a7349ac2bc5,3,Sci/Tech,3,Sci/Tech,False
35620,6b0934f1e74b53dac9de009ab7f1034f4c33c3efb78aedf44982cbf6742c6f1c,3,Sci/Tech,3,Sci/Tech,False
35655,68b98f51c2506fc4140705693f30d9dead3760254928afe909f5f6907df5db2b,0,World,0,World,False
35671,9e4f0bc3815a9c176cc1d057c37e61e2a998a840a055428bf3c116da3bac18e4,0,World,1,Sports,True
35672,2ab9211614f9149300315c45069899289d836c887f53c287149f0262a6d4f70d,0,World,1,Sports,True
35691,553baf7f0c10f4b23bf025a21edb68af37c358d19f46059409c2c3ccf0e96bc5,3,Sci/Tech,3,Sci/Tech,False
35692,c2318a04a08178006bc03e0efddc0e8ab1e5560f72468d402d47fe4d54be0275,3,Sci/Tech,3,Sci/Tech,False
35710,a91dcbd7babee401269694e453810fb283bd23ec0c54e483a9e1fe2c76cbe8bd,3,Sci/Tech,3,Sci/Tech,False
35717,24aba78834766fc6140f4304330d34a66ec7d7ac0c66f1d3d5003e13afc20937,2,Business,2,Business,False
35719,24f261f68ca1319e7ceb927b7fbaa0f98a20d136890ba9a774719929d6edec66,0,World,0,World,False
35725,a4763daf68a4eba88e07c8125f028c916019642f71a38a072b61d6e3d27871d6,3,Sci/Tech,0,World,True
35728,937b4ec0f7706d96308a4c1fc4d4218bb748b41f84af763c06e8551af0febfa2,0,World,1,Sports,True
35730,83327459081e273fd809bd1bf35edc1692526fdf288756d40e1747c7560362d8,0,World,0,World,False
35743,a4e5fb87628f537fa38c97bb4a603a22241e6106fbdd793c36d274c06591e0b0,3,Sci/Tech,3,Sci/Tech,False
35747,17a6344024d6e13539b997cc53577d3c1f305e21b5d466d108332aeab8f96350,0,World,0,World,False
35749,baf48e124677734c391a134fb44791c48ff3b0e37af3c405e83507464072e54d,2,Business,3,Sci/Tech,True
35752,47f3f3205b4073d456f1afc6e2bebe69522a2c7d95573975c1916ca7288ba568,3,Sci/Tech,3,Sci/Tech,False
35755,abf51218495c403710018fe0eb78e7f6f6f77a0cf17ba01809d5ff5b3934bfa7,1,Sports,1,Sports,False
35776,3ac2e9c6c2546dd7d90798d2bae031f1b4a0bcff6f7ff4a47978fecfd547c295,2,Business,2,Business,False
35782,c1e3e7e83d2c772ff62d8d7e0b503ffc116d4b551bf4c55bd616fdad920bb933,2,Business,2,Business,False
35784,92b20db55c563589a0957c92668ed025750d6b19b0c06a176736945358f94c84,2,Business,2,Business,False
35785,d47cde2ff4097999d568540b68bb568c6b5e35f38868fc5427ee795d1cb3a758,0,World,0,World,False
35786,38a0e94b78b5eb8b56862b78b7f2d30ec37556f570ef5424e6ae887543001896,0,World,0,World,False
35794,231a77718623218a39cefad32b665efdccea51800f9b50b32c5d703cc1a2bfd1,3,Sci/Tech,3,Sci/Tech,False
35800,76c0adf923432b4aaa57db2b34a6cd8cda6d05211f50dcf96975b79e85090f1f,2,Business,2,Business,False
35825,28903e28e5eb937ca3780b50ac4c21beac0e32fbc56ef01c97ce3b84c00e1c64,0,World,0,World,False
35834,078c25a266fcb7657132a93ca6a9182105ea28f6cf5af73db97a54d64727682e,0,World,0,World,False
35844,addd1b2b95206a1c5f1f52c0e96bb12cfca5b89118c314b0da1fada07431d934,3,Sci/Tech,0,World,True
35855,18edbfd80c8bda937e2ac18f2251fa97e18b0218b1373652e1b477c9caa5c7d0,1,Sports,1,Sports,False
35858,5284df93896b166d9ff97324c864f9c3ad790d1df08064fa9f903deb3ed98dbf,2,Business,2,Business,False
35865,2e793b33853882dde9f5206ead9c200e03c327f690608c0d8319912ccb037b1b,3,Sci/Tech,0,World,True
35876,8dc05fc016765181cd383165fb55c5fb6a43f619dc448239ab6ecbe6923ae34e,2,Business,3,Sci/Tech,True
35880,48f14af80f67e5897393f09eca6d5beb23721fe7a30f141e776242f899a929a1,3,Sci/Tech,3,Sci/Tech,False
35882,b341c0b7f5873b83d4a1cd6b496a501e59b835a584ab944029fc9a484afe3388,3,Sci/Tech,3,Sci/Tech,False
35884,3bee17bd738fada8ff457b3310e3c306534be45b15548332f04ace82c74e4970,0,World,0,World,False
35952,d4dcfaaad1b8668412feacccd4b1ab56e86a7c4b37b20658b9838dd980198e92,3,Sci/Tech,3,Sci/Tech,False
35964,3d2bf63b7a917259ab00780551f7e1395e5fedca0ba718e4620a68e7808bc208,2,Business,3,Sci/Tech,True
35970,025af01020c2c8e59b3557629fb091be1460f8b843d4f09bc1389feaa02a533d,2,Business,3,Sci/Tech,True
35983,85fee417acdbde93ba3c64f7e45a7b347c170c8e2befa0cfcadf0d8624818aef,3,Sci/Tech,3,Sci/Tech,False
35993,725ec026e602d48c295393a0744f88f4b08eba4f821f613b52df422b9d0db0ff,0,World,0,World,False
36005,78b130221632aa9ab20eba5c55dc3087edf8e5692e96a9c47d5c597141bb5d8a,0,World,0,World,False
36045,3a7343b981c915e61911d211a4af2292746a862e86e7f24c29d5124a7a2589ef,3,Sci/Tech,3,Sci/Tech,False
36048,ac939803d86ee028b40b5d14e09b35a13835b5ebac05779bc60179eef943bb54,2,Business,2,Business,False
36049,df43040c8995ca8bbb64fc25db5689dabdf543b869b23a9c71489dd897130311,2,Business,2,Business,False
36058,97aa7231041ec27502a4459bedcb8d2bbfbcc04061db4c139f16fee521d15eee,0,World,0,World,False
36079,bfefbe49a4b30c5c2df3f4e934ca2c251d6d79ded1828b8f92584ddef729c9d8,3,Sci/Tech,0,World,True
36085,5e38b161b4b90b350311801fc4bbbc643f444da08ddeae3a50aecfe0e29ad7c4,3,Sci/Tech,3,Sci/Tech,False
36087,e39f6d36431ee6862252a04a531ce1cdf29d8280af4aaa7d516466b65f0e90c6,1,Sports,1,Sports,False
36108,2db2f8473adf320bfd5430f85c6976cd1f6aa836e9ccc9b5942db9c28cc2e7ae,3,Sci/Tech,3,Sci/Tech,False
36134,5c48e51bbe7bad9b35c8a9cbe3c8c1b5e24dac7ef92821346c25d017a1fb4843,2,Business,2,Business,False
36147,dbc3935b5fc998f47c22b8cf7fcbd2b044386e1522049d548646138a1bb07f8d,1,Sports,1,Sports,False
36150,1cfa2827004268987e6dfd4694e9b28e57288d450ff323076989b82cd750a0ec,0,World,0,World,False
36162,4afe4f2552caa2270f39c1e632631f576b4d8a953d9ee51bd92e3f0dbeb746b4,1,Sports,2,Business,True
36164,967746cfcf4cd576f6c8daf8b7038b343d40a89d25a7abc865c6fd64e2af2a28,1,Sports,2,Business,True
36165,6bb9541a36bece51638dcb784924843889a451e360acbe8b3f543dbe23e033a1,1,Sports,1,Sports,False
36172,5768c49ca97c47c9f7bd3eac3eb09818397227216b529b8afa498e9f91a29f83,0,World,0,World,False
36186,ad6df9c2232074d5c7875e76bddb65e09fa7c26b20170d4cb91057838ef7d03d,2,Business,2,Business,False
36192,67143c10d7c26606008e10c843d8e19c6db4e552a77a918ff91860803e09d21c,3,Sci/Tech,3,Sci/Tech,False
36225,0bce45ca7207265b76a1b562f08516c9839a22afd910950341b37402688e3db8,0,World,0,World,False
36226,f93555173ce599fc912691d93dedcd301dc8128d34e1967b134c6300f0f89fae,2,Business,2,Business,False
36241,6ca219833771409e6cf407115cee75271827e8841246db770ad20862d5e99d85,0,World,0,World,False
36253,121b6cb7452105b7b8eafa76fe63bd93f0b494034a0ff79031302ed1d72eac47,3,Sci/Tech,3,Sci/Tech,False
36258,011cd3db465cdc25cbef0e7b91b7e33c5f7899818aa68371e0bc8bc2d638d436,1,Sports,1,Sports,False
36275,9d97d54c954a183da38e0f6d43569eb644760dfed39e3e8b032a9eee7b56c7c9,3,Sci/Tech,3,Sci/Tech,False
36287,ef637c6cffc39fb370cfd836e81dccf45014d1aac931e3598915daf32a5b4710,0,World,0,World,False
36295,63bb695282a683c4527dd2247c45131b5b4d178bc3d2330d67535d4d94ce12d5,2,Business,2,Business,False
36304,4157c9b4189120d29d262a66771ee31e0398905b38de3d07373ece962e81af34,1,Sports,1,Sports,False
36306,469fc3fc666e9452d0890935a745ea8210496a7812d6a449b0c10f413a06d354,1,Sports,1,Sports,False
36332,321d38c00b421e2712d15fe07de68669aa5ab79f4d18654c60cc879f43d4526a,2,Business,2,Business,False
36333,37ce90b115b706fffb659c22c68f32758ba95e74c722cabddec5cf4843030630,2,Business,3,Sci/Tech,True
36336,d7d994f82013983ac66740449422161c6e1fb002534f237d3cbb6af3b963542e,1,Sports,1,Sports,False
36339,67981e7a1fce509a13efdf1d4c2fd80183cfeebb0d1ecd825fed5ac89e218a79,3,Sci/Tech,3,Sci/Tech,False
36340,eafddf79e61b911faedc05fe83bd90ccbb960845aeaea6213ae4bd673e3a8810,0,World,0,World,False
36368,d70d95f55ffd693238e6b5bbbda09d950445af61d1610218a6a8f217999e2b43,2,Business,3,Sci/Tech,True
36372,01537dea5fafd897067b90faa3648f9725e5c7916c8d7fd6927e45b2046ad9dd,3,Sci/Tech,3,Sci/Tech,False
36374,d04983222aaefdbe6bc75ca093e0d934dbab593ff46aad5f23b39e827b483fac,1,Sports,1,Sports,False
36377,02eac704d14092d9ef25edd618e7f46c4e6f99a373a1e1a5d396fa699bff61df,2,Business,2,Business,False
36406,9aeff8e5739db36decfe58e365216ad743c11cef77b792a53e06bd72e583499f,0,World,1,Sports,True
36419,5627118180892f04d357c7b22a4ac72ad86e05c9d97fd18f5c0d069ab1a707c6,0,World,0,World,False
36426,7da1edcdcef692ad94d912da4bc7dadccd32b6a7af9d7b1586e6d68fa0e117f6,0,World,0,World,False
36457,f3c4b01f4a8ca56526181024df950e06a0d8917513b5fc2f9eef347c94b16f65,2,Business,3,Sci/Tech,True
36490,d9e1ceccd91ae9d2f9a4931ab28654c602bb9efeef0a2c8ecde08e385ffcfdce,3,Sci/Tech,3,Sci/Tech,False
36498,f93c64a6fc09a0687d4011039605f99a1d528393758ac350609c7dca6b43b9f9,3,Sci/Tech,3,Sci/Tech,False
36529,ec31d35622897cb9317b92a76e954411cc714bde52b5addf698c513a4f75de4b,2,Business,2,Business,False
36537,f66104602b6a63313d4e58591139c1d5d9c73c6d4718355fcec67e227011d1e3,1,Sports,1,Sports,False
36549,2aa368249cc966513a66fff18dedc289967d3290fb09de8a25cdcdcee97bc603,0,World,0,World,False
36561,412d6c129ceb387ae169dedb8daf8c228ecd609b72fd548b1b5b541fe27fe5ea,2,Business,3,Sci/Tech,True
36594,bec6812a1b1b34b6b8bf4d79d0a8b7ffbc7763cacc052b73e5d4816e2f52fefc,0,World,0,World,False
36595,b1d0597295ac87fa44b648829c50b7c983ec44668c639b898db534566e3cb5e9,2,Business,2,Business,False
36616,3d5fc131d6eadf126f6d4fee9e38643a7b4dc34d73b0df9d703666743583f078,1,Sports,1,Sports,False
36625,4d1a0eab9bd1992ef96de37744d2c8f61be1fcb0bc4b170bae5ad0b240b8fbfb,2,Business,2,Business,False
36627,ac537ed72fd75ed86d1ff282d7b7d28b74ba137dd846849bc1abfbed7e758e00,2,Business,2,Business,False
36647,61742f8fad970d65f8ab2272a28c5412e533d52866940961905c2edbee98d765,3,Sci/Tech,3,Sci/Tech,False
36648,f60b7eb891e6e9c2ca4e8614f2fd6f13615c262250efe9bc21301858c2a2417f,1,Sports,1,Sports,False
36664,5253b5baba2ccbf61a8a4b0563ef601a724d094825c4a99c37151f29ce0bf654,0,World,0,World,False
36670,9b65ee2e178233fdf3f862d670a9a6aea43f081004fe1475fabd64e29e8aa3e4,1,Sports,1,Sports,False
36723,61b277ddd9bc4645efc3713c96bded6d3d506fc656160a29459192437dc5219d,3,Sci/Tech,3,Sci/Tech,False
36744,2cde31fc06acb23837d463474e4a445fde6b07ce6d75e27f093c9a7a79567667,1,Sports,2,Business,True
36753,1986d39fd958303ad46f771ada5875667aba9602b5ebfaf081d57b4d8a2a5b67,2,Business,2,Business,False
36786,2ac3dc23dfffab60f237e2a67f9aa8a3a2691ce24830e6763ea110212f834f81,0,World,0,World,False
36798,07a19a9d81a4c158152b153e75c983e8b33dc50b91658338ede407e2f7814d29,0,World,1,Sports,True
36828,37444c90bd57e835d2251da37c26b4e13f392b08fb1bbad11ed7379db70ed685,1,Sports,2,Business,True
36831,95d5b0775e37326022c35ab695b447a1222103aa988cb2a258de4cb14baf1428,1,Sports,1,Sports,False
36837,1504ef0280842b3fa1cebecde53e654441b97125ce32b4f37e5961f83b8121ff,1,Sports,1,Sports,False
36840,aaef1a755a48182f4336b62780ad9c33b17fb8e3bde49931ad517932b1365967,1,Sports,1,Sports,False
36841,fe260dca641fcafe629bf0b41991e5d8c680b9730ccb6a715d53005e12aa20ce,2,Business,2,Business,False
36844,e6aa2e4571ddd3776becd09aec4602bdd65bb9929c51737095b5d6322824e238,3,Sci/Tech,0,World,True
36852,64b02aa24a76c0709e5caa807324d92263e035e545bda280608a5800628336dd,0,World,0,World,False
36855,30fef4cb109236288171b2c0d5f2d3618b91f0b37b4314f4052cf08c25893528,0,World,1,Sports,True
36862,87ca9296f4f0268d313b3bf427c93ec6758a8c118845569d79ddeee9fd588ba8,3,Sci/Tech,3,Sci/Tech,False
36872,f05a65bc6d78bb7c78f2da4291c142b58753ff21453a81c63c8c028452f28e44,2,Business,2,Business,False
36891,97382c1e50c878483f473333bd830717d81c6e8dac5b11aa160d74c6a3c6e358,1,Sports,1,Sports,False
36897,253d5c05ce8a4b32d28a286d7f5d0ecca26c78f1089bd6a2932e17d056086044,2,Business,2,Business,False
36899,6013ecac46ce89dba777ac8eea18c85b1035204ba98eee948b60a240e03548a0,0,World,0,World,False
36920,72aaa69c043f2cb7b50e902acfaea762d05d581f29fca775cd34b362e60625ca,0,World,0,World,False
36935,a5a6362c458b9850171a5a4f4dd21fcd89156035330272a9dd1905860b972c5b,0,World,0,World,False
36943,f10a9c67bb147d43d815db17352ed3503a34e1e31d5f83336a69bb7009f29831,3,Sci/Tech,3,Sci/Tech,False
36946,62a26c3a4be6d7cc13ab96fb1ce670a18d17962e822910b29df199f78838bb46,2,Business,3,Sci/Tech,True
36968,fdd2aad59ee72a105407a695ea68679d49b72c5e46bb343f623ac181eff66561,3,Sci/Tech,3,Sci/Tech,False
36981,1d2fcfcf95751010efd54ba02aa27046a5c4a3528d4fb8a1beb74bbc17f20deb,3,Sci/Tech,3,Sci/Tech,False
36983,387a3b910ea8a3c258b50e531d1315b70c4c886bfbe430d992a8af9b4075c276,1,Sports,1,Sports,False
36985,0db4b5ab8832ab1cb37adc7663f6be2d4ce0f6fb363428c8ed8921a20f3b011d,1,Sports,1,Sports,False
36990,45af7fc33a195f7d60941810c156168498bed642e5140b33d27eb3193441f618,3,Sci/Tech,0,World,True
36991,3cdd3e34aea2705306081752df55f978425af9728411456751e67e7b9ddd83e7,2,Business,2,Business,False
37003,edef39c0ba2b1eb49bf09676fa78b06034527f6c60c9e98c9f69b90a922903f1,2,Business,2,Business,False
37030,c012260a3ea02cd97b92d58c7453bf0a02c55a7a5f02c4c5a4cdfeffcd0f6897,3,Sci/Tech,0,World,True
37044,e7f3aae2bef9cb26b7696f0f628f6b935566ca40f2dbdbbac91bd4188991d9e9,0,World,0,World,False
37048,a2db7c6654cd372318fa1975564a87f823d0ec85f7b92d06b99e84c4b65f5340,2,Business,2,Business,False
37051,33b6b23efbec73b411b5171e316945140b510df729280b048b629261a9afb1f8,3,Sci/Tech,3,Sci/Tech,False
37063,0e09f12066bf722faabeb9af70cb3c500a36c16f9eb26a0f96fc449e5714fe6b,0,World,0,World,False
37069,0e2bd464c0fdd0eba27c36535a29525753fbb36b48317220d7b8853f4e31f3aa,2,Business,3,Sci/Tech,True
37075,b544c39864a893699745e5244773e6809a03955429099f83588d671946eaed36,3,Sci/Tech,3,Sci/Tech,False
37101,d807bf2046d6007bbb9e9eb5f7248d8f878743c771f3cc1e6c06205a10ef4e14,3,Sci/Tech,3,Sci/Tech,False
37107,a95b9193bc4fe2c1898fd62c58f0bde86456e91261ae1734c6af7641ea458012,0,World,0,World,False
37121,d46c8cc5f18e34261563d19195f78135d069cd18fb3d736caae451d36edbdcd6,0,World,0,World,False
37129,1656408d2849d5e737076cd2da48c0bb75364e30fb92effbd11e8ebb6d11fa64,2,Business,3,Sci/Tech,True
37130,d9d25affe91d065be830d2f6ea8efb03fc34393d6a8c536d69676b0fdff571d9,2,Business,2,Business,False
37137,09d47de9bd1ff77a73b54fa8f912fd9298e76d0f524772d1c3f09fb6f26737d1,2,Business,2,Business,False
37140,0fcb6bd66ca3f94a9195c1647c67b47ed4a464ae4ddb487b6b4e15672f1d50ef,3,Sci/Tech,3,Sci/Tech,False
37178,c9a4d9f0c7c66c2ed817cbbb0158ea3510109ecc0fb07bfa300ff2d5d224c989,1,Sports,1,Sports,False
37198,61e8f3a0dd73f12f3c66f2464872ce7813cd868561fb5d9edc7562ed57e11a85,2,Business,2,Business,False
37213,0f18649117599b2089f2b5a3f10c70bfe5695da18918b36281f33f6f829a4037,2,Business,2,Business,False
37222,c145c550bc8ec4f5d748566799dc6c80ac2adce57a0d8d2375bbeba09d6a4ced,3,Sci/Tech,3,Sci/Tech,False
37228,acd54d5a6fe96a690378f8148a377face674fcf5024a8839232c09c4fb23e9b1,1,Sports,1,Sports,False
37233,ebb60355bbbe06dd739611af5e5a4cc29e823f6b43b5114e75658c0bb26bfe67,2,Business,2,Business,False
37235,46cc171d4236facfa42973fb6565b333a6433bba75f7d6289e74b44ad43adff8,2,Business,2,Business,False
37237,113f4ff5e39bf681c1a5ded61bb0dece9732df0d9194c1e96544b26a1933b864,2,Business,2,Business,False
37254,bd10408abf79d1b5401c9e719bdcce1ecc5af1a27d6b822c382c9764ed8a48d8,1,Sports,1,Sports,False
37269,6e9d932dd9a6567b5df7e8cf534caa61acef93165588ecb85c7d1a530477b660,3,Sci/Tech,0,World,True
37274,a4a0acfae8a7fc2727b96ed7e2eb9384f63944753b531ac3861b3c85963e60cd,3,Sci/Tech,3,Sci/Tech,False
37275,253ce0384671bd9aa9cac7c061a73524244b7b1bd6129b468938fac389e79a26,3,Sci/Tech,3,Sci/Tech,False
37278,2c60807209596165fbf1e0e1b45cedf3a5d15874bb13705794a573534f16c429,0,World,0,World,False
37283,def89c723aeea13d6cb1f5fa099963f58d1f10a2ba466d9b3b1444f34037d01f,0,World,0,World,False
37293,f794efa093c69c3ab4b56bcd73a74701afe52c260f3e472b8223f366d380bd8f,3,Sci/Tech,3,Sci/Tech,False
37297,b8340483eb89502078720bfbfd5ab2f8e76aed98965bebfa78b208845ccc0e0d,3,Sci/Tech,3,Sci/Tech,False
37314,b7d48412a7e74e91c1243be63b062b346f141d90c0ce43fdcd659137928ff74b,2,Business,2,Business,False
37331,513a12817b4e68a97e0c0baccec31f7ef760a4894111ca83e5786402673db5c3,2,Business,2,Business,False
37354,dd2e4beafb5ec6685b77b2cdd7360cbdeec675628eaa9d936abca7c95ba65ebf,2,Business,2,Business,False
37357,049f33f0510a2c2002ea5cdd90777430b01a0b9cc64f74d5cf1d624bb592ec43,1,Sports,1,Sports,False
37361,76bee21810a375ea250496416e551f30b51ce2e377b473b0de7eb4ed42ff7b2e,1,Sports,1,Sports,False
37379,41e8b853a3e8b64ce26756c5b0f7118f167f6b6e052c43d95322d51d39be8cdc,0,World,0,World,False
37401,d3e8df115a2a70f12c5fd7f20ee9781cf3fd96c81b41ac565bdd1d7859cb9204,2,Business,3,Sci/Tech,True
37410,ac43dcefa9a877f44d5a61a96fcc7dc97d42165a29600590f657741261ac95db,3,Sci/Tech,3,Sci/Tech,False
37454,cabc22b8d2151d5d22fb0ff516d87e7d54abd40e83f0256d36b409057b69c5c8,0,World,1,Sports,True
37461,1db708030f4708f7131dffa5f9fe8692ee49892e2a079740f721841e04ebf177,3,Sci/Tech,0,World,True
37477,bb2c31495a9dd538d6e69447c5e25842fd784ec08cd7f77968725a1941e4b472,0,World,0,World,False
37504,199d130d85289e6b55412014e3480f9421f0f3edeb57a93e0c509666751cba30,3,Sci/Tech,0,World,True
37507,5c19c150274cfa727ff272d2f0660f0d8d9298d46e2658b0e382734f6cf17262,3,Sci/Tech,3,Sci/Tech,False
37539,8850e3431c80470d8c05529bb0ecb93341f92c20f8b41162ff4ba2edc263a387,1,Sports,2,Business,True
37541,866e0df0875956b26af52ca6a47ad8f9f72a6da51cb756cd7a57dc842d212029,1,Sports,1,Sports,False
37556,c14d7531e8194c54855525dd3a3fc7c1c667af7a70cd1f363393134bedd88e49,0,World,0,World,False
37559,be22b796fc85aaa005eb118f306995418177b2e76e1be2dd3c52ae65b85fd6b4,0,World,0,World,False
37564,d81aade235aa60a9e58079528ff2c91faedb9fcb43cfa08317b5c9752ade9e89,3,Sci/Tech,3,Sci/Tech,False
37569,f9ac63609e9d15b20dfa8aa8c5c3253445124af7d6880c106619fed3e2c7c5a8,1,Sports,1,Sports,False
37575,0b9f9d6fb0026b9c566139b061d6a8139fe113df34122848b6727702ef833f15,3,Sci/Tech,3,Sci/Tech,False
37587,1797b451e0c20eef112867a8b186cbae353033079d9781a2c7368714d64fbdc9,3,Sci/Tech,3,Sci/Tech,False
37592,5e58c1bdf47d36a0dc6a3a2962f51728e9bc6995e1fd7bdcb5c6350dd4288b18,1,Sports,1,Sports,False
37604,7bfefa9bc37951d6f24392192d2907569fe218a03c66adf67fb713c07097068e,0,World,0,World,False
37607,3f791ed4239435bf00a6ad2acb5c2fb1817dfc8ccbdac556bb60c24a177a4dfa,1,Sports,1,Sports,False
37623,f5caca5211edb4a1b0eca315c4e67ecf6dfa61b7e9008558d0f46dccba71d0b0,3,Sci/Tech,3,Sci/Tech,False
37632,5b49f26e7fdbab8645c4061dbc89aea319fab26a99c289f8f05d6dbd64768bfd,0,World,1,Sports,True
37650,604c0c6ef0262d3978be288e2fc6235b9dbd763a2d268fd84e7b801ee80180ec,2,Business,3,Sci/Tech,True
37659,f4680362f802e1342553511baf32dc49b43372a90d5afdf4675848021db2f763,0,World,0,World,False
37663,6e5ccf28c4b53d73ac3788015af34909b4055473e527f714879fb5cdc620ffaa,2,Business,2,Business,False
37674,6b98f8bb3562293211c8010e8cc2381a551739c99150a05b3f4c1f51aae5d5e9,2,Business,2,Business,False
37723,f4f3eff62f3f7d40cee49a9650c01d8a5ff6c162492051377bb642702e690705,1,Sports,1,Sports,False
37741,b45d9c08df3f0761a9161acca977b77dc0dd9e925effc3f55aafd4ac2f2c3881,2,Business,2,Business,False
37744,67d3eab7855fa907768f1d5aa481f37c4b286ac8c118a40a06cb681bb4020edc,0,World,0,World,False
37746,6b3962c31aa97bbb830b35fce636c8663c3ff7272f34f995d23d46106e00f734,2,Business,2,Business,False
37761,2a2c5f719a7dc656acdc5916eed7c589eda27ed6460597e8b6a4b16fc4416fd7,2,Business,3,Sci/Tech,True
37762,8b2c05405b72324c15e7d329059aaf4d451ad707181783b3fe41090a2a2b2073,2,Business,2,Business,False
37768,1f437446b54498c75c7e5e6924550762eea010f73baae6f8934eb34c4cd6c2c5,3,Sci/Tech,3,Sci/Tech,False
37774,aa0684efbd1f23d45a91ac5d41bf6f2be5a191f9dda0014f36fe8dd9b10cd0c5,0,World,0,World,False
37779,818543f2a5263892148e652cef0df1eae9c9c95c9225e2e07a6b4a40e579289a,3,Sci/Tech,3,Sci/Tech,False
37792,cc73df318c1e0e4bfab287360f20f16dd7edbe9f369bfe2b6da8c16d71e96afc,0,World,1,Sports,True
37807,cb50122a5cbe1a6cac37554644a7ee02013bb7e56ce6ab34bbdca522ffd2e7f7,0,World,0,World,False
37815,ffc97620172c8962c09174a40f49e7a64584cc4ffab71a8eb5565c4bfb624271,1,Sports,1,Sports,False
37825,3ab5e1c1ceeeec4a16ea9d018d7b62187bb613013d1939c746f5ee77f5001b1b,1,Sports,1,Sports,False
37826,054b1054ff538c8515d06f8db797697d238de1948f9a46500defcc684b61e93f,0,World,0,World,False
37831,fc3951f01047d19214466c199cacab10d2dadadbd242f96f52dc0ce2adfaafcd,0,World,0,World,False
37834,9dd7768654bdba4cf73b16738da588f4b8605d41aebc4125b3e671b728d4c02c,2,Business,2,Business,False
37858,6d02d071f8351d6d5b1b1c7a4acc78a8120ca96e29d0b507ea58d7153e9d230a,2,Business,2,Business,False
37859,76b6be84bd01e3057239fee2e61504bd0e9a6532808577149b20a43118f708d3,2,Business,2,Business,False
37861,655ee310742118d1bc9c0b896bfe8e215974041af87036d6e75dade57c55b646,2,Business,2,Business,False
37880,9a83abcf134de61e74cd3d05ec9d14be6b94178a6ac97248523cbb88c14e3a45,3,Sci/Tech,3,Sci/Tech,False
37885,6af978822b3b5dba94fb7561a3a5d41fc4b577f7d65f6ebdef73968b622b7c38,2,Business,2,Business,False
37888,1564873b2ef04efea22f54002c60ecb2f410f419884716e5e262a4035a27bfe2,1,Sports,2,Business,True
37900,64119f4159da8eb5deeeade6b13b48647240a465878bfdcfced974e9113f24f3,3,Sci/Tech,3,Sci/Tech,False
37912,e2fb6fd1c6e68d93d06a492be98377b85bc0412b56bf00249822fb1975e85cec,2,Business,2,Business,False
37914,fd598e55c301106077ed5f8332bf0e3292cc24b2b650a83ea24762d517391b93,2,Business,2,Business,False
37920,0108451e409f36f691a5ad0c08fdca2215da01a19df81006e024a7c5273352ee,2,Business,3,Sci/Tech,True
37943,d4a36e00fe9a11be06b2cf343541c5643edf2458100d106864ecad7140ceedf3,0,World,0,World,False
37953,b690752e05fdff87359b7eaecd07cf4d264cf4cf99ec7bc27e0ba7c865cdf0e1,3,Sci/Tech,3,Sci/Tech,False
37976,291103011a0c2157d42118cd1f7f8ce748ab1e1e9484131e00a0ff27c0701db5,0,World,0,World,False
37999,ce06f13b5c39467eba2c43bbe8bc8d0899b67570d449ad4aae65d485ee134b4f,0,World,0,World,False
38007,844ddd2a31bab4bf8c8f67a065207efbbd09c60c8d621ecabcf43aaefbf013ac,1,Sports,1,Sports,False
38017,38dbc121b49b3b8440a8fdc7d734b633d4a73de024f2794640c0f3a514b58ef0,0,World,0,World,False
38022,833d7debc2db20f071812aa3453303de7dce18a11d5b370d7b06e370d5edf03c,0,World,0,World,False
38024,64cf42ccf875a3a68ea9eb6b5df60e4d981c66329a9bb38c9267fd1ea3b7beba,0,World,0,World,False
38041,827451d359d903e0b2c81c99aaab1d30e90e59fccb928bb673a269ca4f0c1db5,1,Sports,1,Sports,False
38057,c97c01fb763745222b0163c2b38826824fe895cc7362ac04fbba7bb7518971ed,1,Sports,1,Sports,False
38071,43185c2e00b3e77ada02e3f162396032e2cd7982224fa3603a42f80e8948ac14,3,Sci/Tech,3,Sci/Tech,False
38073,b30d119b3e654b440b80f7fc918587a60c685bd4774aa3007c13e26a9d642503,0,World,0,World,False
38091,b3f95bbe1ab1761b5bce94801edbb5f339918135bac285364820d0a58dc2bc7f,2,Business,2,Business,False
38101,fb0bd46da6c8866f0c8b6465f1e93b16a22f3790462bea52fc7e0804f0597ba6,2,Business,3,Sci/Tech,True
38105,f1e9a1602610234d4cf6f2991b7bdc736f032f7ceceb8e39509f75024808608c,3,Sci/Tech,3,Sci/Tech,False
38106,b5667dd9f88ca15d9375ada2c77418c76d6f3a51b11bb89ad6141b41c5e89f70,3,Sci/Tech,3,Sci/Tech,False
38108,7e2606cb37bfaed2da2bd54b37cb5626ef81f71ed27360042a05f436abe4de00,0,World,0,World,False
38132,c774501015cf299ce04c6dc7960ab683914dac6b60fed33a136d0b2ec4291455,1,Sports,1,Sports,False
38137,1cf228bfd4d0d434176d739a464b98f887d615a3ea778ecdb2ab62e15e0a93d3,0,World,0,World,False
38141,ca6a12da140df9ff719df45776c2219e88c715014d83d3bab65d81a6fcbe933a,0,World,0,World,False
38155,de7002887e0e00e1779aa6a5223f4285fe5a34a59dd6c4f2dc3501622be4d768,3,Sci/Tech,3,Sci/Tech,False
38172,66b1827d4e3f8a4f227874b9edb0cfdd40e4723e090cf69769b395b151f5bc86,0,World,0,World,False
38174,9bb0919ba588512b41321c8fd8c1c3695cdd547d3b6600658d5edaf561f56907,0,World,0,World,False
38191,51e826394522a24efaba7d8a707b53a55e39d8540ee5d94c8b68708a79a3c51f,2,Business,2,Business,False
38195,bc366afbd5cef5eab4d5394b0f0db15ffae6adee64a4344389afea8991a73672,3,Sci/Tech,3,Sci/Tech,False
38207,2a4bec6fe8389afe48888c1fc2824e4e68f0f0d397ede3e70e097dd1fa317c44,2,Business,3,Sci/Tech,True
38225,73e50f85a3cdfdaac2398f832f0ba22326939833d234a4cd50b8fa5682064483,2,Business,3,Sci/Tech,True
38226,b45af0e26b0590981df3478851615543334352066b11fc2df456f192e6927b30,0,World,1,Sports,True
38233,d6245b4174ccff2be456da57d2a7f14834edb52c2140b17c3f20dcfa6570479d,0,World,0,World,False
38238,834b0edfde1806f80e1dc1e0ada4e52a1b7812c36150bdcb79e4eebb781d66fb,2,Business,3,Sci/Tech,True
38258,96fe280f1c9d23da06cdc3d62f535689150abcdf55078c83eb7159514f69e65a,0,World,1,Sports,True
38279,4fa96e3b01e7719105fff6315e59c964327acc1d960bf6267c54ff1a78e1ea4a,3,Sci/Tech,3,Sci/Tech,False
38311,7f4fa26a49a9b5f6fd154565d77a262de46af15e6af872e6826ae5622025c52b,3,Sci/Tech,0,World,True
38324,89cf913ec51a3f15c40125b09047597d232a082f7593e658b598f037edc07205,2,Business,2,Business,False
38329,f94285ec60839a16da6287e4214e3c7887b67b7df242a4595cdc46e18b222244,2,Business,2,Business,False
38345,7d3e94e1dbc22b2846c38a4229d0f1098062241ef4ef35c8c3c890c6ae8a27fc,2,Business,2,Business,False
38348,eef9612f82e84c8a4c32518de86c3ddef8ab9ea23cad8d7f8508bbc07f125b55,2,Business,2,Business,False
38355,f1fbda180da4fd7f1e7f21182613c1c975c8af8c7609f08524ef2548200c74b3,2,Business,2,Business,False
38360,02807b8a8b1c2a69c8f20e32cb59018d9b47eb7578adf5047b85c6eb06d77926,1,Sports,2,Business,True
38367,4a8ba3455208c5bc68d828d09b05be3d279b45bf7c53ec05e914e0746173b4e8,2,Business,2,Business,False
38379,b408b163fd089b7fb55c7ec3ea1f1a8e7d9a8d0a67753cc87b110076db6387ea,0,World,0,World,False
38382,291e1837a0c84e0de5ae9861141a251109cbce796cb0d0d942fe41e8b0b28de1,0,World,0,World,False
38399,3125c691ac5f28f7676612b22449a2db21b6f14de7110ecd099123a0038eb56c,1,Sports,2,Business,True
38404,6fe448c6d35deaed838e9d46a531baefe399739ea3d600fda172029eb07db518,2,Business,2,Business,False
38427,ec898270141317a3e64c0d9620c4b691e138420f7699db49bffc932b8381ebe1,0,World,1,Sports,True
38431,7879406e1bf4185c9310813de27de6caffdf47d3a8304cbaff2c54ab390d8a72,3,Sci/Tech,3,Sci/Tech,False
38434,58f591cd249d06c8be4d4b96bddc8bbdf38cc6242943701aa1be6982d28bcbc5,1,Sports,1,Sports,False
38446,100ce3d572f8b6f28b32a3805a505ebb74bfcdeb55b044daca5473436a32361e,2,Business,2,Business,False
38450,8cc16b8482ca244b56d9f2962f4452f59f7dd68324ea4fac3c26e792affc69c4,1,Sports,2,Business,True
38456,ec5a374d6bd3239874f6a1d044a6c107895945baa6cdb0ea05145622767253e3,0,World,0,World,False
38479,e4aeecbb89c44634dc18a9b2e0dd22096f702321beef9006df4b58b6fd062b29,0,World,0,World,False
38500,b961f18632b68b27c9db14e59f6ede93b1862aa2fb9c03cd8494f80664a81cdb,2,Business,3,Sci/Tech,True
38527,78c155bd0cdbd1bb36a4eaf3025a70b8c4e412c51a1c6153ea1e22a9d9e42359,3,Sci/Tech,3,Sci/Tech,False
38544,55614673bceac05d8c82b8e4e7db035b58cbe65f03f4bf77cd47827ef91d2cdd,1,Sports,2,Business,True
38551,565f5a3648e59ad2646cbf10545526e96df7dad803873f2003083d4847c14ad5,2,Business,3,Sci/Tech,True
38553,3a17a2efbd762a90d9635ff884d5f487d7b33982de7f5946052fc76d2f40f72a,1,Sports,1,Sports,False
38556,3933df96bfa8db8c77fd9c69725334b7fb60e05bfd33d6a61232dbfa0a832ea9,3,Sci/Tech,3,Sci/Tech,False
38568,09ca147328427ac9514034c5c82b6afc1108bc1ca1f91ccac87961a19bec975c,0,World,0,World,False
38581,66c7134333b2ed2368a8bf059557fc7dce9d091c3f7bc7a85ec130549c8b482e,3,Sci/Tech,3,Sci/Tech,False
38582,4733d32dc182d30401a1b3970eb0befb1587322c1f981f43eb6e485d567b172c,1,Sports,1,Sports,False
38608,0603f79448c1e1e700d790de4cd5f12a7f866fe6a3a2899c3262af42e59b83a7,1,Sports,1,Sports,False
38618,fbfbc88e9c58614500c302e42d35ac2f01b743468347393f313abcec8919db80,3,Sci/Tech,3,Sci/Tech,False
38624,6782bbb06361cac7e19e91b43434aade8cd0afa9be825018890a45afc5cfce13,0,World,0,World,False
38628,49c40227ac952f0c691c5962bc78f640b0aadcb70770734f67702f7d0ae32d57,0,World,0,World,False
38633,116248be0627ae2defb3d63b55c95025f4477b434387866cc13d964793d57984,3,Sci/Tech,0,World,True
38634,569175141ca733e3faced494201693a5a7ce2c4a967dda29ffe43ad6948ffeba,2,Business,2,Business,False
38645,350c6069e00a8720813817130ee7bc6d34b51a1afb78751f76ab279ce05fdd1e,3,Sci/Tech,3,Sci/Tech,False
38670,d0fe01fc61dee59913bf972ed83a10f9eda7448e5beca913a23ed6a403aa26ae,0,World,0,World,False
38677,6e65294d4a03eb725f652a1df8a6b7615ec506d01734d86fa3b8a0b4c236d34d,2,Business,2,Business,False
38681,400467eeb24dc8edf6f9bf520ab87af5980f500e05c69bb14aeb1d65229e9dd7,3,Sci/Tech,3,Sci/Tech,False
38683,4f293e31811a552a29f82b5575ae401630a3d6c6d82ef11bbb71330d753e1a9f,3,Sci/Tech,0,World,True
38709,a34261b48346a7438fed0d1ea6b5f1e21053a34a0887b1e6bd93009f2c162cf4,0,World,0,World,False
38711,eb4acb21a38c80b1cb7ecd547e3d3d5bce9e4525be3bc3adacde4db949db6655,0,World,0,World,False
38732,823b382c5dcf7932819efd2b2352ec16c38b914641aa95331ca0bd49a67d2d77,3,Sci/Tech,0,World,True
38758,2c26136a9c5ae817af0f9281b0e88299959e845529a56fb657ba69d8c1f377f8,2,Business,2,Business,False
38759,31d7444af5d3bf83f22d74e8d4ebd5bf915a905f86ded5e3e7a26f2d7a03382c,2,Business,2,Business,False
38762,570c9e6c0674bb5d083dd132e31d0bc7a1efb6047e460321e2ca72f975d6edff,1,Sports,1,Sports,False
38763,7f82fd79e2317f2a5ce98ef0cc343220fe68182792383b0e40be66c7016f6aa7,0,World,0,World,False
38764,b8e731d1dd623070ecfaa6ad301cc68efcadb41cda6b52fe843ea4fb57b3f8d6,3,Sci/Tech,3,Sci/Tech,False
38779,ce55636401f5311d05cb7aa72c9582b165e5a1018742c0365a57075d08ee132e,2,Business,2,Business,False
38799,9222da572661d76a3a83edda216016ef11ca40d2fa5bbcec7c6301370e742e19,2,Business,2,Business,False
38831,ee4d75fe525468cdbe1b494674488e3c207b991ffff81adcdce25564ed6fd623,3,Sci/Tech,3,Sci/Tech,False
38835,65a07893e1b2ab9de2a4fecdc6ec8ead4d7aeaa84875aafd4a02d0e247ed9c75,1,Sports,1,Sports,False
38860,01e7c4754af98d6b9750569d5b1b0d7866a3e49d105d6aafc869fc49c32ed0be,1,Sports,2,Business,True
38867,4d9b298361ec381abe0442554e5fc0d5b4f3b8a5b0605d560d60e93f9daf4609,0,World,0,World,False
38893,04fd13e15af7fe20724bcc4afe1aec447990b416e8641c138dc77436b6b9fd45,3,Sci/Tech,3,Sci/Tech,False
38894,a83476fbc7422201c84121a8264822cabc591af2268e0aa94e5c230b7e6000dd,2,Business,2,Business,False
38899,363fc0dfe5e0298d41e0b36c1a2ba14306fe5e061daca09c62588d68313f9893,1,Sports,1,Sports,False
38908,b471d249f517625a6495789f873a777ebab3885d34f2ec3200604ad7f3824e7d,0,World,0,World,False
38913,beaf818397e8a975483a2cf71a0955dc939cbc6f290acecb9e3a786dedffc6c1,0,World,1,Sports,True
38919,1e58f035f1355f839922a778360d0e98ca785eb63dd658ba84eddbfce55afac4,3,Sci/Tech,3,Sci/Tech,False
38926,3d81c095e157ae6cb1001c867a953d5f071ef408197836cdca336f09bf206e2c,2,Business,2,Business,False
38991,00cb84207a8c0a4e78bb3c4fbfad4796bdf75da5fafd91b08feb4d2c5da0eb82,1,Sports,1,Sports,False
38996,8b630f856668016e13ff92ea36e63c7e69fdb835308cb2e4a774846f7917d5e5,2,Business,2,Business,False
39006,7857f72530562006a4c4cdc94e8a3517d5c4389641aaec3ac56a1167c21054ef,2,Business,2,Business,False
39013,16e38573058d31c916d89bbe3e2c07f8257e9560c342ffc200d8fb462f9a80a6,1,Sports,1,Sports,False
39027,826925620bf3dc890d63cb3737bb80f89fdcd3278c1a9a1ad3a1f311050bfda8,0,World,0,World,False
39049,07f3561e3527770f2db8d3e20a177e04c8bef5e1b6564a8a13a815a9c8b80985,0,World,0,World,False
39057,45513322a62351710b131a0ec9c46846f054382c876723061b6ad61bd0195db2,1,Sports,1,Sports,False
39073,e93f7e306bc1ebb0782832fc6a6940cef1fd92d2a909e229f5a9ce47971eba98,2,Business,2,Business,False
39077,db071bbe24dc03fafa71d064d9aec5ec591fc74edecc3a35e2f573df942bdf11,1,Sports,1,Sports,False
39109,9b546fd7d9e4d5810591ebffeedf54dc01163581a4e616c3328073cc9cb3802c,1,Sports,1,Sports,False
39121,d78f0180d917638259a57487e96a1823ef0b34d5a34441bf0ff0f8563baaff64,2,Business,2,Business,False
39129,b13e8ad445fd70d101178f5a4002c09c961fa9318c976137c77f53dad7099ff7,0,World,0,World,False
39131,1284d5d6aab14692a6e56c0854aa277f6894972881c8627238c791cbeaced19b,0,World,0,World,False
39136,faaf718f2db9948e082311e653a8eca166679d9051cb3ebfd700a4e5a11c3dbe,2,Business,3,Sci/Tech,True
39161,adc96833eb581ea656660aa4d50ba47a664be791c6b6ea9f8227332d413186a9,0,World,0,World,False
39191,8044d58dc16efc56bb6d9c13524bc9c4492299df3098420b5cb25bd43d7ce3b5,2,Business,2,Business,False
39217,f12f2761b1a20a0e46a1a9e963c2ca0a1a026a6cf418ce746695d71b26dae0f1,0,World,0,World,False
39230,5330337e8d5c33849ea473c9d967e27ff4160aeaaa1260a9386b973be549f095,2,Business,3,Sci/Tech,True
39234,da6b51cb3302e39d0a3808bca49f7937318b0a098bdf39f822de4ddf920467ce,2,Business,2,Business,False
39257,d0c21c0ce7a7332bcbdffd8b06d6614867abc3ea3a4cf768c8a66e30533ad963,0,World,0,World,False
39266,b44e0986729e8efd8ce6afc327f3d9d9f3d84e26882f4f477f356a24e7ac930a,0,World,0,World,False
39267,b804e8fa4d1094560205a47a3763408879ca239dace2cb77916a54df6f86ce71,3,Sci/Tech,3,Sci/Tech,False
39289,e31e8ac97c0ce7c8cf875588fcfb81c68ebc294a31505cf143ab784ce7c6737a,0,World,0,World,False
39291,228d742cf970c4235d32b68f8348ce3510cfcfc27fa0a85e6cc37d88655b44e5,1,Sports,1,Sports,False
39303,b44288ac2b7e955b4ae7b127d92f5e030fa262eb855b12f65b2d120db470a9ac,1,Sports,1,Sports,False
39305,36616ce5ce888759e9b11991096d690374c769f904871c27de92b35cc2fb98d7,1,Sports,1,Sports,False
39313,e459f58cc76afae9fb3a5febf8ba5898dbb258b5e269741737e86f410bb33e8e,1,Sports,1,Sports,False
39319,4701977962c30fd84f3339d05b641711603362ce5161e6400481085a4e747935,3,Sci/Tech,0,World,True
39341,f9d9cfca90ef6e9e5cdd94029258257adc4542d400e62d137e4518f22dd45caa,0,World,0,World,False
39351,dbb124dbcad3cdd8f16109a51afee216d519cc53da5669788937ec8e378c8a21,1,Sports,2,Business,True
39367,a171787e81c632f8d611046050f8756c843c96eb9924be9d4e0bb07a6190ef67,0,World,0,World,False
39373,035b0f3c09b5f99585247ce3f5581a3a05513a5cb5dbf20eddf64e5b17e5c411,1,Sports,1,Sports,False
39403,dca908e173622dbce099ce6743bf277c05fad3eaff993901e7984493c187a68a,2,Business,2,Business,False
39410,1899b4aa6b74e45586281daf20b5c0732753f33332c58bb5725560a00f455087,0,World,0,World,False
39417,1333d4615e19d81ecce91875723b5e54f637c5d90ecd31ac1bb6a10bd01f6332,1,Sports,2,Business,True
39418,a30c058938843ab69a19bdcd393dee67ce5990f8dd39404223b9351b4bf915f8,1,Sports,1,Sports,False
39420,bd2cbfdbe31e5e5255369be18880ec7bb485c87f350c80bfa93c6500b131e746,0,World,0,World,False
39442,661da053e34be24d569adfd1885f2cc732711b9058e144a8b0be88d84fd5b1ba,1,Sports,1,Sports,False
39448,467781ed11d7eee6c50ae54af22d11bc87c6a82ae1b38888914acc26ded5be9e,1,Sports,1,Sports,False
39452,ff65b670bfd9a381a25788bea612ee300d7141166e50d91ce376ea14e719c9b8,0,World,0,World,False
39464,bc788e4c38d98ea0b976436658f1032c94a78109e7912797e6a1f2bcf17ecca2,1,Sports,2,Business,True
39473,34bd001c359672673d455fd4c1937daecfd76445c3b2c7751cd124c1363c84b4,1,Sports,1,Sports,False
39475,75c68c4908c22cb178eff1c6983be18b0ffd3d6f062e026371d3f27982e6daf1,1,Sports,1,Sports,False
39495,0603e168b3130e5dca00bde0c6eac79757a661481c167d0adcfeb4c785e3498c,0,World,0,World,False
39497,b74fb05754b5de2887f7504fec236887084414407be13a4e223fc5cd8fffa3d6,0,World,1,Sports,True
39524,a14ed3c7325e972420886e8a8c9d24751b6fe069695e21faefee39452939fc90,3,Sci/Tech,0,World,True
39530,18e9beb007388d3d32e43c5dfd730adbf68c0dc30d08c6eee4a63ebfd7279b46,0,World,0,World,False
39531,b232da73e72e5b24ab97ee637b2ae969dd8a032ef360e0dd5679a235e9b853cb,0,World,0,World,False
39544,d85f59511b6836dde4d562da624d932d5a5080ad0e60d787c126d71c6ca1eec4,0,World,0,World,False
39555,e714981e0d1328bb40787268a16200fed0ae7bed7c868a1164776cb70828f0cb,1,Sports,2,Business,True
39597,592d497c0825bcbae5b939eba15c01bf1f4099c0143f75a73b5249b84a90c522,1,Sports,1,Sports,False
39614,740726fd15bc3c40b56d1da0d4959ad4cb2df89473aa07be2e025be7336b65ee,0,World,1,Sports,True
39634,85d2767c52b9325b04f150e4896674314a8c6a69aa42b352956d836e7f2864bf,1,Sports,1,Sports,False
39643,062af87ecca6af1475559b34268b7b918b78e8301d0076c9462569a35670c189,2,Business,2,Business,False
39653,911cc39a139a2266248a7fa7e24351a69a05908f4cf6581a342489dc45609cdc,0,World,0,World,False
39664,a2f1c5f6beaa0ffc39a5508ac4b563cf59e49683252096a086ed23b3b371bffc,1,Sports,1,Sports,False
39666,fb290cf41e25ba85df2e8d8c4ac0f53d84dfe5cbe979e96467f2e87fdbb8d671,3,Sci/Tech,0,World,True
39687,26db3d73443f5903072e9c41c6a5fcfeb4416afb6a27efaa73cd59dd1b64dbed,1,Sports,1,Sports,False
39688,98ee69544c6b6f4760a0b9c6824ee28c9cef7be545fbf4911c990a944a5875d0,1,Sports,1,Sports,False
39713,3f84599604af206a2c265ece82cbd7dd9a0120a57f16e1474e06e0794a55fd20,1,Sports,1,Sports,False
39714,42cd0d92c6bb935325eb35e4f740cdf38b906ab13a8a5d5f3b91dc96da7bfb40,1,Sports,2,Business,True
39715,5c29e6e0c7de035c1c7fef38d9f20135f27f9b74182861725f064ca0c6deb4b5,0,World,0,World,False
39730,0c796f1bee8a9f40d0233f1f0aab0b5b9b1614a4e66a265e80390f52b8c4f10d,3,Sci/Tech,3,Sci/Tech,False
39749,3531ad38666f506fb77479b0018b5fcc94950e0d2a934532552884eac9e53d5f,0,World,0,World,False
39752,3219a568d53edff1d863953969cbabff10193152adfbde031fdd586625a8a0b3,2,Business,2,Business,False
39776,911380d8961df2813829d8be7490d15728413f631e3453089eae725c59bf69f7,2,Business,2,Business,False
39799,11cb7c1883109d67b2f3120d518e8d52f98e3d451ad0ec1e1281cfa7ad09b56f,0,World,0,World,False
39806,3581817a95522c750a08cc1a55a8f9e58069a13c717ed501ef93251f51d6ea90,1,Sports,1,Sports,False
39826,899c59ecb7b03810ccafb0dbb4ac458377652d70bf0af984e111941a716a4bc5,0,World,0,World,False
39838,d8e8efc50a0e914f67f21890345fa069599228d2b31df212e133e57f248c39ed,0,World,0,World,False
39870,bfe260659740e4267f84e9d7e2a862e9ff21c09f22f331d39aa756d256540dc9,0,World,1,Sports,True
39871,3d9e1a9b5bd58d978e9c3dfc6999920c469ee048a559d3f78df70e84f9efa9b3,1,Sports,1,Sports,False
39893,077dc8972d4358880f3eaa8f3463bf402c330bd6be48c85235eaaa5eb56a4c7e,0,World,0,World,False
39903,18604c20cb0f2d350389b9ab3424843c892cfce0e53becfdfc09c78c4ed871e0,2,Business,2,Business,False
39917,01cc68686bb30de6cab76e572e0d0e777c5c6c971a250cbcbaedd101893a1d44,0,World,0,World,False
39927,0724b96dc009262df3aed4a3993b94fbae0cb4a0868024708c76aed207602534,1,Sports,2,Business,True
39945,40c347872e1210942ecf99756eb445996ec78437b1a4ca999da6cbe14e2362e1,1,Sports,1,Sports,False
39958,69f0de258cfd416286ab3f2406a2f63342237d7195e57033d03222ee929208af,1,Sports,1,Sports,False
39988,8d5e5ebbf09abe407c7f58c92eb3df691bef194ac0982a16ee20756e6041830b,3,Sci/Tech,3,Sci/Tech,False
39989,2c8838fb491a671993765f61ad6d9e7e15c16016397d21d2cda5e27e81526f35,3,Sci/Tech,3,Sci/Tech,False
39998,0178be170427aab8aa9adbb6c1014ea39a9225570ca55a463848fd828f0d32ca,0,World,1,Sports,True
39999,16677a55a78554545fdbca5feae21709a1ff8a0f48a6ba07bd36339cbee75222,2,Business,2,Business,False
40022,072a5aac0bdbfc282fea87d19709474fef2243cbfd80b09c911f6fc04332b48c,0,World,1,Sports,True
40024,b0b931e937ac473c1762af70653a39342b6656155cef0ba3c21cf089f3057ba2,0,World,0,World,False
40025,05cc74b0005395aa6fd98f5af1da2102308926cacd10be6fae68f0faece1d0d1,0,World,0,World,False
40030,f57c797bb24d4eb2c08f1975b5b973b79b20f924d7e278ebcf2081d5fd3a54a5,0,World,0,World,False
40039,d5f18fca36a301ccb511d675ac83f51920bc04075bb8ad8267f0e8c501866e15,0,World,0,World,False
40044,09a925c6f2c1bd9d1da3c1567dc58d4771e9ca32291f39c7b1f646350cb74d9c,0,World,0,World,False
40066,e7a3735667f054102914f7ff2fb8c9e6dd6a5aa39db75589ce9a4390cae8c2ae,1,Sports,1,Sports,False
40075,8659654bff0cba79668eeb271b706d6f68235e3a338ba879fc4850d4bb626ba3,0,World,1,Sports,True
40094,9bd2db08d438df314287f8cf5eecccfa096d0e0031195c7f7f164191bb1f3de6,0,World,0,World,False
40115,0043f952df724cbe1d007aa1b88aac106198cb61cce913f0caeb08399d1873aa,3,Sci/Tech,3,Sci/Tech,False
40151,d81cf98c2c2f5767e7d98899dd2759e5129806091c1f0b1e21f3c26a822c7cbf,2,Business,2,Business,False
40154,2dbb12d9d4b11975313947fe13671be0968838acc1a025272d1efa94d69636ec,1,Sports,1,Sports,False
40164,ca6e4dc5aed0442d20db242ea141dd697f5356206d54bc57d9301bdb2be2a4bb,0,World,1,Sports,True
40179,67ad44d1c5f2a332a849208ecd92621c4e7109451fb1bb9ceddd8eea24622f48,1,Sports,1,Sports,False
40180,8cb30ba4de9cabb95ac0f5db2f982620a3488d45fbbd7b33f8811c7adb609170,1,Sports,1,Sports,False
40188,8be9bea0181d2dcc34112688a2ce03546ace5565d01a84b279090330b5081c8e,1,Sports,1,Sports,False
40225,c3df55285dcf3007006ff1d1f4b1974d11ec62a8102d6a2485769f06499c67e7,1,Sports,2,Business,True
40227,d07a2089eccc6a2a528d859f77de986c7d75fefd95afbe461833f0db6e17a9a8,0,World,0,World,False
40242,9e2a7bffbe0cd0b1d8d212f9555bc486d97c90c370087fd943709ef80e64438b,1,Sports,1,Sports,False
40265,1438e949ef91ad04b3d7101e056999f7b38010bfd501a1997030b3193d40babb,1,Sports,1,Sports,False
40267,3cea1dd47c5fdce1870013bb29733e552de22429f73fb88bfee8d2019904b83a,1,Sports,1,Sports,False
40277,33068cd0a108f52dedbf5a345de5859a3c1620fa5085ab5dccb1d27146a19ca0,0,World,0,World,False
40289,3c7c605aa7457dfde08679f18fda8a8f561d2ac9d7d8427280ae02c4cdc290ca,3,Sci/Tech,3,Sci/Tech,False
40330,4025924e2146e4f5ec43933c18dab57f618c29a2e0b13bf58f0e6245ba8c1077,1,Sports,2,Business,True
40334,c4c96ee777180db4fec12b4a21bb4b5a9e95512cb4bd4592d5f07dfa6f161d5f,1,Sports,1,Sports,False
40343,3e945a19cfe5ed3c5c2e4f4187e38a21254e97f8c884a19d099654b3ce0f35e3,2,Business,2,Business,False
40348,e39baa7b21d8ea9e9033a6753c27c9917ced1b781197946294f2a0338d51e3ba,1,Sports,1,Sports,False
40352,fe164a925182f9cabed88d487048f4afefc4805a5f901a5a77ccd785796c8fcc,1,Sports,2,Business,True
40353,3cd2e65817a8014286f5aa6737520cfe5acad73b0af9ff7419b275fcee7b8e70,2,Business,3,Sci/Tech,True
40391,95abe071c73bf210c6ded649afff6a31c56d29c0c0c333ba56b3654ff3633e05,0,World,0,World,False
40407,4c06919a2f040a896238abf0440672ae65e6740917a638d7555b5ba5187ea7a6,1,Sports,1,Sports,False
40408,5f9859cd1abb107afd3df2f779cd148569357e44c51872981af0de67eb10c655,1,Sports,2,Business,True
40410,a247c1e7fcb34e78c7126f07c395af586b5494945f5e04391aafaa903d90ff5d,3,Sci/Tech,3,Sci/Tech,False
40425,e03fdfc17800301f7682f1e3e896cb83fdadd86e7b86b4870cab17787560458a,2,Business,2,Business,False
40435,18646902d9849fb977ec2419e83f92a0861594df3a347f0162ca2cc39cfced7d,0,World,0,World,False
40446,4b46d1b9c1b9ce97bfe8177c1100f79799a3fbcf15e7a51bf19208046a96f119,0,World,0,World,False
40448,db8798684841f47ed0297821119edac5928d4591787d548ee5b875c5b4e3c482,2,Business,2,Business,False
40450,3fa8e3f3c04217e0808f49321a766d6111741d6d0d3dd024260ffafe717be7e4,3,Sci/Tech,3,Sci/Tech,False
40470,2d2b138a87d67a05398a723fda1c109eae3ade781d09e52f99f4c82a1deddd48,0,World,0,World,False
40475,c77d4339ee373d77159e32e68cf4e9baac763a91655a1aca3c34d4f7afec7a80,0,World,0,World,False
40478,760d5a7136ae9caa46f4bffadacbdb01b5dc129032f157d7f188fc2556d2452e,2,Business,2,Business,False
40479,19598086133d3165df554628f6d92edab708572ca9f1720c7eaaa589fefa5495,2,Business,2,Business,False
40493,e9f912f647d34586b11d2279837fcf1ae6634ebebd735e53fc41e3800bde9109,1,Sports,1,Sports,False
40502,559c1f78c8ddea21870c852d070e458c0886adf9db77d241838684569efffbda,3,Sci/Tech,3,Sci/Tech,False
40504,04feb69159430b541a91902e3366bac62a2cec2c7d803cb47d11883bae34fc2f,1,Sports,1,Sports,False
40506,f83d7693e8c527b3b5955013c1dcec58468036944b72883973f1d24a08968d52,0,World,0,World,False
40535,fea7e0847beeb9034ef44ad3f410060a90e15ec0d98c18dad766b9a8223c68e0,2,Business,2,Business,False
40538,0f6b73caf5e9489a916574376965ba8d1ebfd395261ecd99b8749e177dd90739,1,Sports,1,Sports,False
40541,de1675e5aed22b251de6f5c01bfa6a1d094f2b459efce0236bc6d0237ce45aaa,1,Sports,2,Business,True
40545,223a221462c4b6f2154a4f0124131aac9eb8f4c9bd4fec6ec33fae1e72d26dd8,0,World,0,World,False
40560,189f4c630a9d8ec6bf7fef1dd41ebe82a9bfd69e6a02521de3e567615b423e84,1,Sports,1,Sports,False
40573,db22d817f68ca3b76b0454fe7b4dd8eda05b47ea7fb772d04802abc078fbc6c0,3,Sci/Tech,3,Sci/Tech,False
40590,90dc93dc090453ed887ac4be84a1068d7bfed88435c9f430b0a48b45868010f4,3,Sci/Tech,3,Sci/Tech,False
40593,06cdc8b9a77bd32f2e793578e64de71bc72de443d057ed5b6cf6e640d55d834d,1,Sports,1,Sports,False
40605,23f8633aa7138a3b12484bf900ca6b8c8ab392b8e05ea79344719db13a31fa1e,0,World,0,World,False
40619,eacac2567983cab0791f423c61f0c3cd810d72d5ef1900b3a64a142aceedb131,0,World,0,World,False
40622,42f03472e4b49677da35bc4ba7cb25bff83c66cf75c0fcb0675d6332cbdbe113,2,Business,2,Business,False
40623,c811c0775b4e8716a3be862e3e11bc23c76d39c6f9c39a12de26a26221d93d65,2,Business,2,Business,False
40645,bf27e8e0556985117557cf059b5a5f58cd443d046dc5fdd227d0bd034d58cefc,3,Sci/Tech,3,Sci/Tech,False
40658,be9a06901fded850394077a263bb0509707546bef8f090b015b7a83857e02657,1,Sports,2,Business,True
40659,7fbc32d1bc49ab4ef6c9488100cbc8eb784ac4bcb2ec751cc28581489b9c943d,0,World,0,World,False
40678,2c6de2c0786e6b26b91a5769a69f58fc67a2555292c1c5494d5d041d13e4311e,2,Business,3,Sci/Tech,True
40681,13283c62faf5dca39f3daf5df0922fd639f2db2548c335fd76c7c467b78678d1,3,Sci/Tech,3,Sci/Tech,False
40682,9f9522999d23ecff60597a048bcc2f67e4982356c139d8c9ccafc1b7f57434a9,3,Sci/Tech,3,Sci/Tech,False
40697,2095892011e716de3a777e932b2ba860ae4ec8622244de958ba8ddc263e9884b,3,Sci/Tech,0,World,True
40707,ef4b7047afa323e20a56ab9fe134d6aac7465a5a1c94ee1bbf5feedab645bd46,0,World,1,Sports,True
40725,3a19004d9f92f87c9f620294dd6670164ab57ad4e564f314df9957d7bf4afc5d,2,Business,2,Business,False
40731,fc85e22c87114b63a5490b5ef7ab82bccfb03757b782aaf74c44101c783505fc,3,Sci/Tech,0,World,True
40745,e130b2dd220666b7dc768ce6fa9f32c4d8b71b16a48e64a1ddd1393c7e835023,2,Business,2,Business,False
40752,d1e6a5ed9dff1ff768ed85e7f8369a6a95e16169ccbc050d7f6ad9717b541a0c,3,Sci/Tech,3,Sci/Tech,False
40760,b46e0ed6bf36112de99d43e0c8837248d7818f8fca083ea23ec20b24a1476a61,0,World,0,World,False
40764,900d9d3d7ba4427f216c196fead96cc668ed500c7205f456f79cf3bbc81513fa,2,Business,2,Business,False
40773,b45d8383b92fde827d59f03198d081211c7a854861149bc8f4ccceb732d67658,1,Sports,1,Sports,False
40792,ed71b1696ca675b483b42e64c2ba7023d2e6585599b89c04805718e4d320f2a3,0,World,0,World,False
40794,f5522186cb752325eb8e8a48dfa0c6c30bed325355bedeaa200a8d06382737ca,3,Sci/Tech,0,World,True
40809,5310af69ebbfba4dc29089fda1358129da84d56fe2071fd469f90a905c57592d,3,Sci/Tech,3,Sci/Tech,False
40832,0004eac23f0201108277d0c72e43f5f596b9b5660f04c9ae00f61c2350f79c58,2,Business,2,Business,False
40839,227f9cffed3638990f31d412aa5fdfafdc479806b1ebd59470bfb1bc6fff2b3f,0,World,1,Sports,True
40843,ca2ff5940a9524c1f8b9b3a4a8e951082ba94a71d1fe2c696d3a7c2842d30359,2,Business,3,Sci/Tech,True
40871,e3f77e4e9a91f7a9d64c62ba069debb8e7cfb35140ec0a652bbf893f6f4e9cf8,3,Sci/Tech,3,Sci/Tech,False
40881,beb31d0fb9c51abe6e173db7e14bbc1d13055acd559038293dd189405a2df3a8,2,Business,2,Business,False
40886,7871ae51b1a4c23164447ec5edfbbb7f723039766e07c4fe9f87e5b19ef724ad,3,Sci/Tech,0,World,True
40898,4f68c21b3d73ffd9c41170d078a79a47e251694ce4fcf8aeba0ed0a8ccc45589,3,Sci/Tech,3,Sci/Tech,False
40907,757a26054cd00f7d4dc86fed0e3e5d5ab496f83421c6596973a24bd187cddc1c,3,Sci/Tech,3,Sci/Tech,False
40920,c5938057288ebee02ad34498de53d51c1ce4397ad91937559a94c7f3ca451e94,2,Business,2,Business,False
40925,b53aee592cad91ede894333705dd69fb8e329405f877eeb1c2e5f3c9ee499850,3,Sci/Tech,3,Sci/Tech,False
40929,79f9fc54450308e9264ea270f75bebb002629c0f4f217e7514bb8fbc3e8ab63f,3,Sci/Tech,3,Sci/Tech,False
40933,095fa498048d64da8059a7d2cbdf36b456813ff1e2273b96dfa8995d2052b39f,3,Sci/Tech,3,Sci/Tech,False
40935,a6a3efea55cb897b0ede213aee84f02a46ec0f83815e67dee1bc91e41de57363,1,Sports,1,Sports,False
40944,83401f3940ef0f07dfe8c2615c76d195c4a6170bac2e5827ef8904afad16bbfd,0,World,1,Sports,True
40953,106b2d0a7727a5484be02af77d9366f53a4cd6d7a479deb3d29da9c9e510bb87,0,World,0,World,False
40954,6cd48c21fdda448d9616610269eae82abc6f27b51844c5125b9512f9711b3432,0,World,0,World,False
40958,09de10509827a6b8dd218e4e67b7a4be14700aa5e8ad19e3702ae7fddf1fda5a,0,World,0,World,False
40969,05c4a881f9c4f2d6f4be77344fe6d620dd62dac1e856c04ccfc1a512614cc016,2,Business,2,Business,False
40984,78057786da634fe91b7ab51f8dd412a7b5061d44d3f434e8d180fce44597a04c,2,Business,3,Sci/Tech,True
41009,faad172189a1e11a94ab02a1e9070db699f94316fc25456cdaf23264a0101e50,0,World,0,World,False
41019,bfbcb8d1309b700666b38ff744b9df59aa251dc33592028c87c0fcabaf1b224d,3,Sci/Tech,0,World,True
41029,a74fdc56d68f4c2d105b363f37aa770181b9dbde9cef30ef9c7cd88f0b2cfc96,3,Sci/Tech,3,Sci/Tech,False
41045,fc60b3283e6321e8ad44e156d06ba5f10bf6d499f68a5e642b61bfbcd69a9edf,0,World,1,Sports,True
41046,7b03727587518afee3252e179489b606e6f8f62c379c6a3354bcffd78513fbb5,0,World,1,Sports,True
41053,74a701fff8e8b5f70f95770d305a0ef2acde91e2fe3aa3bb4c3ebe6552b2fce7,3,Sci/Tech,3,Sci/Tech,False
41058,cefb3ff5799231a7bbcdd31fe43b8295657bd7512b666c5da7edbe222f66cc8e,3,Sci/Tech,3,Sci/Tech,False
41060,c84027bda2f80bc8460c6c3b3c83f04b1777c40cfd3f974de7633c7706c89125,2,Business,3,Sci/Tech,True
41062,073dd8142f6016007a317280bc36da755f82de3a634bef39b58e1991c53f474d,3,Sci/Tech,3,Sci/Tech,False
41104,204d97ca2202039b9073b5a2fcdef94db41148b1db6133c6972103ab0b74cd71,2,Business,3,Sci/Tech,True
41118,44605d3ea8bcae35636bdb2c9fbf0543c5bc1f624ab83456f770fb8df77a72d7,2,Business,3,Sci/Tech,True
41119,0b57c2417cd40b84e133b7fcc57eefdc041ac7d25dbcf11921a6eac34cac3c33,2,Business,2,Business,False
41177,8b7822003f5e96be26dace70a94ef5fb62e6079b1891445ca214217d6a176e3e,3,Sci/Tech,3,Sci/Tech,False
41215,33b4b363001ef5aa08ba443c63e4d7d5890253c6368f0f58dfcd582bb81fbea6,2,Business,2,Business,False
41235,6b174f7c2a81e7182a7be86cac9d778009ae524dfa0714607f40baad5290618c,3,Sci/Tech,0,World,True
41274,12ba72d41914976bf91e071fc7394240cececb106355386b0a718314ed212b2c,3,Sci/Tech,3,Sci/Tech,False
41275,daf0a52fdbe84e6907dda983ec2279c13571b701036220f752b8c3e31d96d88a,3,Sci/Tech,0,World,True
41285,6a2a8fc3283b594af76193f038639136b030754f1c42462f7e2acdf8e7185ba6,3,Sci/Tech,3,Sci/Tech,False
41293,889f94232bf34be52c20ab0342f90396262d070ab131b42cf39617b3720a39e5,0,World,0,World,False
41312,2abc70b73559898b0ada86c1a13d81f64a640e075052e0919cccc907c8ce7953,1,Sports,1,Sports,False
41313,b01471badec12623e1bd38941c015c20849e7b55856b4901893346e5d0bacbda,3,Sci/Tech,3,Sci/Tech,False
41327,2bb84063ef35ebd13b14b996d6ca28ea02134de562baa68698b21ef1e659e3fb,0,World,1,Sports,True
41336,3ce89698fcbd6e015caeb05547e299687dbb0687a18c1ad9bcd8b52b47049ba8,0,World,0,World,False
41339,2af990a482f9425fe2f6c656c6a504abe2f6a1dbee57dc9e6d6f836a3ad3e610,2,Business,2,Business,False
41346,3e6c096908e726024112811c5f931fbf89cb487c8ed13aaddcac3efd3d8a8eb4,2,Business,2,Business,False
41351,f19882b57c5aee2f78340d5d7a78c4d8f6b3abf82bb180b8e9f225aacb980efb,2,Business,2,Business,False
41354,d2033cba2b368df8cd9002ba4fe76498d3887719ae46061dd6d01a04eb773d19,3,Sci/Tech,3,Sci/Tech,False
41367,bfa8e67f401d0c47d3bf354320293c107f1ad053a0e483fe3c322dabd8c11fe4,0,World,1,Sports,True
41368,afb7a114ae391e0019ec7992495faf3990a2eedfefd1cf8fc8a9f0e174d2de4c,0,World,0,World,False
41373,28660742b93605149c265dbde892dc05742a469212cbbce819ca67ce4b8d3244,2,Business,2,Business,False
41392,52e1431ba8f4ee15c67d94c6990341a6553448b695f6602ec4f47f857eada4ad,2,Business,2,Business,False
41412,bc494c23a9cddd2eb26b313f985345ed6f6284fee5a2c26352cf00999694e8ed,0,World,0,World,False
41429,3ca0ae6d9a779431fe0d5e1999477bde61eca5931ea5e4ac4b8f7845ae747b0c,3,Sci/Tech,3,Sci/Tech,False
41431,a0faf1e6c524d6b17dd031b14b65818637113bb956ad0f9375db2a842de762f7,3,Sci/Tech,3,Sci/Tech,False
41433,dd3d426c404339a6a5056d0bc235ce91514132e5a24a81453e8f1f4f8dcb5741,3,Sci/Tech,3,Sci/Tech,False
41435,5bb71a85424736a5602442dfcf0f9f23fcae518ab855f0c899f83ad29afb71dc,1,Sports,1,Sports,False
41458,f4e47d58fb31de8a463cf80c0c61586227efbf7f85fc732b46f387bd1303abd3,2,Business,3,Sci/Tech,True
41482,c5eb59b6b27b6e0d029532e6033f8618d0f57e625ab55f0b91edf9e0cb130d8b,3,Sci/Tech,3,Sci/Tech,False
41491,4f0c1f69bf2404bf7fe5ef1e7b8bb531f8b9a3ad66bd76d8a0babbe098779ea3,0,World,0,World,False
41493,c770ecd0b0bf4c7c2558348160e5021ae73d38164937b10982aa01de5213ed1f,0,World,0,World,False
41495,244830e6f59cd7bc6d7e83c93e9d93951f0459aaa7b69283a316bfa478ca11d6,2,Business,3,Sci/Tech,True
41499,5906765ff0d8d9501b79c3933eb568c236e92d615e303a60cef8a5588b6bc5d9,0,World,0,World,False
41501,d18445a25ab26463e75710678cec4236e171127602032909183c75aa800baf61,3,Sci/Tech,3,Sci/Tech,False
41508,94c2b2df8a2235dfff0ed29c6c9647e6a786cead2d45a02e5223ae48bc04afe1,3,Sci/Tech,3,Sci/Tech,False
41546,3e4ce43bad9791266327bfd43fb388140cd0c9767abe7006b075c14ec4dc1099,2,Business,2,Business,False
41551,328c17d441ed429de6ff6bb6b884e5502e4692828e664cc70360f7b608a58f32,0,World,0,World,False
41605,68e25d0ca03b2429e4eeaeee1af3f87ad6ef70f0dc8cd05214c84747ff1a6532,3,Sci/Tech,3,Sci/Tech,False
41608,8e52d8d74674de0a7607a6d5d6cee70705788d417869b440aa9885ffaf28e270,0,World,0,World,False
41630,45ef7c15ea97169ab05e1d8cb6ab9d50baa6d7640ec5f01e83e5c1f5d4a4bdd9,1,Sports,1,Sports,False
41643,da90af68059c1ca53c584183b035f46a15604039fe19be2b1fd6e2eb5bf24198,1,Sports,1,Sports,False
41657,80e745e5312b3d333aa85eb574989ab40a441011af3a1c9bfabfb3b48ec2cccf,1,Sports,2,Business,True
41670,83d339cf587e84ba0a034c769fb2349d317c652bf8c35a36d66bf4f4d59edfb9,3,Sci/Tech,3,Sci/Tech,False
41674,48d27310c3c08814e107b9a40cdf43f45d39a90c9f8bb0306fb7a8d2d8ed0602,1,Sports,1,Sports,False
41692,5487aaea4cd960d1380c24d36486daa97fcc8c2ae007f7ee75263a6f8b8d7b5d,3,Sci/Tech,3,Sci/Tech,False
41709,22eaa4850926c6e8ef39c119b61f26e1057fad233154a27affefb2fae2fe8f1a,3,Sci/Tech,3,Sci/Tech,False
41712,54bc261234a9d965fe2973906a63522b307a1c9cfa3b3de2879629be8af1a90c,2,Business,2,Business,False
41722,9bdf92895f438ed4fd06e43420002d8efe3e75e220010cfa0281c503d82fcd0a,0,World,0,World,False
41734,fc7bf509a39d1773bda700e295d32fd012e86696303fafe41f8d14d16888f388,1,Sports,1,Sports,False
41737,1c4cfdd9c503d47bb5bfe59e3af751090dd273740df039eca5f8639c5bd784f4,1,Sports,2,Business,True
41741,61906108e75c1f380c24b69dd4ad0f02e721132943d7eefad754b04d82527b49,2,Business,2,Business,False
41743,0017498ce3dee28f9dcbc964e2262abbb93a4ff1031eb52f75f9699aadf7e390,2,Business,2,Business,False
41795,286cd2e06d6a2d768f6aa4a22ca7a111c385aa3096915cb3a019feb8ee020d4f,1,Sports,1,Sports,False
41806,60fae6d7404bebee2cbd2ffb580b11f9ad3f96aab3193f7fa4ec28c465ff5cff,3,Sci/Tech,3,Sci/Tech,False
41816,aaa900fad0b853d8d4bfc75e95ca2631d948fb8957ac9d4652e28ab1640078f2,2,Business,3,Sci/Tech,True
41870,1bffebe82b0357e0f43463191a36fc8eab4a3a2568d1e7973df6410bd77ae09a,3,Sci/Tech,3,Sci/Tech,False
41871,2af4aac6382a9edad22f0788ff908a097d5f6ba6c1c217630c0aeef004803427,0,World,0,World,False
41895,b68af86eedba732de9191ae80553929690654fd0dbd812a72a482eb2a62dd441,2,Business,2,Business,False
41900,0e6c41e3e7a50269f15696643abff781f253adb7df1ab9eb8822a1077360514f,0,World,0,World,False
41912,3bce277e4dd66c8cb141069c3af745cfc8d96b3f6d17b89bbbcd26403b1f1d78,1,Sports,1,Sports,False
41932,2677024d5ca86bd1db4e8b4644ee70cc73885c5120150efbe16639819f186840,3,Sci/Tech,3,Sci/Tech,False
41939,29c58686aea8446542a210175a3d4ed3e16fe44b49c1745f0fdadd2717223d03,3,Sci/Tech,3,Sci/Tech,False
41952,3cdb618dad946d982d5943f99f4ce91be7770dd8af0c0cdb374ad08c13652dc3,2,Business,2,Business,False
41955,1181b2c6a2fb5aed11a6ed27651cfecd27684f96a161ab08a23c6b89981989e8,0,World,0,World,False
41957,48b84af1cb59973337a9dbf14e636fc786ea54ff0e067f6057d9e372d47de562,2,Business,2,Business,False
41961,1780875926d099b0b39acfd11a917c9b78ef6881a1b71a611dc3d7076c21ecbc,1,Sports,2,Business,True
41965,03e3a273386d5cebe3c63ec3762aa277541ef9985023c4ce4eae71344cb0bf24,2,Business,2,Business,False
41970,c9da5dc00fce5e5575fd566ae322f8f3f490571d0fa9d778050bd88026019b82,1,Sports,1,Sports,False
41979,b45787cb3518ce70dae0ed863234d66ac531ee3e98755d01dd620fef304f0041,3,Sci/Tech,3,Sci/Tech,False
41981,ce630b4a74aa9e75826b2a3435d9f470068977333043f3de907f5301c68eea5a,1,Sports,1,Sports,False
41990,ac90fb7a4169d3fe8f72c3f08e4f0f80569e80939e1fd35042381cc45f28feae,1,Sports,1,Sports,False
42002,17fdf2acb62e569aa4507622c5dae01b15ccf26588b8ed7cf4d03120a4aa7475,0,World,0,World,False
42018,ae009f53031c83a058526d3738f354f00d8fd0a9b7e2bd5655312a3dafc0eb9c,1,Sports,1,Sports,False
42030,848c00ad9cdde62ba8cace14d961308d7b4ac05bf4f12ff9fc3b323c71592c00,2,Business,2,Business,False
42031,819cd1dea861de4c1e804ca6d7edee3f649b1e360c7ccff4eb3853acebd46102,2,Business,2,Business,False
42067,7b3dbd5e953adb96070103652c97d6ecbf3262f154f6e0528f502c44494f1db3,3,Sci/Tech,3,Sci/Tech,False
42087,29b4b83639fb777ab7d682b56ee4fe47699287f100dd3490c0994b91e750339b,1,Sports,1,Sports,False
42096,7449bf71ee136dd8ad74da3f7fa655c91d0de70b71293656383d22946f185ea3,1,Sports,1,Sports,False
42105,9ea2f8cd0290e7db8a7a79be0a4f3df8cea9c0cc61c928782d02c376f7b98749,3,Sci/Tech,3,Sci/Tech,False
42110,7440fac0a49ca0977b3cad786a456f040a2c071f7b6118bfc671f01e0ba4955c,2,Business,2,Business,False
42126,8b7182309e87d845753a294a191ce4ac3f0ad0f1c932b1d24f054004bd833112,1,Sports,1,Sports,False
42131,4867ea57dd01d6c93f62c3d0785c7179b5091907b238b26313dafeee1f2ff64e,3,Sci/Tech,3,Sci/Tech,False
42137,397b98e5635cddf52ad9f43ae2c7e206ef2e380c423c11ce2a8ef683f1658a6c,1,Sports,1,Sports,False
42192,e5e4eca90d68ad79d1eccebf95a8f23331855df61becc77a5449408dd62b1df8,0,World,0,World,False
42207,874871a15835247d4803522ca766c16806f9a69d9bd8a8c4e13fc2380d6a0816,2,Business,2,Business,False
42211,88a929cc52fc25344c8505a0398e3d0b467254c33f940d51c6f7467f1a59a6b8,3,Sci/Tech,3,Sci/Tech,False
42226,4a3f74c7414a889a04413f7d9ca656def330e14206ab187591c3170e1ae791c4,0,World,0,World,False
42244,b4697984d1ccf0661b0a75c10642630c8f9da8723319b68028ed14fbbd4f1301,3,Sci/Tech,3,Sci/Tech,False
42250,8148e762b86c81464f66749bae5fc93584cf09b071752257135395febfba8e18,2,Business,2,Business,False
42270,06ceed95e2ff24d7f98e7360b161df7245abddf3dc5fe56ee96819632aa5d68e,0,World,0,World,False
42272,cc773247da6c338d20a4b58dd93ae9b2cc1c7733178f4723ef512421161d4056,0,World,0,World,False
42291,f38b74d927b1eef556f13457c2af6243433b74dcb16bd614ae19281b702121ef,1,Sports,1,Sports,False
42294,3cd0417eecb683d3cae72263ab088721d45d35b1cadfab0aa483740b115ab733,3,Sci/Tech,3,Sci/Tech,False
42306,905ed61304d675e295bf9bff32a1e928ae476dea602e58bdee4c017955471eb1,3,Sci/Tech,0,World,True
42309,575d3375494be4a93e53d49ce9d551ac1bbafeb28629ea60af3c048b961b7a38,0,World,0,World,False
42311,f5b2a377cefad19be4493786bb61049cfe0a28b05a42611f6c21bc83929bddcd,0,World,1,Sports,True
42312,24f0792127051fe2b38f43446b97e361d97f422b814dc347a350562c14a83006,0,World,0,World,False
42320,54361d24b14bc6afa040195af40387c3ea2cad1d676c39c5ad61589573d6ecd6,2,Business,2,Business,False
42327,1b5f1fb13569e4dc5965b7fbbb59a9c7cc401ed05959793f9db7c25a888a4785,1,Sports,1,Sports,False
42355,8fdae0819be4f998a6ebb3d89f369d2294a8a4784fa21f4f3a37b40d788d48d7,2,Business,2,Business,False
42361,d8586d0a3ac5c4a1f5a709b84578a2f334fd9901672989698e8da0e4739a3310,2,Business,2,Business,False
42364,ac857069b7f7125cf7a540b897251e6df2c0e290be48361aec21df8a127ba606,2,Business,2,Business,False
42397,43086059612dba74f8265fd2e0f6bfa6d1ec6edc2ed4f46e006fadb8cc5bdf4f,3,Sci/Tech,3,Sci/Tech,False
42399,26deb93702ca298e536ef34db45e1afaee0bb605c627b17137ca936254eb0510,1,Sports,2,Business,True
42412,2c47a39a7fe41b7099cadf6d2052e312971f6f1d1af1b144fc5a8b67ae9a7293,2,Business,2,Business,False
42415,96af9e4cee8aabc45885f106c68247eef0f077e0ea21d88b9131a18ebc852361,1,Sports,1,Sports,False
42432,46c54b4e7c35a6204f8c22050aa751f29762bec98bb9572d45f3ee02f657b985,2,Business,2,Business,False
42452,e1215291c001a290f793d7015dac733b8d02990d785859bb79bc10c28a067524,3,Sci/Tech,3,Sci/Tech,False
42476,bcbaf56487e43b8f170e6dcf5f023f3b1f7caea567fb40967eeb9e3199ed2d17,2,Business,2,Business,False
42487,06aefa1befe4a9558d33ab04a541c2edbdf48b2dd36cfeec2b6228e8066886a5,3,Sci/Tech,0,World,True
42489,0a6e73fb11cdee5f23425cc57566c62f6b653accb797ca09a4b95247208208a2,3,Sci/Tech,3,Sci/Tech,False
42499,68a44002f60d73d03d096febd33eecc732df32f678c46564480d76c6da2e2f95,0,World,1,Sports,True
42500,a05ab8428890d1ed95bd9cc2673ac2d8336d0fa03219b9ebdfe8482254f1bd9d,0,World,1,Sports,True
42504,916419f9eb88d64507f88e51873e512a5709643229ccb287d87dbcf8afa28ac4,0,World,0,World,False
42506,35421d7ed92007841f49c9c626b0075d3e55e7514d0addfee6d4c7304451f115,0,World,0,World,False
42511,10b18c8f37d54c36a907f5f984ed8bc4a222ab37839b473e40075f335ae8ce05,0,World,0,World,False
42517,0c021dcb962037c8b32eaac1599eaef6af27b68b3b8cf091270317b752e91f58,2,Business,2,Business,False
42537,27602a7fa869bf90e1a05615cc478ffed316583673ec40dcc97f8e64da718805,3,Sci/Tech,3,Sci/Tech,False
42541,da3e2c4cdadf526db6e73bd17d8ca8bc73d5595f7017286c63f9bb202741d997,3,Sci/Tech,3,Sci/Tech,False
42542,8f50c2a816ccada2f3cd42339929ec6631d781fac0d26bc7c04153bb8c2ca379,3,Sci/Tech,3,Sci/Tech,False
42546,6b97d46cf827c524103afce7cf003b07c2f26d3a3758779a2f33dccd267039d2,3,Sci/Tech,3,Sci/Tech,False
42562,a668a47062f43044755683b08e985a0de48b187a0e44f6d4c920ba1f73d7b177,3,Sci/Tech,0,World,True
42569,3d38c4e680955e976d43d2abed522bf0e180d8c2c6419bddbeaaa430daad313a,0,World,0,World,False
42575,a7962ae9b58cc9db9a4111b4bbfc041844f181abea463ef28f74587563f9288f,1,Sports,2,Business,True
42610,1d1ce4a4add4cccee454cff5d2fe7e05ca4a2445416d0fa68a0140125ad22942,1,Sports,1,Sports,False
42612,9bcee33e3afbc4b1324396ba19a5c33d94941d20d33d5c891ed380790d90df32,0,World,0,World,False
42617,cc0645c4526eb6fda7c2f26540e16736cadb2a64225de9611d4fe349e502efd9,2,Business,2,Business,False
42628,e81941de701b6194b636c22d8ce34ee368907a123b77120b5ffe7b95f7cb8e07,3,Sci/Tech,0,World,True
42639,918a13357a2747e14441acb7ac06bd32c2c9ce533959762a654d2707dd592817,3,Sci/Tech,0,World,True
42641,9de4c5bbe6c70e9359fe47206c71a296604cb7a4efa7cadbab500a51472a8e5a,3,Sci/Tech,0,World,True
42656,059c7e4da05cb422f9a8585b48fc69006bbbd13388032fc56100a279bba93d25,1,Sports,1,Sports,False
42663,7ed114db28ab88383a7d47233c5357690bfd8a9eaff0e0619bf48c9efd8c4800,2,Business,3,Sci/Tech,True
42667,df214e4186b168207e0b8bb02491d01f71a783c8ed8c67b5fd4dec49958d0893,2,Business,2,Business,False
42673,7e7a2f237589841b37821dae80b2839275f0766e7d11a82d0391a64921bf5c1e,3,Sci/Tech,0,World,True
42684,44f376d4a0b09eeddf9f8fe5053c61bfc0ccc97fcc89205b0122e72ae80dc8c6,3,Sci/Tech,0,World,True
42687,0e0c159a01f2dcbc29790d2f8cb0ad0a6b551bba81a455591ff22d9dc8d198ba,3,Sci/Tech,0,World,True
42693,ac815ab99bcd539ad900abcc2bb46c396da50c5ca90a5750b50769cf5a205673,2,Business,2,Business,False
42713,33b4a09f5c2fa12116dbb481c373b3fba945353c03c20a367d4f45e58f69ed38,0,World,0,World,False
42721,da946caf3033ba7752d99513bc0a8de6f7a375f2e34342de4c9223ff4f99bdb5,2,Business,2,Business,False
42722,03d90dc108443021be3b12c703cb8a50fa2e2686cdbedef364d1a51347c0b2c4,2,Business,3,Sci/Tech,True
42726,0c7e199d1a28511e98b609967d4f42e08c10922d1ba08f48711fccd7306ec964,3,Sci/Tech,3,Sci/Tech,False
42750,3b929fbcbeb8fb6e4a26377e9c647fd80623a8a904527a9da070b31638dbfbda,2,Business,2,Business,False
42757,e6baa0f1ad7d24a836a1d2495bff37e87d2f7339cca0a12ccc8230dc3f5e941f,0,World,0,World,False
42776,395940e2502618b5a60239969dcb99c55fc8360081314461436ab512ecab731b,1,Sports,2,Business,True
42795,d094cdaffb0ed8016ee327871f9178db29b05047c4da13eb5757c6ca1337e0e9,2,Business,3,Sci/Tech,True
42796,ee06894a5d2ca3b51845452ad571a6d485f722ad4b06ebe5a9bc46c9cf5e250a,2,Business,2,Business,False
42801,088fb7b0b20dc8e6c39a97c7e6bbef77e60e1d756d2dcb343c89c868eb030bcc,0,World,0,World,False
42805,971ee35fab3bc5051d06ad8f231a99eeeefc92631ff2848d1bb91d914498fb85,3,Sci/Tech,3,Sci/Tech,False
42810,a1f39a838da5a7aac849cb69d77c63c5dfeb4894300209246984df7783a7c8a8,0,World,0,World,False
42828,8ef435c8177cb817e8733b93b079c6deadbb585bc0aca01f2efcc166fa99d2d6,3,Sci/Tech,0,World,True
42831,94f61563a7087b1d9455a62ff90439e806c4cedb04a7973b53f42351f46a31af,1,Sports,2,Business,True
42834,84933c1287edeae8a6df7abadb76f6f485d352e4fdf185d233b50e48f98874dc,1,Sports,1,Sports,False
42835,c2c2ad05c630842aced3dfdb6a8095e487b957fc38335e418d71382fb408aed7,1,Sports,1,Sports,False
42845,edcfffe51b418a821c0214f4183ac44a56c4b8a493e433f9b1b76d2c51f384c9,3,Sci/Tech,3,Sci/Tech,False
42846,afb96fa1c02955a4e284556866a6b3ee6713f783b32badd7b9d473d6d0146fb0,1,Sports,1,Sports,False
42850,bd2a0cc6657857c26cef8ccf19bd21bdb8aef3f57f6287019a32a1b49b7df496,2,Business,2,Business,False
42856,8ee9a5889d893cec1f707f895de720235c0d88c718eea7649caccdf73f3449e1,1,Sports,2,Business,True
42870,6856319135a9956f5885b069b644e46c815706618207204150c2349f4b79abe8,2,Business,2,Business,False
42880,f036fc1d3c0f6d17048606bde86d5587d95f8e56844c3df4676b72fe7eede278,1,Sports,1,Sports,False
42882,1b5a526c5c7a51e7f9c9b9cb3dd590e7118c4c21f0964fd83cbbfbd0277fcf3c,0,World,0,World,False
42884,0cd2284c1e2a6a9935e8834e3aab7663cbf3945ee2d6edf22abb01537e084fbd,2,Business,3,Sci/Tech,True
42897,03d1e5fd27f1c0b6c3b3210ad87f40fcc166bec8b2f63de82a908654814a3352,2,Business,2,Business,False
42903,1974e4f392d123643885760029e88c2bcd6e0334e1324829f6f03d2556b88f15,3,Sci/Tech,3,Sci/Tech,False
42910,9bc44385ced8e30fa55bdec4d83fd4b297af32fd839a9d419f84eeb35ab84314,2,Business,2,Business,False
42914,82851c1896c8b34d7af0386c5c5e2c7001df07dd047daff60b6be54997fe5273,3,Sci/Tech,0,World,True
42920,b25373b2405727abca0dc0b7ba1962a99a8f8066f6e4c9a36b151d663cb854b7,3,Sci/Tech,3,Sci/Tech,False
42923,926f47c9a3af1136e325c880469ac4b22225163d392c51c92d748a53773ff3e4,3,Sci/Tech,0,World,True
42931,546ab3611d87a138eec36c138bcc5f1a8fb2843ebed31960aa8193bc0e9138c9,2,Business,2,Business,False
42950,4a02c075a528785fe9c3e49aa90edd673935d1bc7facd73106737ba4d2907e28,0,World,0,World,False
42952,97349ec38be271093486b1dc142a820aa8e8822b54ed3465298b6577aaa63cde,3,Sci/Tech,0,World,True
42958,628368398ec4dea4a66e2d870b0b73cd7c8b4cc357d067a3e7e622783be99981,0,World,0,World,False
42960,6e39b081b4b28df52b2b9f8c2214f20297a5bec562723b8fdce9e276236f3fb0,0,World,0,World,False
42964,c5f2df040d86111ac189e9636ecada6a4ae00030fe91819ba0c2c210941a2357,0,World,0,World,False
42985,3055eb432a273328247fe6d928a135431a3bb3d64a9c300361b93bae30fdd765,1,Sports,2,Business,True
42988,f68df02b0b7593150ae5b6029f3bcaf491b4b4831eab1512828b3b9a4e91897c,1,Sports,1,Sports,False
43022,2eb05618ef88e7083a317660ea2b6573d0d90d67d1baec920a69f6b453803391,0,World,0,World,False
43027,a5cd879785feaf35d49dbfc5a88a8a6fdde49bf1717f539e80bfb766088c47ce,0,World,1,Sports,True
43037,a9f820aa1db7bcb1ada3323751e3ba545f755eed92a1c01b78bfaf225ea40fbb,1,Sports,1,Sports,False
43042,fc1318a929c9a237d5def27c3fc2dcf39ac114254cf5c67684d575db9fde1750,3,Sci/Tech,3,Sci/Tech,False
43057,2049773b8bacffeb4aed6ddad49f3055a956568a871c263271bd418a9e979341,1,Sports,1,Sports,False
43058,d840c80987ad4a9162499cee79e70f8cc36a7940b6e4f167d1a6dda77645f349,1,Sports,1,Sports,False
43064,084f4ece6480d5b3335f394d49b3641ddcb40395f8b62e1a1ff0f366c514184e,0,World,0,World,False
43075,b3466e5e38db9ccadba65b6233412217647a40bdee1dd9fc777587d3037f2b8c,3,Sci/Tech,0,World,True
43079,9a3b643a4bf243a70dbbafdcd181d69492b7ed18132996aeda592eacb8432011,3,Sci/Tech,3,Sci/Tech,False
43089,6a62cd46a0a6c80c936c88a42e0c672642bb34c449ff73f5b4c04a068f11c1b6,1,Sports,1,Sports,False
43101,2dd8eafbc91847ac5e8c9c5c70501358cce4d8e42403d11cca0a139b14d4c4d3,0,World,0,World,False
43110,76db6c9812025fedf359f6c207d9b6ebe1c0131254c08e19b4e8bdbcd3238653,3,Sci/Tech,3,Sci/Tech,False
43113,7427f342a78b33bc6baee35ba83c490545f90fddc8287355a4575b42f58b006b,1,Sports,1,Sports,False
43118,1eb344f312b075ddec532be021b4ab586dc3f92ac8bee3c6ac4c92d5e8b9bf8d,1,Sports,1,Sports,False
43119,165268dd40f227f444403ed7b973d92b1f6b6fbd5f0e4da15b32c9f33e370cf4,0,World,0,World,False
43120,82be2e053e8973b815d5216e00bd8f3c71c49a1ad1fae228b4e04be2ea74ae1b,2,Business,3,Sci/Tech,True
43136,1a38f706864fc964090bffbd6d2e058fdccf8843019d79920a0df5b8d440cc19,3,Sci/Tech,0,World,True
43176,dd0f31e9bdbc8b9d961cd5f455decf483c5fa711f2eaf945cc633476a93444f4,2,Business,2,Business,False
43179,de6745e67e7cc046db03ae0f65ef9c6c984e174a33a8b96362540f686410031f,2,Business,2,Business,False
43180,62b16dea71a3c378fa2a7fa20d8c0ba9f1c68031f27af11bc75dcea30286ba70,2,Business,3,Sci/Tech,True
43203,8c7e7813c43dedba080d0656b6d47883dda2cc915851e09a6be79f47b0b3e18a,0,World,0,World,False
43204,a7fc991411898712ff89618ae8ba9b221815ab89e348200bf26d8a7b46d68c55,2,Business,2,Business,False
43227,f50376ab940f7801723849c5c9ee57ea81e3b3b086c04f87924d20beca43b79e,0,World,0,World,False
43234,feec1bc1882884828a5502d2aef42d9420eb96a56a25bc3665af82f6bf7ad919,2,Business,2,Business,False
43235,9eeb2fe595a5bc6e5fb6d49b64b2e60bb5acbf4c072e601d832107f9ade9bf7c,1,Sports,1,Sports,False
43236,1211c75d63f08e870d17b968176199a461b542739e1d8188c704d0212b00b19f,1,Sports,1,Sports,False
43289,8e386a4c308cedbaffd49bcf3b33fb748b3d17170123736e5548766c36c63efe,2,Business,2,Business,False
43296,be8decbf18080b7f5975ab22547e690a34ea8b1e4e442f466b55fde9f7bb1ad8,0,World,0,World,False
43321,abd23b178421302e1c7d85188491f4f3c9d4a2a7dc001248b8627ced5ec9917e,1,Sports,1,Sports,False
43337,dd065ebe3139e6a44754d7d0356088adec7a384f32a556f54a4fccb6919ed464,1,Sports,1,Sports,False
43343,8dbd8578276b402f71638bdc857ecf0d444ec83e2bed5f251af7b1367cb77ecf,0,World,1,Sports,True
43361,093327071d553b166c18a2467dd2e81a4f598e84f8182cf2b7e4da51900fb7a6,1,Sports,1,Sports,False
43378,4ce344e0a6496e5e7cb41a9ee5cb13e16b401533157899618373ef723b0b38ca,2,Business,2,Business,False
43384,05b21dfc287ca1c6db8e11e2c05e39e44286d7cd33b99b69758ea6001a331414,1,Sports,1,Sports,False
43385,95279314e72e6e1ebaab8651e3a13ca5927aa71f376c0b396add17eb38844054,3,Sci/Tech,3,Sci/Tech,False
43391,df491154a4e8f75c656cb7aa487c181c560602c4d44513f2eb8b74f125eab797,2,Business,3,Sci/Tech,True
43394,c7845f02657472fd0f8dead157575384392baa6b810d3439a3fe41fb79b7ffc6,2,Business,2,Business,False
43404,777951d5b1a617edd158d9b2a2982735ddc7c29147392c941bac53c99b6c9f64,3,Sci/Tech,3,Sci/Tech,False
43418,9906010b23db1061c5302509f68c42efd72cd606fd2f98843790a858623bd0be,0,World,1,Sports,True
43421,4955c3c2a094767ad2fd2bf1457aa772edc4b1db3ecba9f467cd359365e1acca,0,World,0,World,False
43424,2e134fef6a5f5da6c45355fadc0e86e11f411a830db60f8ab4436d8a2bbe2edc,0,World,0,World,False
43427,2ac5dd71b4b911152ce8b41d559534c301fca6daa0f3e7a716afaab96271e3ff,0,World,0,World,False
43453,98a47831eef911dbd430f3cbc4bae62e0ee28d1525ad6b63318bd19390ebc30a,0,World,0,World,False
43456,cdb981a9ce3aa706d9c258dfa55ba75753b63084c77c418a09ae23dd1bb321e7,2,Business,3,Sci/Tech,True
43461,bc5fbe262edba420e004506cda20e7628839d4620a8801d6a6b906ab72385bc4,2,Business,3,Sci/Tech,True
43490,1ec0190eaf281195c6ab182a5211ab84f747787af0d576b4fc314af7bfbbe907,1,Sports,1,Sports,False
43492,04fe554e2ec313426b997191d6c6630ad823500d164efb26c8ce8e7d7d721ae3,1,Sports,1,Sports,False
43516,40b62e0a715538efc9d4c2db1950374db26225f3879247bf67bd0f6e01aa23c8,0,World,0,World,False
43528,2b033c3a10638040528b8f72c1deb4659d9d17c83902bdf4c480a714bb01f967,1,Sports,2,Business,True
43531,6d096784129153933e42fa78592be13f0c2a7160f40e548b8bde38658d4d05ad,1,Sports,1,Sports,False
43556,6b7b9cac310ae4a21026146f0d247e61a97a0c057ff931e911d53017bd1316af,0,World,0,World,False
43572,3b2d70db58fd456950570a17af2c52c5f44ce2f2a753ebaebc5e3c72a53429ec,0,World,0,World,False
43575,bda1f9e858d6cc7318c7e31f4a269936b01298f2a267baf40caab8dc0522fccf,0,World,1,Sports,True
43586,f4724744e173a8891861f35f3eb5499ed1d4c84c1c05589999c015920b8de273,0,World,0,World,False
43624,12902ebfc278a4c48a561849c02150d055de0a2aec63beec9873416ef41e7c7f,3,Sci/Tech,0,World,True
43631,fe45de4179fe8c46bd68611969b6d7e0ced94ce3eacc0523c9460e76651bf3ef,1,Sports,1,Sports,False
43641,d428ea35a8d6c3e7aa98a671076f756f48715264caff0bc3911048fe6bd37038,3,Sci/Tech,3,Sci/Tech,False
43645,a867151a776331a262b558fe16c835a4db9794698b192292319474db6158a221,3,Sci/Tech,3,Sci/Tech,False
43658,a5f79265402e8b26b11c4c0a10c8710d0e993ad94f197e9cbdb28f6bb5810617,0,World,0,World,False
43662,945a432fbf7b9369beb6d5f87f1756ebf2ff60711fb9c8bb54de01081ca677a9,2,Business,2,Business,False
43668,09cb56de1c4ca63163f4e338fcbd699c6c0e95a2b1089343c5cf85cfa2da9b34,1,Sports,1,Sports,False
43688,1753a79124262223312cf5be4b48a1472df08492eac1a718b52b24dd4002e725,2,Business,2,Business,False
43698,b29d5e86e833e096e4670b8b069315e34eaa558910bb3cabc1a1b65de9cf2a1b,2,Business,2,Business,False
43701,93c9b7ae494b85e0104677be68e5f856093a7682cd15eddcdf075efa513df408,3,Sci/Tech,3,Sci/Tech,False
43723,1be26020dd1cb6c90878fa8c61f5a4af0844e7683568c73f749fa3c67273c63b,3,Sci/Tech,3,Sci/Tech,False
43762,6d0407319e1038cd3493b62a0b58f6fe9f3e6933c5bd52ee240987548268a5be,0,World,1,Sports,True
43763,0a2a516b709b2037cdb02ab4e079bc7824f22c10f7eff4efbfdeb19f18363c43,0,World,1,Sports,True
43764,9211417ecbf40940dd19771a220266e6b81d6214865c58aabd8adbb46b44bed7,3,Sci/Tech,3,Sci/Tech,False
43771,574eb2a62b9cb475c1c9cbf369e0ba479daa4e093c2ccfee3b823fb5e1714fc4,0,World,0,World,False
43784,27d3e010a75f83d6939344e8a2893336a076489d937a6f8728678d83bdd3ddcd,2,Business,2,Business,False
43786,55d5af24d18613985982e32386c5fa379dbc8331b3cb2989bf3cb6f410000c00,2,Business,2,Business,False
43791,8bce8ef0d42548318b836b6a2cc396eec48ea99b8cf7f8797c652f5059e9f5b8,2,Business,2,Business,False
43794,9fa1115bcd859febd89f9f5e56ac78eea29e07f71e42210424229da9cb4ea50c,3,Sci/Tech,3,Sci/Tech,False
43802,a6684f2a4dd368cc1da5ccd05f293c9d2ea714911b36bda8ca9b4d1c11510ad3,0,World,1,Sports,True
43807,49d5a218d069706d2d221ce161817b376d51c7fa3d6c85b26a143e319d4f6510,2,Business,2,Business,False
43830,bbeab4412c1f9c6773fbfdf5cdc2bc5297b3c6941e888b5df086f68aacf804f9,2,Business,2,Business,False
43834,4711cf20f7580bf7cdd4c54c6d925ef015397f6b9d7007d14e5d967c8a06d03d,3,Sci/Tech,0,World,True
43836,4850b4f0bb19369bc3200226c1c1f89827be4b88547b2085ffa8843b2763f107,0,World,0,World,False
43839,85ed31886b93a3235941d23b0c7beca9caa0b978b90d4fc2b55607bd053cd7fc,0,World,1,Sports,True
43869,cfde4da6dfcf45390bbad05f1b119328c0464e8dc12a57fbb8b7d6ffa1e58035,1,Sports,1,Sports,False
43871,835be871501e6d8f2c977e7a4d3715a327cee143f441c5273bee782c4ec65610,2,Business,3,Sci/Tech,True
43897,6fc0f11453d4322f474f1f8c1b964df00a5e6a71721d4ec6399430ad4cf59017,2,Business,2,Business,False
43908,0a6208ca00d2c81e100c6dd9af40d375925f3d17deca31206b1abb9e6e5ab7bd,1,Sports,1,Sports,False
43910,0cf6922974554fc9392a9dc29d80dad6d18cb260066ec809df0a5f9603423ab7,1,Sports,1,Sports,False
43911,3a92a7ed02d0bdaf1c3e92995482b03e0951427a5d06bbb5f3d936575de7cf6c,0,World,0,World,False
43912,d2eefb7ea9eaa46f75349bc84a11c277d732d94bcdafb6f5a8e49640f4e6d0b4,3,Sci/Tech,3,Sci/Tech,False
43915,d293faa67020cf9af74a89e49b0d7361773d701e9a063fd45653aafe2331323b,3,Sci/Tech,3,Sci/Tech,False
43926,4f13c0fb53196c971e73dccce4a43a454bd0af3831d55a78350e228a9e829d5a,3,Sci/Tech,3,Sci/Tech,False
43931,02ea1c56fa3daf038594a4a1fe64602a5466485c8d3cdf2f0784a92f02512504,3,Sci/Tech,3,Sci/Tech,False
43937,adc40d7f5b2aa0b42ada423008100ed5236374e519a7f19fac7f22da630e3ce2,2,Business,3,Sci/Tech,True
43975,5df2efca4128e601e198fa3d152ecbc97e8317f8f63943227ff8238bb5ef4016,0,World,0,World,False
44005,474320966f82798fca4c4e7c3bc0c400f0adf5428740919525c9ae15473ba534,2,Business,3,Sci/Tech,True
44012,93844e6fa12efd2bfa9956a2ff0771e128226d209d53ff1b3eedb26984d95f8a,0,World,0,World,False
44023,51c58154feb9fdf636caebf8ee9bb63a55e759d00435cd1dca7c25f031844a04,2,Business,2,Business,False
44048,c2e0cd154fcea1e5d1e84e5e1be470ac554d8638fc76255bf23ade0c90377451,2,Business,2,Business,False
44055,24a844275f8ed997415aa16ec81bdbd95be36dc8f97f1210036991b51a5ed5cd,3,Sci/Tech,3,Sci/Tech,False
44072,78799c9ff6f7c799340093e15a123a52b76a4f3acd8a7e88db11ae65ece9a2b9,1,Sports,1,Sports,False
44076,863d958bbc413027758fc71107beac2b4507d57edeef797e861327e0a3081681,1,Sports,2,Business,True
44081,7d74d86f5ab2d7746f05be40296569d21d26e7f81902b04290bad97da0d04b84,3,Sci/Tech,3,Sci/Tech,False
44082,741673422e618babe0119cfa88a0378da7e2673a9b8f7a43f30dec994b740437,3,Sci/Tech,0,World,True
44096,7892e6c79e1a9624a5182942f8050e556e14d47993f1a87dd112757760a05c0f,3,Sci/Tech,3,Sci/Tech,False
44118,0468249bc506fb2ee75f372c329ce969d0114210bf1b2fe051fe14aa4c71fce0,3,Sci/Tech,3,Sci/Tech,False
44124,f594ab9705415e9e1955892e4c2fa0e8a723562173fe52509e026c6929268c7f,1,Sports,1,Sports,False
44141,ba475a4e1ce4389c94a8d1d66ab313dfee2d7454b53a9c0cbbaf6c42cde5714f,1,Sports,1,Sports,False
44161,c77c9c56a78d0cd9d11f8ec2494e8b4cf8762c9be783874128936350726a27f1,3,Sci/Tech,3,Sci/Tech,False
44166,290604f2b4795ed2b618ec70eb2efd9f9194ecc69466a8d231e21324bafa6194,3,Sci/Tech,3,Sci/Tech,False
44177,d4d687987876447de8615a39054e5225ee419448ff74dcf0e362f671ca2cbd11,3,Sci/Tech,3,Sci/Tech,False
44205,41f7efe9b767adedcf01c9ca49b54165adb9a77a0486b8251bfe6d23315a4be3,1,Sports,1,Sports,False
44208,37cbdba5a2839200ccf9193eb3e4b3f10857ae37a0af0a3a4d20f1c53920f1d6,0,World,0,World,False
44209,c640a9d4c5c7b0da025c426c7611691d3243af5addcd94a52f5ffaa8b0308fad,3,Sci/Tech,3,Sci/Tech,False
44210,23c5a5de124991a8fbac1d124c41ed42d7eee058311dcb95ab08f985c79d7c2e,3,Sci/Tech,0,World,True
44229,32bd72ff8a75fe408f79cd0193c514afedba0ed972dc4b8e94c5e7d664cc8dfb,0,World,0,World,False
44233,0b9f23e0812b868a83ab805b728ee4ce4bc030f819375b8f841aebfc46bda718,0,World,0,World,False
44234,f3237e2faa3fe66eb250ff2e465ac869c648769e4e16c0ca070bb88ccac42bad,0,World,0,World,False
44261,131e17fc506d63ff4a647c8c9956e4edc48d939ad84aa26906892d2f4a752fb6,2,Business,2,Business,False
44267,0d314c8c97150c9746af8b93877f4a3da26e3e456614d55725691c74f62bd9b5,1,Sports,1,Sports,False
44268,623eb5346175a3a4fdea31d25d575dfde6d6fd1b8cbd78a045e246f6c7bebd63,0,World,0,World,False
44271,1e755b843ca722682b38fb1f1c6d7d481ca04e21529e54bac4a63f7ab12af684,2,Business,3,Sci/Tech,True
44278,58a927aad5add255feb3190a1dd90e4ec8a8df8e6fcf0cfaafa3e0a30108be3e,3,Sci/Tech,3,Sci/Tech,False
44327,710c858d5e26f9e239ef9015a260ff4bcde44d4e67394c369edd74bcb9ab5cef,1,Sports,1,Sports,False
44351,784a20addfd0ce8ab70f02c121b8cf929ec2676afef72e215323f364822d2200,3,Sci/Tech,3,Sci/Tech,False
44352,ed999e2332eb59295bd49679ea11a9559d41b9b2df2476b39b22da8a0cf820d6,3,Sci/Tech,3,Sci/Tech,False
44355,64b13c83a3febf15add84a1eb86c29b3f46eab3b4a12654b906a2256001f6091,3,Sci/Tech,3,Sci/Tech,False
44380,4dbee92f47d54a1a50edd120d73161027175fe800419a1a4654f0f2d4090d23f,0,World,0,World,False
44398,08a6b2a2227afd2025cf36aae3c85e23fbf483366faaeae34b1947ebd7843425,0,World,0,World,False
44404,bb097e090805f3a06fced3b60b7f83a2737d599827b4ef20b9bec4b55d047ec7,1,Sports,1,Sports,False
44413,e7f73dc863a2b3a035f0f19d9e6c86588a2daababfc71430d8a9f912fcc6e615,0,World,0,World,False
44420,b51f825276da689a99796e5184ef468f95912c1d9f9b7779cb98c3a4b453df48,0,World,1,Sports,True
44456,3b8d397673a649925b6b8f5cb329b284a354ec27c4cc6c4d72399965a660fc19,2,Business,2,Business,False
44458,06e0b80919213a7b9a5750d358ce81235a22cc29bd37c79384abfa71e1ca9c19,2,Business,2,Business,False
44470,bbcbcffea82339fcece83308ed161e25769c63a819815b1863631d2ffc319281,0,World,0,World,False
44474,79ee8d6fbded99cbf37de2f2c54de41508c997260c06b35a6fbd55c3808cdfc3,3,Sci/Tech,3,Sci/Tech,False
44476,f33aad393a0ee8a117cfbeced3c8dfac88248cd00def2d0e0e80a2341a30bc17,3,Sci/Tech,3,Sci/Tech,False
44483,b6dd673779c55a6ca4bbeca09015bce4f5814fc9a45fe7fdd52f53b3c8238d8a,2,Business,2,Business,False
44499,3791a7e7743c6cc24fa1ac86edfeaec0d55f102de1fc1ad5eaec99c44ae71143,2,Business,2,Business,False
44522,3ca14b5645a0c1c224fe1eb91216bf7546be5974fcc069497389a4d5bb097d77,1,Sports,1,Sports,False
44543,2ff9972031e1772ca18a6f8447abd6c39734b1ca94c50d59b84a26b92e0e8a45,1,Sports,1,Sports,False
44568,26dbee79e71b04b5b7e976cdb05ea008f83a14f7f7107f7b08022a8ae043798c,1,Sports,1,Sports,False
44600,396985bd0481927f6df9f71802524248b519bcb35671d81ba5d984488eb34e90,0,World,0,World,False
44622,69a0d394c370a9dfc12e73322f22443ca279d09d3c7252d2bfc0a4cec7c96b3c,1,Sports,1,Sports,False
44630,0b747b702515fb562d4105f9e50e8d7aa94f724e599c98a38ec971ebdae2c0f3,2,Business,2,Business,False
44636,e21ae842c3acedf9471273bce63881551dbb2c7d40cafc55e9465eec94c94cc4,2,Business,2,Business,False
44659,4d3f541092487865a05ed8767003b64821a87386456fe1cd115db905cc43b619,0,World,0,World,False
44660,39d8edf35e23ff6f41d1e074b937999262cec1a62de9a3421c836476fea423ee,1,Sports,1,Sports,False
44677,78d53cb6372849b59e3c7b2a7545cf41d51d620029a6207473ec68a1b11ddeb5,1,Sports,2,Business,True
44679,4f414dd22977d7a2d40c79287fcac48d4e255e4feb53b45579769965976bd344,1,Sports,2,Business,True
44697,2ba23c22b3a01546652764341ad90eec2209f7080048ea72373a2940880dee7b,2,Business,2,Business,False
44738,8ac566443234a6368bb4d3f7ae119c0ef01670bb453428a7edf6dfef2888e6f6,2,Business,2,Business,False
44740,0d5bba7216c309ce9140714016ea787c50852e155ea8ca071c7553b73dc3ed78,0,World,1,Sports,True
44761,8bfc393a3d2c64988e6205260f2d7bfeee65a953aa50e93274529f634fa3692b,2,Business,2,Business,False
44784,189229a3460458503fa0a178bea6da12ab3ba1b39faf7fe6e3c16111ec934bd2,0,World,0,World,False
44791,57ceee3cb18a73330c62f3296dafb6d19d9f12bceeeea77d0581f15239ec2639,0,World,0,World,False
44799,885dcda1b54db80dd1d92eaf5d3d4522a811601f0460b349fa8ae10f8dd1dbfe,3,Sci/Tech,3,Sci/Tech,False
44816,a71fd9e2107b61cbadb4542493750e25675c67128095f5baf638548600f134c8,0,World,1,Sports,True
44819,91377d35382d6ebecb4ad8c6b0217150aa1a8c32b383ab69cc0541a8cef855bf,1,Sports,1,Sports,False
44820,e758e1d90d6f6cd0809d80c3c367b985c3386519357ce5ea8b33d4f6990a9d1a,1,Sports,1,Sports,False
44858,ea9135e7820ae729aca074e5eed9f5f6c0078621ab231e87f32a3184601882bd,1,Sports,1,Sports,False
44873,d928aa29faca58e27b6ca56378f2582630bf2e9ca17e100d53c6836df2b02c87,0,World,0,World,False
44888,9af6be5f879a9bc421a31d1aa9a93ac26e64e6e632eb9d3ca8c5a617fe2d8bce,0,World,0,World,False
44890,7532f3692c320f5f9476c5d8c4ae5371da6d39bef6cc405bed133979248f4e49,0,World,0,World,False
44903,ffea957f2b41ed651087207d1d3df8332b338fd5f263d790b7fab17cd86dcf7b,1,Sports,1,Sports,False
44906,05a10a799369cb674498549136a3f0166a529f45ab91fe5ebd295d5a86225700,0,World,0,World,False
44913,d822e97fec8642549494e2b77fc94a1d8b1bfe42c3ca207df3db1bb38d487f76,3,Sci/Tech,0,World,True
44916,d5efea9a23c0304768e966168f64a5145b468eb49262f9f697f89fd7cc2bf2cd,3,Sci/Tech,3,Sci/Tech,False
44923,788d1e33dda095f1459afffff2d8e8b68165ece7ca381dc167666e9bacccf95d,3,Sci/Tech,0,World,True
44925,75dd6b98f75e3fa8457b56ec78006d50e3c0cfe5679d32b38f17620a84db52e5,2,Business,2,Business,False
44946,e4c2e9eb001c2e40a3365ca8a0fca14cb3355b0995a68a4bbfe8c2444174b7cd,2,Business,2,Business,False
44973,c6b9aa7dcae32be8c820aa818c24197cb1b0bfb89ce8cb69adf177419dce8147,0,World,0,World,False
44976,86097ca5a615097e638822378a26678ac31eca32c1343add1b6ddff0b5a4dd83,2,Business,2,Business,False
44977,6e0c7d85bb48f7cbfec638d20ac8e7791da3a9afba0acca294df730005f8531e,2,Business,3,Sci/Tech,True
44981,3b96f901bf24ba6b052aa0dfd47767ffcbf3116be741a09c6538deacb7158661,3,Sci/Tech,3,Sci/Tech,False
44986,840b3302d7e758d20c9f7f061c96414f0ad1601888eb81f91872b881dd32d4ae,0,World,1,Sports,True
44997,0e8cdb654923c5c520d661a24007079171b561d5fb20fd255733e2456879c5f2,2,Business,2,Business,False
45012,e2284164babf77822aaec1599f30af609ac9d73f82c2c70de0350cc04b567a80,3,Sci/Tech,3,Sci/Tech,False
45046,2751797eb07c49cda991feab89fe248711348b4adc28aab3d7ebbc7db60d874f,2,Business,2,Business,False
45063,74c8ab2eddf187da6063fc03f7408812c496f84e8a44ff204537414914e0e109,0,World,0,World,False
45066,d1dafc2285bd230966c98ba44b13a62dda670326989cb827d48c8eac9ec8b939,0,World,0,World,False
45074,8753bf3a9b11d1ce515d673c6e2d36b4b7dcde559c032240597fe4e12752ad64,3,Sci/Tech,3,Sci/Tech,False
45083,56ae9f0821d1127a955228816d7291a0a7568aa0da009c2e620030d2a775c2dc,3,Sci/Tech,3,Sci/Tech,False
45091,1ca70fd8e7080104480a12594a1c6f1c2eb5268bac8451ad6125a8680b09ed52,1,Sports,1,Sports,False
45100,1a2e5f3fb2e30b6bfa26e4bf3e7c4a976247ea9c1927c1a292ef64fbfaad3f68,3,Sci/Tech,3,Sci/Tech,False
45103,b10f13e3de5613ce81b37437171cc5b1cbcf549f96905bd2cab49a4a382cc332,3,Sci/Tech,0,World,True
45121,aa68b33706f5e9cb56c7db7ca4568afb8216bdc1c647c157d11f52362c37c8a4,2,Business,2,Business,False
45130,466c02473ccf301847e9a6f4bfc56395b34134586b93743c4efeadbed6b437d1,1,Sports,1,Sports,False
45147,a4e220ba1db832ebb88472cee4f04508e53ac49c56f343dbb66e90ffe0049604,1,Sports,2,Business,True
45156,55a2de605e3229631e646182d33505ab111aef9cd954795e350d882e3c350bfa,3,Sci/Tech,0,World,True
45172,56afc359e85a2bd1583d65dda55e3deceb26c81901d477ffa06d906447cac5c3,3,Sci/Tech,3,Sci/Tech,False
45176,a2c625713ac65ac51aa7c303fc3de72323a9a40a8e97cb231d00119f9b2d39be,0,World,0,World,False
45206,6ce2fd28bb0e65973dd704d220cb74b31c4ae828922074808300492154ff9597,3,Sci/Tech,3,Sci/Tech,False
45210,0ee65ee94621e07584a09acb48a69b807a93d825f9661415febf0597094ac1fd,3,Sci/Tech,0,World,True
45211,67b1981e4641becd72295f5fe5339d00fbb36c6e8c4a95c3e131925e123bbcc3,1,Sports,1,Sports,False
45226,0778cad624262e0f1eb3b5adf596350954b600715a52bd2803fd5fa55044b0ee,3,Sci/Tech,3,Sci/Tech,False
45228,06c59635b9d55f181af88248e6bf2700a095b811c231bdce122c288636be1e30,3,Sci/Tech,3,Sci/Tech,False
45232,a5864224dda43e855b6962a908c2e1bf4a39ecfae4143f593e99bfb662ed4ccd,2,Business,2,Business,False
45241,ea888d11b1150702d83b9c94612826f8c838afd662fa7aa1557475a388523164,2,Business,3,Sci/Tech,True
45254,1e60421eafa4230c00a3f79457ec216f71a2fccaa72b656bc0dd162b157e9d29,1,Sports,1,Sports,False
45273,81e62b634b32253b9e7e6a4deb7a4049244b6bf26d1ee0c616fdec1b1e30fbb4,2,Business,2,Business,False
45275,c5624d6e5dad4b3be488ba9f297281a969e621323a6c5d4fbc7ea63b4e4774cd,3,Sci/Tech,3,Sci/Tech,False
45322,4e71e9ff45060f1237563e395d9aa9f43516f2f8c4ca95e2eae433bb11d30b43,3,Sci/Tech,3,Sci/Tech,False
45325,f335785e3aeb321ffd38ea1926201f5d000d9b7764bf208672ebe1aac74b5d70,2,Business,2,Business,False
45330,78f877338ca59691a2d065bb54d09a936f5302e95ae1e451dabcf5bd473367ed,3,Sci/Tech,3,Sci/Tech,False
45331,1a9a9b68edf7ca30372f918e1b95752273a239ab02263bdce9d132b95bb2eb8e,1,Sports,2,Business,True
45348,434a69e34e71d9924c042caad35c77f6834c0968608528037ca33206af308159,0,World,0,World,False
45351,42cc791b4d49e87a411a291ad5a62872ec6dd377bab9a126a85ccbeebac2ac42,2,Business,3,Sci/Tech,True
45371,536c7ea3e65c4ed2eb15d87b05fb472da5b50da4dd2ea045ee735584a4409102,1,Sports,1,Sports,False
45374,0723c0b35e13f055e7388c780e8340f134b0bba6c6072a07480063c4530ecb60,2,Business,2,Business,False
45383,203028d88a4c2204281e03c5d85fa5761996d4c9edcfb58dfb83c287aac2edae,2,Business,2,Business,False
45392,add01f4255e88015ccfe4b8fa368dbd88ed8a83d3bb971f607ade358baad2156,2,Business,2,Business,False
45395,02666508f67e0aa0f91d88531a3fd76b66c5cadfd4060cfe7f4b8a5be2252a9a,2,Business,3,Sci/Tech,True
45397,779f6f801806f08247a5896f952b89d51b2804c7907bea9c69eedc176105a637,3,Sci/Tech,3,Sci/Tech,False
45422,92a01db631615e2cf4b14ab2ce78f6b4e974f85af1d7853f8726c88e9f9e4abf,2,Business,2,Business,False
45423,f88a30ccdcf9f28ea1d3c483d3ee25d4fa0b9cbc3e4988ff0d960b12293f5b2a,2,Business,3,Sci/Tech,True
45424,4bb07eb8c5da5ecfc1ee61d6cc60c3fbc16d656c2a1abee62d7ca70129670bfe,3,Sci/Tech,3,Sci/Tech,False
45431,24a695f90a41f82d532bdabc83de4708f5d1a5bb2aa55fe800374b49521d89e7,0,World,1,Sports,True
45453,2eb61b9b6d7347b92a45b5fb07c72ff5a03d8ca9e0c43163e7a0a6e74985607e,1,Sports,2,Business,True
45459,93f13a849486ff3861e479b4d9efbdc9029cf49d7a0bb659ee28f94f67ac6fca,0,World,0,World,False
45464,8dd6c5bd96e75beeb4947a24964f02f824f7a417b1dcf53e9250804c140887d4,1,Sports,2,Business,True
45483,27930b6231f618d210a78cd074e5a5106a35775734fdc511855da8995bbc6b59,3,Sci/Tech,3,Sci/Tech,False
45486,45fad284e675714e8e84b87331a59774c43bd9ec68c60ebb7d18566f1ecd38c5,3,Sci/Tech,0,World,True
45492,fe9ece457eb6c80dbcf9844cfb5d1a604b3daae87456fdd0c09d50bf8f452ca6,1,Sports,2,Business,True
45499,75576c5c4c6e23e38334b080d78699cf4dbf72996724d8ec516906b7921ea93f,0,World,0,World,False
45502,1fd0cfda2ec80816f2d059f274d9fc92f7fda05b36b076566ef42c0d287214f2,2,Business,2,Business,False
45529,ca9f13d89e202264d73f24c43ae2fe81f5f92ced67e8114c8eab0bcc33bfc72a,3,Sci/Tech,0,World,True
45542,d424019846e19ece4a130f4575f6fa9e191a617691ec1e14b7ed612e5c104bf0,2,Business,2,Business,False
45545,e7a6944a562944c2cf4aa0b45883b6be3843fe388bce6b1b1e871f1a5a51a278,2,Business,2,Business,False
45547,6a97a0ca5a4bdbd752db2b6a2dc20d9e65f08b2e79779db56d7ffcca8b9b5735,2,Business,2,Business,False
45548,8bf85c126d7577756d555066ac44d8fc5d006d8ccbdc4485a836926ee29f2a52,2,Business,3,Sci/Tech,True
45556,96f8b066d63732b4d9ad060f21f03af96d45a3dfad59e7124dde91ff6184b650,3,Sci/Tech,3,Sci/Tech,False
45573,edc17342c324b7001280aea4380ec39995569e130883b1cfecf4f058fab59afd,0,World,1,Sports,True
45584,41b65eaccd9a289466eaee9ebeb98fd6b2e8fa19e8ee038a42a638bcd896e002,3,Sci/Tech,3,Sci/Tech,False
45586,c7a2ea678860c1ccf6a9334c862bdede5b297e008036f8b7441924175ae07016,3,Sci/Tech,3,Sci/Tech,False
45609,96a6ac26672520da8c7db3df4747ce27175f14ff0cc0e09c123eeef0bfa3371d,2,Business,2,Business,False
45638,b5ab6116cac82c6d07e6cfc5c08ee1e977fd0f0ed39f3bfef466f6ff29a90df5,3,Sci/Tech,0,World,True
45642,1ba4b1cffcc368c2c8ce3544e56bc90b2c40e4b7ad4d0f659bdb7de872981c23,0,World,0,World,False
45645,33f7d8fbdba57b5874fc44500fa2943d5a4ab65dc72d3550fae43fdcec9474f9,0,World,0,World,False
45659,c829515f358aca76661c3f0ff1d1eb7a5b453f92fbee179693ebf4e06ed97f5b,3,Sci/Tech,0,World,True
45670,681c3f61204cf720a25991f981e0ae73bf9484e09f2144639183f7b4d97d7d0b,0,World,1,Sports,True
45676,0b50f5313df4741de82799b621c795b480e8a764d8b56ef7c2cc66ef28197c6f,2,Business,2,Business,False
45697,329a93616b5f8817891fe309c5d6bdfab6d21be9a18b33a4517eba69dd327538,3,Sci/Tech,0,World,True
45698,835f7916b17890f8708ff84a483f6cdee579e0ef7888c6fa94ad38de5a50fe4c,0,World,1,Sports,True
45707,115cbcc73c8c53b28b297dcb71f9645933a8bb7af07013ac50e0568d309d0748,3,Sci/Tech,3,Sci/Tech,False
45716,a8960d6d1fc3361dbdd7c21b43cf7229d5423e250c8eb6d0357f2bf031a91d36,0,World,1,Sports,True
45722,cae0da835e1c7a9aef76a63ed039739e70f6536db90c262c1b0e6bb376f9f14a,1,Sports,1,Sports,False
45725,be1f6f1e3ffe497cfcc6a940e61bad705ae7dca5c68d77cc189660f7059b740e,2,Business,2,Business,False
45726,cae3837f87b26526f840818edeb4a955272e3597263c54da684c991af9bcb2bd,2,Business,2,Business,False
45728,e848214f5895defdd7e21c4d7bead7ad615d99a8b24814a39d96d236eada4cf5,0,World,0,World,False
45745,2f1d544263056824ee7dba7695f6ff5514beac61dc5f8a5b798fbd18ce7e1741,3,Sci/Tech,3,Sci/Tech,False
45753,c9d452edb2353596f99095df96813a6af30325e0ae0b3873c6cdc477054c1d83,2,Business,2,Business,False
45754,b930d706026dca32505b15888b61cd28746d9ab335d50175333e9b3495b8b42b,2,Business,2,Business,False
45755,17c10af0a9f9783c9efd5fb13440de63ac1feee8fc9171319e5970e7f7ac00fc,3,Sci/Tech,3,Sci/Tech,False
45757,ed9621389644e58ee929f9a0e04c28adbd61003f7e2ec61dde5cf328b52f14ea,1,Sports,2,Business,True
45770,642c83ae13e5d45e0ad68c525fa657d2c2586b406b1abe199113d49622751230,1,Sports,2,Business,True
45771,789062a18315dfae6638ba4130e8c7438acdbcd295b728de3b18f859c86e5238,0,World,0,World,False
45795,d517cc58b3a4bf17940ec0e58dff141b6c8a641af840609cc02be6265525a1f2,2,Business,2,Business,False
45797,047ac17134321e65a921ef4fe4e6cc985886923c06814d223daa50b555035f75,2,Business,2,Business,False
45810,756e8a278e602ec152a154c3f91772daad2decb6a3088d9840a3590fe414b887,0,World,0,World,False
45825,a4a264a0d765912bb242f747e5519d4e2721775678d28d73b79dee764f92b4d1,2,Business,2,Business,False
45826,5c24b19916386032ab86911c4e57ee5b900bb25febf36973a0f6361e3eae8ae4,2,Business,2,Business,False
45852,d4b645a30f0acd640653b83ad84f8d57c090036a3e2de85d716efa11454eaa1d,0,World,0,World,False
45872,aab4c6a0c19c1cf898d7d9a4ba7c4ebc571b5a94aedc6955b8d28ab543104440,3,Sci/Tech,3,Sci/Tech,False
45874,bf2976e8f14bf13a7a8072f51cced6f5847c9c9c0fad7f83b6f531580e03f417,1,Sports,1,Sports,False
45896,560b6eaa183c7e85f51d2d30aa890eaadd232ef65eea3f6519b19f65bb257665,1,Sports,1,Sports,False
45897,993130aa797d2a760453e8ece424c5884217a5caa4c2e4f51140214d23f3f8a2,1,Sports,1,Sports,False
45900,97c24cc44c92ba1853893fc1adc2828167f4b96ac7c7d1cd5dd27dba3f79a94a,0,World,0,World,False
45910,fc775e229386a1023a81aaef5ecde259cd878016d4fe8906471c78ec1b293113,2,Business,3,Sci/Tech,True
45923,2feedc372aa468a8aaef941d55651784e6fbd2a9af5acaaa40c1f294aa2ee149,0,World,0,World,False
45926,6d5f69020399e650c2b0b06eceab043f3343501c847622326a2de9479d5c4a78,1,Sports,1,Sports,False
45941,13aaecf324e9650d7a4dbbf24ae915d6f561ef1c999c0a8e59d3aa487c7382d4,3,Sci/Tech,0,World,True
45946,84f7f001734978184587b438b41f39d6ccb52b47ad162f3ed197edfc294a804c,3,Sci/Tech,3,Sci/Tech,False
45950,cd0d68bea346903a53159c03fc8ef68ed2189846e75a04a6aff6b803eba3f7ba,1,Sports,1,Sports,False
45960,d921e4721fba8182dc667fe8f1e4a63327799c3c28220cc94aee7b0e936b729f,2,Business,2,Business,False
45962,a126d24dcb01b6ec4140e8bb21da322978e0169de0635b81ad415332846cb6b6,3,Sci/Tech,3,Sci/Tech,False
45981,5c3d6753f4d68cd5b3770e729aa1b695a277db66b083da6cbc440d4bc15d568a,1,Sports,1,Sports,False
45992,a11dd09815b3615490dc8af520ad7f02cbf5512fee0ee185e7db0d1cd6a27aaa,0,World,0,World,False
45996,b2d0b1dcc536c14eeca3215c90eeda7f725aaefafbfe36e6d53258f9b5d62048,0,World,0,World,False
46003,6df54ebea0c69735c8b3c9aecfa545eec98e027a4ab901f41a60cca125a93fea,3,Sci/Tech,3,Sci/Tech,False
46009,b99ffa9e6f58235e80507bc160d8b5858b53e42319868a1076241305146816fb,1,Sports,1,Sports,False
46025,c32f949e02429f6aceaa76bf5571663a9350be0cb2084f7bd1770a7708fa56fa,2,Business,2,Business,False
46028,8f21df3fb872838ef07cfb7eefb68eef6b08c3d6ec8ae5cc87594c5c95f0b04d,1,Sports,1,Sports,False
46030,38278895521ff950d438c9507e6d771003fa1ec4acd173dbc14408bee5592ee0,1,Sports,1,Sports,False
46040,1ad84919f4b05abd24f3d1c02ee6341593749da01e687206223766e80dd3e0d2,1,Sports,2,Business,True
46101,d793f3f041290124a32aed85909ad27dde795390327c6a678725c0b58f13b853,3,Sci/Tech,3,Sci/Tech,False
46104,dc93540b858abc6f723697aa206df28a317535130aa7309025afe1d14f9cb9d3,1,Sports,1,Sports,False
46105,42400153b7c54de2ef26e38152f4c49df1baa94221b409e592ef64d43cb989a4,0,World,1,Sports,True
46131,e25ce73063f8851633e4d6597685b80ffeffa0cafe3fe21e41df08fb1b4d7821,1,Sports,1,Sports,False
46153,712fbd2c3a7f052197ff5097db742337728c83f3c684da2add57f810fc57daff,0,World,0,World,False
46155,f814f9341bad1e0722a7b3a8406e6aaafa4c26817d73b7db9f654059846ee49a,2,Business,3,Sci/Tech,True
46156,df733dfc4d663429200615b4fbb3ded160cfbb1e9e630ef443fe67a9ea62bd47,2,Business,3,Sci/Tech,True
46178,23cf3e941a3ad73ee7203c9908f5f36b5b0fb0aa2517494a7b9e0300fe0ad922,1,Sports,1,Sports,False
46179,85f15085b81898c420a8ba88ac644d79b59fde039a6d6adc596d14b90ff14011,1,Sports,1,Sports,False
46182,b3f508e6e7a039e62535054914e13d149b079ec38158a39c7fbeca99102b1c1d,1,Sports,1,Sports,False
46193,14c08513429d124e7b2803e4fd518f02c402a2503eabbbe55ba9eca6c1dadd4d,1,Sports,1,Sports,False
46209,13b755bb02165d96e3f9c031d5206e56254a936b38b13772b6ef217ee28f7b12,3,Sci/Tech,0,World,True
46238,fec9806b8bfcda7ca8e1290f78b5550f66a32d21d1639f42804b0102c499a162,0,World,1,Sports,True
46261,b483a967593ab523f1bf84d972156772768b6fdd895a402839bc7d0959180f06,0,World,0,World,False
46287,8c59fb75f24ff3fae3be4d94ebe8700f20c1f67df25071006fe5707da02bae4c,2,Business,2,Business,False
46292,fde6b9599a191b5f85f95ca57bf5c0bd61db400455484c1bc3faef6233ca08fd,3,Sci/Tech,3,Sci/Tech,False
46302,e19a9e2bbc992db86fcc46cfed26894a1c2261900c9bd91b18756fd2a31a45d4,0,World,0,World,False
46337,34234de5ddb346dbf7452b925537b9df4b63741d5109ecb2ee203a901cd6a839,1,Sports,1,Sports,False
46346,cac891f2183e32ef5c6a482430a8ee2668384e73a73bc0b7927fa0bed6467cbb,1,Sports,1,Sports,False
46364,dade7d348111b24790c6ef55333c8f618b77ba829b652ab74c04b10a0a9d40c3,0,World,0,World,False
46392,24699321a4d204396dfb71d9b859350dcde0a37d1ef87140e2ccebe4cbc9499a,3,Sci/Tech,0,World,True
46394,f10b582180bf116d62510bb1594ebe4dac866b71a5836c0d613b08f9740ed5ba,3,Sci/Tech,3,Sci/Tech,False
46401,b6a5664ab5ef338910a8545d00486794b081beba366842fdf8b427cab4d6b538,3,Sci/Tech,3,Sci/Tech,False
46405,d791064207fd0b194fbeb30d9537d8fae3d08bf799ef6ec40168a0c833ee3988,0,World,0,World,False
46430,c54961b2748b822df99d18a0c023e9b023332759bc7d2be460353bdf68c685e7,1,Sports,1,Sports,False
46455,89c5d84298d0475252dd12e1383bf947f542ae32001a90d9c117f13a2d079d5b,2,Business,2,Business,False
46464,4367127fe00518d0c47ff69d865c801571a5c6ad87e20c88a70cad149f063d13,3,Sci/Tech,0,World,True
46465,76ad3bae3bc737333aabd7bb2a2eecc0ec8f0b2cf8117ff4ac24c4504bbe7510,3,Sci/Tech,3,Sci/Tech,False
46476,aaa2924d04246f8a7d0f6df28c314e3d518f539835fad7f4e69e27892773d82b,0,World,1,Sports,True
46507,3ac6ef61fe35709c9d8465da17ab5cedab191556abccc26ca70e63f1d45c7d0a,2,Business,2,Business,False
46551,354653e3b982285ffd0dcbacdefd7b0fd27af949ef56e2e3c3d86345eff70ea3,3,Sci/Tech,0,World,True
46590,545092f3e5ceed71be49d1bda150c59b9234b04838d7006bd518b6fc75be3501,0,World,0,World,False
46612,e958afce8781a7dc5cbbd2a0d50b411d9769fefd3bcfbb5a38a3c963cb11baa6,0,World,0,World,False
46619,c82290cb983f3515abac23b667dbe1cbf5cb2b675ba592e5330014dcb8931e0f,2,Business,2,Business,False
46658,b95a520965054922da4125d3ee6741d24bc3867ed0ebdcf19a89f65c3e1336f0,0,World,1,Sports,True
46663,66cffeeef0316fddf0198dda19c0f587b5031451c03df1cfb3cc69736d6fc212,3,Sci/Tech,3,Sci/Tech,False
46670,d22b7dd250e03e54c28388d3205d1bff6c2d9244863b203e17b0bda54f4d0923,3,Sci/Tech,3,Sci/Tech,False
46685,f8c300737d451948610a95133fd6af5d7c25abec7bf654e1f62dfeae37b85999,2,Business,3,Sci/Tech,True
46693,add73301153a720944daf34798f806adf77e2b55ef5482104c903940ae004d8a,3,Sci/Tech,3,Sci/Tech,False
46697,b5c8aaab64f9005b07862dabee9e375e2e163a32ce7557d2626d3cee18b9e1c1,2,Business,2,Business,False
46706,3f211e2a77f7ffcd2b4b56018de5c620326c6bbbcb4d135b274ad0e27d8d1103,2,Business,2,Business,False
46715,2a175580c463a4fdc839e5be45591f7177bca99b6c3f067a7194ce2e06f9ec64,3,Sci/Tech,0,World,True
46720,7dcc5e27101000cc7388d563f2c9df801356a2a6fe447fe9ea7018c8e25a982e,2,Business,3,Sci/Tech,True
46734,bca8d0513beeb73425abbbbd11be8b592a7f7953da690977ae5722edcee645a9,3,Sci/Tech,3,Sci/Tech,False
46738,fca7c0c8c0d15c0871575c9a1766262dc9a595945f3058dc925ae995745a7646,0,World,1,Sports,True
46762,dc9018b2bfead426918d3b2e8d18d0b06658e810db9502245c6a1b057207de8b,3,Sci/Tech,3,Sci/Tech,False
46770,ed29677523b4058f993c52ea05190731576c927acd78a950eee60dbc3b60b147,1,Sports,1,Sports,False
46776,d42fa2099b195f8e8d4d8021c57ad5ef30cdc2a185f0f45c4aecbdb08d3930f3,0,World,0,World,False
46778,4562d6720d71942985504ad26506d522142eb62d61cac00f15147ecc4e5d3105,0,World,1,Sports,True
46784,7cafa9901c1b14b73f1a68db1e6ceeced1a5d28a0d2e5f70fc05a7242477cb54,1,Sports,2,Business,True
46787,021783e425c6999c1a3b89e5542e95ae19cb0b09a3e993870c4cafec27041d22,2,Business,2,Business,False
46801,8fc42f54a81eef507583f8b9f3704e0675d04fd8e92c5114fecf60b964a7717c,0,World,0,World,False
46822,1a73e9238c379d4a08e9deee003c6a7124856e3520e88d7e3fa68064f9033b87,3,Sci/Tech,3,Sci/Tech,False
46850,07b3de1f9dbcc7d6a9dc34a84e6fec03ed24ef723d3e5386289a755c9231d39e,2,Business,2,Business,False
46855,2a683a2f47b97cdb32b3f622153a92cc0a724ccbd2f02c1c3e78ee2fe91ab65b,1,Sports,1,Sports,False
46859,9730c84effd9055daa151cfa543f323072b1163b25c49dbecc887e278dee5121,0,World,0,World,False
46886,bc381f084c46a222de59b6e676cd9a50ee9f7715a2fee874945c98bffcec6e1e,2,Business,2,Business,False
46891,c53352f6b30564ab6400b08a6ff629e95cc46d45234881d0c17c1bce72dd25d2,3,Sci/Tech,3,Sci/Tech,False
46924,605a28eb61ba98a76089d1b38bc7511e8b57a9cd8900332b215b22bb3a32675c,3,Sci/Tech,3,Sci/Tech,False
46936,030d8a2a42b17f70916e2b20b17d56fcea75f647035b22497923e02f91a6abc2,2,Business,2,Business,False
46946,a4fa15279109374040a708b0c11c3ee4de74d8d0454773236582f31f6faee392,3,Sci/Tech,3,Sci/Tech,False
46948,1406d0417b897e957eeef772b5bfea78c5ae0b0197fc2e7215ab683f903b6188,3,Sci/Tech,3,Sci/Tech,False
46950,ded018cf5abb86a79b0507922c293d28956acafd15c730217e780e10a9d3dede,2,Business,3,Sci/Tech,True
46956,93ef0e612f6011d02eebd1a010cb40bdb133341058539c002f70603dac091c6b,2,Business,2,Business,False
46965,98b7c01e8bf51954421b38e84320b00fcc8606caf5f6e09ae9c091351dfb99a6,3,Sci/Tech,3,Sci/Tech,False
46974,8cf36542a14f3ec2b39a178952eb33dc3951e33cdae3c5151fd1ea02bb457332,3,Sci/Tech,3,Sci/Tech,False
47009,8c2e4b754753c3c04ceb9b9638057b748e458beb6eb9a8e56248d8ce83fcc092,2,Business,2,Business,False
47020,1c396c1d6959bb13219475331b8614381dc6fe1c8f4316a962b27600cfd8dea1,3,Sci/Tech,3,Sci/Tech,False
47029,e49c68c7a50ead098a95ca12302d64003c8c6593a4a231762363b683100d13ef,0,World,0,World,False
47033,4f5a944c7c17adf4c92b834553a95be77de9640ce5924331eb6e55f55579e955,2,Business,2,Business,False
47048,9e68fac18e598f7a90f8b12973779e8f8b575178dbf44c582d2f22d6eb41f56f,1,Sports,1,Sports,False
47050,98356be9b43d0596c4c76425d81381f249dd460c86e13835e3d69e7a4a740915,1,Sports,1,Sports,False
47056,f8f9c162931de1993649508bb8bffc2b5e9d4a5e7ba11f33c35bcf196f444150,2,Business,3,Sci/Tech,True
47063,be235f99ca51dfdfae4678374d2c05021f7b5978acd1a41457b7019b3d44dbc9,1,Sports,1,Sports,False
47067,144b5cd9f8055b1345ba4cce9b9556a18b161595e78c9304a4525f2430d2099a,1,Sports,2,Business,True
47069,18945d5e37abd779f737fc689cf430dbf506733af3c092a19985273c31ed4cf9,0,World,0,World,False
47070,d3bbdc803edac2bf832c9a93a9375e3b712ed90e3bf16628d271c568b243c791,0,World,0,World,False
47072,fc5ea6074e22601ea1af7607b5aad191884819bbb9edd694982e7c52f13bb93e,0,World,0,World,False
47081,992d4cc0436d7386697337d1005a961f13a5132fc96b18dbaf784a413f47904b,2,Business,3,Sci/Tech,True
47085,1b4a20e1617dfa326896abf07b80f3bcf73da89efa8f33338886af08b7b14047,2,Business,2,Business,False
47093,4b215eb396ec1a2f5f3574c1a8ee666b0d6726bf34a5f5e78bead3cec834ca28,0,World,0,World,False
47096,a11eb9b913dd06b7c85b3493ecdb66d5706cfdf1f6ee4aab94c7b36da50d150d,3,Sci/Tech,3,Sci/Tech,False
47114,349367b20b2b8f742952618083504e3848d79acf91b32a3c0d5ab4ff2bf94483,2,Business,2,Business,False
47127,e80b8e20d22040c6bc2d30634f7168b06a5e7b8dc9b2f2005d7bed809428460d,2,Business,2,Business,False
47134,baa08c6193ff8f84f01ac322d0a56db77ba1a4e62a6c5e160a828ebc52170718,0,World,1,Sports,True
47137,b7f50f13dea45ac645cc6ed4d02e33082a9233b6cd7a0fbd80f1b233fc88540f,1,Sports,1,Sports,False
47139,e1ce64e7ffa484350e03af9ed9cf34f5e8a66b01454f49d1413193e36d1cbb00,2,Business,3,Sci/Tech,True
47164,821c1bcd728c563552d25001c8f39f563f75f77608fd3b97615841d491aa007c,1,Sports,1,Sports,False
47171,910894dc6362b5065e629cd1f4aa4003475ccd93ceca0c1e41998a5b802ff951,3,Sci/Tech,3,Sci/Tech,False
47183,5ad25c7945f0904ebdf5fe3eb10dc3977855b17420105ac67da15ad51e22cecf,3,Sci/Tech,3,Sci/Tech,False
47187,948e4c3af0f7ab58438c0cb15c2e86bcd9768a7bf2b0c1a84c7d238a3ec479dd,0,World,0,World,False
47194,5101afa8c2165ccb76538c3a17c3c5c0caa968cf8b8f9d6235b50eae9bb6c458,2,Business,2,Business,False
47198,9a8de01cc616bc0dbb1c4be97ccc05b175fa75d6dbb4e0db9e04677ed9456f68,1,Sports,1,Sports,False
47227,5360924a793132fdd021d2db68fc003f94ee8545ebeca3538957845c5edff52c,1,Sports,2,Business,True
47250,f2eaf1da8937595dff8fa6cb2a7995e1f6ead695bc52ff8a202b6333626bfd22,3,Sci/Tech,3,Sci/Tech,False
47255,b3f0a17f96bd8a766deb502eabe869635b28ac8374abd35740888724b70edbb1,1,Sports,1,Sports,False
47259,42ad9c505ada44de11ec5d887fc6d879091db6f5e73719ad64add3f7da0e3a6f,2,Business,2,Business,False
47282,a1341414d99cea73c37b2f1d02d27df1efc7bd0b23756af5cf8cd8ea6a47ce26,2,Business,2,Business,False
47284,7afeb60ff319810de023f00e16cb404d58e9e83967d6a490484d1ad26c036b7a,0,World,0,World,False
47302,4fe54a1ef5f796d1ae3f1ea6ed4a6336b49ef34d095237edffc5579def6e223c,1,Sports,1,Sports,False
47303,1de35c01a8481589da073a806bda639d6c09110de03d1382ac53da693c1bd561,1,Sports,1,Sports,False
47310,7252407696a147dad56dc6221cfa37a47f6790f835501d8de8ad6041200e7fd1,2,Business,2,Business,False
47323,fb8c8c9ac9961e5f156db20dfcdfe417ea968ead78d826099fa71ac0aab37504,1,Sports,1,Sports,False
47342,376ca194f9e77149bae19e862c38e0a355e870d61715afd2d57fadec5af51169,1,Sports,1,Sports,False
47347,e8e737a0ef6fef526eca996467891a0c6129e73dfdec1911160b7686e07cc79d,2,Business,3,Sci/Tech,True
47372,cc67aae2a79df829242b712fa71d185f72daf46daaa78af77038cfc0e25c9780,0,World,0,World,False
47376,eea7cd143acacddb50b8ac86061e8fc2884f0b54f6d921bd2b9405d1ac1efc10,0,World,0,World,False
47389,f9bf96442b821a0d1b0471fa669591954f2d8cc57b918702785e0b4d73ab21b1,1,Sports,1,Sports,False
47406,40b6810d02041d9af96e4e540a584b591d6b368cc64553525bb76ca20ef8e9b0,1,Sports,1,Sports,False
47414,e3c3c5eda2a1b60cf065b4b3bdcaea1ffe2a87d8ce4419e6cb80066da50287ec,1,Sports,1,Sports,False
47416,c92cdf1bb800d825471c1fe3ca22af8a37e9b698bf4fa2067daad0de066d3f37,1,Sports,1,Sports,False
47435,d111d9ce3f7ac4d6a7e3c22efc796bfdab95d58f0e576a638dc4306f6da0dafa,1,Sports,2,Business,True
47439,9ff346944327b56fb0061bda73e643af0dfb66f37042df8fbab3ca457aa24ca5,1,Sports,1,Sports,False
47462,bf765a702fbbbcd937375cf741bd5de2543966f87e1cf7b4569f71e035edb64f,1,Sports,1,Sports,False
47480,023683a92bcfcb9c5cc4a60204f02c650c5abc73af76d8f3a4f85ec081fa5ae9,0,World,0,World,False
47492,7fb1857496b424963c8dd6b26c82fbad108dc87630ca11a2de6646eb3b2e1302,0,World,0,World,False
47510,e36eea9ac62c6f59cc4c6bbd88b4d89fc1a6884d10484193f20787c8e1ff82eb,1,Sports,1,Sports,False
47533,189410c5ff9cd63e3d69eb21830ab0d3dda0af359f2d2122da35dae31485299d,0,World,0,World,False
47537,4dcf1ed004f349bb756c237e8fa7b4856c4c8ad08af3cc82f461999214443734,0,World,0,World,False
47538,fade44cf3b31da504ccf90767e637bb5b8764087574513842a7a50c8e6e3c40d,0,World,0,World,False
47541,e24b9034a09f54d02ad0d982cede7df675cccc52c3d5c165a9195fc74a8b3dde,1,Sports,1,Sports,False
47550,af7605b49319a638517d435e7118445a0a7fea0eca7e6621ab49983d60a43f2f,1,Sports,1,Sports,False
47568,334e5c4c70c3c564a71f204a6f7653178887f13ba6dd98a617ce1f050784707b,0,World,0,World,False
47585,75a86b0f8f7c266d4bed0972adbbd5797044ac7b8deabd57d8fb7628aed74c7c,2,Business,2,Business,False
47595,82116ea20f2a11db53c41aa8a89101eaa3ce64d3e341c8680cc2d8f16e711fb9,0,World,0,World,False
47604,db1ab6b7455efd3dea76f4debeab9b2e0f5c8a77843b328780cabcd6773c6c20,0,World,0,World,False
47634,188f67df8ea8a62b71c532c7468cdd8bd8645c3b5b8d8a77d1abf888f5ea9f2e,0,World,1,Sports,True
47648,1b8103b9c8567c406be2eaf853e6dc2c37e95fcc9a082202d8877c87d0ce420a,1,Sports,1,Sports,False
47663,32e09e5e7ada1c144d002c4249a9ba56fb4fd8c4fa64baf711a6edce35fa9835,1,Sports,1,Sports,False
47687,3006027bb516e177870e87fb40573b5da9b759cf893b0a7fb4734525f8770e01,0,World,0,World,False
47696,92cbd85ea062e1f6814fb09f8d55cf14189a0d32d2eb68d59bed873035aa3b99,0,World,1,Sports,True
47703,285d1e78876a9b4f95461236f8bbbffabc17c996b16d989d0d4dbd043f494177,0,World,0,World,False
47712,1494415b80530a265e54985134cc5be9e6f32f8bfd35a5be8f2e94bc44ea8d83,1,Sports,1,Sports,False
47714,43ae59c082f06ef72e5283ce948bfd009546281c8dd98255a2932a8813069db0,1,Sports,2,Business,True
47717,c66c78b4404a79f661243dca9b985f8d3af0d602082ea44ccdaffa43e122a234,0,World,0,World,False
47723,0ddeb9e504b96ffc4ee647caf8c2a2d0695c58b56e7c6ce75fc59f737f3a145a,1,Sports,1,Sports,False
47733,fbd48579decc5bbed6b6e447668ac17a79dfb2fda5ddc1f101ab86b8e0465573,0,World,0,World,False
47735,770bedaa986368190b818688c91c9ae2016271ca6315a0e411451e74aae04380,3,Sci/Tech,0,World,True
47740,067668433583927e103b2d1d0f1139a69cc0846a640502eb4e99985c4decfb46,0,World,0,World,False
47744,b5b7e15026ee2f9532c53231c0307cc098d0b1bc80be83c49f854163fe16ebff,1,Sports,2,Business,True
47766,4a968120aa84575b35eca0ecea25f7c841c27d1e9e4a2a7281707c2c928bb959,0,World,1,Sports,True
47777,5c49a323685d99b6bdaade7cf7badbadd1901dae3a1e8817821ff2aa85a9c7e0,1,Sports,1,Sports,False
47779,6612d6075ffea2bbe7b7cf89c2c4aa2129926c8fa51d49f7ba1456fdb89cabc8,2,Business,2,Business,False
47783,5da8230103166dbfe3e953bfe848c716e1629a006136db3429218e96da21e8c6,1,Sports,1,Sports,False
47794,d6fac68e7bb55f14cb13d2e4debf37342f3bb26288b86317f7b62fed99ede62b,0,World,1,Sports,True
47816,fad6be91d4ef7b37bbfdfef0d626d816a5b6484aa598698af1ba4a71ee245bf2,1,Sports,1,Sports,False
47818,85c7628e848da0e9f0f488f53447cdd0ea935d2c5c43826c66129d53dc0e19fb,1,Sports,1,Sports,False
47826,535f51e1aa4e1f7301b4db060940a00c8d0284b18d09061de9e3d6f42711d81d,1,Sports,1,Sports,False
47827,ce224ba17b05d67067798c4ad6f73c8bed0e5110b2e418bf052c191dfcd7127c,1,Sports,1,Sports,False
47829,bfa605c7c5b1af61b1e603a348575d4618815675ce3aaf77a9660c4e0d287f76,1,Sports,2,Business,True
47834,bacb517d05b06ea525b4a3ac082f46307de8055db526a44b7ae77a78c05a8f41,1,Sports,1,Sports,False
47849,7114429ee1b1c45336b64ea6f4f9ababf139eb982f0ae2c62baf839041f522eb,1,Sports,1,Sports,False
47873,7f9f15f5226ed0663e717f259fcef102062cd746cf4e59be673f3c691cc056ef,3,Sci/Tech,3,Sci/Tech,False
47876,483c243344ac26814ebd769fee5abca1aa190d752290d63dacf9e60750be7325,0,World,0,World,False
47889,c3e2c8cae8beaf843dd0e0fa5c5dd6c7f55494fda3a559669407e6875c74c114,1,Sports,1,Sports,False
47915,6765ce68c2ed9996051224d67e85f147036e1114b6c4f4c392de770cfe87731e,0,World,0,World,False
47924,6fdb2b7ccbfdd1ff8efe338e254ce59b1b1621246efda65e35ee541d7394fa65,3,Sci/Tech,3,Sci/Tech,False
47957,1cda9adc67b0a407406f21d1583b052eb80dc220bfbdbc76c7aaeac5e14c09a0,1,Sports,2,Business,True
47959,cbf884ffd2ae5994c2fa2e4869d62760ddb9349567e4ef679ba6c6c1e00e4bfc,1,Sports,2,Business,True
47961,c91009622a774186ea309ab325ad3f20bfb466ca849447d51c208b6104fdb23a,0,World,0,World,False
47977,fc4dc0d8872edeac868e273dfe36a0065f71c698dce5f07e7035f8a685b2c581,1,Sports,1,Sports,False
48049,d4d828a3e38fb666aa987a133fb21c4a6376c0a042b007e2d5b2516a933288ba,1,Sports,1,Sports,False
48102,cbe5ef9b17d72285a48a00fbf4886b2e598fec2d6f66d2300c72ea75c93369fc,1,Sports,1,Sports,False
48105,6a4d4619c7858ec28faa66bd04786d4e8c69b071409d30f94019b2d5e8fce23b,1,Sports,1,Sports,False
48109,825e81bcedb233ce0b65c018ef2e981b1893ad13efc99d0850bc1e4c86ef1b82,1,Sports,1,Sports,False
48113,3141d8818ec15c4e4804754285677c3f1d0203cdd7ed897ff05c5a117191ab0f,2,Business,2,Business,False
48119,957ebe30ca26e945e37b25c3186b440d93388ab8ff5129db4c15424a15263ec5,0,World,1,Sports,True
48120,d893afc5abf32e6d14cda935b98ed9d915cfe1a702c82f50c07ce3c1c80a81b7,0,World,1,Sports,True
48141,94e873b04eea7648b7b846e8f95bbce17414200aa01d1b85e64111d48d1f1fd4,2,Business,2,Business,False
48153,7d92e30349648b4b49e3449b1146a49fcce365e4a6ae929234fb1be96cdb1215,1,Sports,2,Business,True
48157,4436b16cc65d943acab7794e22e188ebf8114c9bc5dffedd1793fd3438b00cac,0,World,0,World,False
48161,e82a85c753db268e9a52044333106f32f480b008c596d86cc1daf09b791d3aee,3,Sci/Tech,3,Sci/Tech,False
48164,91adfa2e6493f812bf02545e797e35ccfd1d04b2d0e82663670119078c3a6414,0,World,0,World,False
48169,61f1287a732e892e75061942a26bfc2dcf9f2ce2559880b527a11dd8fd4f7209,0,World,0,World,False
48174,87cc7c4f029d4d597e7516afb29a6b7c1a96f19847310d25fca338a8813fe7da,0,World,0,World,False
48194,e364b0cbedb495eee8b0e7d2b2fe011af4c286b919d540031524fa2595accd90,0,World,1,Sports,True
48220,263a171cf8bd4b7ffb9252e05ef8079fa07d30c5cda96ad4f9a0007c74ad0fa6,0,World,0,World,False
48222,4247c7db3ebeb210ef16a228ec20576b32ac889b0de6b94114acba3847b06f31,0,World,0,World,False
48245,9595ea875b9dffcc64f848ff2f1695ba9ce1b3ae8591260e2c89bf1d7fcc43df,0,World,0,World,False
48275,f425f0f27330471776a8b4857875ed5b9a62ea09407aed74a850bbcb2a18057d,0,World,0,World,False
48276,33e1af7f944ccc90b438b83e222e2b7cb8e355dea866e509ba59acad9ad81da5,0,World,0,World,False
48283,fe55ce63194d19dd0ee5af7c85a593fa29c2d084279f1ce93d552011cb493488,0,World,0,World,False
48287,d718155b2b55ce25792ff29a63c3bd853f27d9dac0d3a01faaab9b8c8c356f00,1,Sports,2,Business,True
48288,0f86ca4198590a2524a350cb1a8f0b0f2ad54afc65f1c1692a57dff7e4857235,0,World,0,World,False
48297,16e5e85670a8ecc2e0551b8c254613b1909c0de8f8941b2c69b7c4274cbcf7bd,3,Sci/Tech,3,Sci/Tech,False
48310,a47365231e6e810b55f01e0bdd3645d9cb70352f14436e16c3aa4ec5d34f1edf,1,Sports,1,Sports,False
48316,532facc02eafc52191f9e0dd65f6730111fe822c61578cbc271e306ae4f61656,0,World,1,Sports,True
48320,774e6f3dfa178a0ed057532bfd8fe25db50accce51867122625bdbee49cf1d4c,1,Sports,1,Sports,False
48330,bc2230761d25c94ef69dfee18a7be97e0a47945c4a510fdf060d5e0c1774dbba,2,Business,2,Business,False
48337,546b6a4aa2156e7c7fe58572a2ed6b7b99509546411a0155c36d726d16fb15fd,2,Business,2,Business,False
48343,49a4aa64b845044fd5dddbcce0d445baf3e08562082f07a3ff1e77206fd4fbfe,0,World,0,World,False
48344,97676b0ee4746ebf645d0f0541f1b50771e96541464f2884395e392e3d84f46a,2,Business,3,Sci/Tech,True
48345,a95da15ba214d08c6f3d10a4ba3b082437ce572588d07a7f9959b8e2787a7ca2,0,World,1,Sports,True
48348,8b5016d296e0ab03e279875f63af960d91d2e0ab905d0d54d1b29de40f12f864,0,World,1,Sports,True
48353,88d0ab77cbf199260585cd1481cb00ddc8eb636095a5ed8a305d5652620848f0,0,World,0,World,False
48360,69e08dbcdb3065dd2c44735eb0fc2cd2b2fb4af53ed2b221d6b836953c67c610,1,Sports,1,Sports,False
48367,c1f29024d8cdb6395571cc796ef15639176587735447c10123c1985630e58f71,1,Sports,1,Sports,False
48377,a4c61b9cdfb47ba278c29a7c814a6f9d9932251a301de8ccd8f5f77d8399096a,0,World,0,World,False
48389,68789a5be48ce11ee0c33062a4eae44a2f31c5665fc2d723945584cbd16fdb39,3,Sci/Tech,3,Sci/Tech,False
48403,bcc63749abd800ebbb0139c352a50ceda12e8d55477fd0568578beac5bd33953,3,Sci/Tech,3,Sci/Tech,False
48418,17e700c35d25fb94366e354623cfc3f7d4ba9481bd9de1932ad5056145df3833,0,World,0,World,False
48419,aa96bf4a8359e53ad565f0d66b42c0a5a69d05e1fa6bf6068d1bd132998b9562,0,World,0,World,False
48440,d5520b0e6a4ca58fe1efc8358c6042ef264c757c2fa41b4af058130fbaa2a402,1,Sports,1,Sports,False
48445,f556d526b9c38de1f8d6d09bd7bb782eab10f2ef6ceb5f7e90bb0cffd6dcfab9,2,Business,3,Sci/Tech,True
48446,960b6bbc67dfc71679957d2dcc570d9fc1dab70587f870fe860fb203d802c23e,1,Sports,1,Sports,False
48477,46e3806d46b8a1f21927325db61e2e8ca5bd4d376e00dfee2202188474a2fd29,2,Business,3,Sci/Tech,True
48485,9256a7a8c9d9691571d58e5fa51f292cebc2609c73ddce8a3056cda7aeecb331,1,Sports,1,Sports,False
48514,10c38beefc39a41723bee092ff1e15c6c1e589c6a9e26f1409adbb9d8e03e6e8,1,Sports,2,Business,True
48518,c948e57cfe0c22ac3ac95aee8813f10e581b580387f4af725b0f295ae2206223,0,World,1,Sports,True
48535,99c18c046a45b1dcfecb9ab1986cad5460401dced67376b832fd8388c56737bc,0,World,0,World,False
48541,3f1ace3b8cdc1a19377cccbfaa0e6874b8dcbd9bacf1d526d83cc3c1bd5b7032,1,Sports,1,Sports,False
48547,2657698cc53a0b9eb3baa9323a439e55ea6ce074c669710ab781ed62705662a6,1,Sports,2,Business,True
48552,9642a265d8f334a13c50ceffc08a8744ff78e94619639efe0a228a718e8013cf,1,Sports,1,Sports,False
48556,4e0d6d808ce25660c9bacc038fb3b575d673107a4d24c6a50f2f2c2deccb4b88,2,Business,2,Business,False
48557,48462a285e1cbc62c4eb54a0674caaf85db23179af87dd5a94c440035dce0f67,3,Sci/Tech,3,Sci/Tech,False
48558,1b741af440615da128b36afd8be9d14c19559bcd306f5b541417c9e5ad991027,1,Sports,1,Sports,False
48566,9c93391fed01256a354a1f0e8bc6f68aa57a88986c61b3eb56c1ce12cf72f36a,1,Sports,2,Business,True
48570,f8abd40ee4ec484606c3ea109e10e51f662fc8233c8880d26265d0d8295e3911,2,Business,2,Business,False
48590,9a7757755a244a3f538f5c07e26a48f579b11dd380ca0d1670352ac3cfd8c0f5,0,World,1,Sports,True
48610,2212591ac5771d2cb471926f48df6ead21c9d8b1733739455640ebc666c354e8,0,World,0,World,False
48638,cf53a8cd5e06d43abf573e035264952f42c287f4b6927c25ae2c3be42340fce6,2,Business,3,Sci/Tech,True
48639,72b170b2e231e85769416084ff1c6d141a179369259163f4f0afe99f9480ce9e,2,Business,2,Business,False
48649,1ff83b44c503442d96a16843a0a328c3b96ed7b7b131ff9de3b7cc0a91d60a38,0,World,0,World,False
48652,71e86f65dcb9c4bab01809aad7777699eb1d771379371540cf568a397e423074,0,World,0,World,False
48676,bfcec3ecefd68ab35ce398240035b75bc8da818177f3cb39d60666bdba2f6a9c,3,Sci/Tech,3,Sci/Tech,False
48687,7f7eff81be98e8848362a74570410642bb399e2f1e6834488c5cce5893ce8efb,2,Business,2,Business,False
48689,67f5c4999c73e3e031e29e876e429de69ee75da86d78db9398e1219838288a9c,0,World,0,World,False
48699,2bcf1abfa372205f87a7a403c93566316606ed534cc5f40318a9334f83b15fbe,2,Business,2,Business,False
48737,c4676f6aad42b124dc039178ec3e5013625ea72d859946e039d3895855781f09,1,Sports,1,Sports,False
48744,52092a27677ed4d63261eb8b0c4f5b07b08b8bd75abd64ff66175545d02a4f7e,2,Business,2,Business,False
48756,37ceaf8a3286cca3e8dd502b0dab73953a38e6cae025a6d0ca61812fff9f631f,0,World,1,Sports,True
48763,464270b037264c5db29b8fc9104858ed56b95b180c30a8aa46a1074fd1c684bf,0,World,0,World,False
48776,f94afcdb51807ee27c4d8d149e1c5ae4b6a9939fd56c1b7fe79f5ad993696975,3,Sci/Tech,3,Sci/Tech,False
48780,e75e11b847473b546709c1bad91f2aef9a7aac7bf31ca4367ec2a9bbc6afd890,0,World,0,World,False
48812,4ae0ab5ca4584f49e6e6c967917c4f209bfb4388b102f298ba048c4b55db22ac,2,Business,2,Business,False
48813,e247ae6945281dc12fc73610236de5e3612b3bed4c4afcbcbf19891dfb30281c,3,Sci/Tech,3,Sci/Tech,False
48815,2c57af9b148a797f2617db54b8db1d4fc52e8f8aedf26f4912c6ba1d0ff581ff,3,Sci/Tech,3,Sci/Tech,False
48823,9947635bd50b840a1190d85a2fdf02bbb2df3d5cb2efe8304ae6c3724e31613e,2,Business,2,Business,False
48837,31df0aacb5f7dda9f613c6ee85c671b79156cbd31e7f51328b6a975a9151a841,2,Business,3,Sci/Tech,True
48841,bdc603d0ad86e07a412b07741c5c8c1d35acac860dceab68435d0185715fcdfa,2,Business,2,Business,False
48849,dc1e74a1de662bc1e37a33f5f424c8e78ee326dc0ef8f0d9a86d53659d5a3889,0,World,0,World,False
48851,b6d49f7e87dda30c78db5dd83587f301523f2a0cfe850cb0c43537b119411611,0,World,1,Sports,True
48858,f311cd168eff201779aa3aef55f8d42a546ad62b32d67488828cec6fa6b1415a,0,World,0,World,False
48863,27fa75253dcb59d68698a80e3401e7118940e6435cecacd00610e8296a02bca2,0,World,0,World,False
48881,a0c2dfbc79e1e95bd571eabba4850ff0782a951ae24a3754ab0da5f31defa798,1,Sports,1,Sports,False
48888,98c1f94cae5df8d460258ce8e9b069bf2736d2f50991635a4859bffa1ee77f4f,0,World,0,World,False
48919,4278b2143ee981adef58fbccd255298dc3c7840a4427c3edf114c622d2df616d,0,World,0,World,False
48944,ebd59b086baba13408d547a9312b3720fd23014c3b55feb84a26268afcadfdad,3,Sci/Tech,3,Sci/Tech,False
48948,06516f66118b963a9e828242da33e8b102a08c102eab7f6be82c7a8e31628265,3,Sci/Tech,3,Sci/Tech,False
48975,211d00369e9ab15d293f051313f3ffcdfb30181e91bf252af6940ac4a773fc75,3,Sci/Tech,0,World,True
48978,a1f0cdb291aafe1bebc2e0f82be2a55a43f06210b2e568c2d4f79d368489ac43,3,Sci/Tech,0,World,True
48989,934ec1346bfb3cc79aa0b1c2ff1cca792d1807b1b9ab2d38d237300a841c14de,3,Sci/Tech,3,Sci/Tech,False
49009,1494bea7d8c7901135fbfefe9f1a8e2258247c5f2fe7a8c50719142b5cf418fc,2,Business,3,Sci/Tech,True
49023,feac78c2b5fc5d5dc97f695af18baf38659f6df0baab2055555c43efd8efed24,1,Sports,1,Sports,False
49037,acd64f8e20eeeac3afaa34a362955a19e84e8e04714193b109dcb250f4bfa3e3,2,Business,2,Business,False
49039,e1e7e8115761c82337e1b91de7a657f3e5d252566bd0b8b6de7bc5fece5d1e19,2,Business,2,Business,False
49056,93460d332cb1ece744757dc008e59458f1ddf1c206a64744036332caf8c9bd50,0,World,1,Sports,True
49069,fc96094a4bba8736c2a394ae3aa65dc23fe3a58007e2985163ecfeb0c39cbea4,1,Sports,1,Sports,False
49092,001e647768e165cf8c60bc72c8b5bb5ea820d88c4747899e3326f3ac1bdcc9c1,0,World,0,World,False
49097,b5779415dab07b8124149d49cf19b7677d092c4b0c79cafca33eae3ff9ab01da,3,Sci/Tech,3,Sci/Tech,False
49099,1b4bc87d9474c8d140313f1970e2d16bcfe860e76fc979ee4daec3c465470d3c,2,Business,3,Sci/Tech,True
49114,a93ab0db581237e83df4e90ee16777e737925392f6b9acaf072268971597fb3a,2,Business,2,Business,False
49131,eb7f0bc75253eed59e03afde9c2d17674ce46c1fd76148951ff115d674e74e22,3,Sci/Tech,3,Sci/Tech,False
49139,0802bc7478d618a62deb0a3cc802d1a5728b487d5750cd15323c017bc0e4780d,3,Sci/Tech,0,World,True
49149,6ddc6c33a1124dd5f6f8c4e9ba704912c7ee83d7a9aac6b4d883f20ee11612b0,3,Sci/Tech,3,Sci/Tech,False
49155,e6afc8f1954c0a777353bcd2b52970b6d6bbf9dc961e503a4b958d26eff6c8b1,2,Business,2,Business,False
49162,46dd00b931080a2e28b40854f5ec5df607df7ef6c63d6d01275517dda0a44398,3,Sci/Tech,3,Sci/Tech,False
49163,e99a4e2138f419b0b7a5d5e3d1de280f031017cf7eafe4ba31ac829551f5501a,0,World,0,World,False
49169,b39df783fd14a6aaa498e210dfc0bbf0252ac066eacca011ae79ecc0f6c43ba2,3,Sci/Tech,3,Sci/Tech,False
49177,df66916cf68c14a2bc31f71110ae4d6de6e446e590b3059917d60c033abe08cf,0,World,0,World,False
49192,ea937606979c67ac44a054a9611270f000ac530ec0001c64e5d729a1ce8c5c2c,1,Sports,1,Sports,False
49208,658cac87b8b5ec43dde129e745cd1de6a602645e8a717c12830a693824c09715,1,Sports,2,Business,True
49215,3f0d2e9390c60276423c0cbd7f2ee4cbb71dafa55b6c305ab4a65346f9af94dd,2,Business,2,Business,False
49232,ee83735f02199b71c9df7d1faaf69263e4f7df6893464e58852abe863d411026,3,Sci/Tech,3,Sci/Tech,False
49236,d52a1c95755ab01436d875888d768ef24f842dc768bdfb5c97b94f5265438594,1,Sports,1,Sports,False
49262,f8424c8ee7f9a63f3c6b0e33912cea863823fb35ea6c15c26693c1ac72a48963,1,Sports,1,Sports,False
49281,613665d9f1f2cbb1392c4b9e323d1ea9c9d0e4c7f4e149d76f44772dbae47274,3,Sci/Tech,0,World,True
49283,0d9bd9f419b2f2dff834dfb781fd76cd30db1648251e9b89f8d5fd7a89c3d980,3,Sci/Tech,3,Sci/Tech,False
49285,460ff3712f2548c4470c60ccbdd8c0aaf3b9e97e35aa4e6da43508772a313adf,3,Sci/Tech,3,Sci/Tech,False
49297,424a26de444cf283ad385440adadb059ce78f0d47f9ce21cadb987d142c6110f,1,Sports,2,Business,True
49318,aae229e73fe8845faa54d0d4abe8e2d4757b5528da0af4eca5f024a5085f8419,2,Business,2,Business,False
49347,5f62e349ad768da967f5c0d33ed4c02ded164c0d59ac7438ef33916de542c0fe,2,Business,2,Business,False
49356,625ccf4d8b5cc9ef432ed5100e7120319dfcd1bda358ec74999e23e79c7b74e5,2,Business,2,Business,False
49359,0f6c4fa09d4bd4cf5056cfcbb1cfa2f1ff1c715508f2b48e56d6a82b649c6a8e,3,Sci/Tech,3,Sci/Tech,False
49365,674acf02cd567c1412ad581ab15e111f6f8a5b9f618852696b453c96c85490d3,2,Business,2,Business,False
49404,715ef6288250e46740064a58bd0f59704831a2437454fea5f236037448af9101,2,Business,2,Business,False
49410,8804d9e33bd05a43df1d0fde420b1a47ad2610b2a67dfa2ce21dfe1d981b54ec,1,Sports,1,Sports,False
49413,92af50c0f2ea8e34751bc0f2bbcba335afffc59197a33fefafab9abd0e6eb634,1,Sports,1,Sports,False
49421,907167ca28fdb6d572f0d0f24625c195a5ebf25fbad85018828438696598f4d9,2,Business,2,Business,False
49432,04ddf67e4aa518456fa26645dfcf3f344a6605f5cf594f15ee7b41b6dda8fd36,2,Business,2,Business,False
49442,47b0e23a570dd8f615ab1e6904005a320c0256f4d1f9065c7bc86ee644408d56,3,Sci/Tech,3,Sci/Tech,False
49448,edf87e7f898f1967e068d988a9b0fad64fbc8496b3c625612d32bd51f8a6ebe7,1,Sports,2,Business,True
49511,d1fb659227c9831c7ce072cfaf042f6f51a3ebce676564e1508eb6774d9b2547,3,Sci/Tech,3,Sci/Tech,False
49522,c582dc57fb46d3735e3b389a74ffb9b09f6f2c21c2757fa899ef58571643afa0,3,Sci/Tech,3,Sci/Tech,False
49539,63bd3fcd9d5f18328c0eac170f93c193441d56b0c31b8020daa51bfe10fed820,2,Business,2,Business,False
49565,7a37dac26a3aa4a0d8ff09b36d963b6d19b56e202c13657f31ad7eef8592c3de,1,Sports,1,Sports,False
49569,0771dc808f1142bf6c34349590357bdd9d92b858fed19ccc911feb056a14ea2c,0,World,1,Sports,True
49572,c5c43bc82e3487471793038f15c81393c55ffa2f27067d327f8d5bcb8d2f6282,0,World,1,Sports,True
49580,6b1d561c83d23a9edfd63eb4b939486878f35f60f29efcaa3c41e3d57d88ff75,3,Sci/Tech,0,World,True
49583,5dc9dfd91cde30e73946dbc3702b5c6593ce7b9ec0d5cc0915295bd93018384f,1,Sports,2,Business,True
49584,e15a23560cfdea5d9b6d40295570f3c9eef59345273f0c87f297c802c93cd6b1,1,Sports,1,Sports,False
49587,a09dafeb9a2e2c917d612662bc7e65b78f2053143929a8619402668f47f553bb,1,Sports,1,Sports,False
49605,59f67ed23f8a017407c454a85b2f235cf6b603122d844c1e8705ad640f1de8f4,0,World,1,Sports,True
49623,02820d30c85a4c711df4a56918bb1e61fcc216eddecaf18cc5d1420497edee1a,2,Business,2,Business,False
49651,467507edb2728ae733fd4d98d328f977cdc40ad49aec5492b931cc2a3bc0ff89,3,Sci/Tech,3,Sci/Tech,False
49653,cf74ec952818ff4f64b7d2ecf9c80fd516c0b30f264c60e943e6a23a9b4d4699,3,Sci/Tech,3,Sci/Tech,False
49661,fd0f40fbcb4b13e21bd0de3614226aab676832978898c13c2c54aafb064bdc26,1,Sports,1,Sports,False
49670,cbf7fa7550a0dbb98adbfd44c597df9b9ce8e436b82afc7325c3c2f5e9a2f048,2,Business,2,Business,False
49690,af0b98f934ae8cad9837e185199df89f61b6bf9dc397651a78849afbaf2d3e7c,1,Sports,1,Sports,False
49691,f3558bbd71ed0e3fb68b65438677049f8d80459875f6b223d76e0653e54bb898,0,World,0,World,False
49697,416cc7d4c1fc2561dec9a14233dcbd784ca5432e99dcc3c16288c0b4557bd202,3,Sci/Tech,3,Sci/Tech,False
49707,739b6f97492119093a07380a493464204aa5584ded8d7c1cf9b485c443f9c3bd,2,Business,2,Business,False
49742,74e9b92c26d87e40a12c573846f67aaa6a248fe041630f8531535d9d1cbc7527,3,Sci/Tech,0,World,True
49786,607c18e96e91285e9ef1c53d8e81c7224dd9e1232dfcb8d1c8d3830d27ed80d1,2,Business,2,Business,False
49798,d71103e2c9bf837384a81ec7f2b82100cbb12ef199ec987123540121606de3c1,0,World,0,World,False
49800,2ca29a2d1e5c17b503dc942157452ea81d3ad1cbcbc2169b910d3af9aba8cced,0,World,0,World,False
49803,b77e64bb96120aa384d1de21966142b705c8859e8ffbc431e28e51be7113ebee,0,World,0,World,False
49806,7de355ef126aca84ef80ad8684433beb1b52d3705d9860ab98fac982172a250c,3,Sci/Tech,3,Sci/Tech,False
49812,e11e5cb97d467b477036c650ccc4ad8e77d9399be6a60c32ce50dc874f61987a,3,Sci/Tech,3,Sci/Tech,False
49813,76acb2317cfe607896d0c754b92c298eeab7dffb16eea3e952fef733a39cc348,3,Sci/Tech,3,Sci/Tech,False
49840,56f398d75252a3c12e0c38393d9dfd9c0e414006a9a9ad7a09846f397bb53159,0,World,0,World,False
49860,3076dfec6b48f913c31204e7c4b5740d7f7c914a3f21042a12d67b4e3acda856,2,Business,2,Business,False
49872,23c82ffb7980e099ae413204cc89585cc1abca61dfee50ff10ba84aa460292d9,2,Business,2,Business,False
49876,c1fdc9b5c0e74cfe12d121f87b4a100a9333819a29c3980fd3f8f9b32374541f,0,World,0,World,False
49899,698100df2ace1e22f442d55acb613ffa436a5532fc1b6fb14c31c51f86921a47,1,Sports,2,Business,True
49905,73ab4091035c2624054335e37115318272a80ced7654361fe1b247ee05c3175a,1,Sports,2,Business,True
49932,aeba006593060bc972f20c9fdcc6ac58ce7c3a280d3e616d227b9e4b685d5bf5,1,Sports,1,Sports,False
49949,79b4d75312088838c53ef9c2b6f4a953279d437d0257f0e4df0b6561a62f0b3c,2,Business,2,Business,False
49959,796b11d15fb79fcc7a44e81a3bc19c28d3d6e3f3dcb896753f38821f98710472,0,World,0,World,False
49968,4b31967bb9b2ba71c2b442815aa5a3231d4fca6dd4925c38468cef41be106bc7,1,Sports,2,Business,True
49973,c48286c2a15782c01d90a4f5daa86baf8c59298bc6149ca24a1f8efd90256ede,3,Sci/Tech,3,Sci/Tech,False
49989,c872338cef20654e0b7f30b06c6184c8965e05771def023b90dbf74958fa417e,2,Business,2,Business,False
50001,4e747c527c617e9629237b9e767757952dc4b1fdf608c1af7978ec6fffd19f83,0,World,1,Sports,True
50002,6e84e1c44727bc48b1876243c4e7eb8c5ebb9e5072934f9496e32712245b8170,3,Sci/Tech,3,Sci/Tech,False
50007,9b390e5742b54fb7a85f43017a5f49d255242929b21a15833b5ed9052c55d7d9,2,Business,2,Business,False
50023,f325ac5b208c11e39d67374ee1c22505ef4658e11cf6471cf1e90a1085c77d5e,2,Business,3,Sci/Tech,True
50026,16225f7842acc2f762291b056ff00bf2f3dd89e24a942bc1658ca61cb23e596a,2,Business,2,Business,False
50031,287451553c6c376cf8c2cc432368295f7c23a63e107c7b651d8090c2ec518818,1,Sports,1,Sports,False
50060,682d044ecc3b3662ffb547dff24bd95a87eec7f5f3239a2bd5e51a63c39427c4,3,Sci/Tech,3,Sci/Tech,False
50067,62501469507415476c7bd4bbe971d6321dade3d302f45c40a351b5493dd1bc4a,1,Sports,1,Sports,False
50086,9b4986a9e13d0c15b5c9a560202c0124e24931d69f759910df8907f1ea416150,0,World,0,World,False
50089,673fce74a24a3b5d0993e1c34266dd718712663967f8d9feee2e8830aa055685,1,Sports,2,Business,True
50095,1238d7f61f0043a6ef46304090dfbe2f6aac51cb466f6feef38f6e8ea7496bd9,3,Sci/Tech,3,Sci/Tech,False
50125,f606310ec522f184921be545ea7842f66442513c6e674760b72f3581c2fc31cf,1,Sports,2,Business,True
50138,a632ed3582606c4c095b321b3fcc2add42ea8261c8ec5168f374528a5877511e,0,World,0,World,False
50144,b1428812b4949cdb28e052d51436d1654fabc19cae0415ead5ec2305784d1aa6,0,World,0,World,False
50147,0ef0fdf4426086ec4cd498bde104137a6b2143640b9dd5bb76b8e04f792951ec,2,Business,2,Business,False
50149,1f23f4d6b58a7f506a744e97b57cea7bb85bbefbdd0dcce85c010f9ebd74dabf,2,Business,2,Business,False
50152,9583397e149c854b05d298d517562c4fcedd9ca2e65e3e5c5a9455cd0bf8d6dd,2,Business,3,Sci/Tech,True
50165,357c1055497a1d5ca9980e3b7057f36f3c0db707b6b6d6b76a1c8ae0e3547038,2,Business,2,Business,False
50166,041db75b46555d25a0d5c1715ef2dc29acf465796c330d4f06451176d763d3a8,3,Sci/Tech,0,World,True
50171,6c749f254497d7501973e55816c7c9c1845248fb0dab87ad4705da8d709bd791,1,Sports,1,Sports,False
50176,633426ececf86fe3f19a4ea33ecd5ed069513d1bf378565b0f152893ceea7138,3,Sci/Tech,3,Sci/Tech,False
50178,1f1f61cb46c84ed4e7231f6da6e5cffc00acf41e922cd2d3b17e460d4f6d928b,3,Sci/Tech,0,World,True
50181,4bb4974a0267408b334927b6d66c70ffad9fa9a1a42f6572daae695f392887a5,0,World,1,Sports,True
50193,c24860c2a552d1c24053a55a9f90bcd36fe1f54c19e35eb2471494e21c01609f,1,Sports,1,Sports,False
50208,85481e2684f776a15145b3c177b207bbf30c3a266ffd927b22dfdf8a08f603e8,1,Sports,1,Sports,False
50225,66c1b1a227d97ca54526c1daa07c85a0fa373733fe357858e8533b5233df70f9,3,Sci/Tech,3,Sci/Tech,False
50230,39cadeb0ad5efbd187cb15a6eaeef7757fffd441243e33991556678537dc0f2d,1,Sports,2,Business,True
50231,ffc2fcbd901a2421c15fcddef61533a42ac1e47f4c56e42c17f94a6f5b8615ca,2,Business,2,Business,False
50239,0ea0a756df1a4184b90b526e8a141154f04fd9afe59758f99314f1b7567ef559,0,World,0,World,False
50248,282aae4e27011ccef17245acb76691bc5f8202a841e863a86c3db5d71bbec8bb,0,World,0,World,False
50257,1818520e810fbc6e805fc7d316f2548f54f4e554c022232e302bc8a9076e8fd6,1,Sports,1,Sports,False
50265,c74289465890b19df394df722bba5fcd174c8c074e844a7dbf297c54a8a9e729,3,Sci/Tech,3,Sci/Tech,False
50266,afd0f78b9a281d5b6831b252bc3f549058c1ce02a4e722c55da94ba93d6079a3,3,Sci/Tech,3,Sci/Tech,False
50278,8b8b661d80e9deae24b60c3b6e62484b67d37051288c5197ebc169e8c5899fc9,3,Sci/Tech,0,World,True
50285,98b7828c4c70fc27b84a8d4ac81c319e6969bc0cd68c52bc9d61acd638176a79,1,Sports,2,Business,True
50295,948c18c27b5e68b14fb05ac2ac3a698f0f7e156b23978181a56aac5ee5e4f961,1,Sports,1,Sports,False
50297,92e38c2b659a539bb03e2fa6c14d52b6efa076c21d86afd3c7d68a51d429a11e,2,Business,2,Business,False
50314,c822c460a081880fbc350e016c6aaf411dbc78a1619770bca655c72e377ed261,0,World,0,World,False
50334,b465a147f4f60b0d8aff1de88bae32072462ecb93ea4b06d42d3f73b3b4ae7a0,3,Sci/Tech,3,Sci/Tech,False
50341,a3437cfef5194dfc0dcd836e38f3f6adf7428ea1b663fcedc6cb2f98b0e82333,3,Sci/Tech,3,Sci/Tech,False
50342,22b979d3697bdce0575c0dba6aae7ad6f4ad7f39d09a3ce1b0aae5c6ebaace8b,2,Business,3,Sci/Tech,True
50343,d39668871c55a8ae738e96783229eb107905d547d4e9431fb85a81910b6ed25d,2,Business,2,Business,False
50358,2399e2ae1a4038e6e9a62e60c32d5ebbba59c32f4842dd37c8080e0e81d709ff,0,World,1,Sports,True
50362,8ebbf74e7eb6b7e97e97b128098f0544b1ddd108e5334d8d7cd60fddec240b78,3,Sci/Tech,3,Sci/Tech,False
50373,0681fdce68da40490abbd623102775f0470a4e392538de7c9b390f15ab1b093d,1,Sports,2,Business,True
50415,73c69542c4bd827714d08c3ad30dac219cdc8b31f63154ce41276e7fb16da49f,0,World,0,World,False
50422,ddf7ef751b9010526b42b7efe370eddbc470dff9d8e24a4f6bb3788a790ff5c5,0,World,0,World,False
50429,c156ee1ddc7fd97e16a29294d4e34267acfbef17c467dd73550eb374a1d99c71,2,Business,2,Business,False
50440,b2487cc9e285c360156f248098c4a27027715375e7502501b338052b8954c417,0,World,0,World,False
50474,1b24c38e1bf30f08dff9f3f34d395180b373c42bb70e4de76829d7f495d07a65,2,Business,3,Sci/Tech,True
50476,3eb95d0c6c469d261c353849150eb942059690f2117913e1b2b219daa3ba3d61,2,Business,2,Business,False
50493,3d5ed226a09ea9daae3f2f1026df58d9c0bf5abbefd7ef119f43021c908258b5,0,World,0,World,False
50503,23fae1d7baadaccf8313291ae846b3ce5bb6e658f316fc5eccdfaf9e2a0950ce,2,Business,2,Business,False
50533,1c991e3edabe7b26cbca4570cc9fdb8fdb58937886f978ee9a8d5db7a665d101,2,Business,2,Business,False
50538,c651406ec61631c371055d00a50bbf106d63217ed1d5d35d48f0ae96b393372c,2,Business,2,Business,False
50540,aa1941b8b534252318a51ca0b7f0144d23066ee77d6c9e6f7605aa3c13c107ac,2,Business,2,Business,False
50541,f2dcef3d4bbdf40ab4c4b259c1e510939cd4673ea92cef71f74b3e2ed77d6199,2,Business,2,Business,False
50551,c5f718a7c3086152726640ae4f6afe78a5825b69f43afded56a1552668c4d95f,0,World,0,World,False
50581,a6845d9d93eb51da31a5c4de12f86b00b60fcf93954378961c6695146224c1e0,3,Sci/Tech,3,Sci/Tech,False
50601,ba9b6b83623a239bae26c10d1a0ff7c0ddf11c685f46061231368b455e5eb7f6,3,Sci/Tech,3,Sci/Tech,False
50627,be68e3644c30106fa0a9dabfde1ffd5e33a99fc6cd47b45cf0d9cd4f8f1063b2,2,Business,2,Business,False
50630,abec1b54e18bbc4e356112f5b245893404ab91d0fdd8ff8a2e6a64eed502543a,3,Sci/Tech,3,Sci/Tech,False
50662,f75065b7c3170789edd6604362f0402530c2f552ca3e1130b6e6a5e5d64f2386,3,Sci/Tech,3,Sci/Tech,False
50676,f214cde85fe63cc4188a817e0e259d9c8b1974d545bb54111ad70c3579a85494,3,Sci/Tech,3,Sci/Tech,False
50680,e65dab5085b81fce9f50b7bf02133c32f76c62aadce69c72ada5a7dc460a186c,1,Sports,2,Business,True
50688,afd806197888e47a713e46ffcae64cd5ca3180cb21609f2bc1d88e1685efa235,1,Sports,1,Sports,False
50692,7e32a2b51c11e0b375b8f0e607c234b73965585469d081cc69dc2a4dac670770,0,World,0,World,False
50719,abf29dca0a20aee0144d14595f2cdabfc1d2c3bfa73a4b31bebb8c8810a3487f,1,Sports,1,Sports,False
50737,83a9b28b4a3e3f0276f147031cddd5b337db416cdbcc2e727f053badcae0ff8d,2,Business,2,Business,False
50742,84a62d635104979ace0b571f4dff60121e76de53ef912ae35a3a8f917c562722,2,Business,3,Sci/Tech,True
50753,1765e626f4b7ac71a4dfdaa6dda347908359d6622a822f9f4c20cf2e58f9512e,3,Sci/Tech,3,Sci/Tech,False
50768,a8d3a3f957f4f2a5dbb85835afd6b2768c5859807421de67323871384e69b906,3,Sci/Tech,3,Sci/Tech,False
50771,95a18ac8f58c4fd2e095acd0f8fd3169e5030af1f65fde170cb809b7a3dae4a1,3,Sci/Tech,3,Sci/Tech,False
50806,1ca96df117f0abfcd5a7fbb92407d3a22cde137ab7118edc5da54103143cc495,2,Business,3,Sci/Tech,True
50808,43c2cb92bfca7ae458d53d95d770ac346c9867154d887f8adf0dec409e1c3002,2,Business,3,Sci/Tech,True
50818,844011df232c315655fe2146f8cb02276bc8d81e29d0534b19f1954de02af011,3,Sci/Tech,3,Sci/Tech,False
50846,3197b3853a2d0e5b67fb1ddab5b69e7bf6a6c40cb03741ff6a335bb206adef5f,2,Business,2,Business,False
50849,292203c84c30a6a034f6159b4b659536b14cc60f187499420d80b16916871dfe,2,Business,2,Business,False
50869,6248f86f9a41c17906e4217cdb57806df94cee61d14a8f168d98ace7b16e9078,1,Sports,2,Business,True
50873,5451d7a92f78eca43722029373c6cd6c300f0a7498c793427d317d4420725d21,3,Sci/Tech,0,World,True
50888,879b43767df25ba32fdd6471b201b170cdcea211c4dffbb3102bfa13b703f8f0,3,Sci/Tech,3,Sci/Tech,False
50893,f18a1b45fe43615a6937961ad95d20bf4ceb701c334e636bdcb1de0fc5084b68,2,Business,3,Sci/Tech,True
50899,6fcc66e56d30769d36b7175076004cd162ecdbe7d148a2935f4f8615cebeb7b5,1,Sports,1,Sports,False
50902,0ccc43691a10063ff2e7604931374caf16afedc0b97f9b6bf2ca48d17f24369b,0,World,0,World,False
50904,435ac7ffd0cb35bc672c23d33436c09ecd35591302d6a29e791d638ca2d5e2c9,1,Sports,2,Business,True
50915,7acbe4e946d25d0727c8390f2c379db244a34b8d106290628183e5201f49379e,2,Business,2,Business,False
50929,8f52506e29574c62164dd93a1b7e379cef58cb7620910c042110660f39269da7,3,Sci/Tech,3,Sci/Tech,False
50941,74e850035ca8d2d9ce2ec46b342f6619f34b46bb806d3a81638de4720aedd839,3,Sci/Tech,3,Sci/Tech,False
50955,4e67c50215892cc9d43b06689a3b64dbe1aa4c4862a33e156dab9dc976c40b9b,1,Sports,2,Business,True
50968,e22b8a9f08716269ed5188005c91a0f36bcc2f610290d60b69525c404369e944,3,Sci/Tech,3,Sci/Tech,False
50971,637707e67dc91203f1550b609e5988d7ba1e91d085eb1817bc0daebef062939b,3,Sci/Tech,3,Sci/Tech,False
50982,6c6c2d143db82e94e4ded4bb828c7c08b88a7af61bf8922565b38ac1b799851b,2,Business,2,Business,False
51012,2a984865359d8e555dc8ad928e22c1dd02ca45b4ad2c26affac415872f3e666a,0,World,0,World,False
51018,891269b572dea8e35cd928af01c09b1d88c3f955b47f246d35845e74b53be6f0,2,Business,2,Business,False
51021,a8a64dd34e6f423229b2d0ff0752d61155748987ca5e4bcfdd5c862ac3ed5e70,3,Sci/Tech,3,Sci/Tech,False
51022,09944a7dd598e3956a36e41875602d3e3f10b674804b65e57bf505ab6abf16c3,1,Sports,1,Sports,False
51047,be38c9d3faa9a1b1ba3777f568072030a5e140c3a275cfb746c708be368e5f38,3,Sci/Tech,3,Sci/Tech,False
51061,666c4613572c951cd1c6391f4b0d1254dee16be92f49a1a44c37e31b8ec82e82,0,World,0,World,False
51072,bd5e0282e716cfec4bc1bb5520447af94e5ceeaa1e4ba6c76c4b840a0a5e6bef,1,Sports,1,Sports,False
51077,2e69ab975a48d3e348d572dc798d427ff417159ef2965490d2ba8d38670e4251,1,Sports,1,Sports,False
51111,5c11e7c9ecce1010529be366cad15078694b55e95a681bbae70454f10e4fc37d,3,Sci/Tech,3,Sci/Tech,False
51114,359a21e9f32496346d7c1f3fea01998fcd10c80a47a3701f86304ae14efc5d3b,1,Sports,1,Sports,False
51121,1fc9774b38a14fe55fa815ce272d1c20a1e6bfff1c887376c2ba1518a2c86006,3,Sci/Tech,0,World,True
51123,bc4b2bad9291d453301be52e99b38d49af6053e4b094176564a50cc7dd453410,2,Business,2,Business,False
51127,031e2bd3e9ce22fc152ee0b1691b955771d6ae60ca457d28b50d6111bda5b338,1,Sports,1,Sports,False
51133,99c177a0aaa75852c4d0de258e9a626f51ccedf14f45ab3dd0fd5b943222eb2a,3,Sci/Tech,3,Sci/Tech,False
51143,96dd702f7165a26b8cfabf7be00d7a19ddffdab38cc654aac0821720cf2cbed9,3,Sci/Tech,3,Sci/Tech,False
51158,d000ca33949f486bb73c39105d67b82d5a9e7d6584be90a62b48c251c30bd865,3,Sci/Tech,0,World,True
51166,0d8b79c8cfdb7c5386103ce65f765309e2c6bbf0d8d4c9ee6f10f23f9fca2d4a,2,Business,2,Business,False
51175,8e03dac6d609f7e7c908cea9f7b825397f8e8156589d675691ed0b816e67e5b0,1,Sports,2,Business,True
51194,3c3381ed603df465a91ce94b05e4939e0fddbf588d5f3985eefa9baa832f92d4,2,Business,2,Business,False
51195,9432216150f72439357dcc23a099f47ddda1ac51d5afcb55f93f364a6c1da98e,3,Sci/Tech,3,Sci/Tech,False
51203,0f57e46710631ef9b6877c52016e100c57426eb4732f85b137c0eac61c5570d5,3,Sci/Tech,3,Sci/Tech,False
51239,47c22805361a648a7cc020aa76b9c79a861ca5507a796aec2fec3ded1930ca3a,1,Sports,1,Sports,False
51250,f1f294e1d0e141e4a72baff6c636b247390991a06595fc4dcc9fa04b00537c23,2,Business,2,Business,False
51251,ecba9c4c5300854719b3376d8860d64178abdc589d967b48a52750099d961550,1,Sports,2,Business,True
51252,617af32cd2ae710d07a98a65e879285bf7c926f9fa829091b681ac9541fff89b,1,Sports,1,Sports,False
51272,a030861bc9d88480b7cbbefd11e57cf4807f524200b207a00949d86f5ecfb024,1,Sports,1,Sports,False
51273,71bd98ed7b7d3ed065e8d85e33f31157e70ad5a35c6d4478f77f05b11dfc8ddb,1,Sports,1,Sports,False
51277,1bea25f6b918f77e9af34e75965b3a1bb1e2e1d7f811466e1ba5849feaabf2d5,1,Sports,1,Sports,False
51283,3ff69b9173f056878079eb0af50d4bd6277ad7ee77279db3623646e091f6e5f6,3,Sci/Tech,3,Sci/Tech,False
51303,700d6ef1a58336c0a1e48aa17c9f3fbf562f825ac4f56debac1039f4b914ab27,2,Business,2,Business,False
51304,b372927e6f6d59d60c1bc92c0a6eb4699131ffff832010814081333830eaf626,2,Business,2,Business,False
51306,8b08740bf1aed29bb298bccbf880b5940a4148112f45b519940cceb3070abab0,2,Business,3,Sci/Tech,True
51317,23b88d70cbad358cd803ce1b3e7470387577f7a7c9f59f0a0ca9e354242e3b71,0,World,0,World,False
51332,debafa6dd9fb2f118dfe73425b8724d8cc57b501e70b934bf54c16c077017289,2,Business,2,Business,False
51336,c002bddbde307f4a3ce94494139f0083326cc160af4afa8cf20144bafd02efa0,1,Sports,1,Sports,False
51349,d2e64e0fec26cc24ea6cd3990314425dcdf6c039b19829014fa44e51161087f4,0,World,0,World,False
51350,d6e6454eed6f2744e785496f9344802abe5d4b07258f15010c84e26c21fdf619,0,World,0,World,False
51351,898939826770efe33ff8aea43a734450f710575df5373b748a26f7f0d012381e,0,World,0,World,False
51358,b24ffebfd263a20e91e0e21b7f642fe4eda6d04da077a9b7c013cc77882cf919,1,Sports,1,Sports,False
51359,ecaf038f68fed59d56daebe1ec0f665bacd245150b007b8e7a6e867e5495b7e3,1,Sports,2,Business,True
51371,065c3fe515d6f2f8bf9b689fe760a7962b5d70af070b38ce8aa40a7e8bb7bbe8,3,Sci/Tech,3,Sci/Tech,False
51396,a2c9009e698bc3c32d357c4806f297140bd24f1d8a2a0144433079db659fcbd5,2,Business,2,Business,False
51399,4ad7324a612091484f09013a0f1356ba7792cd3896d264ddd2061a4ce25def16,2,Business,2,Business,False
51405,34d4101f35d3a10b2389d3824f80e1ee3b44281bd4963baab533e90f85e8a8dd,1,Sports,1,Sports,False
51409,f936c553b832ae638171f8a3553fa5f450920bfb85f3fd310bd6cb8b71385ba3,0,World,0,World,False
51413,5deb238f25377f0eb5b77df3c473fa5d0380ecef3774dec911eda39cfc2d9302,2,Business,2,Business,False
51418,5755c2d9d02f3633c664f3e5bac64c66824f7570505c505927a2836f85330192,0,World,0,World,False
51432,50bb2efc78d5fdc522b4610d888a784fb7b8566973e2d35e9f7568960cbac5d3,2,Business,2,Business,False
51435,caf3d246c9ea2b49219ac0134675a1a5c27c1732f745824c8f548a395ca0c107,3,Sci/Tech,3,Sci/Tech,False
51436,535d32ecfe8b0fb60daeb0ef05ea0c8ef47523505223aa77bac37c3a61729f9c,3,Sci/Tech,3,Sci/Tech,False
51452,1a02a933a9c58ee689496b9d1cc025277659c0f8d807b82339dd9ae035b27bf7,2,Business,2,Business,False
51453,6a99452bda298303f77b3581a19d253d601f0c7c94ca469f264dd60b424298c2,1,Sports,1,Sports,False
51477,035515fa61ee763018e0048925eae5e42ba0dcd8c2e1c99464a58132d7f33c01,2,Business,2,Business,False
51479,18dcd626a837a564dd7a2ccffa63f1119a7864c345e5241a039711c1bec0d897,2,Business,2,Business,False
51492,27d1c8168ec79a34e7d0e82eef9b36cc1e1e25303d3b9b3df7ff9be36422792e,1,Sports,1,Sports,False
51506,809db8d72217b4f09b60d401bf113fc40b8d62fa5413754e7f23cf0d255393bc,2,Business,2,Business,False
51515,270d0f94d6757a0679df76e3310f25614abd68348f188eaae65602963c6d6046,1,Sports,1,Sports,False
51525,fdfb31ce38ee7c9230397f41d7b399c2b019fca6c5650821e3b624af0160e3d6,0,World,0,World,False
51538,4610790fbcdf4bd13d8c9e855879abe42728f5027926504ab1afc989ab4e1ede,1,Sports,1,Sports,False
51546,2f0dd83cde284194b3170e87a1d4e549f071c73389a9b2b3105392a4e17b4893,1,Sports,2,Business,True
51550,c6f4d1851aed1adc470cc6eb427ad3fbe3f4e30e107bec708880c2f9435ee1c8,3,Sci/Tech,3,Sci/Tech,False
51555,d0f7845aa2077339cb127cc93ab5b3d0a203db5c8e6525c2d1791b67b9076dda,3,Sci/Tech,3,Sci/Tech,False
51560,9334963220d8e94bcd443f37c674969624b307084e7f47531d6d9dd570352ef0,0,World,0,World,False
51570,62ec07865605bc70b2f941611a4e1b2ed15c24a7bf4c2bea6055843f395c7d73,2,Business,2,Business,False
51576,7dd8335397ccd8f273cdbbb19e3ed5c2d07b4521b01bfd30a4cc0ce53a715dfc,2,Business,2,Business,False
51579,3496b709ff5acd9fb6182e283e32b19db432c97fc58471c63b15654bf0b7eb3b,0,World,0,World,False
51598,4f05b474410989adf88a76a8d68b42e3a26bced66e809390cfd4891c1da5c3f9,1,Sports,1,Sports,False
51604,18d421de320a2d3d29751f81a46a634527636a614e0997bb431f788b61d9c936,1,Sports,1,Sports,False
51607,a3442e5657eb4949d2838c85f40df134488414d3e1b9c3c22c75b075975a4da0,3,Sci/Tech,3,Sci/Tech,False
51610,d077603bdcfcaf379c7d6204a27fe33c160df286f3d4275b9497e6f6e39c305d,3,Sci/Tech,3,Sci/Tech,False
51638,f8a1e296e5ac4fd629e5221e3b16f183de9bb6d622e7b78eccc7bbdd74eed9f7,1,Sports,1,Sports,False
51645,6e7581c1ef3123561215084e050a8e0baf8087c89589a740ac9daff67ce3fe01,1,Sports,2,Business,True
51659,639124722ecd59033a4789006c1c843b69ee19ddfca15132fd8224d83c7e1744,1,Sports,2,Business,True
51708,8fe7a10b6107dc409e33ac1dcf819baa1ed959e1006f67a6631c6337156ac8a4,1,Sports,1,Sports,False
51723,f1555d312622f2e0c21f5de7b337db78d6cea3223f68f1964cddaf091dbb8496,2,Business,2,Business,False
51743,96e73bbc384f6c5f9f9573f989ca32c2d1609d9a407125042e88b71f081fd1fd,2,Business,2,Business,False
51748,76d0918fc86cd0a60b22c16ce123773933e8f9ac66cd40daca783f69a52ec218,2,Business,2,Business,False
51751,f60871da69dbd5b5c019b079d0f2218aac1f63f7eb92e3ff5124513595611476,2,Business,2,Business,False
51754,3ffa8d144c291dce9a46ddf7faf6db1c4f208b60d636d76fbc828440aad90ea2,3,Sci/Tech,3,Sci/Tech,False
51756,a869b9cd4ab051b134acefa909c12c420c8f9448c8f6a712835cae45295e9ab6,1,Sports,1,Sports,False
51764,d510cd39398a6d1c8e581a0f1106d1e43fd1c152a86c1601a063c94b4348fe51,3,Sci/Tech,3,Sci/Tech,False
51774,6ac5e1e2f4971d8124688652264184c3264dba4369b4dbde33fe5183e9a95f46,3,Sci/Tech,3,Sci/Tech,False
51790,fc87c4bcc9c159003a8e16d47aa8a5707146ef1c151777676f947e7c93aa84b8,3,Sci/Tech,3,Sci/Tech,False
51799,48ea6a2aed041ee80b1699d05551d2524595def3fa1c5365e8ee681bc2639de9,3,Sci/Tech,3,Sci/Tech,False
51803,ac5f4a1400fee16ab18208dd283f8b1c37ffb1d8998371a3d82ff54151341ea2,1,Sports,1,Sports,False
51805,b089abb8d882e5d3abe3b23b6b30a20332868dbda77e259980091eeb11888c8f,3,Sci/Tech,3,Sci/Tech,False
51807,8de64ef355d989888e7c42fb25715605c7280c28d06e0be1d768e8ea0be90024,0,World,0,World,False
51820,8d923b0b7bcbc0057e9576d42581a1f93e8bd061f7ec0792fe11fe627b6a7b2e,2,Business,2,Business,False
51830,42815d3731a191e75594c3cba7a7dd9a31c758e765e64b5cb19a3490ae242171,3,Sci/Tech,3,Sci/Tech,False
51837,7590ed9c537d196c57c74922b5daa88e96e0e38305bffeed9d140545723bd544,3,Sci/Tech,3,Sci/Tech,False
51856,644b0ccc1e4cce05a095e43f5ba6a222f4d1d54102672a2c283bc8733dfc5354,2,Business,2,Business,False
51863,727eb1c312f78ddb19a7861d6464c74444ea3a25bf685d132156703766bded7c,0,World,0,World,False
51865,a00592c1969be8db49dd3e65032347f6c198d85e5d4d48d8ee5e7d8a8bbea4fd,1,Sports,1,Sports,False
51876,a8f620d059269e43b0a2b7411b19f236284ea8e1461c247b21f671766abebc80,1,Sports,1,Sports,False
51881,27d6ddb0dfbbeb96f981c8ba2a184311fab4f7b2168531d9397e2c0b5f6a0e2a,2,Business,2,Business,False
51884,3d1b4074009a9da93914faf47d8bbbeba6187210f68f7e05d212787b14a7d383,3,Sci/Tech,3,Sci/Tech,False
51886,e14221584a64fde0fe53e78838a755e89e4e53cf74727cf2da5bd1722b5bafaf,2,Business,3,Sci/Tech,True
51925,94c4678938b78eb620fc7b953c440928fe992677b1b390451fd4acfc81a74452,2,Business,2,Business,False
51937,296ee74c44f3211e29077079f4a4297a9512f1113a7e0c01c95cd674c329d605,3,Sci/Tech,3,Sci/Tech,False
51952,cb395835a979084f4bc059eff5f6c82d5db5e99ffab11c647f57d91dfb8670d2,2,Business,3,Sci/Tech,True
51962,dd383f0ee9fd112a14f25c272df034ab41a7ff18efd8969595c52c19b9de4bd7,1,Sports,1,Sports,False
51970,bdfdb47e160975ce9bad3f7b7d811bd1c45e980045783b4eda500cd6ac6b5896,3,Sci/Tech,3,Sci/Tech,False
51976,e43b3e70a64800147eb3aa2d0d2ba249cca26dc5843b1f00158aee11e7d98612,3,Sci/Tech,3,Sci/Tech,False
51987,f727c0c4e87ebc33e72403142636544bdff7b5a828284d74f2008989174e0f63,2,Business,2,Business,False
52007,615aa5ccb4b625948f4690ddc13d99593ea75fd3482fec1b1b40b477f96b484f,1,Sports,1,Sports,False
52018,0b64f8b0a2bf96a1d4c1672233ad6b8aeff0235f7ea769b31d133722e944e07c,3,Sci/Tech,3,Sci/Tech,False
52023,4738dfd2dd5417a80b04ded92d9ca5f55fe952cdd6d8c66dfebe305f4afc99b8,2,Business,3,Sci/Tech,True
52025,8a74d2de839447c51c4ee03338ba64b64a409daa82851263cb524037726c5aa0,1,Sports,2,Business,True
52055,130e40fdfb809ffc6860cb31f60bfce79d032e9c54778a85de424a1618928797,2,Business,2,Business,False
52076,a7b1b0b1fdbd439b2eec3a512b5f94176ae723b0df533aa8d91bde4b4ede2c1b,2,Business,2,Business,False
52080,18b8b2a9a9f73ce3fa58df59b31451f13a7e5c3e574d2678b93bfd076c675aab,1,Sports,1,Sports,False
52098,e52e396cca5b1c2b2691a59d06501ae454410757322f7f50b1daaffae3dbdcef,2,Business,3,Sci/Tech,True
52103,bf8c9c2ec42f33f5b920a7752c3e4ccb21a3b9ca7a36bf6fe5b40f3beb8da6d4,3,Sci/Tech,0,World,True
52104,c2c1ef6df372b23724d2c6e275881954a92cba0a50a787d8a7e7c4ef8d41af85,1,Sports,1,Sports,False
52113,ac91de337dcbbade10757c22b84fa11a46f9c8e32570c122aa31e002604a41bd,3,Sci/Tech,3,Sci/Tech,False
52114,1214f515f66079f4031aa31ada8edae39749d70905c79f7a79545f1f8310b03c,3,Sci/Tech,0,World,True
52132,d1fc288bca9c68550f04c84e86c0967e1e7d3187e2069f17cf2ca83d75e110f6,2,Business,2,Business,False
52136,293878b55c29816dff516ef0ba0524a3afe80062dd928cec6090ab8707f8c2c0,3,Sci/Tech,3,Sci/Tech,False
52146,f7e87eb1dd1ae1984b2ecbad78a60ce8266075f7cc95a97e149991c13de9b42a,2,Business,2,Business,False
52177,a7d26b9a4c4439de463cbc3ec136ce7570dd1b6fc7ac256d4ac2b75d191a699a,3,Sci/Tech,3,Sci/Tech,False
52185,46f1b1b876b92cdcd69705e1a5060a370cdfeaff60b93ff062f01291fb369207,2,Business,2,Business,False
52192,fa3ae6af04fcdf6120e4927b49633226e8de1361362526d30df5694c6e5755a6,0,World,0,World,False
52200,affcb656c295aa1cd4e230ef6397490bb71a628341e592e19b7d4005590a964d,2,Business,2,Business,False
52206,3a5f1e10cc89a35a1f803b4f087e77872972205f0ae8e7474d4a28ae83a666ab,1,Sports,2,Business,True
52209,419e9f7405f1528feb1ccd36a38610a3e73b1e7b4920fda97cf470dbef52509d,1,Sports,1,Sports,False
52211,ee518a872ddd293d810061499732f4088bd9e86f32c5ab0dbccc153430cafd28,0,World,1,Sports,True
52252,3d5e798f95ff7632a86955d0987f2685e246bc1f24ee778bfb804a6e427b6657,0,World,0,World,False
52259,4f464162635f7254c6defeb199d718876f66a4ca998af78609c4472852c60ffa,3,Sci/Tech,0,World,True
52272,5ec7c10d571f311ea59d3ef713fc785084195522fb812115c2ed7508f0f1f540,3,Sci/Tech,3,Sci/Tech,False
52285,27e1046a49fffbbc2387dca995d5228c50d291eca3e371d1b6825d3f45abb441,2,Business,3,Sci/Tech,True
52327,47c7922232f7c8071861d34a48c4596f33a663e2611c8de474c85d13a89e98fd,0,World,0,World,False
52341,4e141216888cc8b209eb6b92457327a504f98753de298a63878ede0a454e1259,0,World,0,World,False
52360,8b6ae1340e618680d824d0ffb4973470864d5b648b16c6a17172df1e167d9324,1,Sports,1,Sports,False
52365,43be4ba881cd4e5122ef9ef6b7e15a9a737577d8c02592a6a87291e28c86b444,1,Sports,1,Sports,False
52370,a5f59133ba480c16102071ecbff24c36b5b742fc42758ae952f8112d0a55ac5d,2,Business,2,Business,False
52373,354b119a9f7b23bec1299c43274cd184a90fe671def6ef8dddd87f6391216bf0,0,World,0,World,False
52374,c44e680c93227f1d30017c237a94cf5a42bc54eab8f144fd4eefeaeb047aa706,3,Sci/Tech,3,Sci/Tech,False
52376,95d9191a7474f71e4beb0f8c2896bd03101fdf62a650135da2bcec78a56f18c7,3,Sci/Tech,0,World,True
52386,0b3cc931452250cfd08ed64ddc7cfd867630d9e106d46e85637172a3501e20ba,1,Sports,1,Sports,False
52388,35259c41d8a9486b9f362bc727e78160329812c1061cd739e729ba9c279892ad,1,Sports,1,Sports,False
52391,d05d19547f73083412b8a651150149907fb6fd10741f5f63fff31ccbe6061087,0,World,0,World,False
52399,2cc7c6a6e7171044927ac2b7a96817883839d4dda3a580f3cbff43e30b77b3cb,2,Business,2,Business,False
52402,a496998ac66d8f782bb14aea6316c49b2f518b55bd26a6b6be93f1e18816474f,3,Sci/Tech,3,Sci/Tech,False
52418,bdbfd629a11b456240b1ffdeea6a0b37ddc5c234c5782fe4de2e017bc2efe7c5,3,Sci/Tech,3,Sci/Tech,False
52422,9d906cea190eb86da4553713bf017b0f2b549eacad160f3f3d7adc6d3d50ba51,2,Business,2,Business,False
52435,8e13d8007a2d9911d2aeef1b2601053a385190e7c04362aa20eb9a21a3a09914,0,World,1,Sports,True
52484,feca7b2279a3b50a767695b656d17dc2f01084cec4b6ea525c8395a8b08c715a,0,World,0,World,False
52507,7b8ca005e1f5c79ac94e015ee4b3790ef2c86aa3d49be7f7488a7e51bce8e17e,2,Business,2,Business,False
52525,41829827d5f0cf535998c2eb5c4745bd762bd68dc42679d86889c56f8f36ed20,2,Business,2,Business,False
52533,b5f0e84e8e99d5e5358b462c950b8f2a70d1b1eadc546a1a9c2e9ee8c70a5381,0,World,0,World,False
52554,c3468773617a02f71be8b5401f8a0c7fa7ee65c9d29077c5a58e0ba62d58e906,0,World,0,World,False
52558,bdff9a28f185d9afc7dd3c734338efecc0bf181d4cdef984ca5945b7704fbdac,0,World,0,World,False
52576,e62f9734d68ed2634c40cf2fa0caac5f61d1aa2e99309a3980ab53f10e77b05e,0,World,0,World,False
52585,e481a53f90b5d28782e83600252fbff5e4166ef86b25979aceb6001dbbd5490d,2,Business,3,Sci/Tech,True
52611,598de675d4807991899d38694406f0e5a9f47a0844863935bc6c8766d106432d,2,Business,2,Business,False
52615,95b588992d3f1fc3a190a5224498684d11fb4c993d329c79d6bff1d8b18b8d84,1,Sports,1,Sports,False
52626,198e14de92042e253d048669526438e4c78d5f39bc7605186a19a9777a4f9bd1,3,Sci/Tech,3,Sci/Tech,False
52631,7ca17975917727871197dc314f9a2b66873b12577c50a1a81f028e6560f99ff9,2,Business,2,Business,False
52634,34c086193113148b80f5e29c90f8df6f8fc08648be8b4992236aee90d2172d22,1,Sports,1,Sports,False
52645,4703665513ccad0136930463aa63d639aaef1299a84a3c47dc5915387800614e,1,Sports,1,Sports,False
52660,a18048e539d3b393daebfce0682c77cac942da24581edfd868986fbabcb67d7c,2,Business,2,Business,False
52672,1a20bc25164c5774a54fe6d6d21767754af8d04783ed57116db39dff4f384db8,2,Business,3,Sci/Tech,True
52679,c2924b78e2571d1a9aac2b8053209ecbb813c567ee86d7647d1c48e02c4462bb,0,World,0,World,False
52680,0328247dcc0bd4b0e1483f0408fdcc8d053e00c01559e66f52a187c5da77c4eb,0,World,0,World,False
52681,09410ea7068b25cb94f3f64cc602f0b04edc4f5af96909e0f00e0ed574934f80,0,World,0,World,False
52691,72ba0323933f40c9293fa0c6d30362a901174f88a8c4848751eb2bf497d5e3ca,2,Business,2,Business,False
52694,4347900a84f41e0e8f960d6e9c91b27a794a407268d48b5bfa1e53cc8c00e9bf,2,Business,3,Sci/Tech,True
52726,ad637b3c99dc3d0c1128effc505631435e7186b2f20c02fdbe7794ca06682049,0,World,0,World,False
52730,2b979c78d672bc93f93c272171384bd8ee96c7902710e9446bd3517e937c3acb,2,Business,2,Business,False
52739,ff65caf69854e5e7bee74996d6b1acfd38f6d72e1596edd4b8a84f206ad5c3a0,2,Business,2,Business,False
52763,bfe26ea21c32aba19a86c83da26c7d89b0ab2b92803d379d797bb9524a51d89c,0,World,0,World,False
52778,0f8b5de4bd50a776df5ee46c46a148aeececf16e151b4ce29bc5a3a55e33e35a,2,Business,2,Business,False
52815,2eef34fc57856eb7a6e699a5705b4a8cf9dcb0be1b7fbdd89656224b2dd8ae03,3,Sci/Tech,3,Sci/Tech,False
52816,04e484085f07cf083633d010869c3099e5cf9736826f066c68ac458809891978,3,Sci/Tech,3,Sci/Tech,False
52826,a1847125d91e5b065e44c3e41315254a2c3a87a5195ea94a72d31ecb9cbb40a2,0,World,0,World,False
52839,351702e4817944024487d7a3ee8c7f8fa1319e7073afae0c519b14b2717498a1,2,Business,2,Business,False
52844,52ef6c15d9337489bbf1810ace84aebd34bf3cb7a50bb0717a1e655d840d724d,1,Sports,1,Sports,False
52848,961b7db9ad11b991bdf35c414e9fdef59c70f6b104828f33071a15a4fc9edd45,0,World,0,World,False
52851,cbb3e7c771c4d6fbbd8e93fcba18972b05eb5d0f760a661324a536042e0e8398,1,Sports,2,Business,True
52871,cde7c30fb03b27a0f05a26dcf19619c4a1447f5b7879f0bd42b8faf50be79114,2,Business,2,Business,False
52874,b0c14400ffabc7a1b4271f635c622c2ebd663d97afcbb921d6a0a323a31fc9c0,3,Sci/Tech,3,Sci/Tech,False
52882,8eb88c4e4648318a520e3693b97aa44473dc47a2e57fb597afd548d87e808735,0,World,0,World,False
52900,2dd624353389333d6871eaf52a805fd64e475bdee325d37125b174db0f97e5a7,1,Sports,1,Sports,False
52903,779a3b8df6590842e2570b49d7f8926457e2addcee07e64110f359a268caa9ed,1,Sports,1,Sports,False
52923,27c9141a6748c647523d7f8f6ceb3836ffcb5dc33705cc73637e335189e743d9,0,World,0,World,False
52936,0045013c97f76b6aba0cfa04a0c05350e4552ff0a3d22e3e2001d4328c16ff07,2,Business,2,Business,False
52952,71a5c84ca12cab6c61cb89b82cc944e1844200223aa3a50046996c2c28caf817,2,Business,2,Business,False
52976,072a4aafb3417c67a96870e44a0a87b81945c750e77fd421441323c2229c7383,2,Business,2,Business,False
52984,d9731e815c4cd0cba507b7078ea74486ed38a1ad5e0cc3ba822c03def19aebb2,2,Business,2,Business,False
52991,020ece42e60964c5c1c0016621ada6581909880a3d0e0476ec79027352d588cb,1,Sports,1,Sports,False
53004,db099083708de3715ca9af3fd57095b4da8cbbf1194a0b1b07a789bd115fd860,0,World,0,World,False
53011,9c51f71e5771bf5115018f16d0ebb7b3495a68213eed87237527027e081a82cf,2,Business,2,Business,False
53017,afca4120212db3c3502ea2ae8f930e88b8955b025004ecf5b7b0a41d9655b35b,2,Business,2,Business,False
53030,21b65409ee75a5536096c7dd449bea02bd1a4941bf80800d8208d470628f1e5c,2,Business,2,Business,False
53041,cec470eee732795bd397c3e657953138e1793a5887f65b8df6497311d4ebb96f,3,Sci/Tech,3,Sci/Tech,False
53043,3ae281e1be73ea7f9aa145d1d7a8da8c0d0185b3af1c3e090dbb84df49e70510,1,Sports,1,Sports,False
53056,a0c2d307bbacd059eaae7fecad9c037d8dd9022d4ddaf30456ddc06df0d75b1b,0,World,0,World,False
53085,b42f2121be8339fb2d3e701a333c30dfb2cff20db59764dd798c5ba628934542,1,Sports,1,Sports,False
53090,6426f4f31a3181fe9b1d8ae9aaa56bc02f0de7cffc4f1a8d7592887a580cbd6e,2,Business,2,Business,False
53102,ff55a73c2cda46fdb5a70f44af30b37508a26a53be265b2d08b96040bc6978a9,1,Sports,1,Sports,False
53110,f1bf0b0d47d856915aa2767389542a01d9c26853276e6de6b03b5dc61435029f,3,Sci/Tech,3,Sci/Tech,False
53113,e32013943998b938ff35720b7d7aa91631d01a2942bf8d751c515ebb7b24332f,3,Sci/Tech,3,Sci/Tech,False
53115,61eaf6715693c2ea2aa8cbcd1444a43c025085893f1b3ff3344f6fb1cb55f62d,1,Sports,1,Sports,False
53117,92ada248201eb9fabea2bdbb2e4c0eca03c76c4a425058eca54d7492a94a0a69,3,Sci/Tech,3,Sci/Tech,False
53159,52651159e16e44de3354642a7ae1f6673f144bd58dbf995bc207e7fccde2f826,2,Business,2,Business,False
53166,eeb3e2a98e94f08c1fbdd8a5a291419ebfbef423db33883c1dbec16edc1537da,1,Sports,1,Sports,False
53168,486c93b582336f2fbd7e134b052468baa9a1579a786c34b765f5c4bd324a6adf,1,Sports,1,Sports,False
53190,e5a7b6baa8048c007c1b618f2eb945cc9c81ca4742cf6399e8c5707a60fa07d0,2,Business,2,Business,False
53193,1147a8e3da3fe6cc6c10936961aa8df02901a6ecae521f0375096f396979b551,2,Business,2,Business,False
53196,7393a295b5482ba21224b97768b15f2369b60fd350d72e4d65401f64eee75d61,3,Sci/Tech,3,Sci/Tech,False
53208,eb70df92db47fa3ccf7885e79fb073a16af6d44f2432ec05bd10ff04177e83aa,2,Business,2,Business,False
53236,eb35fd0e3ea6560f57893cb58490ee87c4a2e20c7166f098d6ce8608e160f99e,2,Business,3,Sci/Tech,True
53242,cc84b0e1b7351d578fdb98d3b741fce3dc8970bc2d2db9b3530749e528284283,3,Sci/Tech,3,Sci/Tech,False
53243,a5e8d6aa40d3010e940ba8a7727e77b17be8ad0e32f01422e502c53ab98f8321,3,Sci/Tech,3,Sci/Tech,False
53266,f67327e8750503f947f6dd346b70a04eac581179298ea3e5615c932c36f4ba60,3,Sci/Tech,3,Sci/Tech,False
53272,7553b4a1407842f3f4cad443923e1018fbfae3746bd54bd74fe6a0e5ba913e9c,1,Sports,1,Sports,False
53273,d9275d69ec04acb4047c4063b95d554a185b3488e4b633435d580ce210a25f53,3,Sci/Tech,3,Sci/Tech,False
53278,a882a43b4b06889143aebf194b9801d477c7df3b9101063084632254f67fb0e8,2,Business,2,Business,False
53282,48e198462df07e56b6c93746ef0c6129622bd9cd126fe307319e80f3df21e6a4,1,Sports,1,Sports,False
53284,bec956681deb8e8001c3dc0e1ddf3f0214f6fd0cfc41bd69083c35edad8eb4bf,2,Business,3,Sci/Tech,True
53293,1f8d67a35e7cf93dad304583ef643e0f71961522b13b6bdfb020cf610f29d035,3,Sci/Tech,3,Sci/Tech,False
53320,b3402a18aa4965ea802edb49b0b47a10ee88e235c475cb7e2a872f19d9283904,0,World,1,Sports,True
53330,0bbb2a699f799043c7324249030092e70af1dabdfc4f227d7188a3376764cee4,3,Sci/Tech,3,Sci/Tech,False
53352,8b52a4686d4137a43c9d23d819d7549f0e5e60d17b650270ab63c3417d09f122,2,Business,2,Business,False
53377,470bfb0d4d8d68acfb8b225e95529a8bf577cc152a2719913bc3a106bebb1ac5,3,Sci/Tech,0,World,True
53392,f4569fee3ed46910e4784ce739eba63863251006bc313b6f3e1b796599ef9b4a,2,Business,2,Business,False
53403,91837b631cb291b5be1a3a07cc132076e66c82bbf82d2ff95bab037502ca821f,3,Sci/Tech,3,Sci/Tech,False
53415,5dde523ba5d9fcfb6ada804d7bd42a964cec37a990c19ef6aaa3e81df81b4e81,2,Business,2,Business,False
53423,d819267b6c4b3f0d5455c18c90a2522a7c88642d0edcd23c20b34c9c02eda937,3,Sci/Tech,0,World,True
53431,500ab1934b73dfa0b71ee5f39f7bb368f1504c39582644dbdeb9bca3e8cfb84a,3,Sci/Tech,3,Sci/Tech,False
53469,97f796203740d35ab6def8fcb77560921c523fc332a34971e7d786a2c89cbf06,3,Sci/Tech,3,Sci/Tech,False
53473,6712390e3f350906d49304f9e3a82e98397e40315c633d7ebf6a8f1d99d287c6,1,Sports,2,Business,True
53487,dc4492985d311e38b07bb2fa6ed65fa9eda0db05d0d935176df7206ea744c53c,1,Sports,1,Sports,False
53497,99044c760ad46ff6cc2004cb40263162e90d997d6773e42cdad547c7f628b529,0,World,1,Sports,True
53516,8bb350d99ee1166cbac4f413c48b0632ec9a24326a28bfd39e630284202462cf,3,Sci/Tech,3,Sci/Tech,False
53575,521dedacd0075f0d2eda267bf10f40c32c2a659e514f8c7b1e981053e2ae6cbf,3,Sci/Tech,3,Sci/Tech,False
53589,468c342072a0dcacbaf14f721f078aaa4281ef2ffb6ec8f81552d29c0bb9643e,2,Business,2,Business,False
53598,46e92b695917238fb9960bc828030efad552d63563e6ca15e66b169de363ecbe,1,Sports,1,Sports,False
53617,1f5fe0eb43782c3881d071dcae2d99715d4ffb55a5868f96b690bcd70488d13d,3,Sci/Tech,3,Sci/Tech,False
53634,feed465358412f6b319a354a4fe8fa49fc8a4114613f43732b1f9cd43855a061,2,Business,3,Sci/Tech,True
53636,b1b1bc126404d39f48b549eac3ae1f4419bbab4644f7aa5daddffe649b13bb7b,2,Business,2,Business,False
53637,5b5a9f0a060f8c48cbeadfc8d66da433362cd52a597b5b990690c69d0a75de2d,3,Sci/Tech,3,Sci/Tech,False
53639,1f2be70ba6bd61454cf08f0e2ff61a53c62090527542cfc2f14b95c5504a2679,3,Sci/Tech,3,Sci/Tech,False
53664,6422e6cca32a86552339193a008140917f074b4daee16c1c3668c60dd7ddfb98,3,Sci/Tech,3,Sci/Tech,False
53672,f8f0875f4182e891284b45af138b358b33a6b646bafbe4b43458647d553b07f1,2,Business,2,Business,False
53692,f951addd3c2ad77c649c64d1e51b7c11fa08578a0447736a4a79f66140fcdad5,3,Sci/Tech,3,Sci/Tech,False
53695,2590f0c52e3744fac63cbfdce214f979ba66f4c6cff3b3f93407d5ca7d867da5,2,Business,3,Sci/Tech,True
53732,8f616524de8f1e19eeccfd6ec2f0ecdd741010f5cd2996c2b82c94ca37d27a82,1,Sports,1,Sports,False
53762,2d7dc0df6c885fe3bd88c711ca74e36a3d0fc7eef4b2657f785d23458117fc85,2,Business,2,Business,False
53764,9c835f096efac8f16b5ea6e410c4891577d3984a86ab8f71dfc639b61688cc6a,1,Sports,1,Sports,False
53771,0fababe33e2aff3cb116444bb9c6ca454c92c4f3eb4d39e9daea74233f323e61,0,World,0,World,False
53786,69c4b72026ab816d1f859dbc47c08b9b38af3b8b7bb977d58ccd728754aa7cc0,2,Business,2,Business,False
53817,4df8725edc32fc6bdae52a9641df6e58b9930f2e276dbb259e2d5311623893a5,1,Sports,1,Sports,False
53822,0f455d25b287ca042bcae0eab92a071e4e73ca060128726fbb08b23d75941ab9,3,Sci/Tech,3,Sci/Tech,False
53852,f0774521432a01cddc42df67324f6ad3e8a09067f5cdc1e91237e9af2c7265fb,2,Business,2,Business,False
53862,73c30512117aee42c2f7f9c67f91470f12483bbb8f988e7426f159f699694dca,2,Business,2,Business,False
53879,0f0ce99401325df0b6083d5f7cb45ec2b0e473a9b373b5047e0b85da248ea79c,2,Business,2,Business,False
53890,38f94845408771bbb7b6b6e420b776da8a0e1c7247b7e674583bcccb425de518,1,Sports,1,Sports,False
53911,92d11c5f95dd50ab377a3f49631c6c6d6e01818771ac468c793461c2787c10e6,1,Sports,2,Business,True
53923,358e9800510f4ffdbd4a8f1ec1285c8b940c2ec5631a4b4eeccc521bd214a691,2,Business,2,Business,False
53939,a8ef1c2af191dc608d783a11fd40c699e7a59552c3b8dd508159416d0c31b8fc,0,World,0,World,False
53970,8d975fd84387a11ef0da1bf12e4e4b839ff6808b3f0853e7bdb7edf77f1e7045,2,Business,2,Business,False
53973,0f59c6afacb843faf35e72b4d81d39bd48bdec582ea3614e2f35c11edd871af6,2,Business,2,Business,False
53974,0b766bea35b6b3cefe3921c05cfbe8f04a8017cd6fff583142e6115997b3adb2,2,Business,2,Business,False
53978,4646e8a0d009a01dd1f4687de41aee5388892c309a0c744cfd51aa756b47d055,1,Sports,2,Business,True
53999,d481b90a88d908117116de3a5be5ac9aed25786ee66ac622f79512ec9f7759f6,2,Business,2,Business,False
54009,996d73e1eb3cd6858dd5883938cbe03856770e2f58a5ff999e535c874ac29575,3,Sci/Tech,3,Sci/Tech,False
54026,7467ece8194cbc39abb4135dc36c369df4edd59d6a7a79cf8caa167cc3821fe7,2,Business,2,Business,False
54028,f9a999e4518ddf187e9131420e9b5643688eaee5d62cdfa7464d17f73350b3df,2,Business,3,Sci/Tech,True
54059,302691403ef06870957eec691d434b22de25d9b2de063b3d26312e2395e93c00,0,World,0,World,False
54084,e8e069bc93e37ed302f88038590f259d05fa4920bde2efd5521d3e47b80b9fe0,1,Sports,1,Sports,False
54146,5f9c534a3164566764baea2f08ff998ddf3d80f85dfbd3383671b2157083d537,3,Sci/Tech,3,Sci/Tech,False
54148,b4b94614ab3c5521b9ff2a8ab2c9d9955c318dc8b5056bd2d6c28a5ef1ae8dcf,1,Sports,1,Sports,False
54155,d59b8a01a3e7e9410b61059f2e72c674d8f0ca0be11144b91a5a02ff1a6a7b72,0,World,0,World,False
54168,ab2b5079a280764ae515f5188b0c33ebae6da242fef7624cb82a363884862ff7,2,Business,2,Business,False
54171,6826963fd02281d0d336021702376cae5a0397ba8499bddd6a698bd119af1926,3,Sci/Tech,3,Sci/Tech,False
54184,899b54da3869e5a0c33fca1d6550954b6d045c1a797cae81be49030924a0cfe6,1,Sports,1,Sports,False
54195,79c0dc60029f27740147fadbc68e3e472a66cdd798728f1afbc2c41e6c6f60c5,3,Sci/Tech,3,Sci/Tech,False
54202,7b3b7a7fda1732918ebe8213d57c7b6c49e8d073c4065bedb673796e6d7cb8ce,0,World,0,World,False
54204,1b44614483772457f7cb63025df74de21ce4fff1cf69cdf22bad2862ca2d8115,2,Business,2,Business,False
54207,5625c9d58d9848954fc2c027dd6afd13401ecab562fd2b4a0666333ead11c627,1,Sports,1,Sports,False
54214,087b5954a74ea76f037c3f75b245a8d8bb10d59aa39690aee0cc723f6796907f,2,Business,2,Business,False
54224,83f2d6378b6e36f2521556e357ecb3e040a28a0a529ff6e897c9b4c331f1e66a,0,World,1,Sports,True
54225,b6480f1261c30cd89baa7a57d21cbb98073dca8630e541c3d0f0a05ac0b8b004,2,Business,2,Business,False
54227,f545de00dac85f51f56075bd4e0757c6e92e999cb76dbd31d1731938d4d60ea3,3,Sci/Tech,3,Sci/Tech,False
54230,e293eb12be8cdbe4ca379aeb80650083a0c49c260a387c60735b9170078fa88d,0,World,0,World,False
54234,a80492caa779547990e40d04a5be1954d24935cb7482e620b58c5ee52c686e79,0,World,0,World,False
54238,a41bb38d762ff031d9ab0073bdc4ca09079ce608ffdc31c78d539c89b451951f,1,Sports,2,Business,True
54248,6064fc4f588cca0d49571215e93dc73ca09d127317955a1a91d951dcf556912d,0,World,0,World,False
54259,c8a11d2505c8cee1b6d243acfe0ae461b69f72b244c463f9adbb973f2af636bb,2,Business,2,Business,False
54271,a42660914f1e25ca44a81a16f37f3adfab7f283afaf0a23d1fc989b38e92961a,3,Sci/Tech,3,Sci/Tech,False
54287,1d9a5a0da62de241432e7e12a1df62da6d5aa37ca9f415c3450a92cc389991d8,2,Business,2,Business,False
54290,41e3ed35b9c0586fffdb9e10334bb9ba638b39c6a2c0e1bc70be4d53060948b8,2,Business,2,Business,False
54310,3a31703136897dba3147bcbc1bd5f8bf9ca414852c2471c002b03967d83fed41,2,Business,2,Business,False
54331,f0de8596b3c86567b894300d89fbf32898982a50a3bdd4fc77049b7dac9cf43a,2,Business,2,Business,False
54353,55b808989fdb001d43921bc23d4df215d7995acf06276e41e1bb83f5912d6a7f,3,Sci/Tech,3,Sci/Tech,False
54423,dcf83ea3673f86b39a178a0bfb6ade1905b0fa873bd23f2b2326339dabfcdf0b,2,Business,3,Sci/Tech,True
54440,09ecc60f457cf7908972d54b8c6d857157f1e8eb57693b0d4565ec03e7103a6f,3,Sci/Tech,3,Sci/Tech,False
54447,904428a55d3496ab149a40e3950214b7715f17c2904a085e99cdce896e0edb5e,3,Sci/Tech,3,Sci/Tech,False
54453,7aa4a63f0b1ae7919dfc45d48c1eca196ae20f0dbb79a2e7415ecfc70f779b49,3,Sci/Tech,0,World,True
54456,f1de7fafb44adeb20a84f0b551cefea8d05370a70933c7ec51738e96307e18d8,1,Sports,1,Sports,False
54465,69bf4409cba9e0986cfe64af9f12e2a191a9e1b654d1dd9b529b788f7f7578fb,0,World,0,World,False
54470,ba9d4f8c343d7fa350bd6f9bfa198014c07ce47214cc9e8f4f21530608028395,0,World,0,World,False
54476,2da1650fa2c08c8a24264e2e2d12bae08b09ecfdf9b3cf00c6848c4ce9b9c163,3,Sci/Tech,3,Sci/Tech,False
54481,53b2cb7187d97a9e77d27bcfbd2a03da0cb5f7e91e509dd5b0028ca8d06d7710,1,Sports,1,Sports,False
54482,2cd5de2bcd159495617c3cbfa7f06a5ceb20c40b0cdca9062117b9fce02de5fa,0,World,0,World,False
54491,415ef6b56d7e88f290f2694e308e5551fb7dc7e26b61d002a649ce73d8881291,2,Business,2,Business,False
54503,e0fadfe79a66d96dec8a55dee2a2dc9713f160f3fd1340941439bff9863b5409,1,Sports,1,Sports,False
54525,c20a948ed4046d620a494b493a8d168342b1e205ac94da50386f87619a24c3eb,0,World,0,World,False
54530,9c66902d8d11b625cee14d529c92c3e023c0f7db739ccd88cc9f8b0ae494f041,3,Sci/Tech,0,World,True
54546,e78e0e55acf58384ef7df4c523785ed28f2a442f8e496580fce7aea933495fb0,3,Sci/Tech,3,Sci/Tech,False
54579,194615d3cb64dd13063f20a5b485d61343bb5ba10de30f7def5917019f40b66c,3,Sci/Tech,3,Sci/Tech,False
54590,a52d61bd68a0e74ea08471dd02afc117ab911d09fefe592ed10ce4889132e5d7,2,Business,2,Business,False
54597,f5dd999bef9cb1b152fc65c1504953b650266304ab5c172ac1683e51d2243b99,1,Sports,1,Sports,False
54599,b650e577f257ea989678b301962029704f66495ce1853a23b48edd78d4a3c1fe,0,World,0,World,False
54609,ce2f20e150c00d3e2ff1d6926f8a7aaa03f96d3837c4873b200bd733da38b765,2,Business,2,Business,False
54629,ec8b3f75820e75e85ead08d729f9098aecc83e3c9d0b237b824c51d718065b55,3,Sci/Tech,3,Sci/Tech,False
54635,10c6eb11557c491e6f5e745ffdb3157823ddd42a803049ada2ba73dcd1da8abe,3,Sci/Tech,3,Sci/Tech,False
54644,b3d3515606cde7a2c451ca8a2b9a5715c39fb6541bfb4fd412379c97f11a9884,0,World,0,World,False
54662,28cda5517b99415c7f705d8fad0d37a4202056f2cc691deb1e171746e15b7895,2,Business,2,Business,False
54666,929f4c76f32157fb8ec48f599c70d07f53afb4e009a8438271c0278450fba35e,3,Sci/Tech,0,World,True
54675,5c45e5c1c1a91149f6946248e02a5eb63f9e6793628a0f488a73d17727afebfb,1,Sports,1,Sports,False
54699,00c5366d4fe635adbb11f07006cc26766d8edafc3b3907fb1f07da5b29d0cc06,1,Sports,1,Sports,False
54701,f2ded06571e05d153913b449523e6d412f274a3f93dcf8ce020f1e39721b07a0,3,Sci/Tech,3,Sci/Tech,False
54728,88128110649db1b76dca2ae56ccffd76a31c095c852ed10979734fedc3c37b1c,3,Sci/Tech,0,World,True
54732,eb58c4d74b423035ab4f1e4a8e78b25de0b933d9b53887b039d63189b4897a86,3,Sci/Tech,3,Sci/Tech,False
54733,445c1b75b8af273bd4419d916934888b5d11839099d9b623c36477928204d184,3,Sci/Tech,3,Sci/Tech,False
54737,1f76e5e4b604099025237b23cafac05ec3529b092c0c96942bad4502c31530d0,1,Sports,1,Sports,False
54744,f0808974e65db95c4fb15a41154c71b1c2d22ed2dc7dd057c3023f21ca0f28ca,3,Sci/Tech,3,Sci/Tech,False
54777,1e22f2a9447d10fe228e4cbdf1a4e2476bb9828688f4c53dc0310c05648a2dea,0,World,0,World,False
54797,0db7e14d277e518629ab22b510a25c7825736ee0ccdec55bfb310b8d0fc0c120,2,Business,2,Business,False
54806,1bad8038b91b9b4c5410a384b03bfc1ef4f2e0b1f0ab8bca20a57da8ac19e987,3,Sci/Tech,3,Sci/Tech,False
54807,8d98ce186db90766cf9787386df703f1e6a7a25546f39efd34ac188d9e4ba168,3,Sci/Tech,3,Sci/Tech,False
54826,85e58b20c80a457b8246d5e545c8e51d8022db3b1462d4feff3685d0e3067a6a,3,Sci/Tech,3,Sci/Tech,False
54828,0727d9a32538acbe21550a9e55f62af3603c58b4227a4a83eb1cf770d07f8019,2,Business,2,Business,False
54842,380391d73211f03fd570c35f8b273105acbd5b0cd5c97f2a46763b1d039d63ea,1,Sports,1,Sports,False
54848,e12f4b24771de468a73e143c075716a256ac02414e876dd33ced23abcad6b618,0,World,0,World,False
54850,d7e9a678be53810b8bdd5f39e2b31d079527ef9d36e59ec6291d6cb73563526e,0,World,0,World,False
54866,3d8e7d024b87c6cd7f583f10ba8caaeffe2993c512df723aea0b90e3ce4d39a8,1,Sports,1,Sports,False
54874,56acfb33c03662ccb949ef98c57b241b32e12404b006a8e14e72a70256763177,1,Sports,1,Sports,False
54883,b03c58e5f26a18a6c92997e8b462fcb54736cf336765404340e456c1d8d46507,2,Business,2,Business,False
54891,0ac62a0a3e6d9718007696e060dafe0b2126b1dfc43c8d6639bb76575df5e33e,3,Sci/Tech,0,World,True
54907,97b604c155dabe1af69652026fc81d10d78fecf5355762b0cba5dec43d8c6724,1,Sports,1,Sports,False
54915,81fcacf61f3e77e9c06186cce6244cc96d1f0094a176315b1282bcd1b3e50efe,3,Sci/Tech,3,Sci/Tech,False
54929,3eb22e347c8b0aab25a5bb63cc8fce912089ba1d284ba64bbe22a8fee40df6ed,0,World,1,Sports,True
54935,cf835e44d12203bc9a52ee1acba7a4404b0ef721b825ac75444766285e1be5ac,3,Sci/Tech,0,World,True
54957,ce5e53e6717d51475e3087b55afb63d98b8d56393aed61148268d3ccd26b7694,1,Sports,1,Sports,False
54972,8afd3b65ec0995b865af055a68bbcb085bad529676dd567d4382ea4d6260b12a,1,Sports,2,Business,True
54979,2789d5d196dfe2b76d1ce36333d553d3b31fdd73c8cb02b44fbc952b75477176,0,World,1,Sports,True
54987,ce2bfd3c90be85a33eaa5cf7a4df481c12f6e37ea22ba1e19be7df6ca0dce89e,3,Sci/Tech,3,Sci/Tech,False
54998,0bb9626b6f52d93fceebca45307be38a99fb167e19a7246571255ab496c074bd,2,Business,2,Business,False
55001,cdd0f4b5b49c16d889b8dec382147c53cd1f131d9e920d6ce36cc0504ceaa199,1,Sports,1,Sports,False
55007,feab5716a55fd0657f995815063fbb1798f55a05581190c06589d147a655e265,0,World,1,Sports,True
55010,d96f78fc20403c5d4f886ea0e162d3cce60b16ee89c8e9395f05e727140b8c98,3,Sci/Tech,3,Sci/Tech,False
55032,f0ee73777c8f17a6982e6789c369e1159692fe45137da63991bd65fd91e48a96,3,Sci/Tech,3,Sci/Tech,False
55034,f7b9e03c126d96ec837be4714db9d2cd4973cd108ebcee5bba3d39dbe99ebd5c,3,Sci/Tech,0,World,True
55066,7287e527a82994d54aa529b401abdb7206e533f7ee725b326bbe58e53ca2372e,0,World,0,World,False
55078,e2af8fd18d81df607ea55349f9c6dba785faacd8ab828efb30c866a04660310f,2,Business,2,Business,False
55102,e38fba4506853738c3a462348a04f1937173ea25bfd2fce18c2119dfe1602b5e,1,Sports,2,Business,True
55133,7c0401bdd57235730553c80c6f0566ee4203f97d607fe684c8e72cbd91ea3f65,0,World,0,World,False
55136,3ef37656a5d7b2857a8b855eba62d2d005138b17347e6576b13a2978ae51c829,0,World,0,World,False
55139,e668cae0e1db650a54cb0ea575aca4fcfb5f42fc3c13796df2cabf38ba84924a,0,World,0,World,False
55159,01a00bbc492efe98a28161acc3e3870222d35289e2696462a4745c0e5b9da05e,3,Sci/Tech,0,World,True
55161,0e6e98b54689c49cd35d46770f24366a0da47838103e6fc0dc0d309bd5af8d51,1,Sports,1,Sports,False
55165,edd0e73ef7cdaf4b7c6b6f95fe30e170521f6dca6884a9c0df07d4d0cfa67337,0,World,1,Sports,True
55183,79625e7b4d6818ab396013e3245915db06f52d6df8a25b122fbc28500fcac449,2,Business,3,Sci/Tech,True
55195,2f55c98653deb4e214e856657afb6be3235861c2cead37b9fa6ccb377963939b,1,Sports,2,Business,True
55213,0aca4eb9cd8936a6617d4bf5a1ea6f07bf25d1025d7d9cd85fc89c1daa6260a1,3,Sci/Tech,3,Sci/Tech,False
55222,751aa0814966b4e5c7b473dc958f22429eea986865c14d110cb837963214054c,1,Sports,1,Sports,False
55233,1b1a2b21c084e332c93ecc78266f6db28f24323a7f2fd0b4860c557a61371a30,1,Sports,2,Business,True
55242,4c94f9b57b70a9a4f5ef18818e05938b94b6b23cf069b3b1afb987a4912163dd,2,Business,2,Business,False
55250,88c8f642d131962ddacb7876d3979ef82fddfdc8af5f7681659c5942389d53f4,1,Sports,1,Sports,False
55269,ff579e9d38b122a4123d1835054826c692d021db4b664a92aced5a349fdf5f83,1,Sports,1,Sports,False
55288,d01119a19ad45195291a558b89d2a92d95cc4480cbdf97ccb0bec43d5e82093a,1,Sports,1,Sports,False
55293,762801aaad3105d96be8fb7031d4c4dde2830216c2cda6725e8b5bc07c3c8071,1,Sports,2,Business,True
55310,92935c6720f9dc8aa03e89be81032a312f964c7e55a3fe1888632f8ff6bbebbf,0,World,1,Sports,True
55312,ef6b9db70f4ba768424cdeaf2841bd47f69f31b7bf539a18b23033f2a84a40a4,0,World,1,Sports,True
55331,a10cb0467b21f7744c03137525e98130dd21a00e79a6476de0f158c66cd852b4,3,Sci/Tech,3,Sci/Tech,False
55335,c157a0d84f4223c5f8a7a38cf72609c69f0e5b21601657b10cfb72a371e98b15,0,World,1,Sports,True
55339,2fdb24929e966e2fefdc6d560feccde8700782aac1475940f4115f5cda497aab,2,Business,2,Business,False
55342,ff941869d72acb1a2183bbd6c4585361e5e820c6b79ccaa67ef6451c465023f0,3,Sci/Tech,3,Sci/Tech,False
55351,4579ec25f1fcf2eced7b5ddd999153df57420fc590dbb44f34ba7803e82ae517,1,Sports,1,Sports,False
55356,1f79b7828ee02ea65fce55f53b962f26d898b64cf2b308c093a280b6cdb83681,1,Sports,1,Sports,False
55358,738a0fd3292ab86454eb8bc9a9dd3485ada473e954894080624408b23ef1216f,3,Sci/Tech,0,World,True
55361,4ea6ea115fac5a8ff4b63a625b05a52a6b572d0c498711a995aa7c070503b6d5,3,Sci/Tech,3,Sci/Tech,False
55362,ffd60242ce5e431466a55732265e5b209dcb48a3c2a13dfb5822e7d3701ef807,3,Sci/Tech,0,World,True
55372,51973fb2ef1e404f3a2c27e5848826fc146061e27fb4cc626c17afbc2a52000d,3,Sci/Tech,3,Sci/Tech,False
55389,f9c67b6ff21cfd6b05c0029f50b59bc95ae5c5db9ee2f9ad313210db7aa841e8,0,World,1,Sports,True
55397,f2e6c1971792301669d5bb708d4b1b6f03925b89d175baec8f7c2af4bc28db73,0,World,0,World,False
55400,ee238c51429bf7ac2a4ad98ddfa381dd666b301514924ea810b8dbe412f7ee73,2,Business,2,Business,False
55434,767aded4b40b28ef865c8a79a0a3df8f0b5c4eea9e0ed6fa82602f1648c07213,2,Business,2,Business,False
55436,d19e167165868e271a4a56533a415d1c9497927978399fd8f4cb5a1daddf95d4,2,Business,3,Sci/Tech,True
55453,cda968397e61dc8150ca52e4770b3f4a03a0fef99a464fa96a18cd51e85e4e73,0,World,0,World,False
55466,fcd9bf347dd8478e53bbb59a45cd9190c9042a016321c2e720075691a4571962,1,Sports,2,Business,True
55476,a9025dee1b1494fda82c533b07bd8602d30fe3a028f0366f38decc2935dc1a00,0,World,1,Sports,True
55498,eaa0a1a2c5169e8400d26a5efcad150cedfa0b1e5225f9d68afc90e8377db2c5,3,Sci/Tech,3,Sci/Tech,False
55518,6d14d1e09e56b7e43d0268cd6088e9637bedfb389fda25277eb74964ac1d2ad5,1,Sports,1,Sports,False
55554,8a967f381fdc94a9f1b38d379f3304d334e1e1bf38154cc3d9c57cab28e094ca,1,Sports,1,Sports,False
55556,da24078b25ab3fa4040d67ea432bad14581597be9aba61a731286b91d83ced61,1,Sports,2,Business,True
55561,f56839d9d2996ce4d379cf69347897fbafe666c9e9d1ae1f691d26981c53bd82,2,Business,2,Business,False
55580,223354b45ff400a9e34b6fcba39434d2651d22ab4745da1e7ce357ac521a9d5f,0,World,0,World,False
55582,5a2c626a1dea12fd2a2e52f5b0d59867f6eb2fa24ae6e58a56b09f6d1f3deb35,0,World,0,World,False
55595,61a94ecd8b0b2c419e8dba1c339bb206e513a0b4c47bfb74aa84b48c0e35db33,0,World,0,World,False
55603,f20c898cfb4ec35df2d479e87b52bf3f2be4ea3a88165e281aecc5680ee9ca02,0,World,0,World,False
55607,bf132a4089cb30bf9fbd23a68d5bc34005db4ceae550abb740cd76ba41a724c7,0,World,0,World,False
55628,1805aea4ab7f14bdf931534be18a60815538326967a54621c98c5065cb39eb10,1,Sports,2,Business,True
55668,20ae3cd6b7c3318a7484f8a05cacb1b8c17a62165de07fab0b5d16e8db28c428,0,World,0,World,False
55671,20159537495f1d745161a0b4b88738e1c1819b76a09959df99173c992c1920e0,0,World,0,World,False
55685,41404bf4cf6415f8beb595b71c5d69717eff4ce80cf90fddbb679b875a86acdf,1,Sports,2,Business,True
55692,96f12ccb1d054f292f7e586fd3d464623a45391ccaee859625932316565b281c,1,Sports,1,Sports,False
55694,8a48e65bd8fbffb469738095d1e2dfe9d344400ac1d437714027d82e003bc9df,1,Sports,1,Sports,False
55697,daaf2fa07a49a603a4c4626343e5f96028e68f101982a07153652d71f430c6d6,2,Business,2,Business,False
55718,6f314833b1032b9e383f7d9df29cd3d42730bb18d62db0338f25fdeec8b689be,0,World,0,World,False
55722,dbb43f25ee1294090f0344cffea04853dff3021834ba130f7438c3ed91f5b071,3,Sci/Tech,3,Sci/Tech,False
55733,a7d7c741a65d9ab23c8492733951d339b5bdfd1ad1b16817f4473a76cf820ac0,0,World,0,World,False
55762,17c41f1da6178a9ebb7478039a8f0f4a38a75777f092b43e257d7f45d3356163,0,World,0,World,False
55766,3f5f05be635dbd9a0c9e10070ad23e69a7a91ea79f07639373e456d4d8bb6d6e,0,World,0,World,False
55775,737af3b7f4897f7c485c2f937180cecc00d1cbf218978b33bfe3d607356fc460,0,World,1,Sports,True
55784,1f02456d9cb418c3d361787afb6f31b3a1ac5121077df78d8bcee910e7b9b905,1,Sports,1,Sports,False
55791,ed4295000d8e2ade61de1d3f5ce3343c5785314e5eec301bc072c993e4daf326,1,Sports,2,Business,True
55792,965122542753a6292e5814d6008e29aa6808f9673c33e3af81873b5607ffd442,0,World,0,World,False
55795,0106704e277b368ad33059d745b901488bc29a8abf8cabb5e4f501f029f9e80d,2,Business,2,Business,False
55803,ee360b50d0633280dc0716fdb446f26e029c290a362cfccc6a2ee0cb15ac7776,2,Business,2,Business,False
55819,0a4132dbc71318bd3f81d4557ca32c8d5b849d5e52c7abf50930584129317be3,0,World,0,World,False
55837,596a1761d0a6ce87f1f454cc53af7c61641c3f9d865efaad7fc86b66c61335bc,0,World,0,World,False
55867,2d95adde322e38c53d0347579fcc8ade5199a93733c0ff2c0dba7b010cdd42a4,1,Sports,1,Sports,False
55869,1c95aaa506788201bf5ab90c1bd955ce1ad2491e21bc3947e0d9e53e4f9e3a47,0,World,1,Sports,True
55872,1260835f858f70dea57becb5e9f0520bf8335caa457fd6e3b6557a483ba7e6b8,1,Sports,1,Sports,False
55893,c1c424311e5828abb591a54189058af0f0d626d402503d690640d3ea73861636,1,Sports,1,Sports,False
55896,4b0212fa5968967e63dabd37237b0dea61c64db0b78c8f7e4bef71e8aceee304,1,Sports,1,Sports,False
55902,4004da2af7c345c86ba3b4b156938bad1512877a8b5f2174c42ebdc1a60d4afd,0,World,1,Sports,True
55926,57543bb61a9a98e29803fb38c9bc8e454db6064c5c5b9fb50bbf5914bd53f00b,3,Sci/Tech,0,World,True
55930,688d83d2115e7cc3cde1486392cac4ed01d817630f9e9f847b1a2bc3d364a56d,1,Sports,1,Sports,False
55944,e44e9d658aed18992882d5f781cc56ee1e8bb38ff7b4c82bf85ab4c31832fbbb,1,Sports,1,Sports,False
55963,73a4f5ba2c59015930cc7cedb3ab5daa11260972b3eac94dbf1f642bcb58aea9,2,Business,2,Business,False
55981,aba3bb69820d281f2c244e3660eaf8caf16e58085739539a4f3b3e9fcd4c4bb8,0,World,1,Sports,True
55991,85329bd8cd337c3668f1f6c5357b6353a02d4e2f647d7c98e2d6db9e68eaeefe,1,Sports,1,Sports,False
55999,2f48a6c402048f361bc64038199c17bde7404c4da4e992207e62891c59700ea7,2,Business,3,Sci/Tech,True
56001,89add93dc17935ac3a550172fd09555a584795d4f5de6ec47658f4e49407a284,0,World,0,World,False
56013,7d7ff450c3369361612a16ddef0b5c8d3ff4c01782bbbdff6a2aeb665a646851,2,Business,2,Business,False
56027,030e7b9bc458e4de42ece0be98b3122a5b0f79ed87559b224d3db945cc4ed1aa,2,Business,2,Business,False
56031,8c81779bb916216e43ba7062195f802aa2f13b590fa18fb9df8f5f031bd1a030,0,World,1,Sports,True
56049,823c01922c13751e68267ab3d3a565286154cc45ad8d908c65cbaf415af854c7,0,World,0,World,False
56059,89847ecb1f4fe0ffa2bdefa25b55777110129d7a8db6f78b0240a0cb0fdfc005,1,Sports,2,Business,True
56063,5c76569448ff4c7b0bafe4966f7d6f5262a10bacf9b651e4c102f4465f660aa4,0,World,0,World,False
56067,646ab18ccc909c7f243f7462b5bcec17070ad04341f8e9a0ef8a4c8e90c37e85,0,World,0,World,False
56110,3012e1df5c11fd182cabcece2184d7c9b392f539575a4ce5c2a5187096c96784,3,Sci/Tech,3,Sci/Tech,False
56156,6fb520d8285522f559f969e1f49fab1a45e2000e6c923ed3637bab6b59bbfda9,2,Business,2,Business,False
56161,3b4e0cc4992d900158a4f83ea1db2663c1b3b3637cd068e932850974605f3a83,1,Sports,2,Business,True
56168,e1e27700f9f4022c45754e9765076367e1446fd30187626ed4cf24c822ecc822,3,Sci/Tech,3,Sci/Tech,False
56177,13cb084366d98dabe28ec934517d5aaa0d7ff748c2a93a677bc1a9a27724c8e9,0,World,0,World,False
56192,989ff8a3bf3967559901f11ca43775da694acc97b9d15fc1071848c13cfe9bd5,1,Sports,1,Sports,False
56201,9cc3e5026c5df44ce6b976e661abc0d06649dc5107a762c66cd1549758674a49,1,Sports,1,Sports,False
56208,47906d6efb2c01099003ae91f816208b7e7698db0059d3c837e4454c6390d6eb,0,World,0,World,False
56219,f4316bfd3de9638da29f311b59210ec15980c5f7302e809c52d61b9b717857c8,0,World,0,World,False
56227,eab6c921cd9aaabe6c74d576afb1d65e2ecc1b262920cec19bee7d5025e7843c,2,Business,3,Sci/Tech,True
56229,e3839e88e576fd09411c6006a7714c74fab90b7f8ebb729c542b52a0e32a58b2,1,Sports,2,Business,True
56234,6df8f78d6a0aaf9cd3bf3bd7a5032ed5d559e9bf545c8a1daf88696ddcf010d7,0,World,0,World,False
56236,4c78509acdc018a01c4942327849e9d4056c7fbbce479250f1d8822f260bc5d3,2,Business,2,Business,False
56237,5e19bdf9f3e6982721d94988d8a91640b466a7a15df58aabc64fc043fb4b91f8,3,Sci/Tech,3,Sci/Tech,False
56250,34341fec1796230cb53a7857b2ff69cd0d6b4038d3b7fc0bb0ae5221f0b31de2,0,World,0,World,False
56263,facb7bd6159aea92c8f16e580030a3a577589db2620a2ca0670e930751b2dd5f,0,World,0,World,False
56267,677074a051619701613d31b2941b69b6e6e7f6ececaa79a4dc10533ffe9b616b,1,Sports,1,Sports,False
56270,59d911d68e0fe1ceeaa4df69f432e9aef9212766e006c3ca7d9984f0168fa51c,0,World,0,World,False
56281,9f24f594a123bfc527d01fdc3cc9811faba541fbc052422e140d33e94fde81b0,1,Sports,1,Sports,False
56282,a1238775d24a95b390e4e1f960f12fc5558c35f8138d33fcdc140fdb43a1b08c,2,Business,2,Business,False
56283,289960ae298a7f753f74a466fd17291049efaf71155652e2d2ec1f818bcb4619,1,Sports,1,Sports,False
56284,7f7d606c8c3107a15d2c6f007e09be72c442bccc58ed7fd306cb5268161fb185,1,Sports,1,Sports,False
56290,d6ab2478188efe94808f446e861d507fda8e27044dbe491f2e961e7beda4b059,0,World,0,World,False
56306,e13f889beaa18bc6b124cd613ac794ecfa0fe92d433554a9c02a59ed63e44d4b,0,World,0,World,False
56316,e40758b3db9a84519f3d81339237c5380077ef98445377737e5fee4b6335a3bd,1,Sports,1,Sports,False
56317,3ecc530e31945fed90c1d3ff28c9039817825f0f2674ca34010f06af66ccec02,1,Sports,1,Sports,False
56323,c77878abed6c02b6dfe7bd871fa75e8b2e008e71d54943247281cdec6ed45820,1,Sports,1,Sports,False
56329,f389e6be5bb613adcf1d144bc6b12acfecdcfded460995cfdaeee2d9540f6ef2,2,Business,2,Business,False
56330,253a3887b6f53140e96c3b5c68159e138929069414429d931ac472b69b431820,2,Business,2,Business,False
56337,dc303490c43e6260d36b635a175b3cde49698c3b1e6e337d5e226cd49974e463,2,Business,3,Sci/Tech,True
56359,c0a2c08541267fab250aebdd08f7180edff91486b91b7873ea70e91004e26ed4,0,World,0,World,False
56368,21d479e26f24c165c5083676d56dbc48c0f50dd07b5d1217cea7ea27d985e390,1,Sports,1,Sports,False
56383,f82d3538efb55d53e91017855e4a7cf7760b000f47759e7caddbac0ea7cf2422,1,Sports,1,Sports,False
56390,f8f49a3578f8af5c5b08eb38d14ed4b02e07c145bff1cf94f5e76e9b1f8278a2,0,World,1,Sports,True
56402,7415dbb2e43abf2906f9ead90881df7f2e662fdd70dff575d717cdf6c0ca9f2a,1,Sports,1,Sports,False
56409,f6c93e0e0e9996b29cfc6ef27bac7ed8abf06286dae6a23a4208b3377114e685,1,Sports,2,Business,True
56418,509e54ff9232153ce3815d231b5e0bd45adad4d6a56cc07add71e34a294b4fb9,2,Business,2,Business,False
56455,06be12f89e9a3726c0786ec509f7bd3cea115d5af8e7dad92ed7c7e8b78c5580,1,Sports,1,Sports,False
56478,31a09066b157253cf0a22db6016030b6c18012a381d74e3a5484ef56aeb75fa7,1,Sports,2,Business,True
56487,d9b3da3b7e8b4aa0efb3368291dd6ad40fd5244b4990e75e77a4203eb7b85435,3,Sci/Tech,0,World,True
56493,55b5c3f11e222db363a89f0f73657de9da8b71e275ffb11ea4e8e2119f1dca55,1,Sports,1,Sports,False
56497,50dc238858feb163c340f640f653ae2e8e96465d3b716e1a97168ae77f6e5cff,0,World,1,Sports,True
56498,0a4ca40ae73629000ddbcf6eaf1ad5ae3fadad0457a6f833079f5f37479ac7ee,0,World,0,World,False
56500,5aaea63894e7ceba1c638ad31552149b0a2a8e12ec3d5e990ce87ffeb3be851e,0,World,0,World,False
56524,09f4f64d22f39b7c362d1f30e5e954fe0d3bb087d6c6bf81bf77a4682abb680b,3,Sci/Tech,3,Sci/Tech,False
56532,b84e8e36ac322342cb850b2fa5330b29023a968d119b54efa2ef23b324e4e83a,3,Sci/Tech,3,Sci/Tech,False
56540,1b8a9e1577b47af19bfd059631cc5a61f7904cf60f2d6347ec05a337654dadb2,2,Business,2,Business,False
56543,4fc2f7cd00a9e5e426265b422c137a5184f49061211b9b1a426a7235f4559f0c,0,World,0,World,False
56544,1b816cd2e536e11538d6282096e61175f7e72ca9256a8fa58f5ac167246aa805,0,World,0,World,False
56573,c38c5559627929f7b8bd5ca67aefdeb5d5b4e2c2d1b75dd034bde5b8ea514ff7,0,World,0,World,False
56589,d78e9601acdda00a97e720f4836f9bf8e071846578ff61e117c1ded63a735344,0,World,0,World,False
56611,e45aac7643cb8e6c7fb0929713f040e872cbcfc5aef47ed6ec35622f65ec2f2d,2,Business,2,Business,False
56624,1744321d9494a23c8b8572145ff399badf4b117f0ef1103a3a46dc1b133c4b0a,0,World,0,World,False
56636,2659780ddea0a8d95a19fa5b25989346ad6862cce920af353b7eceb6698172e3,0,World,1,Sports,True
56665,0d3a065effd274ee93999846d9369c5689df2113142feb264879d537c90afde0,0,World,1,Sports,True
56673,0efccfbb8ad07daea4a106190de5ec256ba77677885ab8997af2cbf1b71bb015,0,World,0,World,False
56679,6b1bae23a306da212e51f46334901c5e158d2c50a7680b16785b4bbfe3c6086c,1,Sports,1,Sports,False
56686,a2556847ca29f3dc9e2d2561315c9675583841de7db0cadc5945f0e027c5e5a7,2,Business,2,Business,False
56689,3de5d43535a2107e386a53e951fbf0cf2163743ad6ae83608a2b2df064ab5dbb,2,Business,3,Sci/Tech,True
56718,fa3a4d1591e95ee3a65f2d2cd37720cabd69499abf09e8cd0efc6159560fafcd,3,Sci/Tech,3,Sci/Tech,False
56720,a446ac7bb57684884a7e7e549bb751e3a573f152fa3841fd7eabc2ee1b2634d5,1,Sports,1,Sports,False
56722,06455a08d9b845f266ef032c9183a4c8489f6426eb5df59b405cc3e2d9669e97,1,Sports,1,Sports,False
56727,a72de26f6bb78ebe9b1c08dffffc581ab146e541bebc252ae52ba0c2eeeeea00,3,Sci/Tech,3,Sci/Tech,False
56732,d80f21286487f3d386b850a26f3fa3233ab2ca905d1359485b9929ff637fa24f,1,Sports,1,Sports,False
56754,21b4bf0d7eaabcc7641ba3209d86a4632f438901d23ca73478896aa549044c1d,2,Business,2,Business,False
56761,58ce3bb81a797b97084a41b62eabdfd0724eb44120369d21b9b37ed1adbfd557,0,World,1,Sports,True
56766,c711d1bdac7ccccab93d22fd8da9b7380a0ddf6b9d856bc67d1a74463ac15ea5,0,World,0,World,False
56782,238c71764c14f18a5c3b4a84e55e746e3752e10edb5f89ce0d9b4b4fb79468fc,1,Sports,1,Sports,False
56784,df81685e260618d20bf36d8b11cc6f1886f65f2fc9271acfda5510657ac88a16,1,Sports,1,Sports,False
56787,5905615383e46a5330e41ebf9e9d660ea0bd297e93da94a674c83d6db0ed29ac,1,Sports,1,Sports,False
56815,d2d1fa4b8db572d64c8aa2ce9ee5c972ef20ac31e977b92728facc30912f1769,1,Sports,1,Sports,False
56824,19b1ee32797647110f52c2ceb573d498fa45cde6f24124f01f6340c1e8aeb6a1,3,Sci/Tech,3,Sci/Tech,False
56845,cab8d56388d4e3a1c827eaf1a29f6265c177a059b7001970606622587524213b,3,Sci/Tech,3,Sci/Tech,False
56846,037317a2cd9cd53f1a44480079b22c2715f1f7f8de2ed9110d2d40a2039753d6,3,Sci/Tech,3,Sci/Tech,False
56852,bda8703f0933b671ee32f5ee715c022408063f7d86f6b0b9fdfd726f2d209fd5,2,Business,2,Business,False
56853,02a1914689e2201ef9b74768d7da1cab2b159a76f09ef35a40376159abd6762a,3,Sci/Tech,3,Sci/Tech,False
56870,b44aa86f05f62f1d6a2da1091df016ac728dec2afbcebad9289bf81e90d693bd,1,Sports,1,Sports,False
56881,0c5981e27d2c0221e78de6c63f5e767dc0ef4fd5007980d11c04fc701525c063,1,Sports,1,Sports,False
56884,f33f42c75088d134db533cfb2a3bcf69631744612d6fec952c455a93e4ac3621,1,Sports,1,Sports,False
56893,39b4e873f46f45caad6c600688032d9d9e06d7d5bc20df176cf8e1bfcc3850cf,2,Business,3,Sci/Tech,True
56897,09be175aef07a51b1af84a8be1d9375ca5f35e7b3564ada9ec535fe6f783085f,1,Sports,2,Business,True
56904,f0b0c76e946025b6bc8cac78f386c4ed28347e6bdbfc87410b19004c262b7571,1,Sports,1,Sports,False
56905,7dff85c849265686988afbdf578bf8436bb95c9e333fb0927069bf86f0eb9718,1,Sports,1,Sports,False
56909,b70cecf0d0fb4bececef98e112e67e7f45da9fdb86911a98324afd2716c48de0,3,Sci/Tech,3,Sci/Tech,False
56915,46152d2260f21c427684888b0e1405c057fb0a0769cdc7fbae5f016d4258e80f,3,Sci/Tech,3,Sci/Tech,False
56918,dcb84df389fa6c243c3f301dce47f7b0588953d13a3a85e151930ef959357c4a,0,World,0,World,False
56921,a8d9d2e3772957d0c990d2791e601899c8f67c8b82c88181f301262e1b509d5c,2,Business,2,Business,False
56949,9ccb2d67e898518dbf0ad5d0fb3b7c45b4534eaa94d4df607555379f4f08de51,1,Sports,1,Sports,False
56966,4c03c56e71772face4a7b0da6cbd99a43653ed20743e5ea6f54b92c55e3a55e7,0,World,0,World,False
56985,90eb36019e8839a0d25fe95f9006d1c14aa692e399ccbd8ebc2ff01d94296bd9,3,Sci/Tech,3,Sci/Tech,False
56996,ac09551fb392ca1d4e7f018742788a4392aa9f4ee4d3538f82577391d0e5de5a,1,Sports,1,Sports,False
57004,eeff00412914d25c40fb16c52301185799213179dc13dfbb2d0428266ea4b296,0,World,0,World,False
57026,e2e7e5a5a2595f233c9bf7cd56f6914d2d6c74d8e43ad6ab6d225677de13d5ed,3,Sci/Tech,3,Sci/Tech,False
57058,6747a615402dccb31110fc1bf9004fe9d732a6a3a12c47a8eac6801415816787,3,Sci/Tech,3,Sci/Tech,False
57060,2e31cf81225898a66ae5c09b4b1b1e7f14b38ceb9f0f5144679114a684b31e36,1,Sports,1,Sports,False
57061,0edcd164b2fa83c91b2ce2910bd00f3525773cc17281bddefbd061653f048e73,1,Sports,1,Sports,False
57072,b97613303de04678d8e9b71f57d04e825b2fa9b694b775310b99920fdfdbecfe,2,Business,3,Sci/Tech,True
57075,37c61233e9d8a4786f4a264bd5230b1549af749e1d266d7dfd7b7c81de906463,3,Sci/Tech,3,Sci/Tech,False
57080,99eb6888653e7aba61ecbb14f9ce28eebecdabee49f2ab8b3cdaacaade75b26a,0,World,0,World,False
57090,b47e7c409640dc4ed1e266e2a82aa156b8e3e68492e223b18aec066b246c92ae,2,Business,2,Business,False
57102,2e5eb4047b66e179b5a7d845e8ff18e175daf847c012d02249e37882d6510636,1,Sports,1,Sports,False
57116,36659a3bb67cf09ab826043af7d60c47bc3684902a40397585e758b459ce99f3,3,Sci/Tech,3,Sci/Tech,False
57131,2ad3b034ce060f0c6e88f480c66065326a3bd676ae72c60292cb050916cdbcb2,1,Sports,1,Sports,False
57142,3959f8097655189b097f18570957967a2330c26cb8593169006578d4fb209b71,1,Sports,1,Sports,False
57146,6ed869bbc02934181fc06ecc599134d9432872d851d83000ea6ee4b042aabf89,0,World,0,World,False
57154,372e05c0aa6667aabc39419405bfd0fd9fb8f5f6ec3a8e69994cc602a58405db,2,Business,2,Business,False
57170,7060e4cc85a24570bc5904431f0514588658489d4bf9ca618ae3789d89bd7c18,2,Business,2,Business,False
57186,bfb05bd74cdfcdd03160e592f8ee8c30ce61272a47a3bca124ba624b35d2f559,1,Sports,1,Sports,False
57194,29fae92719caae23ddaf5cabaf420424ca8372e740ec49ef50c658b89abea810,3,Sci/Tech,3,Sci/Tech,False
57196,e35e86ec2157f30fdd861897b777338243ab49cf1308849dc782ac0eb45e6b07,0,World,0,World,False
57197,9033e5b09be2c04b869400d3b9555819542a8eb18b69d97fe8df07dbdf59797c,0,World,0,World,False
57225,8f656d906c90e52f910910c9f0e46b5b4d39772541cb0de5adc8251522ef86e4,0,World,0,World,False
57273,849845e67390dea9ec755608ef056865c143f50a9f969825acedf486c97b0d5d,2,Business,2,Business,False
57284,e062f4ece77bffe1160067b4ebdebbb006b1ed189c63c8a933a6e1f3d414e998,2,Business,3,Sci/Tech,True
57287,adff33b74653dec1ab2a9274d19081424f62a2056ee798be83e3b99c4cd933c5,2,Business,2,Business,False
57304,0262bfea226ad2c9bcb4c83eb4cfd7cb64f68e7209e745611c3448da464b18db,0,World,0,World,False
57305,e3defc1bb4cefa29e6b18c23fe328499bda36fb3db0f32eba0ac389ba4a27be5,0,World,0,World,False
57310,a60e6ced261a4abe84df0907aee44e5dfedeb1da7a79ee079d96066259d46fb9,3,Sci/Tech,0,World,True
57329,b44b7173d8acd849e8114c6ded3aa1f3272acffdc5cad8afb9b62b823e033a61,0,World,0,World,False
57354,ab3355b074e09bb1d048ac2d4c830d7cffec146637dbe70efb869bfeac6db3ea,3,Sci/Tech,3,Sci/Tech,False
57374,071a9b422694daf9a93c076960cdd9c237fb40af4e50ec36ed2a3f0cd311ba33,2,Business,2,Business,False
57394,305007ffb34643057443c70b342a9614e512dfadd650b97b2b32a96255d77624,0,World,0,World,False
57400,868404b4901a6ca5706f3a067520a30f5232829d647723bd2aea1b3fe5c6797d,3,Sci/Tech,0,World,True
57409,b541f1e7e379dd5ac8cd701aae0d6dcfeca6e9ef9454a664254336931ae0836c,1,Sports,1,Sports,False
57425,4753d6811a152fec473efc7670e0990405eac15b1a64687aad708de5cee1477b,1,Sports,1,Sports,False
57427,f74dd3f45047ea8953e35953ad8323de1e0399e611bf6f18a98b4c21447ed5d6,1,Sports,1,Sports,False
57437,d498729e75aae07e23bff90bf3c3d443d8737a44eaa520a2fedf58710f398b00,3,Sci/Tech,3,Sci/Tech,False
57443,1134d98a0755d3125cb6b56111781c148f2104d008c3af08a619ef961f1f88c0,3,Sci/Tech,3,Sci/Tech,False
57467,fa79219e982df3b1f615a0fc4372818bb33853f98ea05d80216beeb82a22a840,3,Sci/Tech,0,World,True
57471,5ca553e228981fe9f1c4aeaa1c93e8b5c584cecd339ae06522eaa31376fe5a41,3,Sci/Tech,0,World,True
57496,d7f4cd84a077de842b7c902ac4096db346d26969332fe190faafd3abf7952b6f,2,Business,2,Business,False
57510,4e59683ecebf63a68641bc9e6221a8223d082787c34789f1f0872096d4a7fa0d,2,Business,3,Sci/Tech,True
57513,a38fa1668c50dd8c026a0cdb47cf6ea49362cab1626414e7ee610aad89787227,2,Business,2,Business,False
57540,027a5b2b3bff80fadc711d7f98aeb6c50fd9bfb114399f2222e84eb81cd3b065,2,Business,3,Sci/Tech,True
57556,0e235ff11fc695c722295475b4069025907a711a217e64b259990832fdd1e0b2,2,Business,2,Business,False
57577,cf1eef9fa3edea3034f79273fb1ae1384b99666c1adb72f46898f7a7fdd1cd2a,1,Sports,2,Business,True
57588,a23ce0b8c3ca86af5b55b3405f676b473761fbb8216f4e7ea41590e3f2b70aba,1,Sports,1,Sports,False
57590,aca1ed4c56645ed27d5bdc402023fe10641b3e68f22f6c5569cf78bdb8c0e6f5,0,World,0,World,False
57591,b1c7a9b211474e1f449926eb62da85a7afa2954f2a8cc9826b5453b698053d8f,0,World,0,World,False
57601,a1f70a438c9e93cf4f0ad4e6e42753ceb1445c3eb3df022f981a5c4dfc04bf3b,3,Sci/Tech,3,Sci/Tech,False
57606,83bc26a78d811af2acad62f67fd979165d65bdeba71c0f399c2177fdfa20d6db,0,World,0,World,False
57608,7588de309c80201d6af778bcf9ab34604efa0b0dc622c7a0a919e4669e939b2f,0,World,0,World,False
57618,90bf818f1087e027f821179214989b9d46d4fd182b0eb85b9ff5f222af53edd8,2,Business,2,Business,False
57630,287457b67fadd0451e3929c72c77ed18daf05238ceeb724bab822c3c96994c3e,3,Sci/Tech,3,Sci/Tech,False
57632,274c9920e46aa8df579dda8a9d8d9bc1aeb33acdc62607a2efc8e930db916cd9,2,Business,2,Business,False
57636,4972eac8fa93ff1b977c2ca51c74992a880d6c95891a351141685ed5acd07a79,0,World,0,World,False
57644,97ab521b32b2d1006cdb69de7e8eda69e1f03eee97f7cb15e79b2add64197c2d,1,Sports,1,Sports,False
57649,ea68112748c64b8a1998ed411f8c2add3e936c96fc45ca299df5c7378103f090,0,World,0,World,False
57654,c88e942963d53def4aa35fd7f7cca83cdfd3653c13bdd2eb023fdb1fb3b1ead3,2,Business,3,Sci/Tech,True
57665,a05936a54f2d099c198d7bd4e53eeb91e51cc06037fa296df76f86d9c6f85209,2,Business,3,Sci/Tech,True
57683,5ed6c075882c06b78c98f94c66b2293bd1296a1e9ffe32a31b1291742a45abef,0,World,0,World,False
57689,7f7aa6dcee3088cc7ded04be937ab216ffecfd2ebdefb540d7d0ebd7e5309fe0,1,Sports,1,Sports,False
57696,11330c23d05cb61542b36713ce4d42a7f87e743ccd1e6017a370d10bea815ae4,2,Business,2,Business,False
57711,f6e03a9abdea3f2657bd2401dbecf0b2ebc2323a9e6412dc35b6bc18f7914f91,2,Business,2,Business,False
57714,78f42121d57255b42a5d2b124285e39a9e6c85ce56150d6be31a6b784b877fd3,3,Sci/Tech,3,Sci/Tech,False
57716,020cff45c8790cb6361e042b29827a4ed76066bd66535f2d7364e5642ba48943,1,Sports,2,Business,True
57720,15665e0848b8908c9bb91e10e8e3888615aff7f5d3075f4ec637ffce37d3a698,0,World,1,Sports,True
57726,ef56d136e0ee4e0cfe1f28f801e9871217ab7279ba27c1ee29191f9736fe95f4,2,Business,2,Business,False
57804,a8e78e79872d47543afc76eba687cd9199b931997662e4067abdfa5244e06d16,3,Sci/Tech,3,Sci/Tech,False
57820,1443d89ff4eb26e391e5353d07a64e140d24c348faf378dcfcd0c8737de1cb04,2,Business,2,Business,False
57822,c1095e6acc0f5f4fa26fc96179abd59eef8f3859bc2333352fec8d40b7a47c39,1,Sports,1,Sports,False
57826,0db1b59bb184371a5e940b4f3c797d723e80305a32e8ff705d3a80b93e1e18b4,0,World,1,Sports,True
57849,c4135259e609a213eaecb1ff1c92a515972aae18fec6f6e5e1b5dca8f9691485,1,Sports,1,Sports,False
57851,91d1562027ca5884df133f67983ad3019cad57ebd77253d4fc8c8e6efdebe3c9,0,World,0,World,False
57860,71b67d84ef3a43adbc21f065dc9c06a39f0373bf79ec8c4dde1a2daeef9c401f,2,Business,3,Sci/Tech,True
57868,85848a047b6cad033f43b5a2342ef5f473803bb370fc70d3a67723daefa59b32,1,Sports,1,Sports,False
57876,0dfb67c70c12f6b9e67bc4ca082ee5a11c1b902452d2b4e2c07c48b301e3ce4f,1,Sports,1,Sports,False
57892,9a2e85912a8353fec440e997a3717fd6e7e4714b9a6afff73db426a08701d3e8,2,Business,2,Business,False
57896,43bc9967b913b42f3fa2218465b3da3cec78df25209c0c489bebe055c40fd80c,3,Sci/Tech,3,Sci/Tech,False
57901,7324090cd684216052ef955ac2c4313bb08ec729c0f4f143dde5008a0ee7b3e0,2,Business,2,Business,False
57927,94c8e4b04cb31e11466342acd0f14d51dd019167e9a3cddbf12dde5ac045071e,1,Sports,2,Business,True
57931,befea15747c2af010a2cb539715a59d6cdcfb943d4672dee686b70ff763097c1,1,Sports,2,Business,True
57939,c3caba11a2a4514d8c4a3f66af8aa351948b57a4027e2f392f8fc1a159228853,2,Business,2,Business,False
57941,b7a88165f8de4ac8a7d8bc904bb6ae4cfb843bb8afb019118344260f3a1f0032,3,Sci/Tech,0,World,True
57948,a6bc9ea81a9f966a9a46d8af950d48659f7def33cc65ca8be36d13e4710cf400,0,World,0,World,False
57955,3b598c65b4636a6fbfd4dc49d89b0eb352781715900178e1dbc12a3841a3294e,0,World,1,Sports,True
57959,1ec775d4e08104dd045340e41d52fdc53c7bf3f81c3377dd39f64a4893c744f7,2,Business,2,Business,False
57965,3a6d95eece0ba2b0f9183edbd6d50f7ff753fb8a717d313772530130c943c7cc,2,Business,3,Sci/Tech,True
57979,e77b3af1e06bf6c250addd53c089e72fe81ba40f5502f5eb133fddff42a3f3bb,0,World,0,World,False
57982,b511790e6139150fa0e14cb64cebf8b70c49d6742f893520516ee598b41c5566,0,World,0,World,False
58027,642af36fe3ef96009a10e1717be6d9358e7d9dad5775c770c76f891334d3a2b8,0,World,0,World,False
58053,c549b1993cb3d27c54c6de92b808c2ac180fcab52c7b04935e533c40b59344b1,1,Sports,1,Sports,False
58058,cbc09bb9169ff4d90e2ddb7e3db6240ced22eca7946977df35b9e24b8190a354,2,Business,2,Business,False
58065,6489bb08da7ecb9f8bdf85ccc7fc33ccb86a086e3aa3593b81325e6250f45478,0,World,0,World,False
58079,7f627c14ee5c0d225a9c89caab0e272a704d7a1d0104b7df1507bc64e2abbdb8,0,World,0,World,False
58084,c358c4b52e2f24b2a63c7739578f0377d019a0a3578b03f1f1978aee9bd129a7,2,Business,2,Business,False
58086,ab0336848f7d7300df57e33d60fd811e5228304e311bc31f88482075a0827c4e,3,Sci/Tech,3,Sci/Tech,False
58113,9f02e628c7cd58ee8eea66b78d3ff9f7016ce3ac763efdc18d6ccdbc413f71d7,0,World,0,World,False
58114,8a413b8149f393866ca030f65a327672cfbb8acdd6c7ea4033496d83139799fa,2,Business,2,Business,False
58117,3cbcee550356d7fbea10a2548a95c70e76a1d9b9d951bf6d48410b00e9045333,3,Sci/Tech,3,Sci/Tech,False
58129,6f7d2addaa33caab7b62f04cc8260b65664e7b30fa89a88cdfa57d06e4acc6a5,2,Business,2,Business,False
58137,84f12d018d3b292e3baad5c1d804c97a951c244158d17c24b74758a905a1518d,1,Sports,1,Sports,False
58172,792b7a68047b59931cc2ad8a04a853aa78b7a69ad7cc3a686abe83ae770ba156,2,Business,3,Sci/Tech,True
58173,4ebb7e56efc2aa558b999c6496398d2299cd18bb70d4387b4e122e21b01b2c5a,2,Business,2,Business,False
58176,820f54b9a972859810c56da42c492f6fdb2071d6b73602fa29a755c3c2273eb6,2,Business,2,Business,False
58177,53e210d0269a33ce70d5d94d6a1aa8cbe47856a89505cbd94fa9539bd35caaf5,2,Business,2,Business,False
58190,761cbfcd1d700d6560774137dc3166c9dcdfbc296396039efc92b81c474acabf,1,Sports,1,Sports,False
58225,ad3272f8cefd07583baebd70c6e1304f82fee87b502d40960b0ad5bc58178b4b,2,Business,2,Business,False
58227,2c055973ed09e0a1fe03abfa7ee9ca5c9288331b3240b0e6589af18efb6616a6,2,Business,2,Business,False
58242,5603f3b9b0842a2a153c787b8fc9c9fc6a769633d7d3356d5b0d384e414c7222,2,Business,2,Business,False
58247,b4101f5b690128411d8a0b4cf54335363736792c6664b5bf750b53be64b089ef,2,Business,2,Business,False
58322,f5e585a555544d50f6f0df79935de0bdacadb9ba955134d6afa5f843517853c2,2,Business,2,Business,False
58348,c31b6afedc5d1abf06c4a24f5caed5e94126df74b5f58405e97559c8b012c349,0,World,0,World,False
58354,461fe3ed61f8f18dfeef9930be74ef4b20235ac7a543818f386f6923c1654a9c,2,Business,2,Business,False
58374,8545f381bf2100e0841638e8881f78c759d714e0d8d26a7f53a5c2322911fa1c,3,Sci/Tech,3,Sci/Tech,False
58384,4bea050cbca9a61b42b5dd6c04659ccb5b7f9a67528932629eba6711288d0b54,1,Sports,1,Sports,False
58405,fd7bff4d081c2120639753ea970704828e55ac84761d3ee29f96897c38809bd4,2,Business,2,Business,False
58421,e3e73e476ef975f65b636f4593c730429799c8d9a98d4c02aea6412abeb0b2c6,0,World,0,World,False
58470,d2c090609a3fc67087c674211d7fda5fb009eea05970b33ed61aaaeafe4381f2,0,World,0,World,False
58486,d0b7a5128a4aa1382805c69162c27658cff5cb06f83febedb52e07b34e6b18b3,3,Sci/Tech,3,Sci/Tech,False
58493,0f13d8ee83b627f756b9ac426c86eabac77eb705a0ffa07fc55446d2f682f375,3,Sci/Tech,3,Sci/Tech,False
58494,7a78d036992ccb4b582cc5384c575b3ec3322163cc2ee800111461a35c7f26b1,3,Sci/Tech,3,Sci/Tech,False
58528,58e5f2a1137fee7515eac27808750f5daa488dba2e45b34d8a1d4602706681f9,3,Sci/Tech,3,Sci/Tech,False
58531,8d73d578372015c37840c39335486e738265e727a0256fa64b7363ba3b3d4300,3,Sci/Tech,3,Sci/Tech,False
58543,f21c7367ff72b23320593549a110301e88c1c08b36745d8da5fec4cf07133a13,3,Sci/Tech,3,Sci/Tech,False
58558,a06c94dde4448cca85e45154001cf5efeae8179a2dc83f061a11252b88a87968,3,Sci/Tech,0,World,True
58560,da2b6f03f93543c1e34049bdf1867169916c210f3a3f1510b58893a235d3cbb4,2,Business,2,Business,False
58567,d5d80e208558f4977b09277634733716a1aa6fbf1ff9c4a53ba29d7310b4248b,1,Sports,1,Sports,False
58581,4ed44234b740c019fb1fc39456fb8b7239ac6911f8d2546dcb0efcd406259de0,0,World,1,Sports,True
58587,65d6941ee21084ea25c81ddb7cb987b6d1d37501de337ce82f0256a5c6ea32d3,2,Business,2,Business,False
58610,dddf1ac897237ac38806d2a13d93bcdd94af2ebebb2810f2bfa5596179b9b899,0,World,0,World,False
58621,872655694bcbc76687eef47aa8c8ff6e38d9f3436e3fc82bc5b750df3accefd3,3,Sci/Tech,3,Sci/Tech,False
58643,987578e29989ab81d36833bacf81514aef5475ba5b8d18cded83282925269239,2,Business,2,Business,False
58651,7c5170f5eec46b773f6f434956a3dcf28c5039ea826f26f54f55b592ad6a6213,2,Business,2,Business,False
58657,45e6d5c8470e879f782d2055913c3d4a40e67703c62c3d654e6c48b9d812e36f,3,Sci/Tech,3,Sci/Tech,False
58671,6660b23e540cc0fe0b052eb17485ef56ec41747a829e1b10405fbf181e2faf2f,1,Sports,1,Sports,False
58673,5659eff5b93645ec48324863ae872ee48c79ceafbb35f7a9d13fde5d25dc8430,1,Sports,1,Sports,False
58678,03a7551cc196f2d3c4598ffb92f1cde4cb62424e2f218e9f8e313913ce7a908f,0,World,1,Sports,True
58691,31d8c7ae5e83e67fb49dcfb803f485092f6dc19056d5b1a0e13b43cc3e40a8fd,3,Sci/Tech,0,World,True
58698,d63cc35b5db8c8828ec900e3c2b87706fff69e2f008eecf500ad29bc35951d55,2,Business,2,Business,False
58706,2fd38529b3cc7dfc9ecb54061f24efc90e03ca7e629952a60f9a75629db6637a,0,World,0,World,False
58708,e000251cc98c71018609d92c724b08dbc53eddb72445c990907fda1dd198a362,3,Sci/Tech,3,Sci/Tech,False
58756,40f3e54e4eb25de93c1ab5939ac39d5d3a1f18fc7d273a399495acae6dd99646,2,Business,2,Business,False
58760,6def093775990c77c699b5e543caaf6a0e8b78c11c0b9a3785401741bb59ca80,0,World,1,Sports,True
58761,8fee2635ca79938a7ffa744115556b7cc041913b0f2c371cfb5b12a3b3ecafa7,0,World,0,World,False
58766,1be7e71e48833a20213d3ba976cd572cb3e86fdc9e90e2c93b43e05a7e819c3b,3,Sci/Tech,3,Sci/Tech,False
58768,f95ab39947967a1b7b2f10205bb2b00c6938b27a042b3d5003d6478e31d483b6,3,Sci/Tech,3,Sci/Tech,False
58775,d7a436ff8c249c7f9d8d401847018748290de41529229a742e0b47e9c77a704e,3,Sci/Tech,0,World,True
58794,ef20da5a0d45d1d4835ce9a723039f3ff57843c5871d942742cca905b4a54f1e,3,Sci/Tech,3,Sci/Tech,False
58809,92544b6d09c2655310e0a3c1cc8e9f7f540e19e3f64f058a655907a1d7400995,2,Business,2,Business,False
58829,454e0a70526b266fe5e54dd786f52fb6cedda6f0a7d66186fd5855652bae2242,3,Sci/Tech,0,World,True
58842,427baf543e0424d5095d798c557502f7d701a235fb372eb35dbaa018ea09fb28,3,Sci/Tech,3,Sci/Tech,False
58856,ca754c0856544ee5739c33cca5f3d0b797ca640f9879169a77a73c7b9f2cd88d,2,Business,2,Business,False
58866,7d1bd21b8475decb5e9a965856ee16479dac94bfd73b5dfdae33b6513e5974e6,2,Business,2,Business,False
58869,a5bf39186a9dcd3e6d2a85f73cbe26a105e6921c028f5c74cb8fe2f9ea0c269b,2,Business,2,Business,False
58882,ecbd5bd7aa3cfc1f24a76da5920a451b36057543a5a1360946d0ae95fb2272ff,1,Sports,2,Business,True
58883,dc6bef5538b19cfe12f9daa27dab20f83526b47c8bcaf66f2362609526f2fd46,1,Sports,1,Sports,False
58904,b4a1bd9eff73f2c700889a022a6c0d0c822398e9f297ea9fb554001bb92b9952,0,World,0,World,False
58908,a7221842bb97c7a0990a13b9fe984221a661bc330f6326f8698c2d9b1a0739e3,0,World,0,World,False
58909,c4889de781b94ae8485dac825e3ec7bae438d745ac272ef30d6ba60e59380006,1,Sports,2,Business,True
58930,94f704c1359fab0479b4db80dfb49f3d3e3340d2ef1a9bc3a33acb485fc092f7,3,Sci/Tech,3,Sci/Tech,False
58935,7cf54369f0ed01e58abe22ad1bdfe1108b8ece6953f3825f11b1fc6497923e0a,0,World,0,World,False
58938,244e507815910b7db0206f0833c7ae381cd81084fb598958fd13fdb75db01f79,3,Sci/Tech,3,Sci/Tech,False
58954,e43c445cf42ca16d914f1e370854dbb2b31029413c9334e177cd1502c0458055,1,Sports,1,Sports,False
58989,034ef0fe072d4aac1259daec8ee39c2195fc9f5e9745abf50d5b216757f02015,2,Business,2,Business,False
58993,2017637a972cc25430d0a94537c4323e0ef0d4e44a15eba32f70f95f5950797b,0,World,0,World,False
58999,8b4019c6b746981dad0337df69b0b1059501ece1baf63a9238a2045d7b6ac4c3,2,Business,2,Business,False
59036,b88fbca01b936608ef77baac1b91c4dd37c66fc21ced944da06e5ac3e9389d9e,0,World,0,World,False
59048,56ab49708007b5cbb003ddb8b51ee2b6751b768c1c9d2459e5a14d8f176fbb46,1,Sports,1,Sports,False
59061,0ab90aeccd258150670993fd93fb9fe6b4d0378356c368159a3e33232a8fe24d,2,Business,2,Business,False
59101,56f83cd70591208896b938a9213782c5952c9f6e814bb663f88ed33d2a2d22d4,3,Sci/Tech,3,Sci/Tech,False
59113,aa515a08d7d9ff1e64bc72a4ed5dd838fa2b47f223446a014bd268a4ae0eaf9d,1,Sports,1,Sports,False
59134,87bbbbdd186acc02513671397cc83f6aa19f3985d3fb2b6e5c07e58c75b9953e,0,World,0,World,False
59146,a23b6e1144311f25ab0ca23a1f9be08b110748b722477d42055c42a6aa8c9c6c,3,Sci/Tech,0,World,True
59168,2f78e762ba49a52f14390f66df5ea383d7acce7566acc1835f90f6c23772630c,2,Business,3,Sci/Tech,True
59177,434ae7d7065b978c693c24c277c4a7025979186d7d522c0681087da30092b8a6,3,Sci/Tech,3,Sci/Tech,False
59199,aea24e2e3da351ff14c4c8958a97fa0bf5f098101ac8726ce7273f1687a002d1,3,Sci/Tech,0,World,True
59203,18da96bed7a4400e22962a55673567cb6a65e2eec647b54f579a380c19898e9e,3,Sci/Tech,3,Sci/Tech,False
59309,1c8f3fc00197bd5bc855027599fde5d70632872fcffd209b41ffc12712f8bc68,0,World,0,World,False
59317,f6ab746240a4f9167a4c9cfa4981bb92abff51fc814b29d9f3256361d2eb9943,3,Sci/Tech,0,World,True
59319,840d9be3954dcfa261a17c8363e802b26c09044bf929b10a0b6e02dcffc9614e,3,Sci/Tech,3,Sci/Tech,False
59329,9e8ee0c6f7c282338818b2fe13760adef9d496d42e53f5e5352e4b50c7ad8464,3,Sci/Tech,3,Sci/Tech,False
59334,67cab325ecacf25a9b7d50663f7cd1810f5b2c50ecb243ac65e30650fb9f5506,2,Business,2,Business,False
59357,7044cbcb0016cf28457db9f406cc5721b8b33b0aeb4f596e227a87dbab0fd89e,1,Sports,1,Sports,False
59381,59e54aefce486869d44e83c7c8a8a8a2d0f5920cf22809809a559628e213ca31,2,Business,2,Business,False
59388,785fb7a21ee21e63d54231b28fe50e73deb99054f419acee835d181e41281afa,2,Business,2,Business,False
59394,426989ce0b2dd665c6b2e1322ea7f63785b4d5a3879241449c02d839bd2c54bd,0,World,0,World,False
59395,6cd294a3e5ec679872bce6dd0a0f1170bd23aeb8df086ec732e93f8325aa828e,0,World,0,World,False
59400,165f725c3e5a25e6126ea5f6c1aef1326728aed1e02ee5a8d33296cea711bb42,3,Sci/Tech,3,Sci/Tech,False
59414,35a08568b90710d03074c7864c98493d14cbbeac6d480812b6de4b67ae82e7d4,2,Business,3,Sci/Tech,True
59417,cb169dc450278f4a73bf12baebb11f064c693043e2ca8ea3e3e4b2333b977780,3,Sci/Tech,3,Sci/Tech,False
59424,af8c7f8f341423bf9a99812cf99fdee417a07e51146aa102899477f4a39ccd9d,3,Sci/Tech,3,Sci/Tech,False
59427,4eb95ece4b0934b4ce204692db977a924916b8bf76e7523032a6ba4499d613e1,1,Sports,1,Sports,False
59434,2b660164e164bf21c0504d5e3d3bfa166ceeba5cc96f4b820d2655c015ca1652,3,Sci/Tech,3,Sci/Tech,False
59453,0701cf5f74ba7f5148f6712e4320bda751806dff837839618286792a63d8a493,0,World,0,World,False
59469,c76f5b44511c66cd6be92c31b9d35bfa8fe4770873f520770441e18e1d777109,1,Sports,1,Sports,False
59474,1050895b4f2ed6ea2f2a59c8ba584478ffe1bc050ce97cdd26fdf896e850550a,3,Sci/Tech,3,Sci/Tech,False
59481,b58326d4e5676a8fdd4d0b150cb2a0df7dc5d0c58ada3dafff096289ef61eebc,2,Business,2,Business,False
59482,2e16b6d695f22ddfdfc10e4266f27d34a18cafbaded0dc29def40558a6a8e25e,3,Sci/Tech,3,Sci/Tech,False
59487,999357da4601e82f331050d35209b031cc2850dd12cac89aaa25793a4a3cbe11,0,World,1,Sports,True
59493,f4437b5d8dbd22593fa5e91b1e43bd72d0426388ba4f68b47cd0ef2e37fa612f,3,Sci/Tech,3,Sci/Tech,False
59498,b7c3c57a871573cf4baabca95dc9b61a5e3afac23ea1029b687ff674207dc430,2,Business,2,Business,False
59502,639e3858a7a0f77fc93bea0a9310661d106d3ab50a9c490b0ffdb15d9e8d3cae,3,Sci/Tech,0,World,True
59518,e391584a95f7067fd737332fbd067a8d909b0b592e85f5b768ebe06574217109,0,World,0,World,False
59519,44173c8ae79c431e3638d251461b2e64b97da9654a9a6fdf68fd984e63a3e9d5,0,World,0,World,False
59532,4064012a5c04b613658c2873cbf1cd41aa482d8c6638680d4d6e762eae088382,3,Sci/Tech,3,Sci/Tech,False
59538,45e2fba770857736bb8c446d6a83c6b012c797073138f069eb0f460bf6effc7a,2,Business,2,Business,False
59551,d73057aecd5d779df7a80a94dc5d66a1d2a2eba57e57e13223f60ca0a5874e2b,0,World,0,World,False
59560,65d1a88c8710f7e6cde3a565a9978d9297ff3f923e1f02b420b1b8a1a4394f86,2,Business,2,Business,False
59565,905c15a2d1313b8153e8b9cb31aa910024117414bc1935a782f3a597f19d1be7,3,Sci/Tech,3,Sci/Tech,False
59573,2265aa1eccf9b88aa2a606fb91e02c0a9969496ae3d8f41dcf1d1be0eb9f79ca,3,Sci/Tech,3,Sci/Tech,False
59574,4b290ebce9344773c96c075d05be1e46e7344b312fa1d24614040a2b211e7518,3,Sci/Tech,3,Sci/Tech,False
59576,27a026260b688212dc431f3c8de41ce437ee8a4dbff6aef047b7f60726144236,0,World,1,Sports,True
59587,ccae5d38dd48347bc441870c059d5342758cf85d58eeedd569dbdb5d20249385,2,Business,2,Business,False
59610,3cdf021917eaa369f279e8e78312e870f560c04ecae0c20b19338a4a9b478d52,1,Sports,1,Sports,False
59612,34102cee933f564c214558057ac92d62c27304d54d10a3d8265b0892400724dd,0,World,1,Sports,True
59620,1f51078d31d7e541709a68ca1f8107f78c5777a4c972c20ea73dd459e3b2dad3,2,Business,2,Business,False
59621,74b6f0d88d25cc31bafe48ed46eb2c55422b90a3fd9cfdde1fe0663bb17ca845,1,Sports,1,Sports,False
59622,15b652d4ca843ed721fdb07a5d50df855b33cdfb04af02bd6fb6e2d8c876f1c9,1,Sports,2,Business,True
59637,d2f2b0a2be32fd84c44a40ce4bb90bbcf8f601efbd72ae4e52e5b5bf82e50e94,1,Sports,1,Sports,False
59640,478b79a708412471779dc4ee5d209cbcc286e4f8c1ced8cf7c138a0da930259f,2,Business,2,Business,False
59678,05d1829b1cfb968d212ef38533c3df19c03ccf2a913b2e5b149d97febb601404,2,Business,2,Business,False
59701,2966d64b1db73b84f7a34b233d3a483cc013b046ab490690d9faec035ce98569,2,Business,2,Business,False
59711,58893035f55dc531244aa650be5e385737b4a4d119a15f1e5d6c6530ee85fdcd,3,Sci/Tech,3,Sci/Tech,False
59715,4fb8a8db78539e481b6c1cb09dce0d1f4db5a4aee11150957cd9c00bba49ddb4,1,Sports,2,Business,True
59720,623b03f35ec624fced55394221005f01d29ede373e91a003f5c2155480c0d81a,0,World,0,World,False
59722,aa065b03e41026c3ce5e1a180e0ef1935bce79e7311fbb6152c9ab245ccaf666,2,Business,2,Business,False
59729,2f83ccdbb352d6e228cec3d4a69c5e9fbfaf92003deef920c5e90957a54964e2,3,Sci/Tech,3,Sci/Tech,False
59732,83b7e36de2f5451a6003291c5ee5b4db72544bb89d89dbda4e7248e77d840606,3,Sci/Tech,0,World,True
59740,72f49b8699f3d1a19ef04ef58891ce33060d02d5d8bf7da5dfccd8f317cb3fb8,3,Sci/Tech,3,Sci/Tech,False
59796,1584d61dca149c621ba948e93ebf5c38e51dbb3744abc9505bc6d73df14608f0,3,Sci/Tech,3,Sci/Tech,False
59807,94e9290403d4e7ddef69b6d9db23da4e570fa0e3fac4291fcd9e8e47e42c7042,2,Business,2,Business,False
59815,09dc1caaa172077f2e60fcc3566dd0a9167b78fd5911a5d963d1a8a0f60a6a35,3,Sci/Tech,3,Sci/Tech,False
59822,81d12bc6a787684eab1cf2dcaccd2b123f898d8364d9d72666e8015ad3ee3ce3,1,Sports,1,Sports,False
59842,77a6740a1f431353fc6cd1b5400475266aba2530585a3d43a9919c1d7e038742,2,Business,2,Business,False
59864,ec94550cdc0bf43feafe6cae143cb7dd83a379efa4205c1b28d3ec1fecbabdbb,3,Sci/Tech,3,Sci/Tech,False
59869,96275e2a3ff36161a9ed1865fd3a9220b8fd724f4dde94b76032685117e211f4,0,World,1,Sports,True
59871,3bf6772560b2947d4e0806e4d40bd764a96f8b03b646487cb181a218b78ec47c,2,Business,2,Business,False
59884,e3b3980f65190a1c297a037b2c54e4a862eabea604be78e108753a1239699ae6,0,World,0,World,False
59889,336bbf10d6b4d3c9e35e15fd172aa30fcc2307ece595ccf90501d636f3e8d3b3,2,Business,2,Business,False
59895,0ff60a99a0648d7c3ebf07b858756cea8cd53c4ed4597bec2ce147a40ffbac3d,3,Sci/Tech,3,Sci/Tech,False
59899,b3d4003e4e306d22701b64c6bb45cddd7ffa6a42f360e742d64743b3864907e8,0,World,1,Sports,True
59915,c50a45adb6eae7f0056c3c99be73a9598f815ed5f1fe952e2561060980d02df8,2,Business,2,Business,False
59923,970aa6312a5cb04481a5b90b4d8dda74ef58781ce1623638adf637c64cb4a021,2,Business,3,Sci/Tech,True
59965,112f92e6bbcf7e60380b94d6fc1fe9cab132b4fb5ae5395998c7e08883275ba0,1,Sports,1,Sports,False
59980,86ab69abd70c7ce44e3aa33fd1c66d9b32dc2b9bc64d350bd87a7111cde905ef,1,Sports,1,Sports,False
59997,c1bc76403208c86e835d89d7c33941f311254636e0ea377d6911d99fc04b1cd3,3,Sci/Tech,3,Sci/Tech,False
60026,d729b2dcd8acf705df56eb5ca10b72c77f82c3adcc073d47ae51972e7759952c,2,Business,2,Business,False
60036,b35e248ed15271e9793614e4a407692153f7ab3b7729ee0dd603dc85999944a6,2,Business,2,Business,False
60041,ee1d82fd846e4f27191b6e50eb1188cbde134ed8c2f0be0c3424fd6bc8bda256,2,Business,3,Sci/Tech,True
60044,b939c57dc1d6f154af694a61b7a821500c2fa7bfa2f8eb950c540218714a5943,0,World,0,World,False
60071,19bd20592b2fd290f0b9cb371aba3b24d2521f6c145b6361f753ed127b3f62d1,2,Business,2,Business,False
60074,becea66210e4fc7343e4d3bb78d25772b826c44081a711a5e3d5357b2a5342ee,1,Sports,2,Business,True
60122,228e59c0289f6c501865c9e6c579969c00582f3734e60e5879d58dc511f5a508,0,World,0,World,False
60123,8e4e2d7cf656ae29a98d26c63cb583bc3c7a9cfe63b96670d1c91579a863a7fa,0,World,1,Sports,True
60130,43ab2ca07aabcd8e41b3c82e9e20044f17b6e490824ddba9c0bbebb9d360e1a1,2,Business,2,Business,False
60135,d5011fefb90fc19ee41d9a2c9dd28fc1d045ad847597fcd9f392c1be1bad344a,0,World,0,World,False
60158,e2f85bfc71f3956dbd89f18d0b2bda29ad6ade181b8aa98f70a23bc436009278,3,Sci/Tech,0,World,True
60173,21a7f8ed57d53c76b833714cb4132f710f96ceffa2887a67afaf3e209861dffe,2,Business,2,Business,False
60206,f35a11c5425707d2bb0c46bd9c1aa4ca469dccd97571b0f24bfa1d69b18f9120,2,Business,2,Business,False
60212,7519da2d96782798e64f1ba629a50da196a4634acdb4d4492296ffea658b4951,2,Business,2,Business,False
60213,2d104d0da14e4d26844347bb1bc145ef814c7c48714f8f06a63aa7c95c5b375a,0,World,0,World,False
60214,21343460ee4715a82484fd6d1a144e542983c8c4bab95859fa52e5dc6afc5b17,2,Business,2,Business,False
60257,2a487f1b02a5a26f509bc7654fe2d5a05785c86836104079c01a50a0c36eb567,1,Sports,1,Sports,False
60273,5f174ac616949b88f92c658e17c4f57ab8e2a0c567864f3e37c6d2af89047ba6,1,Sports,1,Sports,False
60280,ff2433962c458e1f035ff46b9410a50428494000ebe3d915c08ead99d1681725,1,Sports,1,Sports,False
60289,4e8bb3006792548c2782b9b858764d9836586357b168d7ebe83a2927e574571e,1,Sports,1,Sports,False
60290,8e6c4e542bfff1702dddd512d55b8eb15c33670850268acd26e19a28e7ccee5b,1,Sports,2,Business,True
60291,f5abf88c50c7c2deda2c0952a901e780b659eb241e3720d52f0e60654c5c80df,1,Sports,2,Business,True
60299,87e28c2872e9499e5275c9515c9de7e3cf491e71b838df9eb107e755d38e2a6f,3,Sci/Tech,3,Sci/Tech,False
60309,20945de0464da946ece123552f07b4200899d3db84a20f602b8bfada2763dfb6,2,Business,3,Sci/Tech,True
60311,a213bb316c3d898820ba1785610657b46b8c1606d963143997ebbf4b820b40c6,2,Business,3,Sci/Tech,True
60318,69976ff96d45eee65d001d81c876b69e3be89aa0f4a0b548ff695e9bef7841f9,3,Sci/Tech,3,Sci/Tech,False
60333,45f34fca966c176a002945b878e4c202ff476d3cc9746c78a19881dd7a6c2684,3,Sci/Tech,3,Sci/Tech,False
60334,b9dc031b2219c04dce90de630996f037eadacc8a2c31148b42d5537c3b2e3bf8,3,Sci/Tech,3,Sci/Tech,False
60351,b99bceb94e7597d4a07388ad58665fd77e64fb690f589eb2f63140f408c32ed3,2,Business,2,Business,False
60387,d7c4f017f1bdff88f7004c3a6abcf765736bccca8878f26c0354d025c73e4bdf,0,World,0,World,False
60397,481456a397a59522b409b7c8446767e1b713cdf55a889e26074b636e6891e329,0,World,1,Sports,True
60399,70dc12df565c976ec31ffd3721034f1d1e19b6d3c6a555350cb22a59b0200d1e,2,Business,2,Business,False
60413,8c70b7a378699d35a579f80b223589c0b1afc9aa5bb6d8515fea6c51671081a9,3,Sci/Tech,3,Sci/Tech,False
60414,f26348610720ee1f03002cb56494fe534013315458c124b44b255cfda79b2f4b,1,Sports,1,Sports,False
60415,84da983415297cbfa8fa976d2b90b79cd643cfbda93f4c520ec2630c147d8275,1,Sports,2,Business,True
60430,a4b28d7ee49b559d430e31f88b85ea4886c3dcddca29cf42e2a9eb7d52922238,2,Business,2,Business,False
60437,b86f7fd10ae33225681d8a3f66b9ef90f52f4e8be392f4fe7d3d928798ae552c,0,World,0,World,False
60446,23565cdc2abec0f6b3d7c1aa0fdcab72342a27ae53f289cbbb00358bb8c6b3c7,3,Sci/Tech,3,Sci/Tech,False
60483,30f02d74479266d68e68d77be40060e1ce86dc3d574de3b917fe9fa4bb6f96a3,3,Sci/Tech,3,Sci/Tech,False
60488,61505f2f2803e46ee3f238b0235aaa89eb386b78e5b7241cc6ac6a1022a80db9,3,Sci/Tech,3,Sci/Tech,False
60490,f3bb72755c2d813bf13134c90f32a075ffef51947caad1e62030819cc2aceabe,3,Sci/Tech,3,Sci/Tech,False
60491,7fe3a0204894b7976a07b87bf68949b19302635e035ff0c7cd816eb1e0a88f2c,0,World,0,World,False
60498,907589252ff9457eb1f864cf3e5d80b48e5329d2f4b63609c9b31c1244427a99,3,Sci/Tech,3,Sci/Tech,False
60534,f5c9117cfc9c114f30a262ff85b4dbe7d7228bedcd98d9c38b288b7a3339f642,3,Sci/Tech,3,Sci/Tech,False
60593,caad213aae5b623b91c4a328a573b1d8cbb72cefb3f4edf455bd629a81d5c8d2,1,Sports,1,Sports,False
60602,727829e8d0d48917f0035f0943c4e4bcc1bfececd04855a78bffa5d150a8adb0,0,World,0,World,False
60603,bf3ab6a74b6e51314d2b69f58760d30479c6e6d2c98ce95705f65da4aa4b900f,2,Business,2,Business,False
60624,633dff4a9e2df4a2b252c21c78ffb770aaad30c94379cbe8d526bce980ec8a88,0,World,0,World,False
60658,a261afd13efb4210bce0a031626fe39e7ca04e39fa7d820cdb746ce3e501b583,3,Sci/Tech,3,Sci/Tech,False
60683,216d20effb12c9afcd886a628315918c611dd1ff6f2a5cf95d9e71d91263e633,0,World,0,World,False
60692,8bfb34d0f5683abf136a99eac5cb2bce25b348d093ce67b4053fc23373e53362,3,Sci/Tech,0,World,True
60708,8a3a6ff533e3bbb06e8e68343742d608c1dac1e92bf638e0a9de0e738b6269e2,1,Sports,1,Sports,False
60711,7baa2f0d9c39bea3c169ae92c7f5f99e21c9090dacb1fb72ccd2604d2360b45c,3,Sci/Tech,0,World,True
60713,b774815ef7dcc6a3ae3324166020e0503527707bdd15f107bae585538272e683,3,Sci/Tech,3,Sci/Tech,False
60715,79a7fdb0a8dfbebd0d32dc582f4e58ca2b11bcae98d57e5c65bed32a905064af,2,Business,2,Business,False
60739,7cf92ba793e9f7570b368f21c26bdfdf356ca47092782203782c102944aebced,1,Sports,1,Sports,False
60748,c6041924555c81ed2c3817ed706727d9123e79983855002b975477e3f8be6aba,2,Business,2,Business,False
60760,13027f9db316e49e89d720f223ed8e7f3ba4465c475af84f8791e2640b6aabfa,0,World,0,World,False
60771,84dbfc825b4158b38c3406355b3ca0c56aff9d7d1a51188cc74d7c57eb665f09,0,World,0,World,False
60774,88f095c41d7342c9fae4cea49bde8ac19d442d8eade14aefaec14d7731fb375e,3,Sci/Tech,3,Sci/Tech,False
60785,779e0afe55152845f60175b45b5168d48fa9fc60448bd488c0b8cec32673a356,2,Business,2,Business,False
60799,af4e024bf1eafe2f7a5aa3e576e5addd488ca3e62e42edbad9e783776be1b016,1,Sports,1,Sports,False
60803,c30ccbca99e1be92c61b849dbd5b49b26eb4b64e8c9d6b646c4d402fb0e37f98,1,Sports,1,Sports,False
60816,69240ed03fe5c1ddf434311cee0bc43237d8fc6707d942ac3288565efe41712f,3,Sci/Tech,3,Sci/Tech,False
60820,1cb3106f52dc1de7d3d6085cd88cdc0839dbc7a1b294a4d47c61a7ca993a418c,2,Business,2,Business,False
60829,08ff14ab48ac6616ddd3c076d116de0cd1939c426846ca135b664ddc828a248b,1,Sports,2,Business,True
60837,834723afb906196c6e2c6cf28a62497e747c4a3cb37d5bbd85ffda48d2c35fb3,3,Sci/Tech,3,Sci/Tech,False
60840,2130286b63aefbf92cb1a045163931598731ca14cb0766d7e6b6b8ef5b19d5ad,3,Sci/Tech,3,Sci/Tech,False
60883,250669032fe03aaf3bdaeaef3d4b689ad0964dd76170fed44598fe09815931c9,3,Sci/Tech,0,World,True
60885,828f20be58db3982c13a0bb03e8e089c7c208828956a6272531d77ffc0e22d8f,0,World,1,Sports,True
60886,7a84da14489e558da1de8fce1aa668f09d10f0eb889e0d624a3080d33eae76eb,0,World,0,World,False
60887,b41a42158a50611e6a6edfbe232bebb6e9123050a57ae4d478e71b322d78c5e1,0,World,0,World,False
60904,5a95a6da0f17eade66d892d7f647e7dde2b30adc8560fd78e723a8dec3660644,2,Business,2,Business,False
60918,30137bd3993446c0e0caac53ad24bf27248937b8166c7ad7f68cdd1b9d767d57,3,Sci/Tech,3,Sci/Tech,False
60940,f1f876ec8757c6723337b4c7f39eb35a3b735e2a20ad0262ac5e0970d4d163c9,1,Sports,1,Sports,False
60950,5508b98699a30262a2e94544e633f549b4b53f825dc4ef2aeb11632d1f3780a9,2,Business,2,Business,False
60952,56b251078f89772d0b4cb1b0742b512b5a9ce73dc38b458ad09c554817a8972f,2,Business,3,Sci/Tech,True
60958,448423e2d25d16d65b51492e4505ffc5144bf8a74c5f31936c66cf857bc9d879,2,Business,2,Business,False
60965,efdcb91e8034c6092882802a01c932efb1cf53f0146ecb11984ae327e14b6078,1,Sports,1,Sports,False
60969,e7aad58f716a76242d4e89741ffad7a76ef4c0171fcb9489b5843db14c9c4cc1,1,Sports,1,Sports,False
60988,3c1c8f154e89d6883aa25baf451c934e41fc57f0f58f26907285f1fe510a8fe5,2,Business,2,Business,False
60989,6feba141f3e69839ec03214a9246d14a1562a0c85fedfc9f491995aae967faac,0,World,1,Sports,True
61008,3a79feda3e9a5672db808780d1de9c56404f44cd67fb09ae5ee85a3f318d93bc,2,Business,2,Business,False
61043,ad8e2238e524e87603c6667bb97668f365ba1a5afb691997f8196afe0d403b03,0,World,0,World,False
61044,f1feea3a002bfdc523afac89470556efbcb23f5b0763fe6221ca4be7f919f06c,0,World,0,World,False
61055,c8a3e62a21a6338c5f142ba11729ea0d95dd16611e617bb08d0586f1c3dd20c0,1,Sports,1,Sports,False
61087,fc0ee8b2cc1f5a292ebb43528535c9bf30eaae59d32d2189304a9021cde01b62,0,World,0,World,False
61101,787f5122f0f3bf4656840fec74b85b3d9f22b36ff783b12045333a2720b07323,2,Business,3,Sci/Tech,True
61102,4a83a30a6a47111902e233f15699e78363af8d82e2b6d15cbef8d0f8968c062e,2,Business,2,Business,False
61108,07d4d05c9c1f48b4ce78fcb94b88d59ddb2e91bf1c9862fc66239ad998ac5dd7,3,Sci/Tech,3,Sci/Tech,False
61135,ab4258871e30ef806e5f8bb70fc0fe9587839e87d7da913e236e8c14acb16763,3,Sci/Tech,0,World,True
61137,a64d790de211a1580e477d09dbf2530de3b663917b50382dfaf868d1244d4197,1,Sports,2,Business,True
61139,552e71a0f98634e5c65825e20094f149fad0b8b3d11d028cc96db428c5dff578,2,Business,2,Business,False
61163,c84e5b8b645ba1d8e9922acd20d2d5b0c4673a661735e95a9d28f34bb90f25de,3,Sci/Tech,0,World,True
61168,d62057618fa222d757897eb4cb05db545cd90a2cf6fc67f8903a74645cf01c6d,0,World,0,World,False
61184,cb00504e628e6f828493ec475cbe6e238c932883ac1c345ce0ee384ff98d2942,3,Sci/Tech,3,Sci/Tech,False
61190,385c03bb236da480ae4a7b51b39c4f0548d9bae2d03b5b8c26cbddae2c708cc3,1,Sports,2,Business,True
61209,65f0adb8be76768118abfbd6fff95aefdf45648fe236f9bd5e52402cd300af46,1,Sports,2,Business,True
61221,0d3b938c4127c9540fdded030e50eb98e4abc637ca57b0204b7783ad58abd42e,3,Sci/Tech,0,World,True
61239,4a6ba67f08d44f29b90297dc33c731f1bab4970c4d463ab3dc11666215cf5834,2,Business,2,Business,False
61253,91915843086b19b80f91287340fc701bd974cd1313faa258cba8b5a5b0642d5a,0,World,1,Sports,True
61259,385783f43f3c29a2f716ea0c57ffc861e1d19e8f41160fa54bc4d4525d3c42ff,2,Business,2,Business,False
61266,e9e8b56d8a82e0796d3cfb8f3a084f444e99e064f05a38b636a7ec3dc4bc99bf,1,Sports,1,Sports,False
61274,60098cf64fe2539f9bb8ddc32c5a7c5577a5c461e17a2515b071c09d97515de7,2,Business,2,Business,False
61290,689f582e7073a07f5bb9dfb89b82a408a25d680fcc3bd0df7264c597d70bd4f1,1,Sports,1,Sports,False
61296,999b7dd9ab51546884f83142f3c723203de6a11dcd2a1cc8b5e4cce9640baa30,2,Business,2,Business,False
61301,a775f6aa77ff2c6ea062babc4fad55c9f745b684044515f893aa6e9a76d32d33,1,Sports,2,Business,True
61304,a5164ca8437e5a905e09d548a9e494dd90b6bf4801637ba51c75d1e23561295f,1,Sports,1,Sports,False
61305,8a54d1f50540131f5ab8a897b7f8187f1767fb01eacffc833f913a12fc02bcdc,2,Business,3,Sci/Tech,True
61320,2afc23729a4d56e9bceb5d920b67a539dedbc0596ade2cc7ea2c4a51fed04275,0,World,0,World,False
61324,111741994d1f65e9a2b2965d7618b2fb64281c44479141271fc50a3c58d3ddc1,3,Sci/Tech,3,Sci/Tech,False
61341,b44c330835adf4d558835f80a43bc7589ea4f8211eaaf41af6bb566bb28a2b80,3,Sci/Tech,0,World,True
61344,c9ea4d7d1a068d4d664bebd6d397b045af8189d66cd20f38b931705b441c6b86,0,World,0,World,False
61370,66064710c039e471d775fc6f0348469de96e38f1afea5c566ff9d61ef61993bf,3,Sci/Tech,3,Sci/Tech,False
61392,453882e8989fb39ca2b3507772c1b6e268161fa28d15627dc647bf0f156f3a13,0,World,0,World,False
61394,229a32265f281ced9a1b0cbe238b53532d94b85b8d8db4fc87181da0e9b92138,0,World,0,World,False
61398,3350fc0e30698462ff06f052428b214a56357726e5555942b66d9ad292610db8,3,Sci/Tech,3,Sci/Tech,False
61414,0b062623cfbae11c6b0d27df449924eef649aac67f3850676a31a7e96c5b7279,2,Business,2,Business,False
61437,2d481118c0d623b0a3bee2105c042e5418fae632185e7390b22d287f34eedb98,2,Business,2,Business,False
61464,73aaabe29fa317437c162995d0edae8bc15dc0a2eec9cff16be5411eca60b8eb,2,Business,3,Sci/Tech,True
61483,5dfac07a30b255de9e0ebead7248081e70f9f7e213f41496f7bd38fa089cc39e,2,Business,2,Business,False
61484,e31ef5214cf70c75c5255187731a67e005af64d7cbd8a855575b14a6eb6e6553,2,Business,3,Sci/Tech,True
61485,d86d3493301a1defd4bdf2c1875e1725aabd0b1c26e2ca1bbe5ecc8a5551af23,2,Business,2,Business,False
61495,6aadc135def4cfed54ac86d0ecb68c5c66fdf0acdcf2feba7a43c23cb86f976e,3,Sci/Tech,3,Sci/Tech,False
61539,9f33bf5d99ae8941dce392f266583e42e0e1f33e2f83c55111f0f81a3473495a,0,World,1,Sports,True
61555,6af2e7ce7e5de4b6cd3777ad7b76a58c4f0768ab6a46990b0381dfae58d4ade9,0,World,0,World,False
61566,5d9141af4b50c579a34bee8f7e84b499e25e68b3c97fd967e6f1df1ece0836d6,0,World,0,World,False
61570,89d28a5f5a0007dcb2db74f2e18f4d59ce32c074ed7a28e0aa7b182e2c415b97,0,World,0,World,False
61577,e1a44b52e3a7e44e077fdb3f0eaf6d6c476be659b9ce8e026466e25ae35e33b8,2,Business,2,Business,False
61601,73eb61bda5b1894ead3b88ff4cf34891714127ba25cca400e98185b56daa6141,3,Sci/Tech,3,Sci/Tech,False
61605,596bf35a72189681d4c32b0b059fc497e4517e2ff3e03634de1f7dd0f94aa11e,3,Sci/Tech,3,Sci/Tech,False
61618,704d1835c2b4b0e76539a816ca2a9e3511e55bb9e28cb1c56d563cb78f862cc3,1,Sports,1,Sports,False
61663,552d213fd85ee8937645117247e0ca827152904943563ef89f7e105a97eab6a8,0,World,0,World,False
61679,3bada901ede7dd0c209f4c77f6c98f4747e957e598a71bfc663c9f787df2410d,3,Sci/Tech,3,Sci/Tech,False
61680,f2c210c1785fd4a31156026b4b0f0c7dd706e4a94fcc0a9ca418ca7c55704839,1,Sports,1,Sports,False
61692,7bdbcbb55123980bc05ffa63896a9c4286580ed24f73ec40fd6fb299ccf1987e,2,Business,2,Business,False
61695,0b7849903a10b661e1fdf2c23e0a8c151ddc03e1d6618cdda9e9c3d205694c10,2,Business,2,Business,False
61709,76795b170e55a7c8eb74b8785d5cc95a5afc4f5d0da1e55a52f4faba26549f98,0,World,0,World,False
61714,c6c444a774d401c7924499995258bacdff2905f5a7b16a63ee904c8fb2ccf7d1,2,Business,2,Business,False
61734,b7df2d4120559c15fd09b830abc2747f8cad39465425e67c555a72d0dc65ab52,1,Sports,1,Sports,False
61742,8351fda75cd4c4777d5667157e640d64d8b516bbcf8fda4e538bab3655a65645,3,Sci/Tech,0,World,True
61747,99ef2db3bbeaa02f00f9a7b3370928efe26908630093d6c5c6c78b152304f64e,3,Sci/Tech,3,Sci/Tech,False
61750,bb3ee60fac10ab78870322fb7669337628cee4b8af4d04160e3fb961f843d3e8,3,Sci/Tech,3,Sci/Tech,False
61759,d6800b6d5d08da805bba94fd40d49891d0535285704ed9035bdbca16b7744f65,2,Business,2,Business,False
61763,2bfc27f1b0b4a8b0f4bf1aee1a6ba5658c7f13b4c688c0270258ef9e1170bf61,2,Business,3,Sci/Tech,True
61767,617e730370b0c44f193dae4ecc6fb517bad2a2568069c8ad9b6a0d8e8064b0d1,2,Business,3,Sci/Tech,True
61770,59b7454ac29ebfeb95fb0d639b326f511e3c24611218a6b416cc26fbb65c87c4,2,Business,2,Business,False
61771,d209ecc55555905c861f719084d27a6c82c74ac9c8ffeb395c767721f075bae1,3,Sci/Tech,3,Sci/Tech,False
61797,3256af6265c938e987ea18c143adae211b95ba7931e5ace5fc3e69dcfe22910e,3,Sci/Tech,3,Sci/Tech,False
61798,a69db1a8fd4ea450c938ef0fb63cb281ad1ef54721d3009b5331be3b2d6b5a6e,3,Sci/Tech,3,Sci/Tech,False
61809,22bf6c2ce5d6be7ee045b7ceba73bcdd552bb32b6d9bf629e2a12f745722632f,1,Sports,1,Sports,False
61813,61edac6d8bdcc8d4469b6d9ba579acc6a7a44b7eee951aa030d4334584b6905e,3,Sci/Tech,3,Sci/Tech,False
61819,27071b8b4dc182ea4858fe031e27a922f1f608447b5ecd52a6dddaa6fccb0de5,3,Sci/Tech,3,Sci/Tech,False
61824,8f63232f7574ad76156451bc954952e5029fc4c68fd60b6af212a8713393ac51,3,Sci/Tech,0,World,True
61845,d60416d189796d5f21eaf9cca63cb4cbf1096ec88dd3502d92f43e13b1b88c44,3,Sci/Tech,3,Sci/Tech,False
61860,07c65f172cb0dac347b6b7ee33b75567f8dde3f09fe867dc76673d3ba94cb48f,2,Business,2,Business,False
61899,461f38d5f3b58c70ad9252409379143122af0ebc74990e292bbff49ac46667ab,0,World,0,World,False
61945,8be882d22530e8a38db79bda6a7a0a86653ae9a4ffbdb9c3fe6e059e6b3cbdcc,2,Business,2,Business,False
61947,a691d02f63af6de48264d9424bf3cc2d566fd825d15eb44beaa8be30a160bbd7,3,Sci/Tech,3,Sci/Tech,False
61954,3c9a778b3774d6214567bc61d93350f126f2fcadf082398daeda4529b9aed042,2,Business,3,Sci/Tech,True
61959,f1af3b98ae834a5ab06c4c9f6885344aed75ae8077a79886b7ed7f79b9ee24b2,2,Business,2,Business,False
61990,4b66dc7c97745ec216d1a593b8b0031931bc6351e07236d61d8e42766ee7f933,3,Sci/Tech,3,Sci/Tech,False
61994,8986f1a002c8c0e94fd20f6059eefd3034fe0448504642c664894568c45778a1,1,Sports,1,Sports,False
62001,38b0ee3cf79845197a6792f5ac399e6672459b140bb06e33f1e0c19921180b02,3,Sci/Tech,3,Sci/Tech,False
62008,e731a2fe10c8dae325191c5aa4763650515b5e8a87e7344f2ac1e266169249cc,0,World,0,World,False
62009,f8f4a2635b0cad66bee3f137ec8926c204ee060225a203de082441f31f604fc5,0,World,0,World,False
62019,858b5ab6ac3f1d65e94aae9f06fb14534307edab0cf1f0e317c86c4c95d9028a,0,World,0,World,False
62023,bc87b8fce2fa17595fe8c557d7e9694f518de0f1ac8f168075cd6b6d7efe34c2,2,Business,2,Business,False
62029,7293269b0758b1cd78a986cd8a01a1c48d4c1c9c0066b9036e16b4f7518d2391,3,Sci/Tech,3,Sci/Tech,False
62034,ba7ad50a5f137b8bf3366f6eab5e46803cca86f046be1439c1257f71a2c70f48,1,Sports,2,Business,True
62036,b9a4e1f587b8e582b798b69748b123adc1a4e43a64097823028a97e9ad5ac7e6,1,Sports,1,Sports,False
62040,cde5874baee5c34003e8670642703159517167568285207c5f69bd3d38b8a699,0,World,1,Sports,True
62046,a7f1d06e85544bde730cf3a00df4a2d074fea8e771aa344c14dcd010d3626af8,3,Sci/Tech,3,Sci/Tech,False
62060,739aeb59cdf017255532c158937a1f39a73b9a67d417c6970428b53b972a4959,0,World,0,World,False
62088,c6695e85784462f33676948d0d1c4bfafc30914f4e6479cdb3f7e0879fc2fad1,1,Sports,1,Sports,False
62089,984f3bf2a99088fab7c6938be7e823e6b7fde019abb6ac8bfa327ebf7e609220,2,Business,2,Business,False
62093,b86b6c7f992f9e25a8cc760cee36236a05e0e1338662dcd4cab5395c5622a18b,0,World,0,World,False
62095,4b712b3f720afc3774c22b14377eb26505dec77251ce0acfa2a52600a7d17533,1,Sports,1,Sports,False
62097,9bf6f7c4de04f0c4874edc2e9dd7721d78ed7916ef08c652be99102e6745c71c,1,Sports,1,Sports,False
62098,bceff2a0baa7d9cfe59b28b1b6b1bdc57f442eec269906eba4dcae5714a7cc75,0,World,0,World,False
62101,3c015345452d9233f995509bea6625f17537bdbeeea77163ad74b2afdcafcb19,1,Sports,1,Sports,False
62127,356dad8bc03ac7538fc0b58de723fbea01e4c91ce14caa79a4060c8ae56dad8b,0,World,0,World,False
62131,2c19d293df13ced9b7046e6559a2f7245745a615bf409230a45e3a1e3ae3b5fb,2,Business,2,Business,False
62136,7d58c5dc4f991221b91165ac1c26010bb090ade84313301aa20433f24032cffa,2,Business,2,Business,False
62154,52e2bace8821a77b1ffd6b876f51bcdb5c5a840bd83f812ba75bc2bf0753574b,1,Sports,1,Sports,False
62158,4f77153f95e20bbbb9f388c7b6b109d4b487a81990dbb8c4e934108b6b566c83,2,Business,2,Business,False
62162,19e7a1a3af7cede391355c90bf08d30b6e91ff277a6e225c768a06159d48b3d2,1,Sports,1,Sports,False
62175,33bc7591e60a79741353fc3178b1a886ec7261c7c41068c60093e50768314392,0,World,0,World,False
62185,d496cecf9ec22107dc8e2bb4ad56fe2af7b4aad69d2b60a7d849401d86bb6199,0,World,0,World,False
62198,5f79503e58930b3d3d822b92b1b51e3fb7cb88429f6da3996b25c03d7f929ef5,1,Sports,1,Sports,False
62203,3696448c33041ac6a5f9efcab4eb3ea9a4699c532061b2a35378c39da8a80767,0,World,0,World,False
62206,81c90a6706b4b8167ce4e36944eae615b6b1f0521c3534d10fc9d22b65d961d3,0,World,0,World,False
62244,3e590337515055c1dfa3ca3f62b05134980c1cf08f24fbfd4d1e25add46a93ea,0,World,0,World,False
62286,d8350fe7f2ab13f0bbbf124b4445b9186f598ccad26bdaf7b3d4caf38f5cc6d1,3,Sci/Tech,3,Sci/Tech,False
62342,1d61890f21efca4e29c371b4014ac376cd22b8377791fdb02b21e1db97584d9b,2,Business,2,Business,False
62357,bbb9968e81d2961425208a050fc1a64cac28814b8af9135cf93f7f4c4baf703f,2,Business,3,Sci/Tech,True
62370,aba7f80d3d7f08fc7fd4c46080eb2af333976f8bac0b09643952d8f522877dd5,2,Business,2,Business,False
62371,e32436a89500c5fb33d7af50a5f0ef53d9d2332ed1f87afa0afa652f461f944b,1,Sports,1,Sports,False
62390,356fdf21046164c9df129ddfbf48274f21e156a8bc591a529bfb2415e0fb5079,3,Sci/Tech,0,World,True
62406,d9671eec1d585d4427e29ded7cedca0c6fd31975c295d57bc0642fb0179d6ebf,0,World,0,World,False
62410,314e13b8e383b9095ee6cb118aec4b16a8e78d4f480f7664bb24c2db3843ca13,2,Business,3,Sci/Tech,True
62420,cced0f94eda2a1f29f61588247b7a3ff409991a512f04f35673bba75c3ac7c43,0,World,0,World,False
62428,5971d6e298ed3fdc452ce6ea198727979b9f96ea45b614cf343f5a47a8b191b0,1,Sports,2,Business,True
62445,f5d04efdd60b9e7b72b3f8efc9b32260da04e05384ebb2a32cc0fc19c0b8b474,1,Sports,1,Sports,False
62509,757cd94689eccd223f0cf0748a73661e7c6d8d0a73f84ed4828ec49a782df1a2,0,World,1,Sports,True
62518,39c22110880009aa538f6b468bdd292715f29d5517dd7294d4007621f88b9984,2,Business,2,Business,False
62529,b2184c48a39d86f79ecf0b54cc77699364a014a8f179a669ba3eed78ff89d98e,1,Sports,1,Sports,False
62531,3b5fd5887a2d243fc077288c90ed1afa175ec86868351fc4fcdefece2cc65da6,0,World,0,World,False
62535,671f59c6490f098f95b885aaf1df0e644239de72e163c9b573622968a4c267a3,3,Sci/Tech,3,Sci/Tech,False
62559,013be6a4df650dab6fb5bad42949867d49784529ca12979f72fc96100adf528a,2,Business,3,Sci/Tech,True
62566,d1a2080cfeb57f0ae2da70f6ffe8e11847c8841d9423c28ad2234499573e165e,3,Sci/Tech,3,Sci/Tech,False
62571,6608d2dbfa683ccad5f7c130d9d0e3af4b7d9699d5a6ebc193fb22c59a333e89,3,Sci/Tech,0,World,True
62590,9df646599e64c24c2a95df7eb0e838b613a15756de11f51b36da0856d68de1f6,0,World,0,World,False
62595,5e0b5719715673dd9cac89eb33c48cc08c3d0cce72e101807752d35f23deacb8,2,Business,2,Business,False
62600,6dc774ba9f538782a61e0c4fb77e2bfd291623ca5870fd6f75939643c4c03e21,0,World,0,World,False
62621,8c0a27e49e2ecec671b646a9c8bd200d7ec6dcbc79c4b6beda8b502f25663ad4,2,Business,2,Business,False
62623,62212d2343caec3f02874d006e06607e289e582a2c3ada6d74fea4918d6c91cb,0,World,0,World,False
62628,f8fe953266eb2bdaa23ecf6ebaa91a5b7601489afeb5daa7ee418ab2d987591b,2,Business,2,Business,False
62633,2a815edaa839dbb6f86481f964145dffc477f3f9172927a5262441b845777b9c,2,Business,2,Business,False
62650,9794e42afca8fd8b13d2927c363b63d646979cf038a33165ba50770ba648d793,1,Sports,1,Sports,False
62652,f09d5621ff830efdc477db654c7a5d1217d53b53686eb0a83de6d676ff0ca1e8,2,Business,2,Business,False
62675,333465f072f0d7f5cd2590e1ad324cc9366138f1c6ca51466fb61433b9ac7410,1,Sports,1,Sports,False
62681,d5a41a9cdb3cd3f97f575a126f5f35fddaf1917f5a0b7afb35f4ead959d91f27,1,Sports,1,Sports,False
62692,213558dcc8bb52b0cc2babe644a17f8275e69b387fcaebdc0782d6e645ac3b1e,1,Sports,1,Sports,False
62701,4e9ab8856f307b4ad804d0839f5f0bb97a0a7c3485ad2863598c987be5433731,3,Sci/Tech,3,Sci/Tech,False
62705,3cf25332056ce64ac7a40207064544cbc42fbe66dbd671c6611c9225104f7616,2,Business,2,Business,False
62708,6f3e8a20a1499f8a8f78eb40cb07e571d2adeee80c9a896cda6ef57167e7d1f9,2,Business,2,Business,False
62725,e6d5f9a4a4ff3024561db9be16e12551df2e297d7af740f6d9c119a9c867f1d1,1,Sports,1,Sports,False
62745,c1c14f9aa50817431b92f28062641665b42eb0e9ca8c9295bfaddea65fe578a3,0,World,0,World,False
62757,3871657026cae4a9bb2ea81c3b1a99acbbf7ea727b8cad354da74d4704ca0db4,0,World,0,World,False
62768,92041fb8b354a45a8f3927bdd36823b9b310c8e01aa131463e68e982422e9149,3,Sci/Tech,3,Sci/Tech,False
62776,4a7a6d9c664b303e0be086f55984054aafd57b1109b0853f1b1dae809e891990,0,World,0,World,False
62788,ec9ba639922b96cbd15c6761536f9a64479b94d8d740a62033cb3525ada9e8e4,3,Sci/Tech,3,Sci/Tech,False
62797,6fa92ad7984afbddea56bb95a1028b32681d0a8579a6915fe3b3adf9b6318686,0,World,0,World,False
62800,7fe71dcd922cf4baddfba7b8b5b7842b7cf95ec820e7c4e7f09f6e21a975a7e4,3,Sci/Tech,3,Sci/Tech,False
62806,c5282c0acb6777c50cd86af95c9ea25370a879e472c1e5e7c7841ccaf226a6f0,0,World,0,World,False
62814,fc7e36dc3845c719095fe00d2c8b460bda5e829578c764a7d3b211341803eafd,0,World,0,World,False
62846,1730d96d3bd4ce1facd802d4bf3b348ca1549dbc9730c01e39e4d9b9523065b8,2,Business,2,Business,False
62853,005d82842cc5892b1f07a9711d530c17dc20960bff9d986e80302eebe8f4a835,0,World,0,World,False
62860,5940682cd2dc3c8c1775bf935ef8be1821205c65d2590ce5dddaf757650970a6,0,World,0,World,False
62865,feeebe8eddefd409026fa7c3f6ba1d4ee878e148f07def688a6c1c829bd9fa5d,3,Sci/Tech,0,World,True
62893,f7cb9430dcb5d4394b4e4a7c4ea91d0779a634d6a6041b21ab56f3fd8147c707,2,Business,2,Business,False
62941,72aec8adcbc676066c0fd0a6b85ee4be41c409714a99981a1ce7efc91a4386b0,1,Sports,1,Sports,False
62947,6ec6da1bf115183c5c0deac00e25334bd92f8bb8b97ca594ef6fb7446a77c504,2,Business,3,Sci/Tech,True
62963,f2dcc35471861183dd38121a844298573253752ccc277f7b27b15b1897fdca0b,0,World,0,World,False
62984,eebc48c11828a02841628c968669e4372a0ff4c127d8e988e997bc7a243610dc,0,World,0,World,False
62988,6d38bb536d2e9ac9d9a19b325a3a8fa7264d025270576edc2dab1c61066194f8,0,World,0,World,False
62999,13f7995beca9d6df049f1817bfaa8da7aa55f04bd2a55531405bbe7e35f26cd4,1,Sports,1,Sports,False
63002,8806417f502d91778dd8c6774ea8ec1fb87666f957d040d162852335cda79f9d,3,Sci/Tech,3,Sci/Tech,False
63003,0d36f4e8f05a9babbbd642a4c605aaae5cf433f81c8d535839d115eae75913e9,3,Sci/Tech,3,Sci/Tech,False
63044,20c6ae38efd2e01f09e021ea9869aee1c503d4437db35c1063aa72703b59fd85,2,Business,2,Business,False
63055,ac0ca7dfcbe0c5e58b2ca83d90d2f1aebe8ffd5d84c8a23d591930191d0015ed,1,Sports,1,Sports,False
63067,e413ff8ca4b675908a44e8dc99959e9b5fc6eae70f4bbaab68cd866c502bcb3c,2,Business,3,Sci/Tech,True
63069,e83c11c54dfc6c21c2ce9b713ff5aa9a211e5b5b398552293e46aef510965606,2,Business,3,Sci/Tech,True
63071,fbdcc789351a2f58e0cdf8e74c1ccbe449f79de144bb52f083adbfc2f965a67e,3,Sci/Tech,3,Sci/Tech,False
63104,a22583cad2e07b49a7ec5aa11060bd93f72d76d09b782b959f209b219c254328,2,Business,2,Business,False
63117,8d3179546a162674f2d3d5b338856cdca57d76d24d141d39879539da61f391fa,2,Business,2,Business,False
63126,093c94204a826a06b0f3c3bf5cf5fa6aae1e25884a07bc9c179c6dbb817f6f7d,0,World,0,World,False
63154,b169168f8c7077bfd8c2c63dad02864305a38ea4a737e1b4c3e90f6c898d3c4f,1,Sports,1,Sports,False
63156,ae4bb5ec2215397f61f22b2770cae5028875364c2290f7fed4cdb2adc948a128,1,Sports,1,Sports,False
63185,df2dedbb5db579653bcdc8523aa7aa3bd0d0ebecce8f2a21f152661a1501cc7e,2,Business,2,Business,False
63190,8232fa5312502a95e96ecdfd923125bfca9b093526bf3b3c401e1f89223193e5,3,Sci/Tech,0,World,True
63202,498ee0a1d45d3d1b5bab46ad778290b5bb0c42cfe80dcd605cf54678464eb8e9,3,Sci/Tech,3,Sci/Tech,False
63209,2e4db08a93dd439f3ba48a9c25eb9c0adf99326b1731266ffe231704fd13144c,0,World,0,World,False
63216,303231d0e57c3b45156664d46d8dd128745387c03c727ca1c7660e65285f1721,0,World,1,Sports,True
63220,87ce8c424daeffd71fafbdf8495415be6a7f14838b449b5851bfeeed07078b56,0,World,1,Sports,True
63241,efecfb0bafd49a6800c11266f093d332a2b98b0fdc42fa58583e1a222a12a996,2,Business,3,Sci/Tech,True
63248,54b177e42a64246eea595ca598cd7a0c2b32c7b4fa304404ee4d5f0a71dea657,1,Sports,1,Sports,False
63263,c7e167833189da718dffad2304277a52f675c0ef55b4cf755aa68af3d09abc6d,2,Business,2,Business,False
63269,e64591c34755d148717c57d90b4825009987ec2d89127ed4a86e29cf098aed8a,2,Business,2,Business,False
63272,10fc0021ee674709f7918d067b17b99640d2d8cb78432e9c4eaca8c5551d3f0f,0,World,0,World,False
63290,b2d16d705d85eb71695198b31201a5158f278ae133c211d1a7ad2fff41eb2fd8,1,Sports,1,Sports,False
63303,1df6947fb04a03dc116ec3c5fa472f8661b5afac3fe4dfe77858e2cf33599922,1,Sports,1,Sports,False
63310,43c3dc84014c855e11012a18a8860a450115fe7f11ef4a5399bc0e7fb5507bba,1,Sports,1,Sports,False
63312,71a7ce38a022e0d62cfcd9fab93abacdb7e5d6319652499ff35ad5689dba0154,1,Sports,1,Sports,False
63317,5cda14b33e9478eb18550b2db391f9bfbc14ef0256f9497982516469d405ab8b,1,Sports,1,Sports,False
63330,cd73be1d4b5c979e7477071411401366c95530369b852641c42b4dd1797dc6c0,2,Business,3,Sci/Tech,True
63331,5efa99019d3d4c0248c99b88200dddd40f7572451dcb747997bbb5ff7df75938,1,Sports,1,Sports,False
63372,b127711215e4e4c8b5d32c5e7fb8c2cc9ed78fadcaaa5ba4854bfae2b5697dfd,1,Sports,1,Sports,False
63373,31347391adb28dcb0823b2455a3e17a40c2150b283a334bfb819813a9416a4e7,1,Sports,1,Sports,False
63376,ec2f0d969161185e92eb69541c84433d22e93446004928a456a0372357ff0120,2,Business,2,Business,False
63378,1328cf39bc666c46afeaac67ce8c6d3b665f12c97af075f1f5fd3c22207ccc93,2,Business,2,Business,False
63399,71eb447d4dce6d7e2c94b2805044666b55b3d3d70dd41a93e116941be14f98b1,0,World,0,World,False
63402,70c0ce3d6379845ebbe02d2ae3d0ef051dbc537a30fc9e63e3988ccc443c9821,0,World,0,World,False
63403,c20e38925159451f0d80fe0bebf853d0bab1d476cbadaa2783d02fc95e64d0c7,0,World,0,World,False
63407,051921a2c70d55506a81a74fd079e2365168f5a18f931355fdfb75adc8431918,0,World,0,World,False
63421,5d10960207272ec823e99883d456471775c6c5dc3007e9d07bc19e036d9d89f3,3,Sci/Tech,3,Sci/Tech,False
63423,cdc7ce77f5ba5b01a090944d6a357b9922aaba2cf280110ab4afa37959ee0f57,1,Sports,1,Sports,False
63454,2c0fe494fbfc6e4f2a37781b7e915c025ff37812a0a47e313020bb9a2554c51b,3,Sci/Tech,3,Sci/Tech,False
63462,0d6ead906222c6c54752c927a9859c3b98578a71fa58871a8625ff4d68d33317,1,Sports,2,Business,True
63480,872a5a01bc7fbe690ffd235130d3a64cdc976d1a59f143f9d0107a6462477733,2,Business,2,Business,False
63482,7cbca5fdba852d23acb7c8f4991476422d5cf022340a6d431cb975602180b2d5,3,Sci/Tech,3,Sci/Tech,False
63494,935842dc22fe567098cc0eb05e5d34a14a5d252330f1fe51a8f4ae7ea88e167b,1,Sports,2,Business,True
63498,6f5c7f2b4a00352c653fa855746ac7c02a912f373796d75b163be8884d544508,3,Sci/Tech,3,Sci/Tech,False
63499,e38a5f084a4ee3d67c5c3b7fb40950c27cc8f80cd676e099de32c0552c2a757c,3,Sci/Tech,3,Sci/Tech,False
63500,abcb85e0e63f4fae6d6753173e4275b65ffbaac982ff5c9563b88c190f6421f5,0,World,0,World,False
63504,9425b64295682c89ab5c225ee7edd42715e3630c8180150fcf6a34bea8d50e9b,1,Sports,2,Business,True
63505,7624d0b883e18f97b5e72c8aaf2cdf65015347d056315b50b0ad3cde156c616e,1,Sports,1,Sports,False
63530,a30f526ef4d4847de2501a3c8c2db71a842d51a7dfff939097920e5fa53b4039,2,Business,2,Business,False
63532,14a9921e99e06fdaef537d9d99c975da93cbbf3a84082617cdcdb5d06295d2e5,2,Business,2,Business,False
63538,2d7bc9cc8d6ebfbeb42c7adc7512ee4f6d8a4e1f8a4f46ecdb04583d3c510a5d,1,Sports,1,Sports,False
63539,76798def62bea29a9d4465adb29eabf23f6a59f3d734f8ef354c9443b2537aa7,1,Sports,1,Sports,False
63541,5cb69985e78451a40a40dd9c2e67be02d3da492062e15725df19b40117326134,0,World,1,Sports,True
63544,d13f2e02c15a1b51a8a44996ceb0d5ceb3b203456250fa2a42eac64340a680c9,0,World,0,World,False
63550,9d83c2a9c722f9a373e97f4d551c4cd7e492b1eced5b75e04c9d07e4064b7e05,0,World,0,World,False
63567,8a617347eb2aa7159e2b437333d3016f442779dea40b3c1ab0319c974b48104c,2,Business,2,Business,False
63579,c970cc666d81c413fb95f81168de07e802868692aa382e5ecb1ce6075ec11f1c,3,Sci/Tech,3,Sci/Tech,False
63590,118bb602ed38bd089fb8a3894c25d329375a00fd092d2b92d12f98a2226f3fd2,3,Sci/Tech,3,Sci/Tech,False
63593,5415c536aa6bc5214cdb92b5dddb1e4a3665c1c6f69a8697c194982dcfccb402,0,World,0,World,False
63618,54924ccb807516ae19a131babb4671e230e32f10f18137c5931b44e773ef4ecc,1,Sports,1,Sports,False
63627,7bc2ebced90eb8246eced444a62467e83986ada175cdc88eef3df749ed019307,0,World,1,Sports,True
63630,c8e8cd02005aa351c341fcb0bf5b272aac2cb5dc1b4217ce682a546b91c2d8bc,2,Business,2,Business,False
63671,11f32c1cd8be8181fe0aa47f7ace9a32331354072020cad30fa0dd47600a4bd6,2,Business,3,Sci/Tech,True
63673,423acbbfeba438a1e0d823624e5d7a1a29d15aeb2a8bfdc63b33d1ec822dcc16,3,Sci/Tech,3,Sci/Tech,False
63694,886379a90bca57ff8947cf64bfaef6f0a61136574ba43fa9ce436e69e5347465,1,Sports,1,Sports,False
63717,1a0d9ecbaa9c5668e7a694ce1ab379ebedc1e9b9d16f63c406c03dcc132fbc4b,1,Sports,1,Sports,False
63718,bfab3915e8c2e2fc0776b3bb782188ee67eded88fa704eda605d10c98ec160e2,1,Sports,1,Sports,False
63739,a8671644af10ad973c82f1f6180216fa6b81e526ae52773ba3b713d8f96f3de2,3,Sci/Tech,0,World,True
63744,3d204440cc2b8dcfc0a510a62c4ae4ae014a45f53a2328e1852b708fc642b12f,0,World,0,World,False
63746,25105aa7d362d96e8f83e591eec4d885686c6d6d74b6f9bc8f16b7f9ecbf968f,0,World,0,World,False
63766,1213916bbd6cefca8ffb432a89401aac8ceff0d14a328e33cdd1c5dd03d2e0c6,0,World,0,World,False
63789,871ca827c5b0887250284cb077d8442929e54754464a8d081e16fc6edbbf5690,3,Sci/Tech,3,Sci/Tech,False
63793,4105a587419aa4352e46b9da38ae62a766300925ab13b0da2391113c2eb83246,0,World,0,World,False
63797,b18e35fd0632a298c17859d55f55fc3d26470aa2675068ac16d73fcfc0786344,0,World,0,World,False
63829,ac21b1031089afdc365eb4ead2d89bfbe7ad9a3205b55c8b492299ee432e65e1,0,World,0,World,False
63832,5c5504f47c1669f301ea34cad522fe3bfdb0641762294d7e4d0154a7dee41532,2,Business,3,Sci/Tech,True
63833,f261085c2b5bf8cdea4b3486bc6ae2f5dc43196fdc11bcc5a153d09260cb638b,2,Business,2,Business,False
63834,9fb3c12e40b15daefda2d0fdf1ba7d3a734130d44e59874103194f84d55137ee,2,Business,2,Business,False
63838,6b30a1808db1dc24696a7e753e1aecd2f90d9f5c4b20d88df71d216c1abd4464,1,Sports,1,Sports,False
63851,9e94788757cbff30cacbc2d6d14ac642e16892cee3d33452d3956de8be401b1d,0,World,1,Sports,True
63852,75abb1503a92e36fbef234c32cbc3ad802cc2da12a1fc0905397e0aa8e013dbd,2,Business,2,Business,False
63874,1e42f462b4e4415d5dbea3c5fb3c770666706e6301db9a6d9c1a04b1462e2e5c,1,Sports,1,Sports,False
63879,84e0f8c04c216900b82a54ddad097e6a73f2cb4c14b2856161a78aa187b70e8d,1,Sports,1,Sports,False
63888,795bddd2aa0764a5d84b5556997715f062f956d97ed36cb65b8b3410a4debe66,2,Business,2,Business,False
63909,e67a0dc706d99d7f18c0ac9a8d8e51ddf91058cf7415df1d7393f6582934b63e,3,Sci/Tech,3,Sci/Tech,False
63922,2b42bfc042ce97fbe18ea2a4406fe1e19ebf0cb5fce64ba60b6677b0abb2227e,3,Sci/Tech,3,Sci/Tech,False
63969,d17ae30a59b78f244bedfac04f03c7b24d805c5d7121da62f72d09e209a802b2,0,World,1,Sports,True
63977,2c7df46bf8909de8946d06ee09e6f7e4a4c5fc2a4ac0599311c253ef19674791,2,Business,2,Business,False
63986,5ac7b9ba5f064d84e82597d27efbbd0ca5b71b513b489f295112e1d49b026afe,3,Sci/Tech,0,World,True
63992,a2581757b2ccb03c782505eb9250e795b88152a7073a233d770a8d6215e45ca2,1,Sports,1,Sports,False
63993,3cc4c3274bce322809d2c212a7c8e656d25fd2f2c4776e712c0f780d4a613958,1,Sports,1,Sports,False
63994,44a8bb239ca77abdffc1a7503d8bc57c396b8b557201a11473434bd210622fe4,1,Sports,2,Business,True
64007,d27dfc784ff03b7655ca4519337ed5ec6f3e6160f9f10b4752acc7bea7507ad0,3,Sci/Tech,3,Sci/Tech,False
64032,6c6338d65763caee2ac6cb500812775d8087c518c611272e1ff6a3f5a6d5c99c,2,Business,2,Business,False
64036,22eae562756f5af78c1cae44e46bcec913267fcb22ec13da2bbbc568467462dd,2,Business,3,Sci/Tech,True
64054,c092b61ff00654d94cd4fcff1235b8d7df31f2f151dda9b3132531daaf3fbe2e,2,Business,2,Business,False
64067,5a73ceab2e2c79759b83b0a00e9a8cd6fd44b401e38b8a193280416d324da5f7,3,Sci/Tech,3,Sci/Tech,False
64075,cec7135acbbe93bdbc11ac042acecf0b1fe7459f007692f5f8db9c1dd8a5844e,3,Sci/Tech,3,Sci/Tech,False
64084,86c40bfc966cace7684527a8de5f131ce42841d3176a8ce23e5f4ea5977fbe18,1,Sports,2,Business,True
64086,d343456bc7cb94a363ffd779d637018d67f5c80303716da08bf3c120c1431f4c,3,Sci/Tech,3,Sci/Tech,False
64093,88993fada5091d5b7846e527da17bcdcf3e26a90fcd4a3a891097d65e41fb071,3,Sci/Tech,0,World,True
64098,8684c4b4a22b46c5d1bf75f86b84e17cb38d6ae8cdaa20004a94ee9a6ed8dd8f,3,Sci/Tech,0,World,True
64099,461744d25a749e503b25aa208216b8c3e2781862a0e5d5bc6338edd52069e7c7,3,Sci/Tech,3,Sci/Tech,False
64104,adc05a2eca6cfb348359dc6781fabfb4f0937e3baa430d9408b8f543cfae1f88,0,World,0,World,False
64124,b22e0384a488104ffdc9d39d606e2eb167f94d3cc258d4c9f44f8cb513f74039,0,World,0,World,False
64125,512be5ea63220b4605a7e69efc290f9afc8b7cd1460f2d605c56df233017bf7e,0,World,0,World,False
64140,72f54e1d0e0398609569c0a0cff7339af44fa91d7de2f79a6b39935757ff5389,0,World,1,Sports,True
64175,6679a2573c1f9a87712792575aa14c26fa79faeeed4df9dacaf0553f32328029,3,Sci/Tech,3,Sci/Tech,False
64181,b8ee98c8a80c2b3a1bbfe55ec8ff8a47466017220cd2c5b77a17692d86bac6f5,1,Sports,1,Sports,False
64196,232f2dc1b909023f8c41e2186bcd851bf85ffd6161736559fd83248ae3bb368b,3,Sci/Tech,3,Sci/Tech,False
64197,4a0c7069cc015a20488353aa3595f13e0183608d1628295daefbcc798742a356,1,Sports,1,Sports,False
64198,5c4515c905afae9970be4ec132b006c7daee5c78945e94e81651afcd530031f6,1,Sports,1,Sports,False
64217,cae5dd7e36ab98621ef4efd12cc5d65177c70733c964ab2bce1f2e7b81ceb994,0,World,0,World,False
64234,eb0395bc3d10f5b45eb1d2e0ea9eabc1592160672d98b54aee151bf6f436f99e,3,Sci/Tech,3,Sci/Tech,False
64243,feef3c08ed171f02b633e6a4b40f4d7ba67fc3727a8800755e2f873ecea26213,2,Business,2,Business,False
64245,03f9c55f8dc0407685613216bff31943522875023c7b5c6e3c4096c6503ba479,2,Business,3,Sci/Tech,True
64276,16f88ffc4011d4f3ee81ed0663816f87feaeea61e6d1564bdbf646aa0b9ae891,1,Sports,1,Sports,False
64287,78b16948771ba232e97ab35238f86ff4dfc07badc60062629f2355e1d00defc3,3,Sci/Tech,3,Sci/Tech,False
64288,41677d811f708296843f8e6f02ce45c55f7b058b5376081d1619fea7537bd42c,3,Sci/Tech,3,Sci/Tech,False
64294,ebaf1b8df6c5d97996ca4407794570f6a8b105e447e0fa80317fc1e592e71d8f,0,World,1,Sports,True
64305,e25cb2dee3475ee4f463c1a87b59738d0674a4b978c198630c70304843a80393,1,Sports,1,Sports,False
64309,e98ad1cfe65def00574a65f38b42b419fce0d1595ef16d26d579e8c466e13037,0,World,1,Sports,True
64343,1ef5e2946024e243720d52ff2867b3c534f0ff87877f05f96ed41944cbc7e0e8,0,World,0,World,False
64348,29f558c8704c6449f0cc91f67f9aad31552875494b1f2696c403e0181f926aae,2,Business,2,Business,False
64353,54c1dab0e0bd3db6edee722c07ff37f0bed417a73acfc50ffe74aa1cb3343585,3,Sci/Tech,3,Sci/Tech,False
64369,bf32f6ed534c5d654d34ae8c22bc500e613c123f6c0a0c8a9b3d110737ebe191,1,Sports,1,Sports,False
64381,0979afd54dc07e48ef2ca0cc33aa345ba10fc56695916684fbb76d6c3711999c,1,Sports,1,Sports,False
64393,f2edb84acde808daf73c3c3464dfb8743efd0e85e8c647c2f233d6c1041659e1,2,Business,2,Business,False
64421,2f72f727866bc92dd2734ad3c2639575a821a4e5aea1399870c1c988313e964e,1,Sports,2,Business,True
64451,39d6afbca4e5a0a829f279da6fea0f94f5cba36bd0c4966c053bb36c65c7725d,3,Sci/Tech,3,Sci/Tech,False
64500,d2654f9b3c62523c6f31f3448bacd840a63a27ee70ca7c689a1b29984b805872,2,Business,2,Business,False
64505,60b1406611ce0186ec3c201a92c5efd3909ad0998f531d3ca2bb88e27855896c,2,Business,3,Sci/Tech,True
64509,e412a6c3bddafa889d6bb982588fbcee6d1339f4fc641b8450648531c85ae21f,0,World,0,World,False
64523,50c601c6117ddb284492a3429b3a7b9b0c7f27712db90cb7df9a639bef6d4e9a,2,Business,2,Business,False
64545,886c158f063c62accd35cc70dce231cf894d633807922dce6ab7b1ff746bde5e,1,Sports,1,Sports,False
64558,b6bba626d20e68e8a92e0c6e53568b24b9eb6d8dd183d87df78263aaa27670a3,1,Sports,1,Sports,False
64592,c5dc8557d78070d6b0d1d67c16245f613e56115a4eb5bbff9b1626a38a1c647b,1,Sports,1,Sports,False
64595,85678218e4defbb2a6af6df3da98a5d45069080316722dc514cb89f1c43fcc3a,0,World,1,Sports,True
64603,36d7f16e0ddf1eb45a403b25fee37d1f539a36e407ac3e039b2bb66d489cf302,3,Sci/Tech,3,Sci/Tech,False
64613,10494449acee8dbcc080b9fc6ee9864553f17c3cd987d3655035d94ab41eb0ec,2,Business,2,Business,False
64620,0af447f812aeaa360583f866873f7f0a876db18d3c1083e2dd98f955e16ba496,0,World,0,World,False
64623,56dc7477a281e1ec3682b596841033c1934ee8d9c1629bde65b8c4be5e1b6937,3,Sci/Tech,3,Sci/Tech,False
64634,58c6c17750da4f20e1deb8b6894bda593d6a572629721b11df39ddfb1849feb9,3,Sci/Tech,3,Sci/Tech,False
64637,bd9a17d99a00dd94ae46a58a256fe6c917db26d2d659cae1052cd55544c2bdb9,2,Business,3,Sci/Tech,True
64643,8e063b1cdf427df79d90e6555470a10f4aa7a5b7b52b85ebb9ee4ec9d8d84a0a,0,World,0,World,False
64647,9999329ab239f683ef4852b8a5cc7296df6f6824b8fb828b16c2dc9fbe23ad66,0,World,0,World,False
64649,8b441b054a4ce738f2343501cf41d8d36db353dd8c6f3d7ece888881daec4dcd,3,Sci/Tech,3,Sci/Tech,False
64667,57ec41d648e3f862563dd6d4484f05cb5303956cf46cfbd66fd14b3a38417f17,3,Sci/Tech,3,Sci/Tech,False
64685,8f2cc445f3cdff5db0c8ef41f4d4068570bdab5635112c4280f8d3fe18d06721,0,World,0,World,False
64686,8c961145183224d7f5b38b9db66ef8a1d6f30e671411f6c26c9359670e0ad38a,3,Sci/Tech,3,Sci/Tech,False
64718,d034698f094aa045410f4f24ce41cec7257a838922e7d7e41287f157f1603487,0,World,0,World,False
64724,5958466b1ba29cd608098f5e6c03a1fb9f4f5b9974a17d5d32d8139621e181f4,2,Business,2,Business,False
64743,7734e7929152a669fa17d671e0ca8a784560a99d780e434f3595ddf3e2353381,0,World,0,World,False
64755,bfa4bd2b8d6806bf49e7c3248507df444c0edd25cbb999626e1b3752c88e198b,3,Sci/Tech,3,Sci/Tech,False
64768,9a730ec62c12950ba3afd699cd1ad6eab6bf99f6067b2b588993582b7d83d815,3,Sci/Tech,3,Sci/Tech,False
64805,3385b3d13787d9d72446dd55a3c926c36f5f43f0627faba03bab736b3021ac2d,1,Sports,2,Business,True
64808,9ceb13e28df5ce57857ac2df530ba7ae3cda5d7f2f91522671e7423070fc5b43,0,World,1,Sports,True
64815,9b0c044963229672ca82c9953259f0af31c4902bbfc8d129fb3341147eda1568,1,Sports,1,Sports,False
64816,10867748b186f64ce0931353e2797e6edcb9ee774e0049243dfdad44a16f31e8,1,Sports,1,Sports,False
64824,dc627c3c943f8e6fc7c35aa227e195577cb58b8723663b4c4721c714ddeb3e11,2,Business,2,Business,False
64832,036390f5df016e1768bc58cf28e7c2d2edf2955945a4335bc7a8d02c0eef66e3,2,Business,2,Business,False
64834,b303e3f881ff453381b0ee4dc31d2b4c1446178a7f0394252011b0f55fac3290,0,World,0,World,False
64874,b1b7f514fcee3a40118296eb669fcc32f0472230d6717756db604d5bbceda70f,1,Sports,1,Sports,False
64889,babb2a2a47c9ea5023311e6a5f540cd31e7015c7d4da1ee1410fad830493a43a,2,Business,2,Business,False
64900,b946b55ecda0ab43ed03faf71c0829b8a2186a4e91a7b4af75894d05a0500162,3,Sci/Tech,3,Sci/Tech,False
64919,24cc8ca05f644c356340667bc218557bb1b65e1d299f7db116b8a295a3cac075,3,Sci/Tech,3,Sci/Tech,False
64922,b68f995b8214d084de3a2090c972fbc5be40e236700d9347669dc6bad4516550,3,Sci/Tech,3,Sci/Tech,False
64925,7cbaf6dc64cb2e510c1dd01975da9e2bdfeabf3ba3602f7926278f9fdfe4a599,2,Business,2,Business,False
64931,9ce2a00403cf339ace205ada7c6650bc15329623e7a268cfd01f656cc5e154f0,0,World,0,World,False
64935,1fa9a3cdf56d7d532ba2b07e106b3ba3de838c8a447dd573ec9a4e2a738482a0,0,World,0,World,False
64945,05cde23bd9bfd2737a966c215750b0cf57d55d60966a7626876bf471649c63e1,2,Business,2,Business,False
64948,40b984050346dcf72c7766b5c26a42612e8e666fc58bb0f8c81a50c5de740aea,2,Business,2,Business,False
64998,2ec41c13e283a28daec1747db5ffc78e60cafa3b91a9ab72bf4a0b1b17d6cb06,0,World,0,World,False
65000,7f2ffdaecd310c19382a6d3a1e5426125e55b49cc601875f06fbfc1aeb1868e7,2,Business,2,Business,False
65008,03862a2d254a013d0b0cb87160fe155c02b6b85bb50ae13a9ab9fc57330dbe6d,0,World,0,World,False
65045,1877ba181c71f1e1bf8626c25acb2705318845f5e3e346f00d9a4a0c808fccb4,0,World,1,Sports,True
65062,69994c16116836936a30355fd3eee02506f3093e30a02c2a681f1147f97f9947,1,Sports,1,Sports,False
65066,d2ef5e3f10057e35d9450e516bfbc6651b3faccb067f1d187b12e43360af2186,3,Sci/Tech,3,Sci/Tech,False
65084,1f20e2e1dabf59d92d5d01563ac89e78da4afb6084bfec8828db9d94457c1878,0,World,0,World,False
65089,38723a224654cecc8415a8b3edd8c6019aa77235c43a6f152be1caa1f88b4571,2,Business,2,Business,False
65094,68fcc14d4fa93be6664d613c4681ae05b6dd4e58339a913b81bd4860b736809a,3,Sci/Tech,3,Sci/Tech,False
65096,a31d2ec7728bb3cb0b157ed0a96f23696733f4b367c729d1267271ea70b8d9cb,1,Sports,1,Sports,False
65146,a39b23b2e920bba9e0eacc2ffff165fcde3d3206c5b9f76ecbc8e92fd28fc8b2,2,Business,2,Business,False
65192,271e36de9d54a2de7f14c4c90ff783b9b1ce9c12ae9cd52523924eab271ba7e8,2,Business,2,Business,False
65193,bc57e5d2b86000402af6e9f1442644497b9ecdf36e13d48f046d4c54bd4f9ce3,2,Business,3,Sci/Tech,True
65195,3c2baa11df996e87b463f24436254e82f70ad7f7ae4760a8ffc88021df2b0a8c,3,Sci/Tech,3,Sci/Tech,False
65200,4cd483e7f148b998eeeb508d9f3e4dbe6001abc3f2548a9190f3ba9dd12f8a96,2,Business,2,Business,False
65204,eab792b9e6be85cfc22d4174f51d404dce279b139bdda19348954ef5f08777ef,2,Business,2,Business,False
65221,d9a5b72a1103409a06d2964aaef3caed5d6a80dece92ae644f49af3363dbb294,0,World,0,World,False
65228,8b93f3688e54a74fdce68bf44d49b81d34f8ac4c1e645d487e0fdd7359e84999,3,Sci/Tech,3,Sci/Tech,False
65230,cdb1ef99662ff41445ca5218201f1d589737d8a28285da744f4eff45089f94b1,0,World,1,Sports,True
65250,1a1e3fe1ff54856c9cd6aa89c8ef2f283a3b59735a948adba15c0057a1a861d0,2,Business,2,Business,False
65265,fc77aa2802139ca0191f01dc115bdc9a2d201fce8bb112924dd0b18f45712ee6,2,Business,2,Business,False
65266,a835489f50ba8e512260a2ffa7b73e31af30abf83c68fd8d20eb62f3b70bfc7a,3,Sci/Tech,3,Sci/Tech,False
65268,a6da3232af7859cc7ba7fca70992b451ec59fbfebf52e267cbbec9024b43c57f,1,Sports,1,Sports,False
65282,820af4739c9f9856caae9a073dbf294147d12b5a7c3ea59dfa9293241b3ba5f5,1,Sports,1,Sports,False
65304,e67c014002950f0d07cfaaeb0f2cb0f4b93f20f776afe32aa76a3092ba1fdac3,3,Sci/Tech,3,Sci/Tech,False
65315,5653ef8e9c8ad1b94efcd280cf74177c0b606f97604cedbee93807034adfc809,1,Sports,1,Sports,False
65316,f3d0c0dfed84f6eac2374475e9809e7b9cb915921cb346f244d28e9adb755d9e,0,World,0,World,False
65325,ea4e1256ffd44960dcf5f457af97a3a76354cc99dac33040bdf888abbc3f5ac3,3,Sci/Tech,3,Sci/Tech,False
65334,9768a72baa23f8ed97bc27d74b41a1516ae1695038f06162928ff6c76ad84b9e,1,Sports,1,Sports,False
65373,774d03606c327b03cc998c4abb571a88f69359ca15ff02dfff9a3bac0a20da93,2,Business,2,Business,False
65378,46838bd73f8cdb915a8a4dffaf454ef762c2f41bc6a2ffaa7281520d4b0e81a3,0,World,0,World,False
65398,357f57877d4cab2195da943c3603ee7f843637d93c2b0f5556570af9bfa77588,1,Sports,2,Business,True
65402,3de9fc47382acffd597e49f7a16922be1195996304be3dd0b8a4c74b5fd5ec0e,1,Sports,1,Sports,False
65429,cbc90f707c95c140d1b428ee045c5a037d20840f40d60fb803163073cb8c2393,2,Business,2,Business,False
65483,4d78ca383cff05668ba5204369653db2640b6c842bd41c20342b24e97565e3ec,1,Sports,1,Sports,False
65493,c3cf9651870ff4c02cc25c551bbc68563c9ecb3a533e90c7bec8df29352dc748,1,Sports,1,Sports,False
65521,f39fcc2ff53c4fd0216beac9c994acae32e9cb6449ceaaf33af4454de074305d,3,Sci/Tech,3,Sci/Tech,False
65523,72a2f984b923592fc1ef3e1da9dfca8dd0cb03a9e2762c3185a721270b63fb10,3,Sci/Tech,0,World,True
65525,c0393ece69324b13e6e8c4f2fd11a17a931fffd7b83067d79c35e94e3296cedb,3,Sci/Tech,3,Sci/Tech,False
65534,508a960342ef80940a509395645dc4b221d46f9cde818dd37bb710c89311d85a,1,Sports,1,Sports,False
65543,1327b5bf2785414571ac5f034f95a9d9b16e31ae2e3bc28bc1bd81c19aa2f114,2,Business,3,Sci/Tech,True
65578,ea288cfbb55c86b23efa7fd2c4d416de16e808ef59f0e32ad6e254ca627e0afb,2,Business,3,Sci/Tech,True
65592,4a0e1a6ee04733314680a7458ad18b57b5080e3791a8c79f258e6edb5d434dd5,2,Business,2,Business,False
65629,55cc0deea0abf4fb3c858bf92a9f2d7465933d5d134ed7b798b5c237db51c12c,3,Sci/Tech,3,Sci/Tech,False
65631,b67a238ee9a165d4285975c14d620d1d219e7e6683a6505298a5dce98caead75,1,Sports,1,Sports,False
65640,b2a9eab16c1b28c7f8599ad4273f51298407ded92d7a5166dacbc07f84ede943,1,Sports,2,Business,True
65641,a8c6f2c3af8dbef4efb0fba809395bc8dfa956a0e94755f3a0c4cbdd963f1cb6,3,Sci/Tech,3,Sci/Tech,False
65654,37a81af309d741d7629d95d2c3ea57e70087d416b3311a96a53861b4761b7667,1,Sports,1,Sports,False
65679,a7afcfb265a2b4c1ac554ec84ceaad09c527df34563b0225320e2367ed6a77eb,2,Business,2,Business,False
65694,caa055ea93b25cbd337698fd18038d9a7454bd88dd37a8f17641fe043a508438,2,Business,3,Sci/Tech,True
65723,868a135240015aa3138f9616a967fccd353808708ecb7e1f86d79f4751d81a93,0,World,0,World,False
65743,9e362e5fdf322abbc697d720319b0ca45f3586cb0ae3973e805729e49a359995,0,World,1,Sports,True
65748,ae05e3939819b474e6ff2697e8974108746950c4737036b13cbaa61d51f85447,3,Sci/Tech,3,Sci/Tech,False
65765,11c1a1bedf2ebe150952e0d6bcbd710d48be1977a4e41e0158a9c2a0b9784938,3,Sci/Tech,3,Sci/Tech,False
65773,a63e21c3548d5ebf673b78d1d66b3fc5dccd1d3b6925d1d9598eb34723d7c8e4,3,Sci/Tech,3,Sci/Tech,False
65780,69bfcc6da82e96b5c04c64b1be97a12d74c143f22f083e617a73ceea8364e7c5,1,Sports,1,Sports,False
65795,5f1e0cc60f37df592ff7f4703e00b7d324e98423599d35a8959bd76ef123993d,1,Sports,2,Business,True
65807,57c8903fa48d11e0317e40c5d41e45d5c5f59ce587d2791004948ad76857f76a,2,Business,2,Business,False
65816,4765d153bc357b9855e0a551fabcf1e754057b5e03a005531281cd98c7c8fe5a,2,Business,2,Business,False
65827,ae1776d780f9ca1d25b5022fd1cb877baf350b65e016a6f121598489f105a1e4,0,World,0,World,False
65832,ae1bf2b53ce3495b5613fa7015a74210c40f5eae5dc233cfa45d863bff432c0f,3,Sci/Tech,3,Sci/Tech,False
65844,23af81bb5399c0fff5a94194c2f94afd817bf6c77bcec0a88194735c0be4cd4c,3,Sci/Tech,3,Sci/Tech,False
65851,e3cea2c66d64c7587ec1b0b7ad1f1062f5b73a2e8d5db4dae0613bab451f5b08,3,Sci/Tech,3,Sci/Tech,False
65855,7b17111e2308109df07d52f2f7e468efeb8391737959ae36add8a473947a3816,3,Sci/Tech,3,Sci/Tech,False
65860,d225b73ea4e870b47a6f1ee0287e2a6218560d221980d3a5edca714a0177be70,2,Business,3,Sci/Tech,True
65879,63ece550043741d071ce77dc1f97ef315d500b7259ff30e48b2cf96ccc5d0e0c,3,Sci/Tech,3,Sci/Tech,False
65910,eb234595997df4e4ff18f8c32bb9507f482ca4cf741597db9136f53af4dde324,3,Sci/Tech,3,Sci/Tech,False
65918,bfdfd5b8f91ea19307be5f8189c7394f54e6643529fabb02210272d6dcb6905a,0,World,0,World,False
65921,4861c49b3ee09894b7b8ba1568e6a8b8c21ba200abd19f0bd8f48721e115634e,2,Business,2,Business,False
65924,bf00bdf2fe61c55792e17b37ae9e22878ebf8994d697a4b420c86728fd4c07bb,2,Business,2,Business,False
65930,6fc2eaa5f6aa365955b5e1776d70b3efdf93af486f651b3639b190634f95db03,0,World,1,Sports,True
65936,ca6d3dd0c861c237c76536961d1bef83ed958cdff18b601461106d95dc34a9d8,1,Sports,1,Sports,False
65940,956639d493e91f14679215bd78ce44090945eb877e954cd4748925e8ac4ba6ec,2,Business,2,Business,False
65947,40799deeb01b493fd61d90b77c423a9e2cc9885cae8d28d3fc43fe5331f2ea81,3,Sci/Tech,3,Sci/Tech,False
65963,0dcb16a883aebb36b6bf1a2b791550b7967d426ddf26f88a649b739003351885,3,Sci/Tech,3,Sci/Tech,False
65967,df3bb7285b36d07b89a8551f47772a1d389253c2274241711f092743cd36d9f3,0,World,0,World,False
65968,58e442f812f277f8942d31188f083f864fc4e0332db5f6a891bfce5690af3e8f,0,World,1,Sports,True
65970,b22d7b9c9604a4aa9e06317c5db8510f1a11da3039d539282ba1e5fd3c2e58b1,3,Sci/Tech,3,Sci/Tech,False
65974,4e1a41c7b771cc7d91f1f6d6fb4e8c2d8e80339d56a797659f044548773b8a3e,0,World,0,World,False
65987,de5c1b0a2d3bc94afc25b47819922d9eb4a9ffb9fda103bc3d2b818f9cdf6d60,3,Sci/Tech,3,Sci/Tech,False
66003,22d4365cd021cd71efbc5f8188711913661698f28879566ed4ebb20d348449cf,1,Sports,1,Sports,False
66007,3614b79b090e322409f4240d96debe5217358f54370dfa17f9a61463673ce01b,0,World,0,World,False
66083,ed12250e4c94cd5af50f05071eae475748aff1fc2464905a699d50b7f2ceb825,1,Sports,2,Business,True
66109,8cd8ce07bb5df87b593ec56d059801367a624608f2f004d90ffd0b9c332d95e2,0,World,0,World,False
66111,d1f42c2f979235767f1a60314e71258734d07b76f759a8b767fca95096075da1,2,Business,2,Business,False
66112,0df49f5ac8afd8d74a2b0b5103de46f095a9a15826fa07f35eb44cb8530ca49e,2,Business,2,Business,False
66132,95431d0141bbfff2a0dac91063041bf4a8d34fb73b9377f875cd0b630653069e,2,Business,2,Business,False
66133,5a56fc9d9ec0f0f106486717886506e96ab2e27907e474e9cfc635f6c61be8b8,3,Sci/Tech,3,Sci/Tech,False
66136,54c986c00c2429625d1d9b36a6b43fe14d60145f2443c2d79c8f0f08d35ca533,0,World,0,World,False
66145,9c0895bf2ad02a64cd57aa5937b495115a59dec3916aa47f6d4455b19d38be8f,2,Business,3,Sci/Tech,True
66197,d316c16890c069baf6b57341e05e1c1ce6e6a40aff40dca3f7a6d8daaf51cb55,2,Business,2,Business,False
66198,de59297fc798a4f278e950181f2566ea80df26b44bfda8b5792ead5c56e8fd15,2,Business,2,Business,False
66225,9e0d1c5cdebd060c293630ffd778e93ba4b3af495fd8fbc0a22a92fbc73809b8,0,World,0,World,False
66228,00075e8746663170feca12eb0b60f52946d572782ac2ae7968140cb1f38cf5bd,0,World,0,World,False
66232,af43d2c4248fe22f8ec35d20360d00912e3ebd0c1263d9d64267f530b42798d0,3,Sci/Tech,0,World,True
66240,f57206e2a2d95035a5e852611e50685e0e8a6a72a4a5261c33376c5d46921e78,2,Business,3,Sci/Tech,True
66255,4047712de6967b7fa23aa87877cc8d6deb0cfc0affc3b98724f9a8fee5a89736,2,Business,2,Business,False
66265,96b4a9a8d43ccbd7d46e149087c73645ce89871bd84137d9d264639dd334630c,2,Business,3,Sci/Tech,True
66284,ab2f5af7eeba122ee87c74a785c7f9146f516b67536c0940dac03c2e55158de8,0,World,0,World,False
66289,cd9e563bcb814be71dd5576f939e49873fe4a7a94985943d711e00c3d6ed694b,1,Sports,1,Sports,False
66291,f8e96eae7ee335ed16456c51f850e3bd217376a0601844b54d87256b47e255c8,2,Business,2,Business,False
66301,def07d984d9b00c0555ef863596489d13d17306c02ebec990f553606fccd2117,0,World,0,World,False
66332,340791b5ded85e034e8a8ccb64eb57edad20390369d350e99555db57739c8a31,2,Business,2,Business,False
66343,8551d7e571f027f476900ff9366e55e8a646df78f7cef005cb6f1e6a84398049,1,Sports,1,Sports,False
66383,34e04404ff2972f930ee7236da60d261a5d5a07bb6e8f425ca7a060687218197,3,Sci/Tech,3,Sci/Tech,False
66393,f5f360e58a831f0c77526f93e3edfed9593830a6d1ca241c2d323ff4e9bb9a5b,0,World,1,Sports,True
66394,6d77d8d2e825d8da6e8272ec0531f9748ff6d739a2b91bc0357d3115a161c8f5,1,Sports,1,Sports,False
66395,c7f47334ab2e88db45e1598f45259547a2a53b8d724c3ddf584db9711f99fbee,3,Sci/Tech,3,Sci/Tech,False
66396,76b8c8e55e1c9de212a18aeada323aa1e971783119acdcd008d4888e4fbd1e67,3,Sci/Tech,3,Sci/Tech,False
66402,a37febedc4f97e1c8291ee3995df9b6178b261dfe37e65dc87f260cbba42eb89,0,World,0,World,False
66409,d6d0aded48dae8b00723eee1f67bde04a6ec30ff3a416012ce87cb3b99ec7755,2,Business,2,Business,False
66414,10c6970a5fed2690204d8e01fcd80b88c51195e0acc0377e3d8bc9f0dc04954f,0,World,0,World,False
66416,2f1154acfef6c8d7930735773abad6902e464b0474d002bce1e7be700551c121,3,Sci/Tech,3,Sci/Tech,False
66419,86544e16cc588ac11552b900a5ae5855392e4d4790e9503b5045fa369ce545ff,3,Sci/Tech,3,Sci/Tech,False
66440,75bec43fea2f4e92ce9335fa6fd9fc526e7f1fc060a10034929447a098fff2d5,1,Sports,1,Sports,False
66453,f9e25328b81caf164d55b096bae2605dd4b5c3264fb67c09a5c8fa3c9bbffb3d,2,Business,2,Business,False
66464,f34a9cc43eee10b3fd2b26db8392fe3662ceceaf33f1c7aa745ad5bb9d5ec84f,0,World,0,World,False
66485,5c81693dbc89658139815102c5b103b4905a3cce07e523082a9abcca496cb18c,3,Sci/Tech,3,Sci/Tech,False
66486,6ce59d9facaf4d4066b69d3f52da394cc871189a0c2d839e58835c4a113fd837,1,Sports,2,Business,True
66521,d275fdee16eae8a2b9d24d552adbc2554488578545f44e37a2156435f26587de,3,Sci/Tech,3,Sci/Tech,False
66536,1e3cddfe38dd3c37ecae5f6e9712274b95d242a37b0022ad53a4a116e3b4babb,2,Business,3,Sci/Tech,True
66544,542c94f9956a8726355f3fe513a28213f1d8320dc73ebad24c33bcf4afceec2b,3,Sci/Tech,3,Sci/Tech,False
66563,a97a187f7ab9f87c1282cf327ea0cbd495d7b44222e95d26fff17fca60ff4315,1,Sports,2,Business,True
66571,91fc5f6e479b8700185b9507c465e778f735d5806f42ac1b702ef7db94e6038b,2,Business,3,Sci/Tech,True
66575,1b5341668500d25897d37fd0cc46e14fda5cd4b658dfc214e3df30713808bb5f,3,Sci/Tech,3,Sci/Tech,False
66585,e9eb724e0be39c84e4a3fe215ad5cb3f51f4dd335aacdad47797cf0327743644,1,Sports,1,Sports,False
66589,5f7bd4f6ba98a2ac10f2140e2622dad133be391e4abbaba77dc6741d68a7901c,2,Business,2,Business,False
66599,7a48afb62864769d30f06ef4a3cddfaf9b5741214fbcad3a1c01765ded5772ac,3,Sci/Tech,3,Sci/Tech,False
66602,7a5a355bdfeba6494cd9bbe10a05c19c3a245c160f52b3db26161cb0fcfe8250,1,Sports,2,Business,True
66605,4395af669e79783064ae3e0df9f77b47acab6d021e2d23147bd513db6dcf3202,2,Business,2,Business,False
66606,5ba1ab8b443158932d26bd8b3bb79f9e8f01e95f5226da9a9c045b77571944ea,0,World,0,World,False
66631,c1ae5e2ac7535958bbeada9d0693accd89eff0704a6f8b7bdc2572fff2e93b09,1,Sports,1,Sports,False
66632,5b0c67493475d09c2572ddee752cfe46ce2b84617881f9be2456e77936a07b4b,1,Sports,2,Business,True
66636,906f43fbf51928e93eb6c888653ebf73064d6e0fd812a7b748378090ecf9a1ce,0,World,0,World,False
66639,a2adda40a0d2f9290554bb53c93dd054f50035c9d982320813188509bf633eb1,0,World,0,World,False
66653,c9cdf17faaddc6a9fa3100af35e4a586bf93f0d598a2bb8785d3f3e5fb4a02c6,2,Business,2,Business,False
66655,cfb7eb04b8333e843e6ec3ff8fdb30749fcb9ee6bc3cda03ea79d4bec910357d,0,World,0,World,False
66678,35faee1e3e28812713972ee455ee16e98e2fd79a8ee074f013266a6f814048dd,1,Sports,1,Sports,False
66686,baa2e29c325e5544e8c1452264e92228cda53f65504568679d03137cf59e92a5,2,Business,2,Business,False
66692,a593c3e3d58a1759074ead70559457275f4c7887b89427f5bfaaa4309dd86170,0,World,0,World,False
66713,92ec19a59dac2eeb56a8be3a73790fdf5a9bed649703e8fdcbd9e3d6203e0586,1,Sports,1,Sports,False
66722,2b940e19c5faed5743104701a6ea5aa52274bee8461867ca157c0d840037fe73,2,Business,2,Business,False
66732,f885aadf15ff8c40fb0bd68cce4629ae46dfa770f7a3a8c3c2faf6d1eb7b5cf9,3,Sci/Tech,0,World,True
66734,25e977fd55e9e60f7ab3c8ddde8eb20ad9107067067e2e164e51dc81dfe4c7a2,3,Sci/Tech,3,Sci/Tech,False
66753,7fbc85984c1af968a21c7db181a910361584735269f8c586abb740123fa85e41,3,Sci/Tech,3,Sci/Tech,False
66760,db503ffb4466190fe58106ef03c56b1096356a6a8ed7e136c042b3a4c82d7dfb,2,Business,3,Sci/Tech,True
66761,23b1800fedcb04ccbdfd02f65e8a64b0cb496cb7c6ccbe39cc5173501860d7dc,2,Business,2,Business,False
66799,716987d98e03f63b2d29328daf9722bc7997f472e24b44d2463df643048a08e4,1,Sports,1,Sports,False
66820,2a4b4adbab83a685770a694f992328d00c064d22c8e169a72eb5a87f1253b21a,0,World,0,World,False
66826,d69f26c987c7754d22abbbbeb8897975071dcbe0198e99b8ee636a3bdf4712d7,1,Sports,1,Sports,False
66830,ebd9e914636d23d924e7ec627aa0e2a16305ea9cce7b0fcf8064694f03c2fa12,0,World,0,World,False
66849,de5e0109c09b1a27db7079e3e9e3b8e086afe4d80da930e7ac62005a85e4c20a,1,Sports,1,Sports,False
66870,3b0df66485be2e9983d61e0096cfa1d9e71a58544d0f96b0879c20589a7d8196,3,Sci/Tech,3,Sci/Tech,False
66871,c8905f30fc22c3b13314fd30590f0b78a6b47a6e14613c234ad482782c992fbd,2,Business,2,Business,False
66874,014fa0397f8736dcfd2d3338ce142b849350abfcb002114a66ae1bab3199b4e1,2,Business,2,Business,False
66886,a5a02928977937500407abb8135a0ffd9732f253d7e1a2719d273355645b5964,3,Sci/Tech,3,Sci/Tech,False
66890,2998be076ed2dcaf43cda5724fe327b170e7eb0960b179370ec6ade72a4b6943,0,World,0,World,False
66893,99be9de1b7e492033207e14db37dadfd1a8a05c17e29c60ff45ac042e3c5245b,1,Sports,2,Business,True
66894,7f9abcc0b4491e52b225aac7a152e25be91393a65d465e802d4710a1f9b9acc7,1,Sports,1,Sports,False
66913,bc328c4d4ddae1b6faff03876df8783a56c4b428ddc1d7715c617262402d5211,1,Sports,2,Business,True
66927,779f0d525c7cf8dfc9bb7db179bf164746bdeedbf3c8ca0c344357a13babf1c9,1,Sports,1,Sports,False
66935,f1b8407f513da1e43221f4793527c1caa0854fec2f272b2e87045f973f03926d,0,World,1,Sports,True
66942,15059c1236b4c2493023f62ddd06011aab0551a6404c2ab11a939d9b0286f2ec,1,Sports,1,Sports,False
66944,fcb525ed5d80899185359efdd5a7014e999da471d887955a8d134d47e5ccebc5,0,World,1,Sports,True
66949,cbbde0aefb90ad74108b608c9e9ac2b2c960ee8025972355f77eddd13c25c15e,1,Sports,1,Sports,False
66970,5440805b0eb8c351cafd598ab2d198d9792bd560e8479c48671cd9b50e95f77d,2,Business,2,Business,False
66992,da2ebba28205185391660c703e7a0cadf2da9271548ab70cf6401d7db5fa4def,2,Business,2,Business,False
66994,716c7d236ce61047531908f1448099b86c8cfe24853aa0f7caffa1e6cb5d9f88,2,Business,2,Business,False
67023,b8f6ae1a48afc15f26f3cdbd6062096000a1c7d94d793f9d7a73c11cb6b4aa90,2,Business,2,Business,False
67033,9286170b5e86684c314c20f09ef8e3355030b21569181187327b821b18ec7aaf,1,Sports,1,Sports,False
67035,96593d810e060a1d1e1838c24b3c57b7bb6f931d024c441eacbc32d24d768811,1,Sports,2,Business,True
67037,7920b2cc077002964cac114fd7385e28c14be6e8f876112d81429d354adc8d84,0,World,0,World,False
67049,782e36822e288b5015fd96ae7e42e4ae0bccff8d57b216723815d462a2171d01,2,Business,2,Business,False
67050,83b88433bf13c7695f256bb4b055500b891aa5e19bb97df0474bb5a731f79e9e,2,Business,2,Business,False
67073,bef2ae30ed193247cd4e83b81e2faec13dfae7136f70b05dbf0e41c60eb50806,0,World,1,Sports,True
67076,f755d8883ab37157c4201813c153dc4d83c4d17f6e3de2039ab76c4fe946f78b,3,Sci/Tech,3,Sci/Tech,False
67079,5beb27ea8c49ae85d4381a62faafb478144ba1da0b99aadcf6adfb9c028a5c9b,1,Sports,1,Sports,False
67091,3dd845a4d0940da9cfbe975e60700936987f95021a6842497824446178723e87,3,Sci/Tech,3,Sci/Tech,False
67092,c08456f0d9ddbcc12ae3534c52cec8d02e5dee4f55243ff760350fe0fc02d8b6,1,Sports,1,Sports,False
67096,c0f61160ff203e28a654bf4db7729e4780d344fc1ff08375b099171af89ab9e6,1,Sports,1,Sports,False
67098,1bd7a53c2d2f068114dbaea16f3861f4debd9d888e2ae45d300b0abbae35553f,2,Business,2,Business,False
67111,d02ef2621fd4b69fc0f7d08f739b88fecd0a5c77d0f74e78c9125e49544b14c4,1,Sports,1,Sports,False
67144,2a9c591226e85e4ab69cba47afc060c597d96f122374e41aaef5c3987912c683,3,Sci/Tech,3,Sci/Tech,False
67162,9d3f63cee6e819b7da73a6446030e476fe7a08ae7351fd36f7717782d7427e3d,1,Sports,1,Sports,False
67174,d50548a0f4e7a4c330df22c5c28ccd5033ca89ef45666b4b4c4c08189cc758f1,0,World,0,World,False
67210,3ea617016a346ccb32f568b3771ad8fd6a9b090e79dcffe79885214652eee2cf,0,World,0,World,False
67231,f2c9332d9230ac6b0317f40628dbcad4b8201b011ed02bed71083afab2654402,2,Business,2,Business,False
67250,786556cb100472a965030d749ac293e3e4c41bd905bbec91ab1413f04901aab9,3,Sci/Tech,0,World,True
67267,6b46263f5eb5ad48e805c900f79eb51350f8ddfa3ee5726cef948b26115ae9cc,3,Sci/Tech,0,World,True
67282,534b1398567ee2abaee5994b596e9dc3f924aa895871d2927959aec857d7e54b,2,Business,2,Business,False
67290,5c97b9bfba60808dfeb46e40ba44e1a68bb60fd54fe20193d6aaaeb063524b9c,0,World,0,World,False
67317,788a337981b1bced5fcc35e7c3e862b63a28fcb7ae471c1e3f850ee5e3eb4493,2,Business,3,Sci/Tech,True
67318,7ef69451dc5327542090dae9755fde140ca8fa4efae9152f9c712ff26cbaf58b,2,Business,2,Business,False
67345,47493641fd36c986b60f5f8962497614fe4a03ab9a3c87e3dfbdb0f9c2adedf8,0,World,0,World,False
67355,fc5d68c3fae872710522261a69eb192bf0df872c0f091dba10d1a8dc39359e55,2,Business,2,Business,False
67368,3dff7b57b1780ea16d6cc38f5e23ecf70d68e538078aa02d5f541698abfc425c,0,World,1,Sports,True
67375,20351bcc45ec06b45d3b9f4f3e5fa2dfae4e81d8bae8c429f22de3f3226f919c,0,World,0,World,False
67382,7813def8e4ff2cdbf4091dcbecdb8138ee5145cd2f5564fb729d8d50684a3ab0,2,Business,2,Business,False
67425,bad64a6d94cc3e38c4c9bff810520ea1e06eefb6dad847f1a23c0d440ea3468b,2,Business,3,Sci/Tech,True
67428,a59e76bffdac3883f09df1cd32789c2e2e7e6d57601b3370516261ca32a49128,2,Business,2,Business,False
67438,35658ad5283f70a2a675e3722cd6b8e6193aac8800ec3068b864180f6d9a8c29,3,Sci/Tech,3,Sci/Tech,False
67440,4b4bc46250735b3dcec21a238a11b49bcf1b77bc0f8245c2c5fe0e4a9ae715b4,1,Sports,1,Sports,False
67451,66afa5998eee6c7d85b2b38e0adf560ab9b859838e6b074f37a0671fbb28e99a,3,Sci/Tech,3,Sci/Tech,False
67455,ae9ad4e8d92c7fb98962a2b4cfe3516fcf88343217c51c166b5fda88fd530bdb,1,Sports,1,Sports,False
67489,0d02923682981791ab4fd8a7dcf4fce7e074b1c46717d3a2199cd9b713419f1d,0,World,0,World,False
67491,5b9c1e3a1e03b1c2e952f6a7341a51f56b926ef35576d4b5544f97d271fb0602,0,World,0,World,False
67515,1266783ceb7875ac8fb2e233113a2c0bb45ae9060742c339796447d476a0e69a,1,Sports,1,Sports,False
67538,e7ada4bc3af1c66e1999a1d89b038d6be79752638607067265b34f49fbb0ee41,1,Sports,2,Business,True
67562,017b9f584f321f52f388466678b2adc6c4c5672a11bc4997baed91bb3c1bf730,3,Sci/Tech,3,Sci/Tech,False
67572,749b6858c93d850c17fad6588e1104ff1b88fc09be3a60d68ba771b814a59648,0,World,0,World,False
67586,62fd9e0af3c4e7ffbc512de694a5894617113100c746b5668b76b9950ce50fc0,2,Business,2,Business,False
67620,166bd2e4a28f5c11887e890a55e745bcca09dfd3c2c3ac2dd3bfb534062ea957,3,Sci/Tech,0,World,True
67626,c9707c1403aa72b06db0d9d104633a12292873801ba7401b416afeeb5731887f,2,Business,3,Sci/Tech,True
67628,d81d842b14fbdf64e3ad0377c895b553e6a695a7001d99695b79e0d3d40511e7,3,Sci/Tech,3,Sci/Tech,False
67633,43d7735306d88a6dda84ab83d95424de5731f01e3dffb77a67fbf9f357e06a60,2,Business,2,Business,False
67635,bb122849e46b3403c9c0bc804f3ce0cf90e14c308b3cb47dd9fa01005ed48f1d,2,Business,2,Business,False
67638,fa0655801ec1ac1000db83b542224593862b9e4cfd7bb7a1276cc6d3c8511eec,3,Sci/Tech,3,Sci/Tech,False
67686,3380338baec99efc698a43545e8abda614efa9ebd660e95fcdec5eae5ea682df,1,Sports,1,Sports,False
67687,06abe8c652a89f00a2c906cb262d39f064c712a17550e1879d149512e0d27483,1,Sports,1,Sports,False
67695,3e335079ccb0c84da42117beb2e81a7346de7fd5c53c10636d456082c9dba3c9,3,Sci/Tech,0,World,True
67700,dd7229510b2db94b2a8aac6ebe50c25fe110ec69298ad64c4c898a10108941e4,1,Sports,1,Sports,False
67701,606ec72ac4f84e9c83eb6c1e3944d7813546e4063fa0a15d021caacd29980d2e,0,World,0,World,False
67706,7557de411ea0c4a481bb1d54c29b542badc3380238b69ef47064912b745d05ef,3,Sci/Tech,3,Sci/Tech,False
67717,e04e63028e40edeafbd1a6b243567afb5c6047f57c96b0f72bbfc801b36d6992,0,World,1,Sports,True
67726,3a82a1d454a8b93277762f475c7ca40a56c639132a86fefcfc05e81fdfc2b4d9,0,World,0,World,False
67732,139b17339d37129b8d0ecc11a24a6811721dba2196e45ecf2462f33cbd13a82e,3,Sci/Tech,0,World,True
67736,6afe510ba7dc6817ea80501fb535bf6fc0fe251a059f3d3b42896d00974fc2cb,2,Business,2,Business,False
67748,2d87d34ae2ffb749f6714f702bed6398602bb1f6fad6e9e49f65d18a0b1548d3,2,Business,2,Business,False
67768,ec856854ac447417f8e4022daa57c15f6d99416266f3c806a190e53da9b05c7c,3,Sci/Tech,3,Sci/Tech,False
67781,dc439c582b82b4461415be5e415523d8e1cb833e87029a5ae258335533370171,1,Sports,1,Sports,False
67787,a6483b09b20f1638db29bce28d4fc5614738d25a06841427f3c00281ee37a958,2,Business,2,Business,False
67792,9d7a2dd44c9393f95a6e968502872adb270d808e5faee75a2ab89c0fa3a38d11,2,Business,2,Business,False
67816,006514b10f5501e42d4ddc13e2d1073d5255a5128a7ec10a77c8bb849cdeedaf,0,World,0,World,False
67830,1be32e6a55793e5b09fafc6cde8f12821b2d681fede7ed65533cc991cd5fa445,1,Sports,1,Sports,False
67831,489d7f71880ab4ebd9fdddf4b321e23ec479dc2fe43be62f04a3dc0a7ebb822b,2,Business,2,Business,False
67839,a272704eafaf84713aa0655e3529673872dda815b5cc276989ca6fe9b9d23734,2,Business,2,Business,False
67846,367fa6fe5834c6cd49a8e4133987700435cb78326ad5d0c01a51270bf35bdb5f,0,World,0,World,False
67894,85c272039c7980525079d2b84eb2445b3b57317f5e72011fa98af5f0e71b0abc,0,World,0,World,False
67910,de40d8b8898ae636770cc6c11f1c171d471d9b924c7eb7b9f3054164dc0c0062,1,Sports,2,Business,True
67916,3d1c2d4743cd0228253ec364a12469031b0a2ee710ca82fa9a7600b7b440b9e9,1,Sports,2,Business,True
67924,cf26071f90b8233fa7c0c83f2a22561cfb25b7c193dd96b5fcc06d474479db26,3,Sci/Tech,3,Sci/Tech,False
67926,f3c1f1bd06e425ff584df7d387ccfa89f17712ad644512bb7c1c00037fb275f3,0,World,0,World,False
67964,0ffc99da31d96de0cf3e0371f8b59664cd40bf08639170a056e458552a8ccbef,1,Sports,1,Sports,False
68008,7eab1cd2fe5fda062454de6780bc8fd7779fe7ed133a7df6e909c30e2fe80d90,0,World,0,World,False
68009,d1ec1891ed92865e5fce95d14a4a19ff2a1a860ae806e683507135bbcded2bb2,0,World,0,World,False
68023,edd43a2b68dacf66d9e40d449973949711bbaea0aafc50c765bbe2e9f0f4a2f2,2,Business,2,Business,False
68024,29add0da135d169f51cb78760000ddf7af304f94fb4efaec94e2ca99c78b2a8d,0,World,0,World,False
68031,71b111cb1c441e95c2254b2bb89a441336dbf7e59a04616523bc2f233415640d,0,World,0,World,False
68051,f31b33b289a925eca8b47e62b5375b524e926bb3ba7096a1f5c56afc05480ba7,2,Business,2,Business,False
68053,5b89360fa03a28f3273d31120409119a7563b6d647305c02b609bff53c16f11e,0,World,1,Sports,True
68069,aa17ccf3664eb75e76835522184a6811ed4343f2ba8cd15e275452dda5d8d5e7,1,Sports,1,Sports,False
68080,aa6527de3a1cad516d0d42ea91990000a2cfb220c0bbd7e6b83ff4f76188ec3a,2,Business,2,Business,False
68116,2615906b27ba114f82827e1e5fa1f7deb6f312d9e6d7a3130cb8ea929735b8e8,2,Business,2,Business,False
68120,8a9b091109559767e7f20920a59527838d9675de9b5f4a97d51879156cdf1ece,1,Sports,1,Sports,False
68121,6e07ff534777b0721154357f73b133c4309c348f28b4873cb2990938a3c0feed,1,Sports,1,Sports,False
68128,39e0a4282b8bb3ed51ff70b23c5c39502c8916d5073e0a0327e6992600fc47f8,3,Sci/Tech,3,Sci/Tech,False
68141,52f68150d48c88745726228a464c1b10d761ac55910b7621351f285aaeff2d26,0,World,0,World,False
68149,faf5320ea25ec9135e75791165ef0db09ac97a0c30aab94c4ace1855629a6f6b,1,Sports,1,Sports,False
68161,3d229f9893a7fcfeabb0dc3e9cbab8c80a23f882bf5f0e8c04ba95e95307a43d,3,Sci/Tech,0,World,True
68166,fd368e98b16fe5dafb8c887f6d32953056024dd03b1ad680c8d7e58766f5dd2a,3,Sci/Tech,3,Sci/Tech,False
68219,3924e24371ea50febe16166eddd239335ff913e0676e803eb3997b102aa53557,1,Sports,2,Business,True
68235,e6c31d91a07bc55e8c854367cc0e3d743c4e3f9e4d8e6c4fcc29fe28bf79967b,0,World,1,Sports,True
68240,0e12c2c8b48e4660a6cf015a8398f94ca22bf51a7965b2f5b76eda054d5d6655,1,Sports,1,Sports,False
68248,49434fd06c260ef56ac6bbc360986d268a96386293ccc605198f897a07a35e9c,0,World,0,World,False
68254,863f8843267f8d50a42bd771407e147b5539a298a76e7cff1fbf32a837614358,3,Sci/Tech,3,Sci/Tech,False
68255,e7ca60e32fe0e77026e2bea8130f01d456ba03fb665881f6451f2b51bda2a2af,3,Sci/Tech,3,Sci/Tech,False
68258,3c978d1081f0c1215ba18d932d70eaef12f7320f9cbd4ef26afd824360528c8e,0,World,0,World,False
68261,12abd97a52e466c97fdddb3566962f296f0a3d61cb4dfb6fef1d256844b23728,0,World,1,Sports,True
68262,bae432f920357aa575ab7c518ea0ce6ca2df5bf423496902d9b0a54ac2309320,2,Business,2,Business,False
68268,308d23971282cc1eb1c63ce238fecd38d4e30c46ef548bf0988c36c63684cb79,3,Sci/Tech,3,Sci/Tech,False
68280,f51d44670de58fb8a64c8bbab5f43a284d3c529468fc9ca1463edd9c89152633,1,Sports,1,Sports,False
68281,6da86a68337f00da9c031c137b2066ffccec0e7da6606999a56caf25112bb33d,0,World,1,Sports,True
68292,0039d1dc9ce24542025901081cd381ef0b237b544abd23ab69a3af9778f94756,3,Sci/Tech,0,World,True
68310,6e348e45915fd9763d1d96efe929c69781c1ec7040484c32d5072e37695db2ee,1,Sports,2,Business,True
68314,8f519bd794c6cb475c05966bd6e2585cedf6d7f5333241e87aa1f994b6d0994e,1,Sports,1,Sports,False
68318,00e8b50b3d9ab1c159b7f9d7170b11079221a760216373845f6ca746315c4166,2,Business,3,Sci/Tech,True
68321,02a13f261b8368754bfa004ac0e270e51f5d66459147e10cee5cf102d416c33d,3,Sci/Tech,3,Sci/Tech,False
68323,f52a58439e02335f504df6574d03fc6435ce568f1a135cd7ee2453c872ed5259,1,Sports,1,Sports,False
68329,c7e9b7c6264d68d4c7dc3731fa3adb0b4925820075cdb020e7bea2b87a41b138,1,Sports,1,Sports,False
68364,cdb93a286fa4b9e42365b0b9d38548ff505ea4824d40c057d679aaf47e660342,2,Business,2,Business,False
68378,f2bc39320e139f71b33214220ca01146188c4f36f258de8ccafb5fe7706895a3,1,Sports,1,Sports,False
68391,1ba621c57d633e892b507d9a236afeb16722f8578ccb1ec135511f439d47f04a,2,Business,2,Business,False
68392,bd9380c780c9b0b4c6e42975e261bdec84a4d82c33974ecb835821f30a3eae61,1,Sports,2,Business,True
68400,9f0e48e0c494d32dd83f945decd5164d313ca9628215af997eae48f473129495,1,Sports,1,Sports,False
68411,56422e6ae6eea9e91297fbbbcfa944cef4494b67e3e6bae16365e7d1ca5b3bbc,0,World,0,World,False
68428,183e7b4a2929012f6a46f16716a0da862341f261bcf3de7ca3b470a46336c992,0,World,1,Sports,True
68442,545ee5844d553b7b68704182d9131d16afe199f4da4c6c31f13d1f0d95332187,1,Sports,1,Sports,False
68444,da29d4a990b1188498b0c3e768c0269652a81a8451a408455aa70b0649b9e816,0,World,0,World,False
68449,82b039c6600e3438381978c029dd2e9262c4abbc2852e68631b6a4346d7abf19,1,Sports,2,Business,True
68467,73b892d99f94d4d6ffad0f3418850d87670dd7edcaeeb9f30bc55c0a7bdc7c67,1,Sports,1,Sports,False
68471,311033afe4caaa7dfd09acf1cfd44cd4a27aeb7a44caffbb63fffb870d430e67,2,Business,2,Business,False
68472,70d3e06f95385e162de02499269436599c6b32a2c93fb945b46a060e7add09ea,2,Business,2,Business,False
68473,d1c8a87791a2af949c022656b115af825a6f29f1e0d417fed32ccc44b137537e,2,Business,2,Business,False
68477,1e91d994e19aed0f08f1bd70b20a813a29043653391383134f3882d74bad38a0,3,Sci/Tech,0,World,True
68480,b8565e97119505ac7391c4b330b8fa13b11694f1ce770f0ee1a81366b7867c89,0,World,0,World,False
68481,2475c5960ee281f25008eae5ef15c2952123ec14d396165129a8e4aea0e749ff,0,World,0,World,False
68483,277442ddc471a5e4c656cda0ffc77b86a08fd290a12f0c630751f27a51d97beb,0,World,0,World,False
68485,0afb73b69281bc3c22f279e0316fcd5c5e6b9d785a5922effef1ae6dbf51d180,0,World,0,World,False
68500,1d1d5488359676bd45b17cc2be0c2192c362f62edb76f93bb454f014084173bc,3,Sci/Tech,3,Sci/Tech,False
68523,ae58567f7e6a424042900bb3e32443fc777840ab622a2063d0d281325227f1d8,1,Sports,2,Business,True
68539,9b62a3b7c55b0d326db783fd057f42a1b09880e0f4c3574c4521717bec443b67,1,Sports,1,Sports,False
68545,8154c2848c0ad993d9d048c1615a2f1276e80c846e8261ff37112a496348a88c,1,Sports,1,Sports,False
68546,4e529f4c35c95c0ec6c847fe970a44e32a0078ae4d3ccc798687eca89413d5a9,0,World,0,World,False
68557,33ecaefe34732fcfff317e21da0d2a058553e9bd44834bc145b4ead3863ee07f,3,Sci/Tech,3,Sci/Tech,False
68560,c2456109c26a6b41450c0a97fe0c361f96388c018e0d0ea0302b9542bd88de49,2,Business,2,Business,False
68561,26023110233a712620b5dffea2eee7dc772b45addc4e649ed288f3a8f81f5495,2,Business,2,Business,False
68596,a678d062b7467973b170e56e59b552de998400421b8388fb27458c79174fddc2,3,Sci/Tech,3,Sci/Tech,False
68606,2cafa6193821964f930198e2e8fb93af9232525968c1c0454de751ccd968bc00,2,Business,2,Business,False
68608,ed08334539df776755199e91f5ee06745f78e7cbc74bb6ae79ea817c0dc6a590,0,World,0,World,False
68624,d3688660d3a1a6a319bb1a2e7f2675d7d37fc0627b253d60effb3e68b329371e,2,Business,2,Business,False
68639,3c33d4e29f02c96bd9389d0c9aac8ef14c7d339ddffab3e7339e6e34c60f3c28,0,World,1,Sports,True
68664,97a57517e96a73bce862174ed937cc8a11d269835c93133b0c019f0f35c8c63b,3,Sci/Tech,0,World,True
68676,0135398d6290839f90d0040dceb87ee2697591d709accf059f59c910a22cddf9,2,Business,2,Business,False
68677,92e82cf92189a724dced1f08b6506399f420986ed12e5469e9f3f0a1905e46f2,2,Business,2,Business,False
68692,417933fec91a535d0e1a1b7ed37e9b6265d0e964033abff7c9279dfc04b46527,2,Business,2,Business,False
68695,c5a7bbef58630ca7565cf39a3b21cb33c043e47956607fca2aa43a28a0f9fdf5,1,Sports,1,Sports,False
68699,04e7ba3796b85b56fcebaccd14d3c0788935e545db11a1bbbfc32fa3e2660ecb,3,Sci/Tech,0,World,True
68708,82a9a8a54cd5e408b58851da006d96ef053dc0f09512e57b741e0989e3f1d587,3,Sci/Tech,3,Sci/Tech,False
68722,ad87953f32ab3f94eed22241a6dc975be63a2a6827d774bc0960d8551c9ef7b3,3,Sci/Tech,3,Sci/Tech,False
68738,819a884c33e333ec0ef4d982346df5a6e5b1e67ed15d0f5f935e96b4ec597cd4,3,Sci/Tech,0,World,True
68740,70c375445c835896a6e8add9a87adadc4a7ceb1b5ba3812bc0fefdecefcf85b3,0,World,0,World,False
68750,97616ade7ea679e0d95c5ed731b75276eece064e1f8d473d4bc91c00cdfc0b20,3,Sci/Tech,3,Sci/Tech,False
68754,8216636e8e94b890397274c62a84252a741d7eccd58707ecda28fe8a79ca719d,1,Sports,1,Sports,False
68755,e8a5c88a6a1a6f6b323954bb8b11a699bf319e6378a3116fad36d9912b5510f5,1,Sports,1,Sports,False
68762,7c5037054a168b37c401fab425129ccc1c7381f7c582fb9925cb37b88dafd4fc,1,Sports,2,Business,True
68774,938d794baeab26049d2d92a5bba5ef18b7b225a8d0910b185da9ed19da419723,3,Sci/Tech,3,Sci/Tech,False
68779,9488e4d29383737deb2e09d37da0d9f8a4837e0c4629685ebe9495ee04880d73,0,World,0,World,False
68780,364484a3ed34095d4560f5e88d30b31f6342f41a0033e6e8f5b90ffe04617a55,0,World,0,World,False
68801,8020bbfdfdaf6568cef5299b615ecc691a646e739734fe27e77aec2415e77e22,2,Business,2,Business,False
68805,e1f7719fc555741443a95a32ed1f201195b00c8e9e52ab8ebcc21c2cc16efa8d,1,Sports,1,Sports,False
68806,39281294a4f0844b86b2258986d573b31a1cfd266f1ddd7ee0e35167d664b7a6,1,Sports,1,Sports,False
68815,01c948fa23030b5baf514e17e26c2a417fc364e0755fc1bde69d3517e6595196,3,Sci/Tech,0,World,True
68839,1953bd17ec410f94490872530c737d05a1e9fc55e85d32740f89513aa8de9996,2,Business,2,Business,False
68859,742d932276ce5c0835dd827b96f8916f1dff632de4f8d0a52389eeb511db2da0,2,Business,2,Business,False
68870,002e248cd24a054e4176ac7e7e0e647c754f2a6a93fb9325231aed84c3ef5448,3,Sci/Tech,0,World,True
68871,18e2b6dac47cfa7a488bb61322b7484d988bafee15261778bf803a284a453e26,2,Business,2,Business,False
68878,03ebd0ef1a7434afebcf482f623eb311bed1c37c1407271265afd742af0a23ba,2,Business,2,Business,False
68886,edaea0a8060c4823dc48891cb5587a484facc6ffbf2e9c97003d994f29f1a918,0,World,0,World,False
68889,24d2e6be872ace31428a0bbc7c7f2bf158f4fb93b95cfc6191544e289b670d58,0,World,0,World,False
68913,3ac88b83bb9deb776f3488e57735f248736f431de99d26df75ed27a576d18521,1,Sports,2,Business,True
68928,3b7a604cecf98da3c23890de4807e2f97e4ef9cb9be795d68de699921c68f3b8,2,Business,3,Sci/Tech,True
68946,8bcb89e4b9045d323f5048ec5f43bd0b91449816ebeb7cc3a0d30fc8c9282301,3,Sci/Tech,3,Sci/Tech,False
68957,e0665a8a4666620d62cde56e214b1cff5d55cbed5d5983e881321ab95fd97800,2,Business,2,Business,False
68962,da90ec15ffdf33c24b92d528ac33a2dde1b39ab727caa61fa7f20c94ed2fa1ae,0,World,0,World,False
69002,553ee7725be6abf164f2cb30c4656ebb6448280678f7576ecc66d8a5804c4537,1,Sports,1,Sports,False
69027,1999512b52e3d19d96dd0a1094d79259212fd78a123aa78c5cd8593464cc2c5b,1,Sports,2,Business,True
69053,1df9c7231e8e7d178707e9f34680a75d0fc311348c4e803170fd273ae80943c3,3,Sci/Tech,0,World,True
69058,3f8992f4abf9ea3986c66e5788221df7126a01f4da0e5a79ddbccf61dd41b9ab,0,World,1,Sports,True
69061,31cfe148a7465de4ecac44c835bb3ed86ee313e07b8a57cd6525d5b14fc94484,0,World,0,World,False
69067,dbbc39b5ecfd8f7c44f0477b069c46e49a457dd0ed80565648e2330e0d578ff6,3,Sci/Tech,3,Sci/Tech,False
69074,c0e8f08d8ebfb2cbda71b3c200fbc56624a0376a38df78871b2bf85504714ca6,1,Sports,1,Sports,False
69092,5b78b1e42cf9598ca1264c486769e2359bf5c7b87b340bf86a3d4640253f24ca,1,Sports,1,Sports,False
69096,bb762f266535b7dfa08b6e1bfc2305c598c10b5a7dd4bb489ff6628ec3dc1291,3,Sci/Tech,0,World,True
69101,5786b6ee0043d50a2faa75b73b0d67a547d47e4ee3dedca87a4373888da5ed0f,3,Sci/Tech,3,Sci/Tech,False
69117,f508efc16a62e470e0e3e90ff5a901819686d114661d81f61526707495f63ae2,3,Sci/Tech,0,World,True
69126,e145988b91f92f0583b21938987d05e08e6866438656cae16ffa4f8b39951e11,2,Business,3,Sci/Tech,True
69173,b8c71700fd679f54c20324af809f35dc230afed6b336961e645d06e60794db8b,3,Sci/Tech,3,Sci/Tech,False
69176,26bce24d79dc2e940689c109a0bbcc182d989fa603eda6691e70f251d5dfc56f,3,Sci/Tech,3,Sci/Tech,False
69178,c8de07ad8e01d930936a7659272caecf791e49ced86f1d9b1381872b923ec219,3,Sci/Tech,3,Sci/Tech,False
69179,e9e3b894e582744bd7be339dc76621d292ab4ad3c7d901b11e26f81558cdec41,3,Sci/Tech,0,World,True
69185,45ab194ba29ddd0f3b577f9009f81b43bdaf90c12d93044a081d7f98eef4b656,2,Business,2,Business,False
69195,d24d83c0b14930657f79ceb1d91dfc8b51bb9309086d0573621c929be985a5a7,0,World,0,World,False
69199,9b42d33799e9f4b38bedbd3127f4be3fd244a04b77183fdfd3288b7828b0ac18,0,World,0,World,False
69221,f9d459664faa0741eba6163ed892a5b55d5f99209be4d8d4f07552fed927c0b8,3,Sci/Tech,3,Sci/Tech,False
69245,d0c97e0f59f0dd37df49758a0b84e1d433b23c30941f58e956968f658ce7108c,0,World,1,Sports,True
69273,4f3026f5e7f6568d24b57b912b2eb61ce8b6e1c2543c9919c27594f9b6e376a4,1,Sports,1,Sports,False
69277,d7bc99f00fc544c94a576b689d1008e93e3604971796ea7191b7459018c70e72,0,World,0,World,False
69280,9d93fb7cc848b7df658641f347b2b95d465f46db50cd4d328db2e6028c064ba1,0,World,0,World,False
69281,b49788f855be0b3a233b035c580b660b08d64e8840f9549fd8571b2da7fa4d62,0,World,0,World,False
69290,e4658cff233ed59633418a4738807011ef4910b67378ad7fd298e64dc647571e,1,Sports,1,Sports,False
69293,db58ed36ed292b185eeac4110e8236078554657dfbce6697264dfa75ba2b8569,0,World,0,World,False
69297,da2f7d4f900edd734f9239c30bd519b6ca4b6bb400eee80791506c0e7f052be9,3,Sci/Tech,0,World,True
69301,dcf74f535d43cf4d2a7f3bef3bffaf0e62ad5929070ecbc551c6f4a32c7a3cae,3,Sci/Tech,3,Sci/Tech,False
69308,40e250e4355451a00409fb8f1f2018dba8f0bc6b0229313014534534410f978f,3,Sci/Tech,3,Sci/Tech,False
69316,d89f966741a11a3a37ec34e9fd582f2dfa6f9a18d7eb35452f0a72c8e71a0a0d,3,Sci/Tech,3,Sci/Tech,False
69358,d0a04bc64acdb2ba2277d232a277f39778083e60a51cd2d132e2f59b7c6a33ed,2,Business,2,Business,False
69364,0fcc4ff9ea760f495471ad41370ac7ccd5f8f256c03cc9de82ae208ff5d3ddd8,3,Sci/Tech,3,Sci/Tech,False
69373,fa09e00c7d3f520520403d922a22d8abbcdcfc1990543ab872a9a23b494926c1,1,Sports,1,Sports,False
69379,bc3feda685328c637b623944ae06fdcf337c6456308aefee573b9efc73dd1622,0,World,0,World,False
69384,f2cc907fdda8427e901ccef461e1f287583901c1fe8b7f4ae082dba86373dfcd,0,World,0,World,False
69394,e5bdf2fa3ef3d624e3a254eb8607ae3611564788647cfe1334440ae04192abff,0,World,1,Sports,True
69397,b876c890ea802d8cb5c223fc64f1c60366d841556a810c2225f710bd55c5701e,2,Business,2,Business,False
69401,ef464929227e83323aa210dd1d1a1413a716b195779e84861deea6cea6cec80d,2,Business,2,Business,False
69404,96d6246f8370fb37c5877c9bd0bddcb5fa38ea028782e9cfac463cd8593942cf,2,Business,2,Business,False
69418,c058ff1ff9e7e54f3a8c0b40b4c6522b1700258d4da0ee7e42aa06d29c6fa7a3,0,World,0,World,False
69427,e78949f106d0fb8c7bdb0953c40c08a2ad79a930d08bd2a65dc7ab197540facf,3,Sci/Tech,3,Sci/Tech,False
69461,961e0487e495547c8da485e0c2ef05ca93f48409683dc1876f563b5530b18836,2,Business,2,Business,False
69486,f98ce88e9e4f3e1547a8ba00cc0df3cdca90a1663f294ff8d673ff30cc9251a7,0,World,0,World,False
69487,b4edf0894a1ce49c2a8c92954ad7c1e5dc7d6e1f5d97631422ade8ce0550b7dd,3,Sci/Tech,3,Sci/Tech,False
69507,38e80265c847277445231cd5520ec790eea373f4ba3e8f1ba68a3415a0e66a07,3,Sci/Tech,3,Sci/Tech,False
69524,b4c3c6cbdcd3930f51e671f4347bb3bbd1fc174a19443c80add4cbb323b2dcf0,1,Sports,2,Business,True
69573,37f21a517cf7107766b99309cc6779e20e0f5c7477f61518cb08f8dfd5fa8805,3,Sci/Tech,3,Sci/Tech,False
69579,b84cfaaa40eda6bfe48a319d6751b29c70cec64d6e19e9d8f948bdb0cf3499da,1,Sports,1,Sports,False
69586,dc748710648b74013078e8a522c317236e6f4562e5e05ad40652849681b05d37,2,Business,3,Sci/Tech,True
69628,5b9d9ddbb4f4f9ccc3162db090f7ff46de280cc8e5689b0f80b4726efe8fe7dc,1,Sports,1,Sports,False
69629,91319c3307bec683252f0dc4832eb0324a0498dab76b0f51f9c4c559e7461f05,0,World,0,World,False
69631,70593ab1074a1b116c255f87d0a5655acb5f382400e4eb049af9fad7eccfe267,0,World,0,World,False
69632,056dc65f7b846abce4cdc15bc6ace026bb466880392e2f44da9329b8bd011f8b,2,Business,3,Sci/Tech,True
69636,2a3c9ff623b4db804aaf17b001df818ce021cf969837e107ea1a0def50d62965,0,World,1,Sports,True
69639,352b380f270fce85842daaf6b023459807b04ce762281aca90d01bbe46170048,0,World,0,World,False
69648,3e42df5084cf41e946c42d92f73cd7d6c09d6f31166d6a58fbdf0bfc91b9e023,0,World,0,World,False
69709,991f583697ae9ca21954ff7a6d67f0877a522bb00bca282f55bc08145d0ce9ba,2,Business,2,Business,False
69715,e9cfb5ca77f8b27e11e9eaf1030ce2e33cff30a32328e18198d7c605d3697df0,0,World,0,World,False
69720,db00bc761cb838151ebadcc5ce26c069d3204ebffaeb31dbae0e9fa85d9746ae,1,Sports,1,Sports,False
69742,6ad0bf60fb393e32252cea85c7a505ded889ea4378c4071e598abd7c47f6ec06,1,Sports,1,Sports,False
69745,b1048715088318bcbcabbff61bfe113708474605d7487641df780892f772de9d,0,World,0,World,False
69748,bc4bb1059ce819287ec7cef14208696aafd3452990f243c0341dcad407fb9a2a,1,Sports,1,Sports,False
69755,926e2d736c8043330ebfc9e1afa2b30abc3e7806bd0f20a79ca511ea4bae3af8,1,Sports,2,Business,True
69817,fbfa5d47fa1311dc85242221507b5758ee17ba432ca1c9018f4822b46757fbc5,0,World,0,World,False
69819,44502323f40c13d57b52f383881caceda3c5c3ab0e91b00cfea40831cf4ca82b,0,World,0,World,False
69826,b63679e17c5873d9c61b2c04d4373f29316d5bd54df2f8e29d25c00236e1de3b,1,Sports,1,Sports,False
69827,faf32cf154438914a5a17c2e2b4aeae4738a5c2b6963de8613f0e464e031b531,0,World,1,Sports,True
69857,c3ba1b8c29e27f410321dfef2059d80c40da6cc54e84b77dfd0967db85ed1509,0,World,0,World,False
69867,39ee40f4c2079520a01c96444a4d1cc5821a63c4b29ec69fb20c4383ce67241f,1,Sports,2,Business,True
69874,e5765e052bbb8fabbdb6955f74f916eed578d1f368e387694bddc8afd1b29d5d,0,World,1,Sports,True
69901,4a9bb875b9be6ee020a4a0bf88695523aa7d96362e30d165818c1330236d0742,1,Sports,1,Sports,False
69902,bc78af51287399f85f23e1deef8299af55bd02a14fb60863784d6d19c4157ab3,3,Sci/Tech,3,Sci/Tech,False
69903,b84f0788829604a10e2e686452db2da566001225fa74c4d2dce788cdddc79f94,1,Sports,1,Sports,False
69913,24680c385c69abdd0125bd0d879624a6327211faba0a86907ea275a2cce5389a,2,Business,2,Business,False
69918,3411e474f510ea0086ced4ec14fd394abdd5ef029bfe36184d83984e04835c84,0,World,1,Sports,True
69936,5401554b8bbc59e68b8760d462b2d981535ffd7ee1128f40a25136f06fda0640,1,Sports,1,Sports,False
69943,16af672ff9b4d96583446865d0062b37339474614544678765aec033a4c548e5,0,World,0,World,False
69965,1091668cdd2e0e04cf9ceea3a06c00a7639547ae288bfe3a5d5a0cd58f1d9334,3,Sci/Tech,0,World,True
69969,85408b649c76592d8d15386aabb1a18c7ce531620026cfaf5ee630eebecc6847,2,Business,2,Business,False
69972,ee9879373fc4f02f660fbce21e7c3a7f60416e4ee4f2c887e7eb898fbbdd1401,1,Sports,1,Sports,False
69989,c76375d1818e4d50d39b8da6de481137343464e68a6f0f4b3836f467ad0f321c,3,Sci/Tech,3,Sci/Tech,False
70008,d6b93c87cca8a5ee1b0b40c209451866880f9c3b4e0847faf009ba6c373a0dec,1,Sports,1,Sports,False
70018,6cfaa5049d5322426bfbeddba557d8117fbedb803176b821b5efe70c47d81960,1,Sports,1,Sports,False
70032,16ce9a00e8d2131ed2b5264e8720b1bad577d091eaa4a770bbf35f31a5cb5b26,2,Business,2,Business,False
70039,ad41796060f9ddba3d43c27251307aa8d101bb31758c8e78dfbb77b50e4734be,3,Sci/Tech,3,Sci/Tech,False
70046,71bf9272d3ca2c885f6b2b3ac6138618bb50974848722a864dc1e9237b21f177,0,World,1,Sports,True
70047,eae6414a55b436d809e614e090e72765f287e1be597cd860757c1e5a0c5236ac,3,Sci/Tech,3,Sci/Tech,False
70051,303600ee4ce81306ab8d5208ac0c2f33c3c65196c9e68d823f962c2da99c912b,0,World,0,World,False
70054,e019429758a6ddae5e20e3352819308dcd3fdab6231baf6133243cebbd195c9c,1,Sports,2,Business,True
70071,74117ac5eb72b3bc44df27aa0bcc90eaf21070d5b9b6211f4da2b73ea084811e,3,Sci/Tech,3,Sci/Tech,False
70093,ea3973dd78652e031acd096dcf4ebfd8ac4c84dcebe2941deff5393b98e9be5b,1,Sports,1,Sports,False
70112,74e2826be8c1ca5133ed5c063350baa4eadfcf016787ef1ce1a13ff71884f9cb,1,Sports,1,Sports,False
70136,87f2aab7e2a3baaf33a1760f0ae45da0b2eced0e9ba7486b968b845e4a0985b6,2,Business,2,Business,False
70142,0e642c01002d0e41c30ffd81b09234cfdb102ffe750941b242b35983f6cf7df4,1,Sports,1,Sports,False
70145,a6f336417cdd224942b6a4ded9ae590d48aec2fdcc431f3623b0e4a75a10f1bb,0,World,0,World,False
70154,8547af866ef25dd917acaa44af481863bde69d94eb69f562b7f556d51d05f3cd,0,World,1,Sports,True
70173,4867b05799164bdd18f4848b412212f5e4f2574abd6ca036eccf2139777ab8e9,2,Business,2,Business,False
70175,fc1872730ff417c7a310cfa27b5d68c65d0506dd50cfc0b754fc785dd011d6a8,0,World,0,World,False
70176,b8b78a079ee131dc76451072a8a46a4c425740b330b577825e919f94e57b2a6b,0,World,0,World,False
70193,abe0a24a1b65cc86a070aac9908c8076410d3b6e88056bd4943f09da4be6e287,0,World,0,World,False
70205,c0879964cd9b6803e2f5681364eb1859f20e95d96130dcb2187024d39b2913b7,1,Sports,1,Sports,False
70213,fbc385466bace28b3d446cc5fbcb5ba2838727e64f1e90c0979d8dfdc2fa5793,3,Sci/Tech,0,World,True
70214,0da54dc65796fe4b77ac328d0e0cf9b7be2f17ea2fb635f9731f387cda95d5a1,1,Sports,2,Business,True
70219,4a0f020804a5db125b18026c3e6f43fd347aeef79c2e787315a4e54c6f130c57,0,World,1,Sports,True
70224,eb83525c39d939f14d4b7385460944cf4e68c819015afa85c097b6dfd4c3cfba,1,Sports,2,Business,True
70237,a98b719161ecf8a75d268d69d101595344475c11b98d770c77749d750b42c69c,2,Business,2,Business,False
70263,a14562b1a607641aab8d5384ef5ae12b21168660cd547940761b548474daa61c,0,World,0,World,False
70267,897877b3ba353ecd4366ff6fab7abab74972a36a1d9c1b243bae7822eae9c2c3,0,World,0,World,False
70270,686ac7618a11522a2702f46fed12a9a8e751d5b7452565f32c3f837827409519,1,Sports,1,Sports,False
70279,20d996276511b8460b6c4760abc683ae7a8686493b8ad4861f9fe885313a8396,1,Sports,1,Sports,False
70299,424aeccdad76fc9bffe447a9e5ce69e6815a2bd7d8e202f12ca30691768e5d57,1,Sports,1,Sports,False
70306,24b36b437723027cb08641a37f8051f3420e4800766271478f25490c34504a0b,1,Sports,1,Sports,False
70315,a163b7a78c08da45754cb2f89554960f9a2519010d70bd3e5e4b37fcfea5ca1f,0,World,1,Sports,True
70337,e29628b3a7d1ec6b42bb81c22db6014e70ad71909b73b4e9559f8d1caafa7ae1,1,Sports,1,Sports,False
70340,6349d33fb17b2f797cb92664538575ed8c66c47545e29d3a3195a42f8a3faa5d,1,Sports,1,Sports,False
70341,000c7218bb90592593661de8872b1cbdb8c177bea27cf41717a34daa48437139,1,Sports,1,Sports,False
70356,cca33eaaf6859be041998fd50e89daa94bab5f3407b17d2a49e6337bfdcced07,1,Sports,1,Sports,False
70390,594c22540fbde62fadd8c0f6de2d7e59af324e1a9dbbae96213a68e854e68006,2,Business,2,Business,False
70404,9a00382445f3bea171a7dee2e4f9810a21db8546941e64ebe8c77b9de95676a6,1,Sports,1,Sports,False
70454,37ab13177aa1f768e16ae41c09cd237aafd352c02e090270abbebca7283c68a5,1,Sports,2,Business,True
70457,d910826470d27294b66360efe533aef55c495e3f21b791834cc2e255045da022,0,World,0,World,False
70469,dd23c6768f3e6e7d792679b91515966c6bd219528f3c63e649b6adf9bb75fa66,1,Sports,1,Sports,False
70495,89cac06fadf0de0fc9bff397603d49829121cbfbfba53091a7e6d3e1efe3747e,0,World,0,World,False
70503,316394b4add39129ce0202c0e956e78ef18df50bc515306f5481f469d02dbf2a,2,Business,3,Sci/Tech,True
70505,512f610a668f52179ef6380ad1819c0e12e0b8725892e0889109c835d28c2290,3,Sci/Tech,3,Sci/Tech,False
70511,ee60b3755a3d88611829bfdeee4d5f9fad97944ed5b10059ddf9023c57e7c383,1,Sports,1,Sports,False
70520,18a6a5205f29a797eda503fc8f1b1fbc9fd68ac8d3741244a57ffc08a158ecfd,1,Sports,1,Sports,False
70536,209b4446585a8acedbf2751ff310952236d202d17b60c997038c4f6ee6bbc85e,3,Sci/Tech,3,Sci/Tech,False
70542,40c951225c4d96b2608118d3a2cfa1f885a13ff3e12383bf9230f081fb05fc44,1,Sports,1,Sports,False
70559,1b8144f1416a2cf68cf767291b6b60a027790f79dbaa47902a7d11412d502657,0,World,0,World,False
70590,20c0966ad285162d54b88fa354ceb36ca8e2cf8c7b69c07a1751b5452f022a41,2,Business,2,Business,False
70604,8d45a07a53c09932ce79147b09627d147ee110f555f2d1022868ca9f545125aa,0,World,0,World,False
70608,1c770ffd64bf30027be449e510d8d9a095d7a16c320fb067a2afbad740ab6058,1,Sports,1,Sports,False
70614,2e69d1ad84d153f6cddac2a19ce1edd5d8d8fc9713d49aded557ec001ddc627b,3,Sci/Tech,3,Sci/Tech,False
70628,b3a867f1ea7605da10d35fa80aad52f28aa34e69e889625a8ad674387f9c66f0,1,Sports,1,Sports,False
70632,f3ca8ae58d54263f5a1b21a2bbffbb25606c9e80a008f0e95eb9f5335a591e3b,1,Sports,1,Sports,False
70637,d99456a300a28501dd699d3f952899c713d42f0e49101fa79a22057aeb7078b5,3,Sci/Tech,3,Sci/Tech,False
70697,a1039da6eb726ac717aa48fcfe03ea365710283df6eeedc451c6ec0363ecadd1,2,Business,3,Sci/Tech,True
70707,d7d9dcf1d2b7d6c732fe671742cde2ec49d3526a8327b225be8d2accc03a97e0,3,Sci/Tech,0,World,True
70708,22b4beb174fb7767cbb03a203940b3a735e6e49839772802c028baabd3cee5f5,1,Sports,2,Business,True
70733,2167f4c7e48b85fb9eb5e39c04e82e4345228b83b4b27415ee6f52eb3436b36e,0,World,0,World,False
70739,cbe7c633f76db288e9d8161335eadbc699c996abd1cc6391f29822ed0810c9b3,3,Sci/Tech,3,Sci/Tech,False
70774,e71ec7e7e0f0f7d1dfcae9d477ce22777294d079021e8e0b8a007e7d2f143bf4,1,Sports,2,Business,True
70799,503f6dc948b63f4483452aa824500f210e0ec56df41491772a8c9099dc2f339e,1,Sports,1,Sports,False
70802,eb5d7867df32c19307736de9c76dae85ff02df9fe7241c6563cccccd5c0d48f7,2,Business,3,Sci/Tech,True
70806,b48c1b4ad4ae0d3fd73f53c78de8626b8826a45d5797f14b6654a1d805c37d12,1,Sports,1,Sports,False
70820,955c9e2033a1d709e5cdaf556b603d8398b6eb08cee99f77d7ce62f121134601,1,Sports,2,Business,True
70833,f7e1b7722074eaec0ff9d539313b20c37cdcbdcf2efc33e2e873cb5760022adf,2,Business,2,Business,False
70844,cebdfc82bfb95391278da2c99b71c76118eead99d831f51192b9e6cd6a41bea2,3,Sci/Tech,0,World,True
70874,621910557de67db843ba3cfdce5e07bcfaeedc7e890590b6f12a2522f80372a8,1,Sports,1,Sports,False
70882,f9e202080115359b99f02d3253c863e6aa1c0938499123445b3e5866e8dd3e9c,0,World,1,Sports,True
70889,a1b3b221bd0f3684188887b20c39801a877ab96367f48deaed304abf4c11d9d2,0,World,1,Sports,True
70890,7f63f36b58bcc6178f9c0fddbe3d3c745ecd59fa394c7926a563c01f3dfeb2fe,0,World,0,World,False
70898,40533b73b9a501399986b5e418126fe38c25357d4de3f6b8f70b2a54184d19eb,1,Sports,1,Sports,False
70903,09f4ce53f8b04a7da00b187ddb1f4740d26c1645d27866d636819eb6c54338ab,2,Business,2,Business,False
70923,01377dd7e9c328a6ea6fc7e3013e5239d860387b9021e51dbb108a2bceae60fa,3,Sci/Tech,3,Sci/Tech,False
70931,f5764069ee274dfb2fe3f47521b345d562827bdc416d868d5abdba1a6091d56f,2,Business,3,Sci/Tech,True
70932,c161c61b8f144767ac97b5e5d9a47a6dcd23ccf40a83c14296db8ae1ab0c2fad,3,Sci/Tech,3,Sci/Tech,False
70942,3f1ec82b51316ee95b994abe7758e6d3e35f0f06f364d64a887a7087e11db3bd,1,Sports,2,Business,True
70950,60127ca74afd81ee93c4d2524ffc980b548c274cde3746513a9405e87383132a,0,World,0,World,False
70960,7f0fe01900685bd5240c0e1ea2f96c59753e6b176a5d2912ae42b6ac0d8b3b11,1,Sports,1,Sports,False
70961,a12b0d799e3b37fdd2c313ce3cddcd39a9814120af7e61e72f25a5268af809da,2,Business,2,Business,False
70979,833bf55bcfb0a6e7668d4e3130ee9a2ed50dc8a57b0c374914a253768261459a,0,World,0,World,False
70997,2a03c555e5e3f260ede28f72aa25e50d2c49aae075d2b612915d25a5a6b20426,1,Sports,1,Sports,False
71001,252a6f28327953553c0199e7e561696939c00d91fcb71404b4f290b5ed34b56a,2,Business,2,Business,False
71015,83280651312de8e9aad775b9ebbcb16428b7c4e9faaea2bb825465d4fb9aac78,3,Sci/Tech,3,Sci/Tech,False
71031,7320ae7b3e9f58893f1128b78108e3678713993f250434a42eaf3f8557be86f4,2,Business,2,Business,False
71035,d57a9fab39c6cea336cd009fa26322f45beeceb067c2c2b8ddf3f5c5df3aa9f9,3,Sci/Tech,3,Sci/Tech,False
71076,fed4f25daf45d47093019b10cac518944041deb0ac590aa2614722d7ea3f2abb,0,World,0,World,False
71083,61c41efbdf509f392346469a6a3d3c89061cb27b4cca940627fa85b67f1f809a,0,World,1,Sports,True
71098,dfc52f165a1d9766873c7bcd4abb7c63d8b925c08ed72dc8e69618ddd08f8c96,2,Business,2,Business,False
71113,eb7fe73406a7deccbc5c9948a08baa132f2d2c057aee26d04bdd6c83737ae924,0,World,0,World,False
71125,d7944a9a4e9d98890f054b90d25456d52384248bd7088c5bbf7df7fc85042bf7,1,Sports,1,Sports,False
71161,ad1b9faab0a477e5bb9315b2d246f44524b39afc02294fa3b2f05cba558bd91a,0,World,0,World,False
71163,f95308720b83527c2306662e93da9b967ef0de90425479066ddb90b6c8f7550b,0,World,0,World,False
71188,9d3c78bcf7ae907ca41ccd3d90e77e21dcf85b740890af924e804db902c59a63,3,Sci/Tech,3,Sci/Tech,False
71192,5400b2b6dc679876f0201ec61e9a13a9a34c71c04bdaadecd050a0389caaaecd,3,Sci/Tech,3,Sci/Tech,False
71194,e65f02d6441fe98552448a62def2932f95773f547a350ae77eee7b0f59433a54,2,Business,2,Business,False
71199,2844d5bb98948f8c2459a0f9934de07c7f067de7081510d2e1abc813b4515775,1,Sports,1,Sports,False
71209,c172eec20383f9d3033b12099200b83c52f4cae130c7cccbca1780fa4aef3f4a,2,Business,3,Sci/Tech,True
71210,1fb723ecf34c4e6c8d46a0c99c3417df6b02bd3e03acc931083205f8fb26e055,2,Business,3,Sci/Tech,True
71213,d4c8408689edbbd096403cb8f4c0be2cda4e5349061319bad26034a20796c94c,0,World,1,Sports,True
71244,914986fd5678d9a58b74b45a277ce5b9765af228307ea1a28c32ffaf1768067a,1,Sports,2,Business,True
71266,b1cb1b2b7bfc67f8c57bdaa699dccc0048a812d7021653afb0f45b8ddc31725d,1,Sports,1,Sports,False
71277,dec7f1998d02eaa1e6e38bb5c6cdc3d67168fb095ad5908831b79fb92fc2ea04,3,Sci/Tech,3,Sci/Tech,False
71294,abdd183c366c635a0c9394851c50cccc3fe9f8bd5a45aabf0742459c2e9d2303,3,Sci/Tech,3,Sci/Tech,False
71311,f40f68510fd363412fac77836fc6707436c5445ae29dfb5818e9a6be2a0608cb,3,Sci/Tech,3,Sci/Tech,False
71329,c00e1e190905998e000c52d94022574f919af44a4822732341d8a14174d1fad1,2,Business,2,Business,False
71344,029835fa6737c121d061652ef17ad83710c8a88286243cf0a5cc98b8effad0a9,3,Sci/Tech,3,Sci/Tech,False
71345,d7b4866887bc7e177d09801190e35104e53ada95a67ad41939dc3ea2042d5564,3,Sci/Tech,3,Sci/Tech,False
71367,d6636bb2a536818d9fd1a9b794d0dbb353690ae6604cef267dc47250ed9bd48b,2,Business,3,Sci/Tech,True
71395,c6ee51c79f49ac30ad31592abb51e9ea4831284524c85ccacd36146dcc03adb6,2,Business,2,Business,False
71403,988b5f5a552571dcd1065f570447163faf6f82fed4034aa6d0f8774db5018738,3,Sci/Tech,3,Sci/Tech,False
71410,493a64d3bc546e372ac0992c4f1b2f9728b86de5eda54fb653ea86634417ca59,2,Business,2,Business,False
71420,f4cb0addb4b6e68fc3defd32dab769cf695a7c8a8aef8b33aa86636164c50c24,0,World,0,World,False
71430,912340f654c1e093b2620baf12d89fca1a61b2f8493c6f19d901c3cc8d254b4a,3,Sci/Tech,3,Sci/Tech,False
71438,502cdd3d999b624f1edc257b93428d548258fee3d5614ae0982dba4414449670,2,Business,2,Business,False
71489,b172547a7443bbb92715ca0cbda05211cf47d874f320b454a7e2992745aca80c,3,Sci/Tech,3,Sci/Tech,False
71506,cfc83ba9389be0cd6f7b014a78c980324d384d44f802f0181d84f4ea23f69e3c,2,Business,2,Business,False
71510,cdc44214d94993699b1eec627ce78c40e1befeec5300c88f24acdeba5bb494fa,3,Sci/Tech,3,Sci/Tech,False
71537,f7d34e1f2610ef68a3e3e851b73c0dfc0aac949a251bde63276778f0d466cf66,1,Sports,1,Sports,False
71557,c5ad9e6d2d2f95d3f6d63879a1e5c3b2a6d493601d3ac298bc54747ac8e98e20,3,Sci/Tech,0,World,True
71564,30642f1873af3946112e2fda85f06d2ec4afd0fe2374ab129807b0fa45f48f43,0,World,0,World,False
71569,3750af0b46af28c9bc16a05e1f68d21d8c6df751759e311047aeaad69c3a1fb0,2,Business,2,Business,False
71573,6e5ddc8a309a6abf715a553f30231b1eecaa2f9a69119e2ac773439f7ded56b7,3,Sci/Tech,3,Sci/Tech,False
71578,b7e28e8869ad245d4fb4da65dde7a66dee108e8584ac1cb60ca14ba972a2ed0a,0,World,1,Sports,True
71583,58bbafe0f426febb1ec9f7e566a84cb1c675c026feca3189221adb4f502bf82c,2,Business,2,Business,False
71586,30c216c5b9f917e8b07c3d2849dadd3f2834d64d06c5f9180d84ae2b3131a621,3,Sci/Tech,3,Sci/Tech,False
71587,8b5496e152f992d082978bdb9d244f4046bf8037c4e60c4b03be6e6c9d86257b,2,Business,2,Business,False
71628,70ade6d68e15b349e67f990168c3a1acd86b82986a2e43b85c98c705a75448c4,2,Business,2,Business,False
71634,77ea0ad99e82d3742f1c6a53c4146708c8ae673c24cc7384a3a528a5788283ab,3,Sci/Tech,0,World,True
71676,c334a381d3fb7a7f2f3d14c70cf088430d058ca482dede47f30a0e019c759a36,2,Business,3,Sci/Tech,True
71682,2a7978fd83ca1ab68b7e0e3530094eb1a7547dff96d8408aea41d44b63bf1b82,3,Sci/Tech,3,Sci/Tech,False
71687,d5a4cafdba5799044ba1324a29ed37e98025d6dcf0418673a6c5fa128db052f2,0,World,0,World,False
71694,3fc8ee3cbbdcd2191d5c82adab7cee2a524dd8bf95cc15c725b996573bf24266,0,World,0,World,False
71722,cb6e243fabd162c6b6a68663eeafa56a7c3e56bc730f5bb04c48ea2a208e6a27,2,Business,3,Sci/Tech,True
71753,cc08e040b11680ac503255999179ad814de4440befa45a4674913f3bb648e763,1,Sports,1,Sports,False
71765,aa716bb00788fe1820337d67181b5859242564c908b5f25a70c082332b7f893d,0,World,0,World,False
71808,7731cc2e01d5181a93f31ddd8e319d4a207bfa067099af505d18be58a077608c,3,Sci/Tech,3,Sci/Tech,False
71811,707bc53731c8c758b99f9a6b79c5116b3056d645ff52f7186c4637cb0c6cfff1,3,Sci/Tech,3,Sci/Tech,False
71823,20f9a74cd04dc0a877eaae155924a2ef24e194b03439af54eca88b8b1c02bc89,1,Sports,1,Sports,False
71853,46c78de20800586a20d8ee8f9d62cc16ed9258e16b4af63e1160153804766f76,1,Sports,1,Sports,False
71883,9e68998948d642c9c41fcd72aec3fb1d2067ea640c65c1bb164aadec363825a4,0,World,1,Sports,True
71893,fbbca40312381206fd16b4dad994aed9dc7ca4cb3de3891950b3913b79df26f6,3,Sci/Tech,3,Sci/Tech,False
71894,fe88e50ce0621a741f2aeb777168fcba53ccd7c1a83ff30fbccd50b6a3d187a8,0,World,0,World,False
71909,98b3b8033987daec206e0d3801672730c4654bccc445fd5a2af7244942d88e0c,0,World,0,World,False
71915,fd89120c9fb95bec1448930593cd0b852c035cc5e48642db923e3678604fc473,3,Sci/Tech,3,Sci/Tech,False
71922,97f75c0e0753a19c6042e71c287dda093c5d408b7fcaa6cd1de95be9f27dcd56,2,Business,2,Business,False
71934,9cf017dc6d6ffa029b85aa533a64edd3364d0b618ef7d4343401aff9edca7d8d,0,World,0,World,False
71937,ad6e3eba6942e28c1ad58cd999157d9f8b096890321f29b979c549b9458809bb,0,World,1,Sports,True
72000,99b79070048400b6ba66f43e5f62833e71bcaf3ef07e2d77b3f2c141cbbbe162,0,World,1,Sports,True
72005,f5d622cd255b1df4d7f2d345e2b487c748d162e9e9df3144957d2f9f374b5064,2,Business,2,Business,False
72006,e51ec18e740084fd359419a58d4b3aaf0a48a8be4e6c3cb1e28ebd604afd1aef,2,Business,2,Business,False
72015,afa8cc6e13bfa9da3bb1fdfa20a061e8cd8abc0cb24e8d51638f7a6f8fef9f99,0,World,0,World,False
72017,41fa2346e071b28b1ecb4cc7b86221c7682fe54164e7c3d8746e4a8b54329a61,1,Sports,2,Business,True
72042,88063ce2e2c9f66e90a6a2454b5d7c74591a514530e688817317cae5c28790b0,1,Sports,1,Sports,False
72053,9e95bc3ef8c1995e945957975847a68ef2bd56b1728f764fddb8df3cafae5da7,3,Sci/Tech,0,World,True
72054,4ba7f0664cca8dd51b760b0475fa1a1ceb85fcc54e908f850fe16c5ccdcf4d4f,1,Sports,1,Sports,False
72055,7b08e5f48abf66f626f10fcf06e9ebfe315f08e0ef65b6091f314b2aa95ef886,1,Sports,1,Sports,False
72069,390ad5d6964fcca1fff5dd9c334896809a38acfdabdca084e8b7b83f3f4556ca,0,World,0,World,False
72094,b74a66ffd6312dbec87831d4048fc8a8b76afcddbb689984874526114951477d,3,Sci/Tech,3,Sci/Tech,False
72114,af29f938d407969e04f44720e5f3d26fc9f421bccf42907c56a249cc4f8c406e,3,Sci/Tech,3,Sci/Tech,False
72118,ec6d204be055eda0de4fabd5e4f17df508536f7c32462b2dc805c539f64eb5f8,2,Business,2,Business,False
72125,9f10a43427a9c74a82c56d87385f01773d79bb6ffe3b2edd3b0ea5998bdb3ff4,1,Sports,2,Business,True
72127,74589e9bcbca35b870396e9f523d7a7f5af6da966ba28e8e30f3cbd7281d5d4c,1,Sports,1,Sports,False
72149,c2977a7241150b57357ebc88bcddf4a86aa115e1ede93294973c613c59679c6c,3,Sci/Tech,3,Sci/Tech,False
72162,2d044a704a2f10c328380861e3dc3a29482d09b56ab857dbe7a03237b31491b2,0,World,0,World,False
72173,4a95083b529b76b9515904c9533a41b99b175cea3b5133788ce924ec60712d8b,1,Sports,1,Sports,False
72179,bcea57af62d83bbded7441b3e94af8836f841ca8752461a87db5761486ec9970,1,Sports,1,Sports,False
72180,2941b42831704a11527962e6d0aa29b6f67bc1158f06dfe57caae07291549d58,1,Sports,1,Sports,False
72187,b2e7de6027b701161bd3c047806aeec0f1c5532d34561ef350a3bc76273dbefd,3,Sci/Tech,3,Sci/Tech,False
72191,e217689a1791502883e504f34dcdc696aa5c2ae653669795f2f7ab0bd3f2da00,3,Sci/Tech,3,Sci/Tech,False
72237,c50499e207e10ef287e44e5eedda4400784a45c2624c1499965201e5a6c5406d,2,Business,2,Business,False
72239,c2b3b5e64b4a88b59f25159d79d64c4ea943dbef2bcdaeb2684e82e9da375d15,1,Sports,1,Sports,False
72241,c337cafec1752d2bdfc0600e1918d30b8850f2fbcb5e27233db4144a3dded67d,3,Sci/Tech,3,Sci/Tech,False
72254,5aa5657881df4d09ef5c09a02c1a486b387d8f5aa0801a22798df63c6b9fef49,3,Sci/Tech,3,Sci/Tech,False
72258,0cb266eb4123db670911e674d2b0dfb52d2fc1f92276a375c307effaa2842e21,2,Business,2,Business,False
72278,fb40c3e8833a7909976f0ca5d61f4fd42ac33e2c4b7c723cadb97853691d4360,0,World,0,World,False
72283,0197abc5f9428e6fe87053d6e252064f465e502c8026ac4a284ee2abf3dc82f5,0,World,0,World,False
72309,47f79573cb20a44aa953ebb15fd2a932615cf15cd5da6f5f2ed195e3f7b445b2,1,Sports,1,Sports,False
72320,ddd211a07d7cf273074ac6bd821023dc8fec379362c9476a998ce3ca5a06cf3c,0,World,0,World,False
72321,83469c57f1a823924e8a0553528048279ffe95a46d970e7a46fdbda88358011f,2,Business,2,Business,False
72341,309953795bb4d788fdf4412863c777e6c2a96ab6e48219d952cde45b9c5b7c10,2,Business,2,Business,False
72348,a7f287fad51b537931b634fc8b0e9d577fff51ced357ea16d4f060d43ab0fbc9,1,Sports,1,Sports,False
72354,698de7706948b34c739a5f0e06122b9d8af106f6f444ce75648aa49fc06af702,1,Sports,2,Business,True
72359,2962d8cc8d5ebf9ceb9f26e445cc436262d62446a45d72e174c15ee94036080b,1,Sports,1,Sports,False
72360,2b5d65cd7e8172985b9401f84c12d7bde261cc526d86f496b86f82345df75486,0,World,0,World,False
72363,fde1b03caa5e8e9691f0aff2a5b41c0aef3b32215d7df21ed12d924fd5a1a052,3,Sci/Tech,3,Sci/Tech,False
72384,64f1ef2424f881745703d3f194c2b699ae16589e3a5ff3e619a9a41a79650b7a,1,Sports,1,Sports,False
72386,276f4a0233561db1a45997d2b2a758a4c4c2014a446f4d782e3a0c462a572f24,0,World,0,World,False
72387,d9d9a7f92891549cda9a7824b6ec1db83fa756bfddc6de9cbcadc8bb4b83dfc8,0,World,0,World,False
72396,c85f7e407bf9d3ee1ee20d0e67a664a2a2b4c6a854fe4094288c95a1578fe4f0,2,Business,3,Sci/Tech,True
72404,ae57fd47241328c0cda005bdfa8e57f5f149d4e8d1395641003d8c6be67748a6,2,Business,2,Business,False
72419,d512b1fd33ec170a2108c2a8e6e7cc22f117d2aff7ad64fc6edc44a11d746da7,0,World,0,World,False
72425,a9ad8285b8256b64a3421c905c3646b2131914d12202589c64b481ed8f794a76,2,Business,2,Business,False
72472,278c09f2b8d67dab142fb6fb5b91f227b6abccdd68701155ad82cbff7566b972,0,World,0,World,False
72480,372fa8d49e84715e68859a7f4bc0e5b7e7ddfabc23a5450bddb6342f6eb91cb7,2,Business,3,Sci/Tech,True
72486,4865d472ce5e766a8bf747c369aa563ff8a84402fc6f51b1acbf70b2654843ae,1,Sports,1,Sports,False
72493,1cb17ed18cf354d2517cb1130a347530522211fe81dce52a6683dbf547f54cbd,2,Business,3,Sci/Tech,True
72503,cd4b23f8e2bbf4770266c6e12a283595fe33cc7556dc7b5a05b33fd1812af5b3,0,World,1,Sports,True
72519,eec8421676e36d1210d763cb275bb698f46258bfba131ff0ce3fabfe1054a9f3,2,Business,2,Business,False
72535,9627c7220c3860ebd8f02bf8b485f81cfc10df36ca63d8ba2f203b785430624e,0,World,0,World,False
72542,09aba2677933745976a4e828185598ed3fbf37894152d779fac4b319b0962ba8,1,Sports,2,Business,True
72560,85a0dba0c1b61aa7a14156386c853c4ea7de8c2358357bcccdf0aa475c3da0e0,1,Sports,1,Sports,False
72562,83c6c9f96a2b85d64b5a781a0e1a75114f2e004c9a209664b542a66122ca9e92,1,Sports,1,Sports,False
72577,5e56f0d883a87a11b6a663a122d09b39a12da08adb632a3ccb400820047aee16,3,Sci/Tech,3,Sci/Tech,False
72581,f4162937976cf13f2f10e5f31ce2b9b915a57708e40f1167883d2cda2c317059,0,World,1,Sports,True
72592,56c80e3319eca19a5f4c42258a62452a6d3902437bbb5e104fea521739440b63,2,Business,2,Business,False
72606,b5452ad74abbbce093ac155b80597d084926150f2993b8da9a099519b13df980,0,World,1,Sports,True
72612,3bfdd761621a36ebaff8a053a0e9e4dbfaef94deede11c18ff31eea82b569ed8,3,Sci/Tech,3,Sci/Tech,False
72631,f1c5ad8dfa6541da5fcf752a16fafbecbdd3e7512bea08e0c44f8631240fe908,1,Sports,1,Sports,False
72648,b507eeb5c27b1e404d3707a0432d0ef371ccc8abfbedba0ab4cba6cc28e8b0ef,1,Sports,2,Business,True
72667,2a4f4a7d357618e34c77ae632dea8a9943d4aebe3f14ce5fdeff9a91affbfe9e,2,Business,2,Business,False
72673,dd58c366ee0bd113df71013d1f95ee6f13fdecdac87d56d03b5844755fa8071a,0,World,0,World,False
72680,0b56aa432de423a894663d1c44157a82ed2a3db73396d37eca90cd35e4fc154e,1,Sports,1,Sports,False
72690,ed4a3532f35fae997d737dc97d34ca86a2282929ae029f4db926ff1e180dc804,1,Sports,1,Sports,False
72691,e1c140e78309888a1c7f5453a8dd03ff9397dc9dd3f4f1a21d3b73dadf648491,0,World,0,World,False
72703,c68942ae34c08f22ebd1a186264a015d7b70138bc42a44d3c7e871dd24e516be,0,World,0,World,False
72711,c3a428ae89456840c715bdcb35463bec7d50b96cef3d32541e3e375770787bb6,3,Sci/Tech,0,World,True
72726,2fd67f06f48d4fe831151a14d5482de887efdcc60ff1c3b7640b9c64d86df9d9,2,Business,2,Business,False
72734,2d2876c45db58db9b14c779314edc9dba3f0dcaca2ef8db260c59a817fa9b21d,3,Sci/Tech,3,Sci/Tech,False
72737,169aea4bf1474c0b1a7ae29c666788c958b3a87177093726ef333d261c77d7c7,0,World,0,World,False
72768,d36da505813e9727b95ec6dc54fe6d2f079fbe39214e4070a1e95b623f2f7688,1,Sports,1,Sports,False
72773,6817116335ff00eb09e0503a215ac9358bc1b18916b67ababac49b2b10fc711a,1,Sports,1,Sports,False
72820,85cc93fdfbef7ffab9e25363249a080e0c3b4a182fb94204256af3aaf709e36f,1,Sports,1,Sports,False
72828,df878e39dc4045cf6eed861d8551935e6ada0053e739a66b9a7253806c774fb2,2,Business,2,Business,False
72836,a5a643dfee9c52ed93da183f87acf1478ec65bbcc8572097c6d0f9e9760d7b18,2,Business,2,Business,False
72848,2efbd815e1ba960dc2e821a18507bb1e397743f0e5c8bbc05ce2ecf4206835fd,2,Business,2,Business,False
72896,d7be48ec1b49dc1b27aca92d242a993a676cf066f6193480c29e845b96cb6e9f,2,Business,2,Business,False
72897,9a654f2afb48ad96be41ab0180107da7860f81a120225451d8b918577f0cba83,2,Business,2,Business,False
72905,d374bcede133f9ddf72889876c17eb342d6d69ec32e522793215b3a11d98eeee,0,World,0,World,False
72920,7924742d20bfe89ab2866f57bccd1ade01978b625236da98417f6bfc1253331b,0,World,0,World,False
72936,caa240f2317c1c19af8037e60d7bdad2db05bbcb3e1eaa132f835aba60e7452f,1,Sports,1,Sports,False
72938,c1e5e20081092961fe7c47bc00b7f56bf3a3f0d88612ff0bd9fa9b06a6b79776,0,World,0,World,False
72939,cd74fe6b23962c46c5b9e16d02df1d4155a0cebcdce1155ba26070d2276abb97,0,World,0,World,False
72953,2ff7a480ab302bde29cca08a981f39beaeb6597d29a8736b7162650e59ea0ddf,2,Business,2,Business,False
72958,8028a808f008106393846677ce90e68fcceaafeadd64ef7270245a89e65df08d,0,World,0,World,False
72966,7724e29d3118686bc6bb9dc50c453661e5dca2a81b813ed1b734440bc3fb04ec,2,Business,3,Sci/Tech,True
72986,bbe1a71da4de2b05086b1f9792bbb5a5ca755f253ce441d97a96fb802fc1e860,0,World,1,Sports,True
72990,b9f1ee0ec1ce11fa85188150f2b4a6c9a410a595b2f86b2b9133266f874a03e7,3,Sci/Tech,3,Sci/Tech,False
73011,bad9d0a65da62e2d87a94bcb5ea583cb96c8046c9134a33c036c40ef761b7511,2,Business,2,Business,False
73014,4f51620e4c5eb09ed49456e5f3712d37fa39dfd3930405d97dd321d39746ad77,2,Business,2,Business,False
73059,0195e999cabe3fbbfe74dc4568472b48a1f3bcb6c99d6b5a2a5cb31bddae47e9,2,Business,2,Business,False
73080,10319f915e30e4f281a7efceb9b4388aa0dd8382d009ce9c4c079c7090d9d8ea,2,Business,2,Business,False
73095,7be0ff765cf42bd8634bd1d5be376815054de212767ccc43b8148d927a4d9847,2,Business,3,Sci/Tech,True
73103,bb35336e14cc2fcee86cb8b012f52a0a3ecdac2f8a57ef91681d9228f09038ae,3,Sci/Tech,3,Sci/Tech,False
73107,374ed87bc6d2257b5fc11820b4c95586a982f0c849f3f4c486dabefbf60e5502,1,Sports,1,Sports,False
73118,0f2c2dc7836f1d1bacb0203eafbf4ec9db90e7af80647b0cf6b43fb0a3a87940,2,Business,2,Business,False
73123,fc19f389cc0783272701567783f0b3904965a7513d8c3802942a647fb10ac556,2,Business,3,Sci/Tech,True
73136,f8a249ae8c04d75e1a2eba2300de353df21886a200a9f2cd3f99f9b0af083d52,1,Sports,1,Sports,False
73162,51296ee3d5fa1b37eb48a00ff4d18c431102ea66f528da647045a4261bb2137e,2,Business,2,Business,False
73163,61507f5b2d152e5db701212f464f2f0b31290fcab15eefb93b12c49f6af003a3,0,World,0,World,False
73169,dfa54316d127fc557902c6ba184cee7b4803d24552beb046a4946664e75e37a8,0,World,0,World,False
73182,ae4d68f65f54220c5569f88e02b358205b7d0f6dd6ec744fdc8233b792ca2b1f,2,Business,3,Sci/Tech,True
73183,c0f7f8a81beac804742801c058977ddd606eb18587132aa9742e224b0ef196e3,2,Business,2,Business,False
73185,e1f13e47786adfbc4044caa73a9107b811d27e09dffff19915c8fc80e882ccee,3,Sci/Tech,0,World,True
73228,b4f389eb91dfb1c766f7d4459a05f6e34d0a57c3cc55ec780813834d00838bdf,0,World,0,World,False
73244,26d495df4fe4dd7de446ca3c24dd16d7290326577065a09d47b97be3bc12da89,0,World,0,World,False
73256,e85f16e44d06db17fb3b085ee0631cc37d061054216d4f4d1b185e5c12ddb45e,3,Sci/Tech,3,Sci/Tech,False
73261,79dd9c3871ecab51c53da63dd4d5011bc21ebf8ce9e5f11921907b4ac83f6916,2,Business,3,Sci/Tech,True
73270,4d759a84d9b6d64edec864f48aa25b8a740c648a4f797f03be78a1fee906088d,3,Sci/Tech,3,Sci/Tech,False
73275,260e57adad2b25af406d03a79e76d3596d894a93c392cae030bc3d4d62fa83e1,3,Sci/Tech,3,Sci/Tech,False
73285,7eb90a6d78430a95d3419ff759639ddd4c85da85c2388a8b5057c66993fef46a,1,Sports,1,Sports,False
73287,a97d627f7f2c4659f43f5b318c5a9ed0e0517f0a998ee5bb5617827575d36f80,0,World,0,World,False
73309,268035c3417506754a83576c76d34c1617f816c543ea54b5f3f59caf25c84b67,2,Business,2,Business,False
73331,ad99fbc4a2ce6250d90978849c375a5e709d52d1d20f34353f52185e698b6f36,3,Sci/Tech,3,Sci/Tech,False
73356,f3ee24c833f048057919bc5b05ab8e65d5c651f89f0c92049adbb8f5089f7041,1,Sports,1,Sports,False
73358,2832d3081d66d0ffb40f3a6e1a10997f69d558e0be7b21c141b93167220c3926,1,Sports,1,Sports,False
73359,591c87ab2764c482b61cc2c1d4fd723778fddefa9ecaaa46025ff455cd313923,1,Sports,1,Sports,False
73384,db48218dc8916c59ea9010cffc5c038291c4c224d8faebdf2b2c54574c5dd62d,3,Sci/Tech,3,Sci/Tech,False
73389,3c4cfa1cb55f1b46d76045d1486052b5845c31e936a62a410c4c3667e4b4fd7e,0,World,0,World,False
73399,2897b22fdcbf74d21d04995a1b4a801bdd0e2c6e184a3c77df3a2095fa27e20d,3,Sci/Tech,3,Sci/Tech,False
73401,19f279bbc9a11e476279ecf5b0c8b06ecf8e7829558231e6d050011e3df7f552,3,Sci/Tech,3,Sci/Tech,False
73411,4bb9fbb058b1a0a2d97cd3696e89818d60f84dfcf12016c81c1d3a3c5861dac2,1,Sports,1,Sports,False
73418,ca448b18202d822fd57b71a8c02d6f3ed4463a53e828d6f16044f2566f752282,2,Business,2,Business,False
73421,f1f55c60dd74824b42417d21c65436377b49d87445c1f496dcf3ee0bb7495836,2,Business,3,Sci/Tech,True
73436,12b420e3d3238ab2a89cebffb90fea6e77cb1b8b02fd645190eeea3563acbaf5,0,World,0,World,False
73444,4d64ae9cb0e26debfc9d17beec94f1e6831d77e6e872d6d1a67cb503ef690ae5,3,Sci/Tech,0,World,True
73449,e5949c5aad3c6330731ee613c01c73284d80d461974c7cfff466128b78840274,0,World,0,World,False
73492,279fe96d39c4d7f8f7b7833ab7c56cc790e69db28ed0e54d6e676907e702c92b,2,Business,3,Sci/Tech,True
73519,dadb9a1fed08fcfa33aee62cc2288b6bc9affb49bc91677d66627df7d4082b17,1,Sports,1,Sports,False
73534,cf4b494d35e23ddf3c0af62ea100903f52cb2697fbcb23738e7541606db23ea6,2,Business,2,Business,False
73536,8f81e47d5866ea55050b76a28709c33e0beccaa1367570a560ef3dcd30a2569d,2,Business,2,Business,False
73557,f18c6b6fd26529349de9617f69520725c226e4b821ceb288251f7317ebd40af0,3,Sci/Tech,3,Sci/Tech,False
73579,19d6988ec89ea5d144f527e78881df693be79030e68a2fb11e67ab838ddbf228,3,Sci/Tech,3,Sci/Tech,False
73584,dc1dea8cabab4ac9f8f6b5b12e5fa0bde5015cf96d7c857ab0ec79236303b0d0,1,Sports,1,Sports,False
73587,f80d4beb4ff6632b7fd084a5b31bdda050a3e258d6e74a2d6414651bcb4a104c,0,World,1,Sports,True
73592,493276182e1ae54e99befd7ba0b38506e0315894b4963e1c588f2fe9ee1ad984,2,Business,2,Business,False
73594,28ea06a9d1b0f8c5fe230977448db71213bb958d1cc10dd63477938a42867ec8,3,Sci/Tech,3,Sci/Tech,False
73620,cfdb33e44bb41980230b7e7232f91f31c16053d247ed0411e7de6b6e67b988de,3,Sci/Tech,3,Sci/Tech,False
73639,dea7680d3885d19f6702c557bc20c682577fcd6a623c3993d0689f24b33083af,1,Sports,1,Sports,False
73640,9d84e61b957a974ae8089efd2a5e939a143586bfd63844643d9c0a1578b49fce,0,World,1,Sports,True
73643,758e003ff6e6eb15d1fed47665ac2ede5413a37fc5a76281492ef934b3a41fc5,3,Sci/Tech,3,Sci/Tech,False
73645,d20a142866f50b82413270b2a4a2d55fc9b4d00d2febcb7f650a10507617b6a5,2,Business,3,Sci/Tech,True
73658,c90d62c21e6f5060df36335c87a873f2f7a47e1defadd5b7dcb0e6b056d56a0c,0,World,0,World,False
73675,bd21541ce5ae6e915bb3da8dd83dec2b7f10b5a6c89d3b897d18cf64b3916677,2,Business,3,Sci/Tech,True
73680,a28a79902a39dc02f88eb32d4cc0d9738056e26178c43bfa20b7fc64b919c339,2,Business,3,Sci/Tech,True
73698,b047f990a6362456f89edb8150240db7696b975911fe965d82f807dec90c3792,1,Sports,1,Sports,False
73704,331fa646e60186eb1b90ee641480917be0708b0183c1693cfe46b31b7c5a9137,3,Sci/Tech,3,Sci/Tech,False
73705,705c2185f302a8b55ca0df6b0d7a897e413c9ff32583887b649f262eeaf28d2a,2,Business,3,Sci/Tech,True
73714,fa21907c51ff3fd6b9dd22eaf170f2b12aa4161ba353e60643b7a501bef20123,2,Business,2,Business,False
73720,b629272eba6b0af88d32e7e033f4d8ffb1ce971f3a40d5178c9d851560601724,3,Sci/Tech,3,Sci/Tech,False
73723,fd3031e4e47ed1fed464d9e31de61f6c9a9d9238fec8865c0fac898179c911fd,0,World,0,World,False
73743,f97564911de41b3b3546f854ec16b67b3b525aa4c9a727ee90a0b03396923f9a,3,Sci/Tech,3,Sci/Tech,False
73818,7d9d86021645d5bed12a0696b64a67f4c7e03d98762ed83a48888dff6f62bb4d,0,World,1,Sports,True
73844,5d57dbe27f9901d2df74a56252e1884cf3ca26a282d8cd767c508ed094854b49,2,Business,2,Business,False
73861,093e7ecf330f60a0417a54435119a462facd6474e09e87f8639b87bc0f9856dd,1,Sports,1,Sports,False
73862,66dc9a0fda59346f9d638655676ec7d715fd44e3dd276a9191071e8d370ff0ee,1,Sports,1,Sports,False
73870,134a20d7f4c00249ea953f4a3abf26963710b3366aaa507840e23f21615b62d3,2,Business,2,Business,False
73882,44997ef8b762b993f2925a8d7f274193297c26df58a0dc84953ce10ad4fd83d6,3,Sci/Tech,3,Sci/Tech,False
73895,2f080a2fba78205f96db145521f2207a9dbd5066da5717db495476bb4b7bf781,3,Sci/Tech,0,World,True
73915,354c0521365614b77529dd9107f7aa7d295a1ef5734c9c8f725ca0ea62b37c82,1,Sports,1,Sports,False
73931,68564e864d5a3d609f053bc07a482154472e1779824ccf08b1ce441e5099aed4,0,World,0,World,False
73956,ddb4991bd3cfbeaa224cf19f63a8242e8c3707c405b357029034824b07d12971,0,World,0,World,False
73978,9fa6f777cea9a9ddf3694b61c75e1bd9d66d417c3f1d83ef4593d0e665c10b31,3,Sci/Tech,3,Sci/Tech,False
74015,018c02177d1aefce7ba45cb480873527c7ef30e3dc02822f8b841a4bfd466157,0,World,0,World,False
74040,d4cd273a0c453715b4471744863936d9d17bdf657b92ec51389b41111a191471,3,Sci/Tech,3,Sci/Tech,False
74046,ae849c3151dd0cb5fb4f91fd5e4ae2fe5ebca3120792aabdfa8769d889b1e553,0,World,0,World,False
74053,f7ea30dfb4d0a71dbe479c69d93f73e65f8b59c435f5db526f7d1a96618d685c,2,Business,2,Business,False
74059,263be9fb380ca22446441a5305870d3449752567d881b37d3f36fd66d6dde9ed,1,Sports,2,Business,True
74073,b33ac7391a7f1d668a8d68a0f94c60e7e671feaadd24d96b48bb6f61c2e21678,3,Sci/Tech,3,Sci/Tech,False
74077,187494773290cc208153029ea352dec221d8b27958346a90574eeb159f25bc30,1,Sports,1,Sports,False
74080,9701da3b254b52ff4b6cd19cff1bf81631a9f3ae2efab5ceb72fa3be68b9dcc8,0,World,0,World,False
74084,39417464bad4d52a55e281d0b979e0c06155425c04e2d3aee20cdc0a9c16a94a,1,Sports,2,Business,True
74086,34ff4ac20a706479021ef6f3f91bf1b1a3158567bc073b37bbf5471a81060ef1,1,Sports,2,Business,True
74106,8dc2ed4cd19a3b4bfbf9cee395e1501decaa356ee72dea025405e42bf377010e,1,Sports,1,Sports,False
74151,3f9af5e375fd140242b50823f387573d912111f2439f3937f683e77d30afd3e2,1,Sports,1,Sports,False
74217,5b7bfce2f022af8d490f6148a78e62693ddbb496154a2ba1c545453b5d97b778,3,Sci/Tech,3,Sci/Tech,False
74241,0c9627dd27da02cf2caf11011e24a2ef51e2c35f2421e0dfc5336b59a0337145,2,Business,2,Business,False
74251,70940cbea83fa3d7e9f0566ec4b6a3683af0f8bc1665a2bf41770c5c3390b5bf,2,Business,3,Sci/Tech,True
74266,96a5eb077195fbd329909255504522c281b272cfbd2162b98f868212bf3962e1,3,Sci/Tech,3,Sci/Tech,False
74275,3a229cdb6b19b3bb597743ce31c916ed79cb39fbb6e72075c24e90e71d8bc6d9,2,Business,2,Business,False
74280,67d0f5b83a34b6cc802fbd813eda0b21b9d2f2e1fc7a375d8ccb8f4546ea8916,2,Business,2,Business,False
74298,2f7821cb0a5b90d69e6ad78d1d79df1a3c3b97fd9751428af1828745ea5ea51c,0,World,0,World,False
74300,c3953ff611d6a4e42245036cce35b052bf55a644b9a9d099aa959d5606942dff,1,Sports,1,Sports,False
74312,fd29ec7fd228a9d2ee258d09c821f4b5ff56bb878adf1bc81ff0987242b9239b,0,World,0,World,False
74317,38ad1d5b39ef8a8b354f6fa3cc93dd69a80f33fefd2c135015cdbc72ef2a8397,3,Sci/Tech,3,Sci/Tech,False
74332,51a554111a8f0edb2bf42b80be79cff11463984d53b72c497607c9fa055c927d,2,Business,2,Business,False
74388,b5b943a7f20a34583bad1f28aecdbfe65d3443dfa91545c94a24e5b25de5ccf2,2,Business,2,Business,False
74389,d4e44cf16ec7d2fb11768d9a7b72e39d6de620095bbe2febe21bba5cb169d259,2,Business,2,Business,False
74406,b32f13299c6a7f8c8a665466cdb08c2f53bccaf7cde2ed18e704d58f7e0f364a,0,World,0,World,False
74407,9c30b8018d3e4a9d393045b4485b88337ac6eb5a6bf430e670fade44fd914848,3,Sci/Tech,3,Sci/Tech,False
74410,71bb1b39662c7cb89b9279ac9e683bf196b03c9784a1916aba33d5ae22bdd350,3,Sci/Tech,0,World,True
74414,5961a40acc6d89046ed74944a50b120a50760bfec32f09abcfe3d8decaaf94da,2,Business,2,Business,False
74416,223bf02828c1062c6a9eaa4e0ce56dfaa1797dd1a4669c375de111bd1650589d,2,Business,2,Business,False
74425,8ac4cd7a483dbc23f5b87697cdd98ff1c2d15a6d7c7c06be83bd4852d87f05c2,3,Sci/Tech,3,Sci/Tech,False
74436,e02f02ba00168d9a670c4e180adf23edb3b995d726b86b28cccf938988cc0eb0,3,Sci/Tech,3,Sci/Tech,False
74449,a8229a98a2ae21de64f418685a92d37ed8877bb168d374832814f7dfcdc9db9c,0,World,0,World,False
74454,13d062fedcfc4eb64fb8857e7b8f7acd88b9534933e10a77cff7e35d2ef08d7c,3,Sci/Tech,3,Sci/Tech,False
74472,4d550996e79aadc493771c4f28422d6cb957a3e9d8a72c7577a05365819814a2,1,Sports,1,Sports,False
74474,7ee09848f15d6d4344172c349d45aab374bcb7d000021a8f46ccd31d9ddab775,3,Sci/Tech,3,Sci/Tech,False
74483,b6619123b6bd71d5ec30cd68788bcb1e54670dc7cfdda96562a8efe20e7a9553,1,Sports,1,Sports,False
74504,fec77de5a1290caa1ce3af94603370a4dc322cd3e6174d8720d5f7851ab51f9f,2,Business,3,Sci/Tech,True
74524,df850ce60129d933d9a1ea6ecb8d1bd78b42d917f295020928738f0484ecaf5d,0,World,0,World,False
74528,e9e1d9973db940b53ba0d4f16625c6b33445aff57910a718b237010573fb99a6,3,Sci/Tech,0,World,True
74540,b086830363f6fba062502c19c22d4fedc5f125f5b742909493e6a17d140fb604,2,Business,3,Sci/Tech,True
74561,f3f1a0386180de117e18d60616414e3e849e3561bc952bde9a4b0950960c934d,2,Business,3,Sci/Tech,True
74566,37c009beaa3f07a60359a3beb098be1af6896c171a0d17fe1142c3bfcd3012ca,2,Business,2,Business,False
74579,fab999f4338f31dacc8fc57f1d4cd58cb723ba99a67cfe6ea81d359b7388542c,2,Business,2,Business,False
74583,71112e17c3f48e3b153a455239ed087ad31eeed23f876bf66974afca87750a9e,2,Business,2,Business,False
74586,c4ea9ff1a670f7458d8b3e4026be73bb1eb94260e0c32d319f567145ee398ba0,2,Business,2,Business,False
74590,adf1c79c5cf46f34b8c6509a092675656f0a0e8078bce27ce91b1198d103530d,0,World,0,World,False
74592,5a156477e93ae13b94cfcc599f430e7007e9399691196b3b00f7a21c938cec8e,3,Sci/Tech,3,Sci/Tech,False
74618,f50ddf6900271115b137baf51ce4df10fcc6f606c2a82f60921219d895197d15,1,Sports,1,Sports,False
74625,ad4d0a5649abb8ff35b3d0ec0120573eb6a290da87e5b3c47066d1263316cfba,0,World,0,World,False
74633,4fa3237a6e4e3e8c36f1e0474b98843716bb9135b7e2d44610e0078b863321eb,3,Sci/Tech,3,Sci/Tech,False
74636,baa9cad32e15a17c150e442f5295f77b7c809401eaef68f7c9cff20cdbbae475,3,Sci/Tech,3,Sci/Tech,False
74637,baaa1f0672786642d5baa890a97f64dd3667b8e001ea99a8d443259d893c3761,2,Business,2,Business,False
74664,029b55f456989a9a35ec060854603b9a205a6ca65d9969285f432e23f066e35b,2,Business,3,Sci/Tech,True
74665,0d29eb747a45c61f67591eb1fea9762dffa6e9b8d71d810112748454cf06b03f,3,Sci/Tech,3,Sci/Tech,False
74676,3c8934618109f841cf1347768feda3e07f9c5473084572fbe9bcca73d89c02f7,2,Business,3,Sci/Tech,True
74688,faed2ee681c87c1e50216bc460c2c24c1cb75564333778d352af9233c0b44f16,3,Sci/Tech,3,Sci/Tech,False
74722,d69de06fb15ed54a85aa33472a807e286400e466d66f8efc9f9667ea26b7f7ef,3,Sci/Tech,3,Sci/Tech,False
74727,77b99a92386c75b3094c4fa3f58138e89cce151cd1c657763d0ead6810a0f261,3,Sci/Tech,3,Sci/Tech,False
74757,103176182291c718f054c58229d8bbb8e45dc22df722a9d63576c8ef8fe22511,1,Sports,2,Business,True
74788,df280c62e0295bd5f5b0bda6a97f32d598920bdb0afafb3ebb44616c22635993,3,Sci/Tech,0,World,True
74803,6caa1c5511bfe8ae4208457d3fb1a3723e6e4127e962b5d0c299f98a933266e8,1,Sports,1,Sports,False
74820,311d61f67005394a3f5c97ce35ad62dbb2e60a4cb40a5a857db597944479f87b,1,Sports,1,Sports,False
74846,ca1f87a819e06f3e740de08d96179532e929fd698e2627cd3099a430a44ae53d,2,Business,2,Business,False
74878,bd715d0fb41a0b94c5369acd85287eee13964a479b14ab9db9c75a5f157edb42,3,Sci/Tech,3,Sci/Tech,False
74891,97bb6cfd55a6a0787af682cf8073735cbe42725cd4ae87e111a9fdab57a9e1e5,3,Sci/Tech,3,Sci/Tech,False
74919,0713a080e11dbaad982d69a954d2deb59cb1ba07cf3c7dcac021f71f39dec19a,1,Sports,1,Sports,False
74931,7886573abf6d144de06e64571193c0f4e95a2f579a7005f216ed8daf6a23af4d,2,Business,3,Sci/Tech,True
74934,ae2387fbafc85531ff3838164329822344497a37c85e426e8097ee487b7b2108,2,Business,2,Business,False
74936,afa9dd1eac4f1e57b9b52d2351f208710f12a963fc0e7d60c68a8e9bee65743a,3,Sci/Tech,3,Sci/Tech,False
74950,7f5ef89dcbaa7be735d25b0b6a9bc303c691a72c448889e8c81ca8ad19b4786a,3,Sci/Tech,3,Sci/Tech,False
74966,dc7f81754e19a5916d7f5fe64bd9d7ecdd37f04816d4038adf6a1893b7634c09,0,World,1,Sports,True
74970,c05941e2e1e10e18a3e305b7a940a4fffdc865dadcf3972bfdd16e43bcb7ca9f,0,World,0,World,False
74996,b92c5a4d599bd767cfffd5dafc465d9e55e18c544df81322fecfce6fbc6fb742,3,Sci/Tech,3,Sci/Tech,False
75019,c0acce191bb789905f1246887383e6cab4bde822151bf96e053d78e7b3155966,0,World,0,World,False
75038,6cfbb2e6b99bef6c9e6de6ed2535d8f82872c0fd0a3c67b280f5ecfdcda33885,3,Sci/Tech,3,Sci/Tech,False
75057,db219c1b0f82d2f7f4b35e92e7f0c0972c125aff6bac90f8f05b186ff11686f3,3,Sci/Tech,3,Sci/Tech,False
75064,af086e6f51231de99d7b2eadd569d5ac7b000ce0f63b270b560e9fc693b5ea31,1,Sports,1,Sports,False
75074,309944b1317f14a10e377550ef239f952d9007b7123fe868e9e115d37d635a32,1,Sports,1,Sports,False
75090,d2bbf4ac71053574dbd37d4fed67de0369be5c577e7ffdc66048c6f2cfad0188,3,Sci/Tech,3,Sci/Tech,False
75121,1e30a72bb44a4b2dcc83914386ce766ef780077848381f76f57d589dc38be076,1,Sports,2,Business,True
75122,0f367d8277832f43cbddab35b463a8a8f010d71c5538d90ab280bcd05feb30db,0,World,0,World,False
75128,263330f2a42bbb5d438984e1961c23b3d3c4ff6123afe1acb018515bb6fec6ba,3,Sci/Tech,0,World,True
75130,933a0d4237b62e527d6ea799f3edf4453c022a5d2af238c9941cc1c37225585f,3,Sci/Tech,3,Sci/Tech,False
75145,8de47b24c3603790a113836cd3f687ff8fea5f71cd0f06e203add5cabf632e52,3,Sci/Tech,3,Sci/Tech,False
75160,b41be80a76fe8085056d2303e6d68467d8a74af00e2c8d18342a7f9fa52c5d76,0,World,0,World,False
75194,f572c854e1c263a0dfbe9cefb0d8ed898739ceb71e06a08d9de2fbc8e6a77be7,3,Sci/Tech,3,Sci/Tech,False
75215,1dbbd7c6c629c3e1d13efb0cc8d8d7d0be0597d9788a501ea99fc9dc6cecf2cc,1,Sports,1,Sports,False
75222,3dfc72cfbc4d59098d18602b018f0a3b34bba7339f4ac5069464c4a4fe5d2072,1,Sports,1,Sports,False
75226,c322e5742b9428b86be2652c63affa4453853be0e79ea4c84e21a82393dc6cd8,0,World,0,World,False
75236,fc77227ef400df5dc0f65ce616a0a77d0d6afb98f249c7e17c21e7a1bafc7cfa,2,Business,2,Business,False
75249,9ec41f123d42b91349151a9681d439ee355baf286124dc9cebf641ba8abed993,0,World,1,Sports,True
75266,c679eeac4f376016538512967c5b2f1e4d19cf247f989e8021ac4d5c0761fe5d,1,Sports,1,Sports,False
75302,ca92a683e68bae8c1f188ca7adc22d4f95ed0828967345036bad85a0665bdc81,0,World,0,World,False
75303,75c6670db1dba6acdb50c8d076ba8c5a2684dd936ddd0cfd9e3e23b92da9be1c,3,Sci/Tech,3,Sci/Tech,False
75325,6d5f4798e52e6b07a9e115ea5144ce97981cde60a747a91032d4e3637d65f864,1,Sports,1,Sports,False
75347,85d8cdd498a5072761a2fbd87ac6ef3d8b46aeb8615e156c1f1f07afb43ca226,3,Sci/Tech,3,Sci/Tech,False
75348,c8dc1d733981a582b75ccc5b7b89484aceba9bf1ced3892ff34415ee6fcd450b,1,Sports,1,Sports,False
75350,12850f9d19a199822b4ff1d4bd4eb18a9d5d37e6affa10305fd6dd8c678c6e5f,0,World,0,World,False
75355,99b2515d9c16d8b50500e3c3247d16e727dca5f3da681c096b34a3ccc60bef92,0,World,0,World,False
75358,08e52a92b9068f8d10a2daa6dafac75f93d9ff18df93e0966c328d4fb41f53ac,2,Business,2,Business,False
75363,750f354c871bfb58e6ee1fdea0d7c262d090c259541483f9f4f45eceba017aee,1,Sports,2,Business,True
75370,ef4144a34a917bff727f9151fb469a9d5cc0820e7b30a90804fd716d9b5bcd24,3,Sci/Tech,3,Sci/Tech,False
75376,c0c0f31581d2105289dc7ee2f070eef95a8515fe2ab02bac0ffa8f0a0fc7cef9,3,Sci/Tech,0,World,True
75387,12da2942da8587666105c74f0c83480b21f0b2dfb3c4fb73dcf88b0666dd5466,0,World,0,World,False
75400,db718de3896b2dd9058845c0169159f7925f1d78f30186e7eb493895d4d5b780,2,Business,2,Business,False
75408,195a32319acf1e3ffd1364baf37b5a365d891f38b2e34c64c1dbd7f384bb13d2,0,World,1,Sports,True
75417,680900d0af482b312c99d40a499dc3f2c120bdb2f8b998d47a8e2aaab5612899,2,Business,2,Business,False
75430,65729c7258e30943378e4edae4a5879ecfd54f683ef4765a18fc800e5949b73c,1,Sports,1,Sports,False
75444,d9a75da5a3d076c2f10d3be65332c02900301653c042f0cd48a0e1b69ef2d4a8,0,World,0,World,False
75476,712a7fa059bf4671377d582548a3ea40688bd12c6448b3ac5acc5a5d8d933497,2,Business,2,Business,False
75521,722446e1f877d2c17d396318fa33c564f86ca84d23262454675c068192148653,2,Business,2,Business,False
75522,8256337853eda939857ae516c8a7780072ae5b82d07013f7787825b8086b71e9,1,Sports,2,Business,True
75527,19cdf4a77a025c8a9305a8578b786e9104fecbc158e3d93e3470b57a8457d3fc,1,Sports,1,Sports,False
75532,5e0521bf4e0df808768e28784506529acdb1a33e60bd99c2aae4f4aa37411175,0,World,0,World,False
75545,d2d08a945999b6250c06cae4f14d56eac467d8db7dba3fe75558d50b71fdd433,1,Sports,1,Sports,False
75569,3b0bf30656a7b3e7af308e3af5f5d1bb79f5c6338e17fa8447f3596baddc96d3,0,World,0,World,False
75615,8bab0accf3f7e340576da2472d044184d085041f8fb6bf94642daa64c73923b0,3,Sci/Tech,3,Sci/Tech,False
75618,0d33e18f71b8fe6ac556ae06210333c1da0e02be48135dce3c65e46f3941bc5a,2,Business,2,Business,False
75621,d980f6dc7e1d773a88cbedabbb2f9f90290cc27c3a44733bf3db56a99595fbd3,2,Business,2,Business,False
75631,4de42858954971995cbcdef45d9efbd3de00def7689a998d68779d8aa0ab752c,0,World,0,World,False
75633,2e9b9f3e7851ffd0ba8c3d9982d01446f3cc7608ebafa6b8843e1b2510641916,0,World,1,Sports,True
75638,1ed97e27c6c359b6d30bf57c7eaecf0564e05c2db13c2c57a26f162a2599af1d,1,Sports,1,Sports,False
75646,7edd2b2c1192af89690852221fa374ef45bde2b4835e4719b4f8605308ee67c1,3,Sci/Tech,3,Sci/Tech,False
75659,4281777c70bd2852d0d91c6a922f67f85fe31bc04dc3cb3e9a10d17b42c8c0b2,2,Business,3,Sci/Tech,True
75693,0e081281bf08f13bc348b5f9ccf8902ed68ccc8df9824b4db91a3ff652be5ffa,3,Sci/Tech,3,Sci/Tech,False
75695,af1cfd458c2e786f4a84830c472a6580ace8f3a3c2f9999796e048d414eca5f7,2,Business,2,Business,False
75723,927ab31d3ca63c8a29fb722e5af5d8bf51ebce44cbeb23ef258dc4ef6fd9c429,1,Sports,1,Sports,False
75751,fc42226e2c4e289d623d77990c8d698ffe35f3815aef64fc4c61b33a76fa4a08,2,Business,2,Business,False
75775,25ad71db25e3a70d3a1381bb43ae28dce3df2b44304d27a2f3d2c163ad94698f,0,World,0,World,False
75797,b5649165ea85356fe4954c7557f0b61a0c1108b82921331d835205ad55ec7994,1,Sports,1,Sports,False
75800,150b4ebdbd4fb6f0b0ef15e067670c09f7bf20c2c816ae6582da3219d3f11e59,2,Business,2,Business,False
75813,13cbe6f73d40ebc0458b179d16f7618b8ea2ee27fd10746b7d89e86b09705f88,2,Business,3,Sci/Tech,True
75856,a1e41570551f882f300c35fc1a35ac826d21ead38296c837327b87abf747eb1d,2,Business,2,Business,False
75870,0f1dde4607710db4ff8496011aa0cd9b41fa573210db0b54192f666654f0e120,2,Business,2,Business,False
75881,305977537ea9c8062a058e15a9667c987dc2b6dd58d7e194a47a4a650edf182b,2,Business,2,Business,False
75896,143b15f5a046dcbd1baa9bcb4e0fd0393a272449047de4d18731a57d41fc631d,1,Sports,1,Sports,False
75903,3bf904fd8652524635126f3a686ec1641ab6c0e75c24e2e7695ed3880f7121e1,2,Business,2,Business,False
75929,f190cc82abd1a23dca0054ca57361ca3d5476707f44b33affbb46b973a55fc1c,0,World,0,World,False
75945,6471117fd2a3aa78656d8a862cb302fd3b1480b7ba87824e7a95e004deac6efb,2,Business,3,Sci/Tech,True
75946,3e18b946f182e07b796dd2a041d1f73feff1d8cba96d81b63cee16d74d0981b3,2,Business,2,Business,False
75963,ae38676e75821b1714c8bc7076c934aa97c72bdc130d1bd98c61590fde6ca1da,3,Sci/Tech,3,Sci/Tech,False
75981,8af9119a2ce7b17058c951e42ad7215d7c287b3a445dabefc14376e51086be54,3,Sci/Tech,3,Sci/Tech,False
75992,5dc1a34fa6aa5b2755fbaa5ae15cbb5c927847a2fa50586b2ff3bf62f8a3fa00,3,Sci/Tech,0,World,True
75994,2b5ee82418b1582b5f7e5d17b2303fdf16d7e6b44ff13b3e9a00ecc61c65faf3,3,Sci/Tech,3,Sci/Tech,False
76015,6d050cc2655c18f6c45897b8b264978cc63ada0abe7237e7c1995fe39abf79a3,3,Sci/Tech,0,World,True
76017,59f454dd67bef9e174120b3dcf550e3f2d3032a94b8302ed83303890c38722fb,3,Sci/Tech,0,World,True
76044,e0b23e24d4d51dae1b3fb765b43aab66bf3f523b24af5f45054feb2e280d1dbc,3,Sci/Tech,0,World,True
76045,a24927ade815fafdabe79f1d00582f425e546633c1647f42c3a900e2b7f81046,2,Business,2,Business,False
76059,f94aa42e9c201bd2799817d8f8a92f6cb59279bd13e43fb6dddf9930d0f473a7,2,Business,2,Business,False
76068,a8bead641ccbf0bac9ea11f93642a519bb6042b1bb585f684e6d6c89c95d9baa,3,Sci/Tech,0,World,True
76071,19de93899ceb7b99c9d1727887cd58475c80c93e4226e06f8c19460bc21704b1,0,World,0,World,False
76082,1fd0e8567eb0af4060738c0d730affdd81a54450b1c321307b4edf7fff46366a,0,World,0,World,False
76087,a1c8171bf94c88ec7f687ccdebc646f48d7bad8ad139fd0b39a534bbf6bb78a0,2,Business,2,Business,False
76088,ef07d4db8bc84dcf90ce573a4d967db5535e8c2c3ab17b9e743c9bb4f0a044a3,2,Business,3,Sci/Tech,True
76097,416b5f35dee42ed10fb40982391864637c1fba0371a5e1a62673bae3c258134f,1,Sports,1,Sports,False
76100,4c34993ccc3ce944915ac2cd2d96cac194311fe6cbea789dffdb5a4a1a2c386c,3,Sci/Tech,0,World,True
76104,2499db0c5ed0f698e5510197356ea6053a19274f120866674bf80c714e9bbf39,0,World,0,World,False
76123,5f8f5c42b21e42829a42318601c90e2501d268cf3dfde0640b54028e417b1411,1,Sports,1,Sports,False
76139,c600dcf59230b1663f5bfc472fad4205a161654570bac16f4b81e5b9eed9b64d,1,Sports,1,Sports,False
76142,52410f8169e2dd3909e85a7d5e64dd16abcc2852df5fe931a2251bf7747efd9d,1,Sports,2,Business,True
76175,4a29801ee4bf85208948c39fad541c556c1cc843ccbaa0dd716edf80a24efdb3,1,Sports,2,Business,True
76178,0efc3f69f3852d1cbad42805cb00facf177fa65d4b784fa8540e1394023514c4,0,World,0,World,False
76186,6585f4999dae879e552bd875b30de2d07570d82094c8831ad122f1fc9e9f3b70,3,Sci/Tech,3,Sci/Tech,False
76215,9ef4553630e97a288aa01d5e7ef90a7c79e0dea4371c42e235ac8513c25c0055,0,World,1,Sports,True
76233,6f1d23f720bef447c42dcd3cbb738b09da4e2ea54565d67251162f3cc4da7a12,1,Sports,2,Business,True
76265,d27e698cf7ee8973d585c88fc718a94d3f150905faa246dfadbfc18cc97230ae,3,Sci/Tech,3,Sci/Tech,False
76266,1d6de0df5135cf3873cc293cedf93aa8411b739373a57d5a8522582b07099e0a,1,Sports,1,Sports,False
76287,206dada21cc864289246432854c24b362274c3f2367ad203332f026d6c3c2c83,1,Sports,1,Sports,False
76301,8f17b5d929d32ab5594e0a8878304750335a9787fab241a015f223d137fa6710,1,Sports,2,Business,True
76325,689c8b6f3bbe66aed18c679a30a53daf3c6b2079e43ebb48d4c9d0b1e7a66e05,1,Sports,1,Sports,False
76344,e7b5f5b72ebe582501c129acae28eebdf5cf3f41c244c9a190b6e38831f674d8,3,Sci/Tech,3,Sci/Tech,False
76364,45bdafa710574ad8436ced318110784f22163372aeecb1a2ede3c72b9915c4eb,2,Business,2,Business,False
76366,86c4c2da22946e6c1d3d0d453d5afc43e6acbc793631eafcb2a157be20787515,2,Business,3,Sci/Tech,True
76369,a7f2f0bb31e1a06fcd60d8e77b61fbe9a330ff370e7c0aa203b4d1e475353789,0,World,0,World,False
76376,52e01f4674b6f8337417d05990faec39a0437b505a64f7196b574ccf0a4776cc,0,World,0,World,False
76392,5528d53567e0ed9ed20a30183477a11aa572fc21ef2e20903ec4ea0bb8d16823,3,Sci/Tech,3,Sci/Tech,False
76396,6caf8f55522b86d7eb6a0743eb7e1a295e4f08519db5b2aebb08237340683436,0,World,1,Sports,True
76397,7d1746e96712b3747cb9f145fa3444fc79327c02bf7bfcae04b79752204ed531,0,World,1,Sports,True
76398,46f4dab3f1cf92e71a3a0f7d2e2bbbcd00159b2b62fd2ececf3dc59584f4b40d,2,Business,2,Business,False
76400,a804815f1353d4758078b8b052aa54d29cba278b90554eb1190d74cfe4159bed,2,Business,2,Business,False
76402,24098adb7d49c2c686105a4fb94e71b0a632d4a2e11ff634ee727d808c8fb0b7,1,Sports,1,Sports,False
76406,7d2cd243460207469c53a2630dceb7b89d6254883377329a44a7d13ef8c80b9a,0,World,0,World,False
76440,f5e4f399217e5d32c70dc742aea78f12e716ca87a1feee5bb23c237c73526f78,1,Sports,1,Sports,False
76480,4adc64272cb982fac8869854437738cf71c99037c25da62e9183871e14ccd188,3,Sci/Tech,3,Sci/Tech,False
76487,7da83a12af5ec3dc1f36ea924685f129dce799b5bacc360f2f172098888052c4,1,Sports,1,Sports,False
76508,ba1897a99bf06f9ef750ab1302ab050b21d1f69bcbba4409e199aa5efce90e4b,1,Sports,1,Sports,False
76537,85cfb31729f450e890b0da9218ca79384a76edc6b6b3b8542f304d00a455d535,2,Business,2,Business,False
76571,dbf376799083649a003dd658a8e200a701ce61aa01875bbfb349b03eb398149e,2,Business,2,Business,False
76580,7225481374e45dfed3c85f1773c57ebbf348af90bb83f45172f620a28d07885a,1,Sports,1,Sports,False
76604,a2fac8c6039d8e7e2055f6d9d1d4f75caf7d6469be40746c7b5eb8099967d45f,0,World,0,World,False
76608,5005071cf4928f479a702dff95e0be5b9db692f4116bb0def8b40eee986003f4,0,World,0,World,False
76624,538392be77548adb719785819026d68f881a903ac6f366bdb0c87a36c22b1a37,2,Business,2,Business,False
76625,9dbf70e2ce97e2bfa1b5a188ba1e6087949e7d8c62a2b5e9652f8b7b5192e8c2,2,Business,2,Business,False
76626,6c675ca6b10cb545835a85564e4025a3bddbb6a6cf447b2a383986a329f42903,1,Sports,1,Sports,False
76633,d8f5ba829e047a7d787a5e49b12b5404adfee923089ce485521d92815f24e48b,1,Sports,1,Sports,False
76665,170fd6e4c22e0044c5e4fb88d99bc70d0cadaa46f8c5dd58744de74a7c2b764d,3,Sci/Tech,0,World,True
76669,2f94bf041485300e4a94faffe9b89db0f783c9da29c278326ebf5e53b219d80f,2,Business,2,Business,False
76672,5118be6fd3b8c02ca2f12e24da52545663ec978343f1dd79c2694e524191a734,3,Sci/Tech,3,Sci/Tech,False
76681,96555f699fb73152e46a4bc2a25e6705714e3ec15d78d7e1d4fcf4b84ddcabb0,3,Sci/Tech,0,World,True
76697,cf5e64132f07c01aa770e17e65a1ce8e90b7a988f97c19b0b601d01f4b10aff1,1,Sports,2,Business,True
76698,693bd7ee177002e2af4452a2ad811c518c404b1ee4c435d28b64b23849351205,1,Sports,1,Sports,False
76734,cc83c69cb6d5696312c23c151bf8c8e060256463266ab3a90f05dd7fde01bc12,0,World,0,World,False
76743,de094273c2ec99a8b4eeb19ec582f70599faa01115d4aceee072dbe52e8443f3,2,Business,2,Business,False
76747,9932dec76c213910b20090d0f32b6ba8adf2e2b1d14bb0554feed1eb8e2dd4be,1,Sports,1,Sports,False
76766,96db2e1d367bbe2849dfde47083774c95fcf82c9c244660e602c480ac4ae3027,0,World,0,World,False
76771,205ecd91e8f6910e203f88fc4139f697c694eb36166179258ce6b50de81aa3ef,3,Sci/Tech,3,Sci/Tech,False
76777,a802376d3c81ba68647cff5fd73b0c4002d3988636bc537dc46fb07bbeff07ac,0,World,0,World,False
76799,686f3712d2bf28edeff77eaf6e2cf6da81c8adefffd306b0b8eccea7a21ba0a2,2,Business,2,Business,False
76820,abc1e29fb0f3deb6e71f776f767e88629562417602434195dd0abae9dde18265,3,Sci/Tech,0,World,True
76822,fc69df599794415fd16600a724c4d1318c175fa67ab674e7097f84b4d804f774,1,Sports,1,Sports,False
76828,c30e27666a6a4ffab9771fdd40cfa76f50d3913a7df4e3ea67299bbb03834f98,0,World,0,World,False
76847,91d62a3784eefa09fdf5343a011dcb7f95c59ab6f58fd12998a3ef54b2a23313,0,World,0,World,False
76873,f68d7b467b2e1b1b70a8872308ab4b65d116560e5de4bda7ea2303130c5306e8,0,World,1,Sports,True
76889,bc85f5d34eba673af46d5034a5cb95c00ae670df2e61e5aec5bca16bfebf82f9,2,Business,2,Business,False
76899,d5c030cb0ffc7afb4f3248d3726df62dd3681de625a11b9a3859ead906f51e15,1,Sports,2,Business,True
76908,75c73426736ae690d8e30c90d92801fbf15fd22db581b6ce7fbc75148d16c22b,1,Sports,1,Sports,False
76942,77154099ef6f0408da998030ddab4cfd39500feb00cb9b78c3eded4eb80dca2c,3,Sci/Tech,3,Sci/Tech,False
76946,4818578ac97049abb4ccccc81be9e2213799adde8e487e85eb17202e6f11dc79,0,World,0,World,False
76970,548ad9c0722556085b0e53b0b67c278169bb84ab14c9f679630abc5a2cfd4d09,3,Sci/Tech,0,World,True
76991,81edb33111c163ed1b21efebf696d3caea95a5f0cd9199a26c40b305048991f3,2,Business,2,Business,False
76994,daff9ee80483a5f51a471df38bc5aa495a55f620c2792f7fa7ec217d29e20402,3,Sci/Tech,0,World,True
76998,16ef84b893ba5e6dfe0f3f639387fe685cef14ccf9b0811b508b16f8c69594e0,1,Sports,1,Sports,False
77017,132966aa18052b39cb9edcf5ab157d72a359715b664896ddf3b3bd532d6f3e06,2,Business,3,Sci/Tech,True
77066,b9662b43a832593f75b703775900651658b6ec2bd3f455b263867a0ebb9534ef,3,Sci/Tech,3,Sci/Tech,False
77069,04ffb247939ea0063a852c002876c0083d88f57ddf82334b5273b22a7d1044f3,2,Business,2,Business,False
77097,938b4864b087defda67290a380b3bf72e148bbf7f169853242805914f169764b,2,Business,2,Business,False
77101,138462507a0f4043118749fdb2ec2971c7d00a73385558a9cda5825f3de56b7b,1,Sports,2,Business,True
77109,f6a77b3884744e6e18f1ec364c580f792f6692fe0687dfd4374e29c16f7e90ca,1,Sports,2,Business,True
77123,9ac94c41b673c2b7ecbcfc88b39b9c828b680e72255a595a060db0b9b3ff1ee5,1,Sports,1,Sports,False
77146,cbbc5173455116c20da6afe69d53ff5a97f820836f7b9e861588e771dcf75b1e,1,Sports,2,Business,True
77147,70df6630079aae799b8b52eccca2c96b32886a59a7ddd44ecd9bd41a2f4edbe7,1,Sports,2,Business,True
77164,ad2c0745766fd6f199be5b8cfabc220f525e128abb2ba7c79996b8fcfedfe092,2,Business,2,Business,False
77169,2a1ca33b17bf8576b31c7b8ec157bf4fd917bfe4654fd09b4c0e811095d3c69e,1,Sports,1,Sports,False
77198,b732cc11f1b6f964e18fea43549e29d12811ab41b53da8ac5b39842f61584e26,3,Sci/Tech,3,Sci/Tech,False
77231,320347354d19ef638ae9bd155dc5337e191c2a2a4f4ae67e5ec42ebef2a96638,0,World,0,World,False
77258,f5e0ac8e02f69f2f9725bb906cc4e12c4d3502fcdb042f4e56b640e825be0dbe,3,Sci/Tech,3,Sci/Tech,False
77269,0cab9477462108793eaf3f6fc62e2013ce071f124b95216889cb73f8c7662c70,0,World,0,World,False
77276,4ef3b5fc030d50bd71d739d89e2cc7fc79c867774e8415eccdf36b19c8bfb810,1,Sports,1,Sports,False
77283,2bb003e71d1a8f3637e69483991869c81bf6bd7aadd3871821e2b248cb337ac5,2,Business,3,Sci/Tech,True
77284,e90be2579fe02c34253ec1b962927d5940f07ee6536c3cb401314414404adfbb,2,Business,2,Business,False
77291,1d692bae38e0404190115e416bae4b979d019392e33a46f4e9753c22cdd75c25,0,World,0,World,False
77292,fc667fa347a6976d19cb6ac83dacef27b94b838f9217998370cd9d8fa5a1f8ba,0,World,0,World,False
77309,42d2df9e7ef46004b874b4095bfa85c51e10225e00f554098df51b0d180bedaf,3,Sci/Tech,3,Sci/Tech,False
77313,9c919391a2493910e38ceefb253fd347d61d2ef22f00b634a1f50c859be96f50,0,World,0,World,False
77318,a5f38aa17dd96799f62a0cc6018727e30ae6a79ad30a5a2ecc37489e92e0bfd0,3,Sci/Tech,3,Sci/Tech,False
77324,b52abddb4d7ad1f8866f0d377b97235db6dbaff722217fc6f727e285f6dfebfb,1,Sports,1,Sports,False
77347,5628bd7b965c157bcd178dfdb26ddb80a1931aaf865f68df065e391550a8db87,1,Sports,1,Sports,False
77365,94be03f060a79435ebc04896e936fd137b70b93d598eae3b83c8667e501d079b,0,World,0,World,False
77396,96c688ae1d395ed8bf8e7616ae5c65ce4942cb5dacaa55ea46b58a45e0d4e00a,2,Business,2,Business,False
77397,ca0946ee1d7bd9263adefdf19e95c0517646e985a26686260cdedb3186cd933e,1,Sports,1,Sports,False
77398,31f6d11e0164562533aab38aaa08025314889bfc861a3491d0e053c86b784f97,2,Business,2,Business,False
77467,415c3e63df7ccbb9a8379f8d37f63bd5ac09c5f3d7ab03d8939e486eb3acad98,1,Sports,1,Sports,False
77477,e75b368842198e4b34c49846527876feff195d34c1c37b2a07e4e1b74490b3d3,2,Business,2,Business,False
77501,8a1f19d3707b4cb12b0757b1a0f3d0b6903552a50ee221ef647fb340627b69a2,0,World,0,World,False
77514,2348f8a0de3184ce26881293464eb77d5435764e5a03a57c0d0876fb6aa817f2,2,Business,2,Business,False
77537,1503f8fe2fbd4b8c445ec13daf975c7c2d839bfe961cd6d04907bc09e96e0e65,0,World,0,World,False
77557,351bdb8d19af396482c5cfe3c6e0ea6609b8656f66f7d4d8d582308ee74ba54a,0,World,0,World,False
77588,4c5f34754b82b9a58ad0031e28f87bd8f43afe6984bd911661a37ebc8ab2057e,1,Sports,1,Sports,False
77606,e65079c3a40ea4ab058f8b0564f5df1cb86baefd4e9c83a0a5e2d69829f72aa6,3,Sci/Tech,3,Sci/Tech,False
77614,2e177520e5196ced743afb0d731d5846e8a59f634c12c370e18d2546d72c317d,3,Sci/Tech,0,World,True
77618,f1bfd773f4af208ca7801c600a88a6a05c884f4c9b389a080b821480bb097b96,2,Business,2,Business,False
77619,443bb6901854bb05afadeafe9886011b52fa158f7acd806bb6e60b1d798e7100,3,Sci/Tech,3,Sci/Tech,False
77625,ade414b43a9cc4537bb7c8d24e1da2aa02b1e8b14d7611f6c0d22aaddc8e73b8,1,Sports,1,Sports,False
77636,dceb07a39ab1a5ad5bec9ab9b469f1e8ad02362d56b544b21a6dc335da10b242,2,Business,2,Business,False
77667,7241604ae3a9143b841d00408e3701dda91e04b3c1ae929d13f374e2fe428759,1,Sports,1,Sports,False
77669,c9fa40a56cb35a4e96a505c012198e5dbe96d6897613b3d578cb5563586b21f4,0,World,1,Sports,True
77676,28ec365dc49098b006049d4bce5542763a44f8bb85fee0b502aa8a25b98eeb76,3,Sci/Tech,3,Sci/Tech,False
77679,e3700b1450fac1834a3ae9122aa3597bf048025e992e179237591fa8100b6ab7,2,Business,2,Business,False
77698,879316605daa3164eeca406347fa2329c60feb01bf829e6a4cb37e04b3dadd14,3,Sci/Tech,3,Sci/Tech,False
77707,5325fa7da71f61280f90b3c2f72e33023ad5f22be503b51eea315329ec469886,0,World,0,World,False
77729,b315386f501500bd1ebd1400ce38f6737b27392fd420747afe3722ced60ec11f,1,Sports,1,Sports,False
77737,80362b8452ecf4e0a6d3c2dcee60c543ff4168f69d26ef2df5eb26335e6830b6,3,Sci/Tech,3,Sci/Tech,False
77741,0fff1d6e884a646c58f7714acd8991d4a566cc542f6e646af653342b017f4992,2,Business,2,Business,False
77742,87066db01d065e9a5744fb44812bf70f11ca47b7f80a1259dd5943c68b64f496,1,Sports,1,Sports,False
77756,3cf24002ee0d187fc200d1727a91d7e36eabb4be32271a7dade19e925c5992dd,2,Business,2,Business,False
77780,f49d9f575774dbbe24112c1bb16695b3d6058baf5d28611553a2bb07bc657e8d,2,Business,2,Business,False
77800,6f4228c71e78a7df8bd35e3e5b7556e94da951f1f8764ed6b9a4c29f3dc5aa5f,0,World,0,World,False
77823,f6007bbdabf90d3e7acd11320c3fd5554e644f2709baca802b25ab7ca3b5a072,3,Sci/Tech,3,Sci/Tech,False
77834,774a092e48c35f8ccf869b2ab141a3c805f9b5a4ad19b4f0acb1b11d74d8ade9,3,Sci/Tech,0,World,True
77844,28118422c54d59897022d87c1e209ce1c4120fb9b1bd7d3ad9cc42b2111a92af,2,Business,2,Business,False
77856,35d1a084dd621e728c655bc7c115434c16eca9898e433122af300c5195c42966,3,Sci/Tech,3,Sci/Tech,False
77866,e4084be8d9e94a9b0f4c5b57bd842bed22a7210e15db0682b6fb34b6db80f486,2,Business,2,Business,False
77887,2cc75043cc5d7218c5104d915c019e3f9af058182eba185a6ca79a1e99a5c8cf,1,Sports,1,Sports,False
77912,439b25a03197844a91bd7e911b29ba65ab0b2d242f3784c45aa9d8e22ba4ba24,0,World,0,World,False
77913,f9c72883b08e877a2fc73aadc3f887d84b1c6ccaa0f60951b4b8da1c743c4bd5,0,World,0,World,False
77922,b74ad8189b117ffb4efc8fe321d7909bf52643ffe73f9824694087d5dd03c241,2,Business,3,Sci/Tech,True
77928,b9e10af7869bef081dbaeb3559acd6503c088e01dd32edd7f7e90c762316c85b,1,Sports,1,Sports,False
77937,c25407e7b702eb156873369dabdad35f2b74c496444dc3c9feb3b45a23105739,2,Business,2,Business,False
77952,5a5117df646b64dd913637bd91b53a2dde2ebfd5fd33d4a041c95752321752a4,1,Sports,1,Sports,False
77970,bb49c557d2cb48d4d75640f19821f0981167fb355f0b719481b5681dcae3a77d,0,World,0,World,False
77979,2ec1ffac5f8dd1fe8751c2afef6ccbefe9751f723d78286c26916bb1251e589a,0,World,0,World,False
77982,4c2b11ee0f479ca3c3d5df28829262208affe511ce91aa5571c78b1db8a42c20,2,Business,3,Sci/Tech,True
78007,77f6abae4156ee484de8acecdcbfca19c773bb4ae801dde1f7be9509f351547e,1,Sports,1,Sports,False
78008,1c317b79b00ed6ab261b7294ea1028da1bcd8f113affeaf0dffb55ad9e26d269,1,Sports,1,Sports,False
78022,fda9c2663856ba3643638f9f367084b648cdf600c79d26d64c534d9d8245e65a,0,World,0,World,False
78024,66ab316a3e8d6aa9ff8b167c836aec04b8598f2e2be252364a6f4bbed1a9aa42,3,Sci/Tech,3,Sci/Tech,False
78032,2891763e46d9fcefb625659cd360a1314eeb04abad30844b24e77db4d2f65e85,0,World,1,Sports,True
78081,3ef9e29cfb6d28daf2aa23ce4a2bbb95c7571551581f3c03514b3fd7722e26a9,3,Sci/Tech,3,Sci/Tech,False
78088,ab58be0cb383dcc56434cd5da382b76173404e873b088fa5dd425dcfa29a8d61,0,World,1,Sports,True
78093,4c7233d7a61d4652760900244e4746e8fa3c7a91460df869eea14b6155b6e112,1,Sports,1,Sports,False
78111,0103544cce4a0dd106286d24100256786155ce6ab8be895ef674aef89db3c339,0,World,0,World,False
78112,7b79e3b42c7e35d167b6f8d23843d0c5143007db0c1944868751c661e9e3dbe8,3,Sci/Tech,3,Sci/Tech,False
78132,9f24a6351def76e5fe0f12cc3367a8b4d7f9fd816131a238eda614da3f513149,1,Sports,2,Business,True
78166,c7371a086b32f13eac4700644d9a47415cab89c2504b48a765b79c6239060fe8,3,Sci/Tech,3,Sci/Tech,False
78169,e9a86e1fd860f9399b1c1ffce99d200cd14f3f8816f8e641fb73c40703a862cb,0,World,0,World,False
78175,bda785bc3263cd900567f07008fd83c59dd8785f7d6b2697f27631bdccebd5f8,2,Business,2,Business,False
78185,4a126854c2aa2f22d5a3548782eae74767c9f1f7851e04f0af69befad9f13a6c,1,Sports,1,Sports,False
78187,d8f15053f25de964bd34325800c5c998a9103ebd39a7fb5901c4048abee0e1cb,3,Sci/Tech,3,Sci/Tech,False
78200,2331946facc704d960b6a4a1b8fd1f21888554eb513dd2525cd551aef7dac0f8,1,Sports,2,Business,True
78209,5de50a781cef8b14ff1bfdd5f0b0a66acfc4a460e36c28d725182cd3f0f63fd8,1,Sports,1,Sports,False
78211,b9b05d6ccb7ba9982ce727de6fedf77dfdace19d1cba54f45f061aad0b5d6f91,1,Sports,1,Sports,False
78213,1617e00473814c0af56b248d40f805e71caa96fd5a4333b4ed15daefeaac3420,2,Business,3,Sci/Tech,True
78225,c6db527d6a7df82abff28c891a0b17c0e33af281af834b23cab31eae599ad8fc,0,World,0,World,False
78226,9b6ecd05d8097cc26ee0204aae69478e448c665d5b572f7950d59da4472faaee,3,Sci/Tech,3,Sci/Tech,False
78236,2b80095ef1f1eceaff2080bddca4cdb626fcaea16a57d04baa0dbc99fd8f4de1,1,Sports,1,Sports,False
78246,8b9ac0d12514be632d266df7de68bded06b89981ff6e1ac251bea308b73f960d,2,Business,2,Business,False
78253,41a92fcbcbbd53ae5a2d5665f6b97fe6f69d03f6a4494de844ac2e01f68bec1d,0,World,1,Sports,True
78254,64aa0f9287b8cd6b2ee77562e7e596f8eae499f0994eafbd3d7514353bf9a65c,0,World,0,World,False
78262,6b5b22d9d218eb49e9f0ef81f3ffd88f5e5aa5a088823b3596f2bf59955ef1ba,1,Sports,1,Sports,False
78269,0fe2e35773484c32733534aa58d0c111c68b8d3cab5fdbef4cec58e576fb51c8,2,Business,2,Business,False
78310,318f7e45dbce33797a24695e6708febe834fde7167b483fa9eacd5234161c49c,1,Sports,1,Sports,False
78315,4adfeb1ec1f559bd2fe8e2010abce34e77a519b86114d66e3162257511715f74,0,World,1,Sports,True
78327,47b05473bebd1e329a0612189010c1ddde5be7999bb6d0c85b5512ad1ba5fb5a,1,Sports,2,Business,True
78365,0ea811b83e2c4d37e8e53f6890c098b6879c7c42d3f2e800a1068e2d83afcf15,0,World,0,World,False
78367,254d80c9fe66fa69f742cb2bcebae1e784738de92371c0e68663987ea1495d3d,1,Sports,1,Sports,False
78390,3981f5df4340eadfbd75fbd0440f69bd2cbf4df3b8035280ec0ffea79d37e6f9,2,Business,2,Business,False
78394,998dc3c7cfcef6976f256e1f9d0bc6fe469c6198a0469c88349572fa016d4fce,1,Sports,1,Sports,False
78415,52f40521a35b052e11f482f42bcd94e523278ec855187d7bab8e90037add5bc8,0,World,1,Sports,True
78416,8d4920326b2aa067f5202f8db87258906afd27e9688fcb3456ab6aa21b4ed030,2,Business,2,Business,False
78420,face1a068c9fb501d30c008ee7278076815d554b45dd602f64e06df07cac2e61,0,World,1,Sports,True
78424,329b975c15c5108f82cdb191a1483627e1d53f50e859c373f95619873c6e0b50,0,World,0,World,False
78436,f0cf268dbc130791752812c3b529c619d3c409f20afa61e9a4b70b51e91cd09f,2,Business,2,Business,False
78456,fcf57506943d6191416525bfed82f7ab362c754b048d0901f0c49d0e57bbe1c1,3,Sci/Tech,3,Sci/Tech,False
78458,110372964edcbdf2a53cdd4af51dea3f0b967f2093897c72e407f45eebd9c005,3,Sci/Tech,3,Sci/Tech,False
78471,e60b5568dd45bf7c74285c18a7764f67afc8a3aa6ea7a13c7ef639cc43bfe39b,1,Sports,1,Sports,False
78479,5b8f918925b8561a8a212b7456e435cc1eee947ab1732b340c15f22b95147b5f,0,World,0,World,False
78488,c7e3e9a580def5cd7d741403f9605cd173f35ab682ac4fc87dea6d1672068654,3,Sci/Tech,3,Sci/Tech,False
78489,f676465378b7731999703a113b331b56818fb1414abf18dc7f0270a369970b15,0,World,0,World,False
78505,b7df070605f0be2444e091018ab0f08ecfc1e26d14e1db142f7182ef35b0bae0,1,Sports,1,Sports,False
78511,a7326dbe93501ea17a108972a320fba20d4462bd21096c598953c32b69febc68,1,Sports,1,Sports,False
78524,3880785cd3bbb3e6087b3405d5b8f38fd8995860e57c4edd53112e0c405842d5,0,World,0,World,False
78542,1da4efbb9cf32932731a9ffef63bc11346433bbd57746eac210325c91f4246d4,0,World,0,World,False
78554,dcfa9e1d2af52af402478daa613fae5a66b6ba989cdadcd0ec3f645868e2dddf,0,World,1,Sports,True
78564,35f24cd9db99df4c563a65c86d8f0a934b5dfad640c8357ea9baa619d7c58b75,2,Business,2,Business,False
78575,917945c8a71d9fd14f92a65e71f2dd5d46133ec6072b95eed425ada1246a4f64,1,Sports,2,Business,True
78587,1aef3057c36d1f89bd067687fa2c7e1c575866d51e6a77a9de262015072db9b5,1,Sports,2,Business,True
78595,68033f78e8fecfaaf9e1934caf4a68ad08b3c78f41270e546531d32c3788b322,3,Sci/Tech,3,Sci/Tech,False
78614,001bf33459b35c572b68d6b91e23ae90841e4417dc97cf6a142ce00c054179dd,1,Sports,1,Sports,False
78639,1b3eb2a38bd3b82f755ec088f3276bb192c98d122d290d8157ef239d5ebfdc6b,3,Sci/Tech,0,World,True
78652,effdf814f85cd3de642ff5acc49e469841e12f83a42057f9f8772ac9889e3625,1,Sports,1,Sports,False
78687,3a8a5f3d71406e9eb281489c23cd896439616c4f5fcccc4c29681bd0ff5fbfd3,0,World,1,Sports,True
78728,fc91f6bb4073a40d5075df56145f475e8903a265b69fa93d0bc1d3d179d72d89,3,Sci/Tech,3,Sci/Tech,False
78748,9aae1ab00ee450725a13c776d0af2b2164254fba7dbba0a900a1e0d1c67ffd4a,1,Sports,2,Business,True
78752,7e3d526d8ebe2faabe6f458ed32ac1dd593d2321325a8eae83c50e91354e4e8c,3,Sci/Tech,0,World,True
78753,f0b631dce18103f557bd42ea775ae63a332f44b834d958b11f46abd88d769c47,3,Sci/Tech,3,Sci/Tech,False
78761,a97760bab19edb709a6aac7283ab53152980e75b0e6bbdffc01faf97c33d0e59,0,World,1,Sports,True
78793,f332d328df1e2812b68008a9103e811e90deb8da7311206d07a31645048fa7a5,1,Sports,1,Sports,False
78795,fad94dada429c133c29007a2d5a907ac36895961757875559257c70e825f0528,0,World,1,Sports,True
78796,9c80a4467c02ca61d85fcf35a4c294a21594d1c9b0eb5ede736436dea24eca2d,0,World,0,World,False
78797,48b83db819ae1316aad927b4e01ec23a4f1c2e5c92084c7cae215bdb0c15dcae,2,Business,2,Business,False
78818,d91ba019b4767d30d3ad5ab096f4f6a0bcc7d0d36e732470837fc8b8e7ad74d1,0,World,1,Sports,True
78833,12647628c26bc76a2376eb1c09dd2a7891d2eeac3aea412b755f3cb04f02df1b,0,World,0,World,False
78841,04a521f1082247cad316f1f9a8a15dba723cf4bc3aa4d2273ea735c62675c612,2,Business,2,Business,False
78846,b1e801f74cf73036f610b9ea5e63c909cd7ba85450c2a93006230d3744b97692,1,Sports,2,Business,True
78860,e0491c858a7f117ec51ad2d053498788acbf5a8a081149c4dcdc4b7d7d9e381c,2,Business,2,Business,False
78881,e840be8f561300892706447e1af714d82556d9fafde2b9171d50a8d5e9acd9c0,0,World,0,World,False
78888,e8f6667f41a096f2251a2102a00de2e77be21d15f91bece8bb0473fc4c2104ba,0,World,0,World,False
78906,4180b56257298e8f1ca8b8a09e0f2c8a15f0089e16ff989db8b81f4775310926,0,World,0,World,False
78926,9bca8706bf325de43e96b118e1725c677d76ac46f2e5690302262f2eb3445c94,0,World,1,Sports,True
78945,3f044c7f3ccc0e5041c7e5404df2bdecafd67fc972f92894937083e236437775,0,World,0,World,False
78966,8a384c96a7fd87a681dd766911ce1895db3cb593d45c2b85e6547901d8fcdb24,0,World,0,World,False
78980,69834d8bac69654b1f9d37204f238b72be9076aa49b9ea669b183cf06d130bca,2,Business,2,Business,False
78999,9a0bfbd1534f18a3cf1b9ba354b6f32e43597b17a1a35081b9062715c6dc7148,3,Sci/Tech,3,Sci/Tech,False
79002,14dbc0df72cb0e6cec5a42fc2e4a2b108054073101263eae5306ce187a439b8c,3,Sci/Tech,3,Sci/Tech,False
79009,a7e8b815572edd4357a1be3849fbc63412bcae36d256b8971bf48425a8861b8a,0,World,0,World,False
79014,3687eedff6d938641cd86d2b4b7c03a78a176a3cdb8e559aff4f4391eb884ae0,2,Business,2,Business,False
79015,8d68c4a4355f00d08ffe62b1c7cb18e2a5fecdd810de17b7563226c8bccf3ba1,2,Business,2,Business,False
79020,fcbce201ff4766bd7448987e12c8f8ac880191222a639202c0ef36259de30a15,1,Sports,1,Sports,False
79026,1d3f271e6c7249d8c3fa04838ba601addb1dc4d5f0de381171de568215955c95,3,Sci/Tech,3,Sci/Tech,False
79044,d4ea40b6afc098d7f2dd0ff7bae82e24f0b45b26e00dd188e35e3235db650d35,0,World,0,World,False
79050,eb5d67e6c9e210f68b3f69c3e4364a7b40075db0b32a291ee2af837d3ca1f752,1,Sports,1,Sports,False
79059,6ba5ed9ff87f50293a9c521650826ff17b144ec2c9f53da9f9767c679a6fbcf8,0,World,0,World,False
79061,c998b5f9eb51a6fc589c2f6c4690c8e74bfdeb0b5157681b8ecbac81ae8eeb9c,2,Business,3,Sci/Tech,True
79097,73fe20686277bd41c24f0358a1b9de6a542bc8850747a6e59f97c9a399cecc2c,1,Sports,1,Sports,False
79108,aacaebc96b3eb63501db09bf02ccbd4ead13678bad24e9d00d4420ab2c336427,2,Business,2,Business,False
79118,b8274ba3c2fec57ce9b13e4d77ccf8da2b9962c75ff8145ee37d750e784d6238,0,World,0,World,False
79129,1b796f35cd7e99808d41319c12fdc14ee8fefacc88634435e74ccb64d758c320,3,Sci/Tech,3,Sci/Tech,False
79132,9f4c6d1972a0b8296fc17d249c828fa06f4819bf0476ee98f5a45f4bce5f6787,1,Sports,1,Sports,False
79136,01d3f87838b89cf0956e47f6620abc09216ab873788ff527fd680288c9d705e7,2,Business,2,Business,False
79157,cb79c09b902eb1ac71c87ab68e1a96a7c4c1b5fcfc9a9d5bf75a27bde41b1440,3,Sci/Tech,3,Sci/Tech,False
79161,003ef85ebfc30c2a92195122a31a2a770ed830ec16ee82fdc3a664ee30106062,0,World,0,World,False
79191,a0b9621eb96c9154bd3bc766a3f6e4c60f179fc23bb85e5373f2c38aa545fe60,2,Business,2,Business,False
79196,e1f4814756e489fdca430d7d141f112ae811dfbb1ccc6937d558117ffde7f7ba,1,Sports,2,Business,True
79199,51b842db7d98f7b0b40d73f53526d6b2daccbbd2a0c2a7a7c8bc3f15cf86ef74,0,World,0,World,False
79207,1e21fd9066b2742f8fcce565026729bc6b1ac6351d9edd265ecaebcb38b35a26,2,Business,2,Business,False
79216,3b696af8cdf332d12d142770f079542df0b213672bad067331b960e768d75154,0,World,0,World,False
79243,8e7fe75cddb57c6fb3ce729fb0e1732d554d61bfe15b908eee1defc937e5ef1f,1,Sports,1,Sports,False
79276,2bcfa6ae0b7c0fd45d4b34bbf1e40ae064ab3795087c7846cff9b67f43c5d125,3,Sci/Tech,3,Sci/Tech,False
79280,a1fd5ace6bbc3d30cf4d2a316ed98d5536dbfe038564a0cd0f2809e441e0eef7,0,World,0,World,False
79290,0acfc051ce79966ec8074b43229411025cc0717fc5c822711668b93f04852da5,1,Sports,1,Sports,False
79307,b9079f9c52e6b11bdf65701511c83512ace0b5433899c45e18e0b8bec5936444,2,Business,2,Business,False
79325,c6df35a9b09fcfccf986a43956644ae4125568ff109ffa45b5c43fcc452321d7,1,Sports,2,Business,True
79329,5639f11c3da62d6bb7a4e6e9a8fdd227805713e1f6e80872a3bab3ae3b592ed3,0,World,0,World,False
79337,fc06d975af30958c8408e542ef479c7fae8f3bb258efbe634dcfe0f85bd5ab08,2,Business,2,Business,False
79343,7ed8a43f4cb27764ad0ec5d6ceb5b7091fc83c994a0178850a345b044af50976,3,Sci/Tech,3,Sci/Tech,False
79356,44ca9820c4e95bb084a8fafd8c0aa9fe7c8334595f1bdc36d1e6ab4d9aaa7578,3,Sci/Tech,3,Sci/Tech,False
79425,895b3c3e1ef1b58bd2f11b084ac8ac5a50b1fbf25459c64f5d95983c82d23989,1,Sports,1,Sports,False
79427,92cec84430ef92bb7a28537257bd4a12c3f489a6dab7fbcf1732182b8c8cca03,2,Business,2,Business,False
79465,b25723c806e2bfe8f19a1389f94d27291e9cd2f386394eb0018d1aae3d3a4a6a,3,Sci/Tech,0,World,True
79472,398dc8f0bb0833c1e131b47dd7ff85fc356f46293f7f5a0a30bbe16421f1f150,3,Sci/Tech,3,Sci/Tech,False
79481,6ea9f2ea4d3b11f9e74d5b2d136ea6c0293080dfacee24f89af243d12bdb1836,1,Sports,1,Sports,False
79496,c48696f8359b9a17483cba9e52cfb5111cceecab89474ae8f1311e546f1eb0cb,2,Business,2,Business,False
79502,1081df7a35c18ac7ddd0c0e826c6bea0b24f94aa93d6ed51efdb07dae98b3ca4,3,Sci/Tech,3,Sci/Tech,False
79509,236866a149098afe3a8e07c37fe7eaf789d85af84c7299f1af7fc818b21abc25,1,Sports,1,Sports,False
79512,984215fcf0f95550260a2f9d5bed2adc72ee55f2b3851136e97138f595b3e7c4,0,World,0,World,False
79513,4badba3585c6e0cefa74bfc6b964c259f26ae4fc25b251c977dd096b5238d354,3,Sci/Tech,0,World,True
79517,23885a16251ed2341eb9b4248e23cf90c90748e3d6298240da486cab46e85508,1,Sports,1,Sports,False
79526,41f190f5be87ec47a243f4efd9ce62754cfaf518a1c08c9e9d755c05b72501f6,0,World,0,World,False
79555,5edb6113a13bd089bfe1fb2ad8276ccb0130219808a0deb69dc150f18985c6be,0,World,0,World,False
79565,aa8495c447075cbdedc699ef793ecb8d9e3a25e390bc80749fac571ee08cd316,0,World,0,World,False
79580,f28c98245b75b7ecb2814df59f789842c4b4147c592e299f90f1f89290bd708b,2,Business,3,Sci/Tech,True
79583,e239851038a4fea6744be8cf81c333890005309638fedcf025ea4f8ec911fa5b,2,Business,2,Business,False
79596,4e57595cbe938bf7b69e105cc90be169c9e98d79304e60a888992ed5e472e5b2,0,World,0,World,False
79625,4ca495e4aea680fa5e5e25514471b3446dee9638b09910e264848eda32f5c45e,2,Business,2,Business,False
79650,e14a4f01cdfab28b3e412fb64aa0a248f603b026bd9dadcadb5b6d92cc95bba9,2,Business,2,Business,False
79652,0c991dd571fc32e2ab18228063bf58e93b05372776872511305663f0f00c6683,1,Sports,1,Sports,False
79659,2c25c53b00187a1bebe363155735f7b7aee1ba2c08fdd30360ae53d90f34d8e3,2,Business,2,Business,False
79668,e65ffdf5e5bc1c7aa0f77322a1a0eec6ca56f503e0a7fa7855c0c01986f79cf7,2,Business,2,Business,False
79671,d73cba080c8127096724163be1cb55e5d1d373f4836615679f8ec054ed559588,1,Sports,2,Business,True
79673,e3243ae129b606f48db880c66ae881bcbd912d491e0deee1cc80a4513eadcd9a,0,World,0,World,False
79705,ffaffebf307aab781e8b0339dbf424ef5ea3e26ca6953a7cf440af278af3a8b2,1,Sports,1,Sports,False
79708,80a2b43e73957f7573c5f84bbc9cb22124491de9e92ef827914fcccf4457bf33,1,Sports,2,Business,True
79721,8e57ffe0f375b5de3384ac1f3e2d35a91e5560c7607eee6921baa10696001716,1,Sports,1,Sports,False
79732,4491d81250bc86998fdb9bb6e92bd9eb0603522cc4333a0210495943806e562c,1,Sports,1,Sports,False
79733,c09d19f278e9a899e76282b5f02ecb3dd20df95815ca048ad9029bd684997ec6,0,World,0,World,False
79738,2f26bb6929a9579faef5d53ec29728d996f4db6d963055255abb088164fd9480,1,Sports,1,Sports,False
79744,35a05994bea8d28abc391d2f0f6a9e979e0383b632c9ee3ebb20b99f2f6f5b66,3,Sci/Tech,3,Sci/Tech,False
79796,83304ed0c9fd1b47b89e6d133fa5133b7370e67e91db894a88584831f4f753d2,0,World,1,Sports,True
79804,1f7a0c23ed7bd04ab7ddc897ad2950c3e1fd60b9a4e747c786c8b212f1e2022e,2,Business,2,Business,False
79808,6061129d8ece838c3e48cd89a2ca4acea103ab14226ad45e321634a7abca291d,3,Sci/Tech,3,Sci/Tech,False
79851,4c3d14ad8496c5c156d74e535b09064d7fe575ca6247e6643331f4693dd1f088,0,World,1,Sports,True
79854,9438fa0c3e30525cac95965c99f392ae89f5dd6203153440a8614b963c2c5ce1,1,Sports,1,Sports,False
79926,8eb559efa44e4a04657a5152e607861315ca6a4dfb080e1c24456f639690f266,1,Sports,2,Business,True
79948,b3995d097ed24c30780a2a6c32524b4612889cc968463702b41ed6d37617370e,2,Business,2,Business,False
79954,c9fe8294c894ffc763334f98c2a78b2c09f7228f984d412efbfefc44d86c596c,0,World,0,World,False
79958,ef5e71f867db73f990c0edac98df9528ccd84980188faa1f44455100532ad7f9,2,Business,2,Business,False
79980,7464b70cf91151669b838e83ffb93d5b8b15219ee656c88dea1f87e1a4384eea,3,Sci/Tech,3,Sci/Tech,False
79986,79fea33016d09313e6349421c53863e21699b311ca65d9091fd88e204bec2047,2,Business,2,Business,False
79991,0fdbea78159219ae092511de04b4e5bdd17f6ace157853deb9210324d4ea3842,1,Sports,1,Sports,False
80023,4691ac7c4f23022c55ace15a13da39936e1c5c42ea2782203be442043f9e3562,3,Sci/Tech,3,Sci/Tech,False
80052,d7522cfa35c80b7f779a3a2a34c06962160077e92b5b62f948f63578b3c7cc77,1,Sports,1,Sports,False
80058,21b13d37903f43e9a4b453248edc7b7ea668178edc8ab0dfc71b2fbbab63865d,2,Business,3,Sci/Tech,True
80063,b5d7087fc858314d2f9df2ff721bfa6e4166fcf31a9963ec1c3d86fcfe21249f,0,World,1,Sports,True
80075,2eeb2bcbd93e88526844119b50a293945c64e35194e5064e58b839819291642b,1,Sports,1,Sports,False
80094,f306f28391f3526d3ea6c8f109bcba07529a883e28fbcaacbd0d46b84431b87b,0,World,0,World,False
80111,f2ac477d138e4e127d728b62ce61e8135ef62ee66b29c58a653302947126f3dc,2,Business,3,Sci/Tech,True
80137,f749143121de1ca5f81e73128af0ab82ff8215cb67471fb5a555247b727434cd,0,World,0,World,False
80139,d47d796d5b8fde46eba4030629703bc38388bb500faf646648e11a310c0516fb,0,World,0,World,False
80142,f92bb806dd06d51a0b23fccbf90029e8a23dafa560b4be3508b5dca3889dde8f,1,Sports,1,Sports,False
80163,481a6f2d5899c9db36f107df27bb1e472f856163285aa235f523609b4975a526,2,Business,2,Business,False
80169,751a990641db0781897b85430ad8d2e7d39b69a85781e8c1e4a13e5a0861c168,1,Sports,1,Sports,False
80171,ada265bc59b4b5f74c3a40cb8f7e9467e027be9e2d9c0dbaaf738b351fcea4d9,2,Business,2,Business,False
80177,aa7b4337565779012f55f761ba02695d13b615f496876b3e27c2bf03b1d4f81d,1,Sports,1,Sports,False
80178,0ea17cbf30bb5382cae17e9c544bcd57514959e50e5941810473206ff834b6e4,0,World,0,World,False
80187,ac25dea66f29a42b28364139e9315cb5435c26cf8d0b0da9c844fd80feae6648,3,Sci/Tech,0,World,True
80192,3295d6b55e4abff140a50079c355442cb3306669bc278a859f98cf1beb08ffe5,2,Business,2,Business,False
80244,1b232e5931511406e90bc377d5da90d55fb1358416d0bb1673fc0684ca2d3283,0,World,0,World,False
80255,5a58278053bfedc8213e815b8a1a2a9da9d6c13d5a727975ae8250906c04ac7e,1,Sports,1,Sports,False
80258,3e9cd9b6f65b1c23f748086a2569e07af968a2084ca342bfdb96e6caeaca1d27,2,Business,2,Business,False
80262,7b9b9548991629519b73831566f91d12b22b86021c48a426bf4448d32f6860f3,1,Sports,1,Sports,False
80273,c2a52bb424587f42669d0e5972d9c23c1b6ebed0318cb80a6d4caf35c727548f,1,Sports,1,Sports,False
80278,1f761ef7fba5e409eb02e428545e86a30cea42dd4cf74846920a11b598a07132,2,Business,2,Business,False
80290,ed4ff7365b033e28b705bf83b33daaa384a3f7e264d9eebf752567c27fc7b4fc,0,World,0,World,False
80303,3afa28fca08b48ebeb8385949a8b349a87e7965577fd47b7b541bb73229e1ee5,2,Business,2,Business,False
80321,01ba3cbc9e2cca7caddaaa9a2fa0f97d6a82ab536947365b0a6cd4edcfc91118,3,Sci/Tech,3,Sci/Tech,False
80325,95f2e9f3570119d16f505222efc1ee043b1d04b5d3bf3eaa351a727568dd0a52,1,Sports,1,Sports,False
80327,76f9dcac99796734346bcd0dd210d8cd3548089a97c8d4fa296707b039dec202,1,Sports,1,Sports,False
80332,d7799a822750a9b5e53be30c855e5aa10876b049677363de5792c0aa11796bae,1,Sports,1,Sports,False
80345,71637169193aa21a374da67be03aa12e629034319045d1d2ff12b75024d7f032,1,Sports,1,Sports,False
80356,e2c7460fb5d3ed4752f8507ec22937c4c725f593095d1f939ed33afcbccbb125,3,Sci/Tech,3,Sci/Tech,False
80411,e5835e3a99627ede8ceeb93b647458cc854b350dbc5c89e442e7aecb0e98339c,0,World,0,World,False
80416,57ce58e52c126b70fb97d3acc611735e70c7d1cdeaf63413faa3b3654b284718,2,Business,2,Business,False
80417,ab3d3cab1b16598ddc62ffce5c5ce1fa5380543f494acd108e2a1e96379f47f4,2,Business,3,Sci/Tech,True
80437,956d80dbc2e5bca715bf43289ab60f8eff3191e80b7dac9dfa6940f0507cae6f,2,Business,3,Sci/Tech,True
80439,40bd669f91fb6f3afb5a629f9774e06049053282690e78c247474fbce41f5559,2,Business,2,Business,False
80457,182a744f47d78aa877548751b77a7d436c2af0c17b505b65951d4c9b8f2b1b86,2,Business,3,Sci/Tech,True
80472,b2656860b79f58224729d5ac914dc07335645d1d501f6fbf2c61f2f69385b800,1,Sports,2,Business,True
80479,855fcbeb25874699458181222fe3b916c8ce70a4cda32efb96b7683eb4da77d2,0,World,0,World,False
80483,e29040b0c1eac7ab434e55a4afafc57a0f09cc8f248131b4f37f383dfa1d1867,0,World,0,World,False
80551,011103f291799c16ebaed6363dc0c47ebdc738bd478713aa48a3135f34b4a2d2,2,Business,2,Business,False
80585,9141c0d6b78dacbc543bf9eea6a3b17aa953e2adee5a6669699cdd81d014f244,2,Business,2,Business,False
80595,b4b8715373aed90cfbf81c8352c8ab4d3b35773d75f52919235d032ecc38dbda,1,Sports,1,Sports,False
80615,81c158efbd9bbc50310d7dcb7238dbec9a5f4c4630845d3c1cb6a26b60c2ef97,3,Sci/Tech,3,Sci/Tech,False
80646,8ac5e8181c3f045fb628c1f24cf2b43aece19a8795c99d2e27fda907faa3ce3a,3,Sci/Tech,0,World,True
80652,78d276022abd16903c2f3572b8e7c8106882092f8513c7b0230ea03342420bfc,2,Business,2,Business,False
80661,1b0e516fb8fe58b8f29a82d180a9139f9076074abf9d79c76d53d977919b13df,0,World,0,World,False
80684,5fba9bf417f0663b8f8e369b97601b01040dad0873730f125967ae8422f4d5bd,2,Business,2,Business,False
80686,d92dc8d6c8b1ef9737893ec95194ae6c494e51cb8021b7474c3381692674b595,3,Sci/Tech,3,Sci/Tech,False
80692,0bc08d48501f7b7606bd52c697ac5ce858a4a2a9e91ad2126dbdb4a3372dcfd7,2,Business,2,Business,False
80726,60cf2fa5a39d06c41f050fe1f5f9a35c77bd4c45e12b7f060f24f3253efc3afe,1,Sports,1,Sports,False
80733,b0804663a10fa6c4191d91b9966c6762af28c4651f2715050d580599214c7df9,3,Sci/Tech,3,Sci/Tech,False
80736,0df9bded3d75a11ab83d6175c3743e485b37ba4acb921be156bebd130dfb0ba0,1,Sports,1,Sports,False
80743,6668014b32029d88a053e9b70b2e435bba30f73693fc7b29d67586d5cbf22002,0,World,1,Sports,True
80762,8c4587785ee301af703af4fc33412e45d19cc9df47e5b59156a69d92c04ae897,1,Sports,1,Sports,False
80764,1e05b2e481e1c2300fde2e6a6eacfa2c273a70426a1e337408ffa95e97414878,0,World,0,World,False
80772,0d45e13abe2425e7f96d6485c9076489b18e49120e9fb9e49dd83e2d30b27760,1,Sports,1,Sports,False
80778,9d01b282843ac7113d774b9e9627783afcbe4e1bf8d420d2579143cbc80768fb,2,Business,2,Business,False
80780,1c3e52934a800c5b0de4d16e11bb4f0c648f46583a1dd7e2cd905bfd08479d14,3,Sci/Tech,3,Sci/Tech,False
80790,9e564827281f5ef87cecb37866e9780220a0b98a491439f7f0b7cdb672a4cb51,3,Sci/Tech,3,Sci/Tech,False
80791,54492170c79b348f0f7a7b5033f46378d894b2472d7bf987b87010843087dbfc,1,Sports,1,Sports,False
80798,06ff20bb24bd6487fb9679cbbd97581eb470d64fa729de7c5aeea8955da54baa,3,Sci/Tech,3,Sci/Tech,False
80802,06a52e238bdfb25027a6d16cea4b0def14909de877c28403a5a71d24a05bab39,0,World,0,World,False
80804,f3bda22978ab74f8b428bb4d6155b0e536dfe8b225037055db23aaa5258fd190,0,World,1,Sports,True
80810,5b75bb5d8512eda31ea23d51a7818a769b7abd508372fb8b34a224944d1ffcae,1,Sports,1,Sports,False
80832,686b2fa47a252901a935fccfee481b49776429a59881c42b2c2f5e1bfa06a295,3,Sci/Tech,3,Sci/Tech,False
80835,2a8a286e269f00a643691a8482ebcfc3f72bb9381ac220246d8125ab3fd9815a,1,Sports,2,Business,True
80864,fac180227809c50040abf5672351bc70f41a503208967e00fedc3864388c423f,3,Sci/Tech,3,Sci/Tech,False
80865,3fc22bbf185f1fa6ca00e9d48d66506eb60e27ef45eb0764bda7345d9c981404,3,Sci/Tech,0,World,True
80867,d47611f7e0bd3e610c9acf58a63214094b9577ee8099d4c8ead9313b9193d67a,1,Sports,2,Business,True
80870,ac31ca18a810f4d1ca131681765660f62a3ab26cc25007d0254e20bdfae403a0,0,World,1,Sports,True
80912,aadd538b65186edd05fe9cd066a539f5b8cbf23976d37743d98943e8cffb38c0,2,Business,2,Business,False
80914,4bc8ee5cdb5fdcc76a5d8c13b275ab27df3c7abeb25a5ee604ce40c71ca847f2,3,Sci/Tech,0,World,True
80937,b0c80c1d5c4c10f458e6c9505a026b5232a3100a193c97899f1c3b14c56a0f0f,3,Sci/Tech,3,Sci/Tech,False
80945,a3f1b693ceb3a7b741099a065bcb637a810998451f3ff52fa2ddaa19b289b885,2,Business,2,Business,False
80983,a08dfa2a400dc3827cb81cd38d6ddd50338fd5bb2b7173a98ec5ac03002d2199,1,Sports,1,Sports,False
81004,f02504c80c2592262a9a36deea98765e347506a3c82c21cabb4b621b9987c59f,0,World,0,World,False
81031,68beba294138a77023f87c2f4c18805fe140024e2050d75c456935b3f05a2a90,1,Sports,2,Business,True
81051,3a94b969ac833a7b329053f50223641673886c68bdd13a7f3ab5f66edc67c9c5,2,Business,2,Business,False
81059,566b657d9d2676a97c4fffab0ef3637e0112d2c5fd45bdae69d304f4a71b31d9,2,Business,2,Business,False
81061,c2d949b656a0e42de80013f63968659dadbe1979abd49660749d07527467ed6e,2,Business,2,Business,False
81082,c38864d93f0813253297fb35e0e40313b32169d1dfb9f4e346f6920d01994bfa,3,Sci/Tech,3,Sci/Tech,False
81085,534cb789fc7065bf400e2ea567f5847d3b3adaca85c1b75398ecd73f91fad25d,1,Sports,1,Sports,False
81087,1ecd0a5fc06c9c45d5433118f943b19c6cfdeaf19ec73f2a7d1ad548fde5dc7a,1,Sports,2,Business,True
81089,80e0133dec5e96ef30430f82d66eb1eea2d3ad5d096c9b746066c5a2707e95e9,1,Sports,1,Sports,False
81104,44df22694d492de2f815a845c169115943646c0e9bd0ceb297059a167e768803,3,Sci/Tech,3,Sci/Tech,False
81115,1b75caa0c484be8f408dce82a5027a0bd8aad954fc9a2e8febf2eb4eb8021174,2,Business,2,Business,False
81119,a1634bbbf10e0636f7d047ac0d94f9f964da918f89ff7add40537d6f89444d94,0,World,0,World,False
81122,5a8cce82887fe81aaa69a05ba5561913529ef118ae421b47e785e5308a59070f,2,Business,2,Business,False
81134,114371d7a593849783cadfe68963616a68ce7141b7027a9d275e48654041d5c2,1,Sports,1,Sports,False
81149,748ec9ded1cf7ab9cd17d189118c8a749fae17718fc22286e73cda285dfa9d16,3,Sci/Tech,3,Sci/Tech,False
81158,ade818818cb4464da55716e361af7874dd1ac98fab5ac9aa3986f79fc037c4c6,0,World,0,World,False
81164,f2546898d1728a2bc2d5819c997eafbc76258250f59fe8452acd828f88997d31,2,Business,2,Business,False
81197,135d48b89c601336b49d15b935a54fc243df5a806fcd081861c9440c5ed875dc,3,Sci/Tech,3,Sci/Tech,False
81208,ba708b448c05e0be0bc0614f0bc8c67fdac13d64579e2e1db3e1d7a54569cc4b,1,Sports,1,Sports,False
81211,4a660b4b405b506b5e29a8be1972a12b05059f02c17a03fccef3b759ee1c47b1,1,Sports,1,Sports,False
81212,b56a8bd9b8c0f44b0bd13757091bc81f2ddab34fccaaee6664f02a082882c3cf,0,World,0,World,False
81231,f060bc3e4dbdba5567bcd505cd1a0250e3d1ef7586cbe295089e3e6c266fbfa3,1,Sports,1,Sports,False
81234,e2b11a00b2d5484713427ff1e9315abbc8d339794e52ea5bf11e79e61c1e90dc,2,Business,3,Sci/Tech,True
81241,d55f8f893718c76a7e74bd3d65a1b0888c72af2cce5a7d266111f3b294c8c808,0,World,0,World,False
81281,bcfb17a78bde913fad0402b0d8dbc5502c4da90b19ca117fd2c42629ed82d023,2,Business,2,Business,False
81303,56c8f26c11c76c1b5e3e292fdbc9a09d65adbb6c8aa972fd835c42d214b99b3d,0,World,0,World,False
81305,db13274c206e02d5761ba5042cc57df6c616abaa5fa60e074a94e48c899e21c5,2,Business,2,Business,False
81308,9b6a7731253743d87218a2288a4afa2be5661c73de4076263a6dc6c20fd51ed6,2,Business,2,Business,False
81310,5b3d18b47dadb24d66b671681591af90ea433ed62e4d35cc86aa70631277d988,1,Sports,1,Sports,False
81324,37a8cdb9068cb383a1b68ce7777c5fb7ebd0fb02cffe1b1010d95e0abc785bfd,1,Sports,1,Sports,False
81332,9c00d8536e2d99fa9cfd9d52a6be8fdfba5d5709373d07c8e06365457ed8568f,3,Sci/Tech,3,Sci/Tech,False
81338,42ea7c06e1a816d5dbec0de5e7b476a2b247ca6d089388ad3d78711c248c32ee,1,Sports,1,Sports,False
81339,ec831871dd593534ab8918dc135bb40021569a0e31428ef3c56daf9c354416c3,1,Sports,1,Sports,False
81343,3ee4b33b354d9cb5df1421196e44c00d497c34ea4e4cac1e437c5e98b095a977,1,Sports,2,Business,True
81358,6917431f26a72a3b22bd3e3c63d1d321ef83f8951e84d21f9ccc62e1f4d101ab,3,Sci/Tech,3,Sci/Tech,False
81363,8f08947a644ef6084fba55ecf44cf93078ddb92f16239beac1be9a06bc27f3a4,1,Sports,2,Business,True
81364,c9bdc086bfc25237dd74616c09da4641b09fcb8ce7a568ae6474d170c5a22b5e,1,Sports,1,Sports,False
81386,09e53b885c00c2e6f93887f71b49e5f49131fdb2a0b7f0eb019bd45c0da7897d,2,Business,3,Sci/Tech,True
81396,0ef3f4529f69f9684690e8b89895c0fa3548398b14586b67adee5a3a3174e00a,0,World,1,Sports,True
81399,3fd85fe428b101566ab9a375547f8440ce706327d3d4248460d359ae8880eb30,2,Business,2,Business,False
81416,cedbfd95f66ee5992e17045eaef659d9d7250c4c3e032eb0585787306d191802,1,Sports,1,Sports,False
81438,2f423471308a8b7d2aa2b0852502d818c2cb7b42eff122c1fa57fa4449ec0a50,3,Sci/Tech,3,Sci/Tech,False
81462,b15adb5ded796d5f475c13ab05f2211e853561335b61149cb444dbd752a97533,2,Business,2,Business,False
81480,d7bec0b2a38c7493242bae6834d6a475a9b565d1450ab6229c64d5250b0fd65f,0,World,0,World,False
81484,3fd9da712a5b87e51fedbe842454d20ca4186286cf1ff9042a38b9d1d4b49833,3,Sci/Tech,3,Sci/Tech,False
81492,4381ac4d9b618e1cc0a9ba4981f65934164ef7fa552b26b50c594d21b8595a1e,2,Business,2,Business,False
81496,049d37ae4d4dd12ee72895cb62a0a7e59b8a7f339ae930e2f5d3691b67f71d4d,2,Business,3,Sci/Tech,True
81526,7cdf1b4337d17c3f9ca71da3332771f57aadc171a33b4894fd15dcd900a930a4,2,Business,2,Business,False
81571,a5cd7ad364839c779449cdda548e28d3c022931f4040488b9c52fe085f3625b9,3,Sci/Tech,3,Sci/Tech,False
81583,f50ab2d43f5d070fe1ebdcbc43bff14abd1d12f44ef8cf0b36efce6a4dc4553b,3,Sci/Tech,3,Sci/Tech,False
81589,48669352cecfa342ff60e2635587fd5edbde4c45a28bd7aa1857db4f495824df,0,World,1,Sports,True
81590,469b3277c136437795c9e8e9bfa6143c883c2fb16be7e106f6b800510c3993e6,2,Business,2,Business,False
81596,53f7268a1e8a33a16e88822457c31890fe0af5e8c0b0f96a783eebcc8048bfd2,3,Sci/Tech,3,Sci/Tech,False
81607,cd3593abf81c1493fc3d522af6dbb80447559ebf3021558405c0bd0a85fadea1,3,Sci/Tech,0,World,True
81618,124dec845b560a39b299dae0bd20c4cff3592c4d143d644c12fa8674063ba023,0,World,1,Sports,True
81646,115a372963d72c2aaf4f3bdfec3a06296abb3398a00c83f49179aee15fb15d41,2,Business,2,Business,False
81648,f0ddb31ea73b5275c199ce7660a862f644dd8259bb4fbf8f057b9227ef9dc0d7,2,Business,2,Business,False
81650,1865f0a13620cd322221c9df85471fd76f6b9f4fad882bb75b4f8a0225a1bed8,0,World,1,Sports,True
81655,54d0c7067a8c48eb9d1255560e5cf4d06e14e7568201020a9770c6456fa87ad3,3,Sci/Tech,3,Sci/Tech,False
81663,49376d9954c8a0d997f59965f691597cc01935a0fd4ecb91c8856e71219f24c9,2,Business,2,Business,False
81667,a7d8f2e711dc4f4d35e1d2d55d111cc7bdd6474ddc9cbfd3c4d319b5d35cdc9c,3,Sci/Tech,3,Sci/Tech,False
81686,7bba1a710d03c570159c98c0d7806eda009548e0c83103e2bb79ef4ef4548e9b,1,Sports,1,Sports,False
81712,43f559b35b2c9a38aa4494ca278eb4713993b1e9d63144a2f1b5c8875f046124,1,Sports,1,Sports,False
81718,774c40f42403b9a5e54859af17276d46b6c6279a75fc5d74175808b979bc62e6,2,Business,2,Business,False
81744,46a408ea53a838fc8af379cce1be2ab5d632c5a6567edbf9940f5f7b3e5eb5f0,0,World,0,World,False
81746,185a99df9c9c3cef0b817d783afc655f59e04fda33f0d3fe4fa261f3f009e9a5,0,World,0,World,False
81760,457b0691f0553d01dcc11942433849e44c886d4201cca45ef11a333e3a0112f6,1,Sports,1,Sports,False
81775,4a26fd4628f44fc9e11ff979419f3fc6370c025c8c717940cb9f8904cd218d4e,1,Sports,2,Business,True
81782,341b84b29496c8f6106323685e5d9f03013d0eb00ee1197b73dae48698bbbc04,3,Sci/Tech,3,Sci/Tech,False
81795,4bbed42e372bc292a0dd6bbcefb714cc36ec3e5948abab7ba4d25937ce774675,0,World,0,World,False
81798,8fa220e8fc8c2cb1ba8be9a49b1ee022d66bbd2987dc60887fd24bd813f398c3,0,World,0,World,False
81824,e937afb8e8a0a543a630bf7334019675092be7d77e7900f2967a7bd8ce70a2fb,1,Sports,1,Sports,False
81868,225c1652573c48db9ad875e7e5db29b980d38aba8dbcb748220700c92662520f,1,Sports,1,Sports,False
81874,8848165b98ccd7031b16fa144b6bf233f838d3dba2165d085d878d49dbe92898,0,World,0,World,False
81886,3aba78fcbc919c7b000b0f86bced1996fca0dd39f48eef79bc9a14f51724167a,3,Sci/Tech,3,Sci/Tech,False
81890,3c201376b560efbc64cf425f7cc1e42825709f0c9ab0cb64b4bbd0a25ac4ee0a,3,Sci/Tech,3,Sci/Tech,False
81904,a8afe51288a37b832a0869bf980f38aa2df42d17b1c1267bac5ea8dd4045ab55,1,Sports,1,Sports,False
81910,4727f67e89da095ce3b0d462a6d7f719886c79bffcadf28b0c59d11fffce2227,3,Sci/Tech,0,World,True
81933,b0b2c7ee21dc6b3988f7c0a44728a4feacac3e3e6256e2c242f8220eaba1d245,3,Sci/Tech,0,World,True
81937,972207136827796fb6335e0e6e0022885302f04c262cd54fb89d5682bf1c0163,3,Sci/Tech,3,Sci/Tech,False
81960,a61c5f533aa21246f19d21f4d5afef491811ef31e2e1ce622ca7dc3b91a1f305,0,World,0,World,False
81982,14e63943abddc7bf84f22910741d098b8cd1aeb7d417c27d359cd933404a634e,3,Sci/Tech,3,Sci/Tech,False
82025,53105eb26ca52975e7791680bac740acc57499a962b68bbeef0ced9c7afcb80e,1,Sports,1,Sports,False
82047,96798e0736742be43b1febb5065634ce60567ab06541b27d5dbfb361ff42b9aa,1,Sports,1,Sports,False
82072,d3ef20ba81af249fdbc070d073cd71702b7fc36f7be98e77c31c46641f23a340,3,Sci/Tech,0,World,True
82081,0a8d09d701d11d672719efe921a423dcdc1e377a4055e2b9dd7dab3cf7ba0bd3,2,Business,2,Business,False
82099,447c5f7a174b5f964ee8db315d6e03dc1c668932e3f64f2fdfb970bc6f6c594c,3,Sci/Tech,3,Sci/Tech,False
82101,548c48e18095e309774cf1bfcbe904f42b591790f6997f8e69f5a533d21eea06,2,Business,2,Business,False
82123,bc8f35b1b9baf8134323b87e6cd11a761264e17f7c0ef3a5a5d5a538353e7457,3,Sci/Tech,3,Sci/Tech,False
82131,56cc7293d5b051d0ccac9f56dd04d5120b90c9d0327a71dce1b5d5487d1cfd97,3,Sci/Tech,3,Sci/Tech,False
82151,a604853ac9f6d2369098c8e9b45b58cf3f1cf33c03ff0fde0287d102a7aaafb3,1,Sports,1,Sports,False
82178,4933a545df19ccdfa683dc89fd668e38222bd6965e5d298ef57b77f885cd8f06,3,Sci/Tech,0,World,True
82200,e305cbba1618452edd7c284ee29083941c73f7ccfd8702c855bb0016d957c754,3,Sci/Tech,3,Sci/Tech,False
82201,d16c58b754e4df7f882db865b49e05d74fce9986a38d3d7d749b1d53963f1c2f,0,World,0,World,False
82205,20267b256f0e148dc2ed553da393ff83fb884cfef40d17efbcce56584f0ed100,3,Sci/Tech,0,World,True
82213,6740dfb99cc70410a5d04ac5faf2f8f8f5c926cddc0f44e968679997bdd19db2,3,Sci/Tech,0,World,True
82215,9865e2a398fae9570da5070c92b1cde1159c249f76746fffa32a8c1683e94ae1,0,World,0,World,False
82222,184d662a2696d3fa684bfccd6216e86dc335001462378a98e5636d25d5af09bb,2,Business,2,Business,False
82225,adc7e9cea47eb36145fdf10a3ec563f0946179e8c059c713beb433277f50e243,3,Sci/Tech,3,Sci/Tech,False
82265,fc260593757c82e61159f1ca1e633ca7c46b498b87ec23541e6dad3917117439,3,Sci/Tech,3,Sci/Tech,False
82271,793749232de069049983071cf9848bf9f38dc1d1e9d55a040f695d93682dd4aa,3,Sci/Tech,3,Sci/Tech,False
82301,4e8c1c068cee0cedab5bafc714ca04b1dadd80e315cec1188e79624c1fbea7eb,3,Sci/Tech,3,Sci/Tech,False
82319,962238adfa29c0cee36c19f5b92daca2f476e9a19e19dbc2e7c20ae1f9390bb1,3,Sci/Tech,3,Sci/Tech,False
82321,e86ecc434730994469db58d09080dcf37b4848f2c08d41859e4f575b4e6267e6,3,Sci/Tech,3,Sci/Tech,False
82329,d184f325458165921ab9866f2e818c9820a29d1e5db0efe025826f64218b0ad7,2,Business,2,Business,False
82336,2a1651bb58a084973e2e58cd86c5fe307803973d32b1fda092ab406d81b2591b,2,Business,2,Business,False
82342,7a89a8b4bfd744372798872c1f332f7412e7f8dffb534db4fe1d3dcdfbdc8670,3,Sci/Tech,0,World,True
82375,3d5964897375848c169afcc362b28add0392b01828f6700fb58e5864c50ca88b,2,Business,2,Business,False
82392,f6be74d5171471be3a9d36cd55a4cedebc2260e01118bb3921f3221365f2e381,3,Sci/Tech,3,Sci/Tech,False
82408,fbd6aace87241eac9c7c2251e0d031d1c7939c60d9bdd97af39f941339f92c8f,1,Sports,1,Sports,False
82409,807b01606a4dac08b1c11e498a6daf4d0a7c32986b767672145c374817bdfa56,1,Sports,1,Sports,False
82418,6a13e3bd6032e557babd32b83c9c436f4e73850fd7e745bbaff51c7db9c0290f,3,Sci/Tech,3,Sci/Tech,False
82424,32b0d74dc8570232a58f62d28b60a1771d487246dcfc118776822d4f0ee70af1,0,World,0,World,False
82430,78689f812df3ae3eee7667cc58b0dd7f7bd6a33d96ba3ceb10ae060437b0a0c5,3,Sci/Tech,3,Sci/Tech,False
82443,c13c3ebb15bbfb702a43519f31babe21a4194623d7398483902c22413a89df69,1,Sports,1,Sports,False
82474,13c59bd7f8b908d172f09e92159419b7f13d8dc16f6d3e8be5a8523516b4c90b,2,Business,2,Business,False
82497,e59bbac1e075608a7e136821dfc8813e29190d0d02dde4060d97f528dd59c22a,2,Business,2,Business,False
82529,352fb4ec9822d95736b1ed2adaae1a26d9e53ca33468b80a0841534c6ccc92f0,2,Business,2,Business,False
82540,b7320f42c359da1751299de82792a3765a5198ff00ce7a4f73e54464149c226b,1,Sports,2,Business,True
82562,9e0a3ddaa0cce9efde25e6c4f10fcb95b126859b8dbd788bcefc141d61e21849,0,World,0,World,False
82580,5363994e8bca790266ef705df147bf3bfa0ba47566c8beee46a2fffec8b2b1eb,1,Sports,1,Sports,False
82586,7d8f981155f0718e57b2170e5cc07587c092255b46bc88011ba7e00e7fa23379,2,Business,2,Business,False
82589,35ab4c1d26565cf9dc72e1f95c3f29a0a6f0f7d96c7a923395167c4534a33edf,0,World,1,Sports,True
82603,3bc75c64bfa28c7c9030179e6a3786eb561f36619ce965b0d1a254dd4dbf7dcb,3,Sci/Tech,3,Sci/Tech,False
82605,82d2263322312e397b5392d49dae541ac696b26f52f89149619c68ea78b17141,3,Sci/Tech,3,Sci/Tech,False
82612,737f523d4dee576224d0e655c39cbb36c0b9cc05114cf9bd5eadf6393a4f7eea,2,Business,2,Business,False
82617,328a4b2374c5d6eadb9d752c1d080d61b16ff18552c004a0a502c22a8ed480c9,1,Sports,2,Business,True
82637,41a825013f42977d84020f7a647c9f3a33c0ea7adb031cd0d00966fcc1d7f089,2,Business,2,Business,False
82640,68bd294fb375a116a76d33a3b2b81b4d8804893c43f207c4bf49e5cbf4d6a2f5,3,Sci/Tech,3,Sci/Tech,False
82648,ac40c91cd9337d087980003c09a1e010cc7cba9e6882086e4fd69dc19d6e53c6,1,Sports,1,Sports,False
82678,be25ade58d184af4f281ecff49c30cf77f4fce9811f22b577c4f8dbc0782d061,3,Sci/Tech,3,Sci/Tech,False
82708,d668a7d703bfb900acb75fcde908b56c3d4be6ee93d3233cbda91fb0bdf830cb,2,Business,2,Business,False
82717,c7b6bb817fcb3bb2d261bc08caf5fac2a110ce86a66a52eeb79b3d9b77577062,3,Sci/Tech,3,Sci/Tech,False
82730,560619e42066b3b01ace9cebaa75d698e6bd5415e040dbbcd7fca8d6fb877d81,0,World,0,World,False
82741,3e2b50c614721497d6ac58647479e8e3bc2adf035d9c83aa4e16d072598dc59d,3,Sci/Tech,0,World,True
82749,dfc22a34edc9644ee07a4f10c9f6c3724e3a0b83e128c8e7d994cf19750da243,3,Sci/Tech,3,Sci/Tech,False
82755,824b6e65953e21fea47bbf112b801be26dc9405ea3857e9ee08668c7ffaf16e4,1,Sports,1,Sports,False
82769,12712c2687ed65f18423885de0e5ac27ab143b56d1dab2e2c5431f6301a3d276,2,Business,2,Business,False
82775,34967944a7f3860b852c01df8d1c95a27c8f0c1daaa5cb3227ade545e257a1cf,1,Sports,1,Sports,False
82807,6659f39072dc69a86e0c0a54b5122161e30fb71942765196e009181e1400aa8f,1,Sports,1,Sports,False
82818,6b40c9c5b36951d3624c4b6d11bcd386586f3f82e41475ac16a4930234410f33,0,World,1,Sports,True
82822,bb9fa8fcdfbbe44e0f6dd4bd29379aa898a1315d3ebe7b578f5542c396b7264d,2,Business,2,Business,False
82841,cc8b98830ee0b5dc4833bf71b091d91db738c132ef3eca19a5bda33421371373,2,Business,2,Business,False
82853,49bcfc3496a4ea935231d56b33bbdf8528b33d62e1309816de0599ff475152f8,2,Business,2,Business,False
82860,6be9ef27044350767509ca29f9af4c69318a766d8e992efdb73328bc807c01ae,1,Sports,1,Sports,False
82862,28dfe8c62b689058ddc718b768a79b8796183e6ea8463ed90aae87187e9f7e3d,1,Sports,1,Sports,False
82864,885c1f48bdc9fbe27327ce12a06d91608a065b60e8ca1c350ea3152937c9ff1d,0,World,0,World,False
82868,f7f8dc65dc9ed4d4ec6b0b8b51ffd8c4c4cd0bae237fce9a96238330ae41edd1,3,Sci/Tech,3,Sci/Tech,False
82880,a695dc19537242b744331f861de5e2cb30d3ec2c5b4b3d1df01620993e74d959,0,World,1,Sports,True
82891,1590002394c52c7c9b3b7ca6dea0c828335709eddd92976a3f85ddd7459e8cf0,2,Business,2,Business,False
82900,8f64ab8d4b2a98e5847bd48dbffdb7a26da45793c665f1fc0c6bf7b8df83c491,2,Business,2,Business,False
82913,3de4810dc838cd2272b10281e115d900b2df9c873cb7d6c8de5506639326d8a2,1,Sports,1,Sports,False
82921,84c20a3c5871aeb7678e28ff3b3ed0744ef290c77d376e8a4f9702ece3b0b448,0,World,1,Sports,True
82952,fecbc48bfbb4c432595f08997560e5dfe41c55a4c20eea0d6cf4aec251cec930,0,World,0,World,False
82978,3f69bae13a3362549ddcac7089282267a89d38281c2f6fce6c9dac6a1620ed12,0,World,0,World,False
82979,2740ac18111394dbb9d25a8f10f7ff102d4dab9d665453dd7b6faee23a0a2156,0,World,1,Sports,True
82986,a11289e7e9898897f8d0af21d0b56550cf05a2eebb892956d478b8aee688e44a,2,Business,3,Sci/Tech,True
82992,706694392dfeb4e7224bf8f33f4f5a17dafc865bbd574305533115eaf0e6e4ff,0,World,0,World,False
83007,9c08efdfbeeb0877adfbaee9fd95fa0037ba5b7a32fe14a4acf74d46995a1077,1,Sports,1,Sports,False
83081,eaa8f1ec1ace0aa602338047f9c956fcf37ef61d8e5940466feab715578e1657,1,Sports,1,Sports,False
83082,9028fabd7c538a83ab9768e989d6fdee0129146c9abe0052227da8949e9b4b54,1,Sports,1,Sports,False
83092,adb9881db8d8d0c4511a6d1f7f3a43b90e332cba2586d2d3c64d895522926c17,3,Sci/Tech,3,Sci/Tech,False
83102,e0ba41759b2942e6ea9687a146bf8932841c2861a1bf0a226dc742dc00a62764,2,Business,2,Business,False
83115,c422483be28117a6fefa684c47c01af7dec8470c867cb0037cd480614b1a9b20,1,Sports,1,Sports,False
83129,d578257d56033b3a50ac148a4a7f5ec3690cdbc7e71d09c47521ab3af617e3fa,0,World,0,World,False
83160,d6b313a75439e58f26e370855f56660e4b39ffbd1b6cc3d2cacc83d13950a8dd,0,World,0,World,False
83163,35d4dadb2bc387ca325377dbf4a12da5669e29b332cd5973c3dac59a15e3ac4d,1,Sports,1,Sports,False
83175,a0ab4b5e8918dbc20c41e59d8e0761f5b0e52240bc231a936a0a09024c821d6a,3,Sci/Tech,3,Sci/Tech,False
83184,f027116d1a8efe90a74dc277c470f5114cc8618acabf58780abef1776327b345,1,Sports,1,Sports,False
83188,b51facb36239a7beaf0a519acffaf85ca0be7848b632855cf5b1866fc9e3ce0a,0,World,0,World,False
83199,2ea40323cc6782ebcdb5ca732949a390176dfde9a50d0ea573858e5c78ba7b6a,3,Sci/Tech,3,Sci/Tech,False
83228,fc67f1155c186debd4813fdc08262e835024af792d60825a15ed1a47e10b79fb,0,World,0,World,False
83251,b4f8a240e23b5a036ccef5481f604578219f9dc42532087951933afc5960625a,1,Sports,1,Sports,False
83262,00724d2d05a71e3008761d262ebd6d98794bc2dcb2d881aed097ae24697c8fd9,0,World,1,Sports,True
83275,968cce972775147b2dafbb888a8c2d60fa41fe3f951038d1fb73ba30849d87c3,0,World,0,World,False
83279,72cfeee142fa82a5953ee79796cf4369bdd4ce26fdc89df0b67fc18852a63a91,3,Sci/Tech,3,Sci/Tech,False
83282,951a734bbbbb32064f9c51a6ab3409edff8de1248b946a64c1cc885d29741461,1,Sports,1,Sports,False
83293,83d2da3d3c76e47fdbbc6faa2617872efe571a9c9e5c9b59a0afe30a08c9f47e,1,Sports,1,Sports,False
83295,828bfc422d426d5ddc4eec616200ca5b50b7d7ba45277b15b440ac475713c84b,1,Sports,1,Sports,False
83299,3b5a74ab7de8f46414901010f844793f288e46e2816979a1788b930f5fa911d9,0,World,0,World,False
83304,c2f6e83e4de783c0eaf4b67f646afb3fb50e0991234daaf50709638f58aaed9b,1,Sports,1,Sports,False
83321,fa4223a6f7683d9fbe6add0b1534f7f30ee85d706cacdb3df6da2442efe6efee,1,Sports,2,Business,True
83323,0f2552588a8f0c60591d77f52ad31d43e5bc922911575f276ea3e62b2622cf00,1,Sports,1,Sports,False
83337,37d4eece2fc476ab3ec8e5da2ed5562bdd7cb91bd1710c6f39afa3148765be5c,1,Sports,1,Sports,False
83339,05b630602609a83b0be1f3fa6075c9e55f1c98ffa96ece21c9e8a8501a82fbff,1,Sports,1,Sports,False
83342,bcba6d0b8c14dc2ab57c465997cc6e00f5931b0a66cd30f41a9946da729af79f,0,World,0,World,False
83375,2dbfdc7fe80e31df29d5066a4151f8ba2cbd38f48c7f27c38c5ad29106d145b1,1,Sports,2,Business,True
83381,bc844b549e2b04743d8fe9b50caa34580f43c70ee41767ee5fb481e00a10189d,1,Sports,1,Sports,False
83386,12a9f706f07e0bb61bc93876913825353f8caf7716f3d7906dc50f6f513684ae,0,World,0,World,False
83396,ad63a1843c9a36971ed8486ccb253c318b5072fffebbfb367c5699bb2d82676a,1,Sports,1,Sports,False
83397,aab903fc2da66500e32cd76ee7dafafa082a7b128214ad4d64f089fbac93b657,1,Sports,1,Sports,False
83418,e78c4324c55e43a9ce3e852239812dfa1c10068fd0fc708a5a5e14760512f87c,1,Sports,1,Sports,False
83421,5648ed9838a5392de210106cdd936066aaa91c5ae3e84507260bc3c92c484933,3,Sci/Tech,3,Sci/Tech,False
83434,197ba812ecf86bd4df590b3e6e75fe03aae54980ba88a9bd7d797bfa0551c1e2,1,Sports,2,Business,True
83450,73f75d36a2a4ce8009159526e267c7c02a41572960a6a1dd79ce4314eced6afa,2,Business,3,Sci/Tech,True
83457,3200375c94000bed7bcb581caf45c528e8a0d2bb0828f5b6a347b6dcbae5d1ed,0,World,1,Sports,True
83463,8c80074e417611c009be94c7fc91fa99920046c4bbced0e223e5a44d37d78c09,1,Sports,1,Sports,False
83472,a206c01c80ee6dc62068475ff82b36523920948907c85e5c6cf679ac276eb58d,1,Sports,1,Sports,False
83479,9d3143cac7919200c26088400766d75d5b553c5e8e4e950aa4c7de8f53af3f6c,3,Sci/Tech,3,Sci/Tech,False
83514,1476aef7a676ba4a5764c1077d22b4b0c02d596a937e3a392d9c736b450f4ad7,1,Sports,1,Sports,False
83532,4b22e519afe143380e2712c6c8351ea4e61cdc2b56ee1899234439f44fd9335e,1,Sports,1,Sports,False
83534,df6a7cf2cd4c7ce1d4755b42c8e3ce0b4b5336f2b9e15e13245aa35be15d6d4e,0,World,0,World,False
83582,fce49a48e48ae9eb37805096d05f448949d57ecaa51269e5b7c3ba02148802ca,0,World,0,World,False
83592,57e9c4851a044421383f983f81b523823e56c50bb8c086d1b13432904fbf2225,3,Sci/Tech,3,Sci/Tech,False
83607,56f74aa7380aaebf76ad51fe434748c2fb569142c0084a0b11a84b91a61c5a56,3,Sci/Tech,3,Sci/Tech,False
83612,1f59d251768ea45a7f41afe0a07cac6bb0863ad728e0a0e923250d57e03427b1,1,Sports,2,Business,True
83614,5f3e526f36310c6d3a87a15d8d06fee1840ae02c647eaaf198158cf33e4561db,1,Sports,1,Sports,False
83627,8405f34cc7e0d1322a85709a2c6f7774dea7ade7dd3165a42757e6d641383a55,2,Business,2,Business,False
83642,02a350ce6a25e60c457890ed1d8cd8663c4358d49050c7224f9b8b7a3b331366,0,World,1,Sports,True
83643,51fe26f8dcb7520edd58bb2003bc60aff06ae2d84bfe273527674b9192c6c3af,1,Sports,1,Sports,False
83644,81cef7288c2fa31da12ee6e2194a7d3b8b3e63f1b1ba232eb200e2866a10494b,1,Sports,2,Business,True
83671,13cd63882e8a250cd0188804d421805f1882c565ede348541d52e6c476b0e638,1,Sports,1,Sports,False
83677,cda2af824ca544b5bbb2bd03b4c5ed2ddcc47800c13fc24ec4e5ad6e1507c42a,2,Business,2,Business,False
83682,f6a0967adab79a9b1b268d467dd39dfef3bd78a59644ad89fbe1238dbb17d289,1,Sports,1,Sports,False
83685,0ea3d8dd9167bcda63fb84ece2e9700d199fde60c5944a6051a0022e6ea97580,0,World,0,World,False
83690,5e1d27716b87cdb12eaa106b7e92d1819a7532a8eeb33b0b137c0f1b3efbf587,0,World,1,Sports,True
83739,c852d9ab59d756c1d7d42315160c94472eaccc5d02dd08821f19e4cf4250346f,1,Sports,1,Sports,False
83746,db325056f1993a7bd0b3562e251d12725a59040391030d1d9ea01420b63ce21e,1,Sports,1,Sports,False
83758,f4dfb5a89e7b2dac6612b20553863b4a4e9bf1b3dfa700fab8a05fa5ff0e4a21,0,World,0,World,False
83769,f2b6b3aa15aaf25871ae4106d4a74e60e110c89b2f21551acdecd2cde042fb92,0,World,0,World,False
83770,e096f24a9bb1418b87885ef689507336ab8142d76a6164f0a05803e04e733ac3,3,Sci/Tech,3,Sci/Tech,False
83771,9be8616441e201f1a709fa6cf6b1f76db51e9a7a8012e6dad9bfdff08f38b567,0,World,0,World,False
83773,bce5ad810cd79818cf0b4860447e7ddf4857a31bb432550888555513ff596d06,2,Business,2,Business,False
83797,5d5718603bcb199ea64b24360a3544e433b3f86dbbac4aaec028670082290c6c,0,World,0,World,False
83802,5dbb0c369cb3c5dfea3e6ad91ab12e4d13fb01217e3b8ac7d9eb1956c6c3f971,0,World,0,World,False
83804,a2b5a72c528bfc3873f446481256f9c8c8ed3583e347313e4d2db7a689e134ad,1,Sports,2,Business,True
83808,0261aee5e323c1035258bed0d94ddb2dbd4a4ad19938f9df6c6a9bbb8fa0693f,0,World,0,World,False
83822,4a319b31674a7c923a983d2b690c418f0195b120688ca44f5cae421eebb83f8e,0,World,0,World,False
83838,0a176b7d2605244739e64aede2f160b85b825dae85d672f0a50281a1b67e95e0,2,Business,2,Business,False
83844,59fb9f67daef8d000ff40910bbb2d9ef6502f5b07f8b333a87811f01867d7315,3,Sci/Tech,3,Sci/Tech,False
83848,533fe2784acc865f45efe733a9857d0e9fff1b33417ff9d0a746d034a63e131d,1,Sports,2,Business,True
83867,99ecf6206bcb0057c2cbcb67f8a52a1f01d5f9257574eea7cdcc611171e44c0d,0,World,0,World,False
83869,23ac601b3a0364ea773ddcb24c8469c3246c4079c12ff7638efe4b3dc0d9d501,0,World,1,Sports,True
83872,44215eb1c59a4ae7d43ea05330467005a31a402cf9219a68b94ac13e7092b7b8,0,World,0,World,False
83884,1e73463430c59287617c778a1aa18ca3c24e619a8efcf8425312808537a5a0f9,1,Sports,1,Sports,False
83889,3f6e680fe8fed5e6a36f23c73c4dd2fc06aee3391edaec47c28ea3efeb4a11f5,1,Sports,2,Business,True
83902,2c3bcf4290333d3eae7aaebf278fd4797fee5a37336beaef3374513036c087eb,1,Sports,2,Business,True
83906,c5b8afb069ac6141adfe626d0c5c8e03b237167f27e0d5658a90d39bbebd99ff,0,World,0,World,False
83911,3ec0e6e0cfcd091ca059f2af0ee19eea6cd01d0b57c9a4cabf7ab51f500e7404,3,Sci/Tech,3,Sci/Tech,False
83923,f0cbb79358186f2e45aaba603f93c7e18633e61e5f43870c741fc189de00907c,1,Sports,1,Sports,False
83924,ce728c4c32a20f5f39c52c4e922ca794f668295d2eaf034a7cd96ad2456a419e,1,Sports,1,Sports,False
83936,28d765949434d4170439b0eb5cc42531c4877809442a66d79e0db3af58214560,1,Sports,1,Sports,False
83943,24d843437a11a846439313e5204b741e740043d698df8297f75cecc4fd231706,1,Sports,1,Sports,False
83953,d00a83da49e309bf131ce94123408de56becf954dec4a26bfa423f61db2c0a47,0,World,1,Sports,True
83956,738aec7484522ae808d58cf4275d8df51b2a60b3b874b14fc4c385856971fb13,0,World,0,World,False
83959,2b5fc3a41c435b10ea0761a6006f1332fe95761c960d52af503a3d8f5d0faada,0,World,0,World,False
83964,1dccc1f2d6d2b5a67dc670a1216569823933995945350f2fadc52de95a93ac95,2,Business,3,Sci/Tech,True
83974,1ae35a8e875e484235611cec53f6894fe3032ec6f10bbe377d4b3f3caf416311,1,Sports,2,Business,True
83975,3fe72e69d2bcf958d17f16ab6a93530a6412794770d10975b80f6608d2f25231,1,Sports,1,Sports,False
83976,d4e92164f0665544d9a9e5adfcfd3d55d0d70105231ff9c184bc3b8b6c2dd5ba,1,Sports,1,Sports,False
83982,0681d972c2b29602f10a63985465f7253c8ecc2b5e8b088619b2b1b98e612acb,0,World,1,Sports,True
83988,bae49a06fb92edc1f06175df584d83393bb619aebd7e4871aba33b73c8200548,3,Sci/Tech,3,Sci/Tech,False
83991,08cba95f84893077072a2e72bb2cb2f817e4e76024879ba1df3f7b4460060c44,1,Sports,1,Sports,False
83997,e6d272e0bf117636495ae59097224ea5a5cfaee8e6a5e56340cf87e10b74f6a3,2,Business,2,Business,False
84014,abbbe22930bb145eb77179807a6533bc1451383d1ccc5b0fde380c6aba72ed15,1,Sports,1,Sports,False
84025,f171c7e5342f5f43fc2c034d0fcc6219052d0051b6c6f5963ad9f860a032a23c,0,World,0,World,False
84029,1cf149081e674bc9a743ae655a81cecdf988776fd48610853b0c6ee6538c7d33,3,Sci/Tech,3,Sci/Tech,False
84040,9b2a098edbe6633bd024b8bc88d39103e0cfdc85310123b631c935061a0b46b0,1,Sports,1,Sports,False
84059,b0536153c049b5bd7d5812de7ca7243aebced0c8ddac420b20b649ba894fc1b9,3,Sci/Tech,3,Sci/Tech,False
84085,eee4d8a5f88c5b4ccf78a0afd3d44cccfcbb8f931bf6b054908533571166184e,1,Sports,2,Business,True
84100,6c7447545b8870d56f93d6be1a907b004534a8345e135b0673479d8899bc42d1,3,Sci/Tech,3,Sci/Tech,False
84114,5c0852ca5a78160cb933004dd8843fb82dff92fecc115c446d61891cf1e10450,3,Sci/Tech,0,World,True
84120,f6a1d2ef58ce082e4005e43e847a30cbd8d3c6374323bdc2e7aafc1ecdfca2df,1,Sports,1,Sports,False
84123,e183b66f46fb3a8ccab47dd6f7e04c21615838d0cb2fab27792efd2f4525beac,1,Sports,2,Business,True
84150,cf281a6b73fe30b3d9fa930600eade0cccfa6972b24dd0e43e332f678ccd3fd5,3,Sci/Tech,3,Sci/Tech,False
84167,3cfa0d765e73299cc1c22add38c07cbbe6cf911d62fb66a31a6fa2c1da6eb354,2,Business,2,Business,False
84178,eae2ea02ebd358d0de2af245095b8af5d551a4818da68c042c834b3743d86e48,2,Business,2,Business,False
84183,82f2961be32c39e07a9a664a55cdf9337793daa9df725b864016656d8dc4600e,2,Business,3,Sci/Tech,True
84196,b555922a27503a02cd1dedd752d4aedc3106a355bdb2b26b7d1306f0c5b772a8,2,Business,3,Sci/Tech,True
84203,edefa53e9f9690764fce0d27f39571b16b2dabcce84746eb8024abd1af3519dd,0,World,0,World,False
84225,16584fa0ea0dd1f7b1a0569d41935a312fd84d3786980753bf0d9e162f550808,1,Sports,2,Business,True
84248,1e6a94276dbdd9e422c2bccfea3e284cd24eedfe5179d0767b00ac6bda584dd1,2,Business,2,Business,False
84255,f370747e4eb052dac67301c1da23c4d60ecdb645c434942234a4c75435587f1b,0,World,0,World,False
84266,655324bb8b22c60b9e794bb038cc3ea18e202b9e15d8ed66c42831801101d919,2,Business,2,Business,False
84272,eb85c9a4ff672554cbb377653aaf5a0e3adcbfb2b402b0d380e421525c3c9ce1,0,World,0,World,False
84297,a1a4e158f5538d6b1f37c04d6eb2e36aa92fe67d698932ef1c9ad9c7acb68f6f,2,Business,2,Business,False
84299,a77d7fd9ca77fb7ae9c939889bf6b6080378b12ab3bea798e8427a469062cb5e,2,Business,2,Business,False
84316,00f6ba70d4c8d0fd89c8fbe4066004193e12e8afedef5faa6b73c3533a36ed39,0,World,0,World,False
84332,734e7f79177d71357c7ab560a19640f6c1e986a918ba878ee3a3e4b2e9b96b57,1,Sports,1,Sports,False
84355,d1d8b1270d46d0c10cead58261ea44d0380e4eccbb00d9fda4c05c9adb9f9030,2,Business,2,Business,False
84360,867844c23316a0f92b5d22d7e8f80a9a8bf52763fdad0ac9def5180c0fb21ae9,0,World,1,Sports,True
84363,53f18b861c8bfb4e38bb99ff36f73d11bcee19a52ddc0c5629ad0cbac9885b6a,0,World,0,World,False
84365,50251e73d12394ce810ab507f22c1b7df48873227eec61a7550028507434d8b6,0,World,0,World,False
84370,e65699a7c0731e7c4ddb998f9aa27c36d5941a2714b4df0acb507f8584e6972c,2,Business,3,Sci/Tech,True
84381,9b2fec7adb1be6a7c039913343c58a51e8284b386b3f3ec1733acd627b58c279,1,Sports,1,Sports,False
84384,c64154fb3bd659c40cd7d1681b759803edf9534df16a832c9466aae3b5e7f7e2,1,Sports,1,Sports,False
84393,ea7bc9481fcb3f41f22e8b1f91ff128242a711af24b40602b029d038f091d46f,2,Business,2,Business,False
84406,543eab16c0bf9b78eb71c483fdc5450012cef36e0dcaf790720fde3b54c9dd80,2,Business,2,Business,False
84436,9c846296febf1e2440b9fd87ca234f1929d72537f219ceda1f8b32f718371e36,2,Business,2,Business,False
84449,53b3450a2e74853e097eb9085059fbe0beac7b5c323f107d0cdd2040647cb609,1,Sports,1,Sports,False
84454,4efc8b81166260f42c0f7016c65204728efbd248d7e6a768f79d65255d6101b1,0,World,0,World,False
84456,69dc8c64e140e5190920460352a644d472b4769635dda00890c24a2148c04f62,0,World,0,World,False
84457,148a57c8d479c29c52f267bb077960fe49f0a8c1ed2db7c09eec2014413b1940,2,Business,2,Business,False
84479,676380f8d19276b89843865e4ddceb9dfd91edc203f3b42b80bd0f3c8dcb73e6,3,Sci/Tech,3,Sci/Tech,False
84481,688406246ed7bd94791f02e4f57bc577fdc9626b6018df6ee5a9e0021add0394,2,Business,2,Business,False
84483,13c39f1df128423fc765934e629bc9ea05fd0f8e793f977d82d225cd95e41bab,1,Sports,1,Sports,False
84488,a60aed22801160463161d196d5808ef1904d647fe9fbf03417ef5b893859646d,3,Sci/Tech,3,Sci/Tech,False
84509,27b05639216ca97bf334a490673549582ea331c09399ae88cafe8245af69f614,3,Sci/Tech,3,Sci/Tech,False
84514,56f0e551c53ca632ae022760cfb12705f406bd46f2009ff1b125b698b2c14c5d,1,Sports,1,Sports,False
84526,a721de45c3aef5b827defa5b62cda9fd572e5ee83db30606d64eab459f1d17b0,2,Business,2,Business,False
84531,059419c3f7d4b263f7db613b26cce9fee45ec0e8971c62183df25117e5baa891,2,Business,3,Sci/Tech,True
84541,40945e1676660246559b7520aefe3d54f51e0ba3d8b79a05f8be9eb67a508815,0,World,0,World,False
84555,6c6b9282f690ec5a75bb87272fd4efe8de8a3e68e1c4c37a2a81b87c85c8711a,0,World,0,World,False
84592,e2843a8efc5b417a9309ad402af8d9ccd059161efb31b48d6b2b2b1e9b175358,3,Sci/Tech,3,Sci/Tech,False
84594,3559425381338147e81c13699eca084a91385e12abb63533703f74745c9f78bc,3,Sci/Tech,3,Sci/Tech,False
84610,478176223e2ce5538cc3455bbce342c5bcb69231d110dbdd880e6d4f0630e43a,2,Business,2,Business,False
84638,5d400ff0a5fbe87d25318440070ccfd39d8445c739d8799330ebfa92cb2a9b58,1,Sports,1,Sports,False
84644,94cfa0ed3547a41e1d57481a2ff13dacd2f8fa7018b9da26ed4f2d075d694521,1,Sports,1,Sports,False
84647,6cf323b80ce84129aa4b147096d0c34e2ae1e152c0182be93c8a556aa0c68c78,3,Sci/Tech,3,Sci/Tech,False
84671,ad5550e2609a918cad794421726cf0db562b92ecfad24d0c5576b14d0f5275cc,2,Business,2,Business,False
84682,d66bd650cbbe08a3041c0e35d65430ef24c6ad82dd0c1b851febc29ccfcf96be,1,Sports,1,Sports,False
84696,fe9618ba8868b19cb7078aaae24ab7f333b7095f641a3685adcd0605ed6faecf,2,Business,2,Business,False
84710,ad67eb257cc040f4c0fee27e0b52e1b303ffd1b8b7497e3cc0401716307c474b,0,World,0,World,False
84717,e56975a825a95e88ab02e204249f314ce815ba80a55b6dfc0595ff3215ad0a8f,2,Business,2,Business,False
84730,44cbadb7b8bac12338ef8f94879fd9a1a319bc7b15c8b64094850105c6b75f04,3,Sci/Tech,3,Sci/Tech,False
84741,56347bcf0af6f2ee0f6f07a0f2ec25d65d45e70485dd35c872cbdbe851e607a0,1,Sports,1,Sports,False
84763,9249870a12b72dca4a1ac0828d1f93f0665ef340b076d33c3eccba7d87ce301d,1,Sports,2,Business,True
84768,bad2e846a25011535695e13cfac8650cd800967361d090950c16df235f3e3df0,0,World,0,World,False
84773,a2b1efb4f7bd64de90076848a3755d10f2584fbdfbb3082e40b7f1f6bc81457e,2,Business,3,Sci/Tech,True
84784,9dbddaba470340b7573b129f7542e70ddbdcfab2e7cb4fd5f426e95f1ba43532,3,Sci/Tech,0,World,True
84790,45dcaa5a397aebef669a5ef5d1061078cd34b0514565b2e81bd09607fb8d7823,2,Business,2,Business,False
84811,b90a304c0c35ff2036d23984e84523f90091953dc6575f5b05a351891f01b916,1,Sports,1,Sports,False
84822,397340644dde68303827ef6cc85bc1901d5abd8cabb834796ac9c2b78113a24d,3,Sci/Tech,3,Sci/Tech,False
84828,372b57b5bdc01552ab079c84ad1d397fc6c838588abd19c7f34d56f283388883,1,Sports,1,Sports,False
84832,3918bb1f6a53c29f40fda29a40eeac8dd6488646030750004862ad31d14b0fe8,3,Sci/Tech,0,World,True
84835,02a4c3e73e031814e97d9c7d4744111cb3c36587d7f6f12ffd35a68ae80e179a,1,Sports,1,Sports,False
84836,581143ef431ccf610ab8ba6ca88b6872bca4e20a0a313a37b394ccccbb073f24,0,World,0,World,False
84840,50d1051d858f9f26c391fec2bbca54663eccbff63b55ad62eed064a9731c12b4,2,Business,2,Business,False
84846,833974fe1232d9ddc99afdd08dce5595ffea8966bfe71e3b6b30c06a73da8627,1,Sports,1,Sports,False
84849,9325dee59ddd7b4fcb52d2e8cbb48bf88003d0bbfcf3b67c32fcc91850abcbff,2,Business,2,Business,False
84861,e9531e2757865b2d570da07d48b3732f5bccd7ce8e1c2cf660901218b61651a3,3,Sci/Tech,3,Sci/Tech,False
84870,9f02ec7de06d0edb7d7eb419eab107a23ff3c90aa67a7fd01288c948b7c0380c,3,Sci/Tech,3,Sci/Tech,False
84880,1491f37e07ce67d0084dc3e25692844ade2a688125f07c32990afc9d1083fe39,3,Sci/Tech,0,World,True
84884,a161ddce232cb4ab017ffba942e69b0e5749643792509303b5d0a005f8cdd26c,0,World,0,World,False
84896,e669db4ffc2c074d64e7b0568b7a70f4094419ee6d231696e26bd1f85235ecb4,0,World,1,Sports,True
84909,54833b0f037aa8ed753c9addcb77514c730b27bf0dbedd43b628521dda9d5fc0,2,Business,2,Business,False
84926,8f5414f39c60ec1d94ec91e4508edefbafd5659ee243e770694190ac8ec5a209,2,Business,2,Business,False
84940,c9c62a7f5963d56949a43b8732b0253192e0e83f71ec525c907d0a6029434d33,2,Business,2,Business,False
84957,ad1f82e5888dc543e1c7b477c112ef483261bfd8ed91e9717b675550da7daa3d,1,Sports,1,Sports,False
84976,b148c65402d90bbd28044fcaad89918a0a04108761cb3d1d4b23b2c2ca990bf1,0,World,0,World,False
84985,8751a2ee7e6f2d50f99a49ef7056828d1726b469a73f5e3581d316ae8b0f1105,0,World,0,World,False
84990,9af14ee78f8d7751de3fee33e224149faf067ea17033de05c4b23768abc68e32,2,Business,2,Business,False
84991,d4bb8c5d45ba0c152a98c0e066deb4fa984d7da434b3140a7221c522a59fd146,0,World,0,World,False
84993,ede7b083e923b1efe7343107b3a9de5309c0053ba04ceac8651851717ac23675,2,Business,3,Sci/Tech,True
85010,ce548c5427fd659a2c093ed23485174b9a324a9b14f01a52d7013e45a4cdd209,1,Sports,1,Sports,False
85049,13cba0e3e01361fac33ba8b59706b25afcf7eac4280abb644865b4d9cb926443,2,Business,2,Business,False
85062,0cb7eec7b56bc94755b50c3a421c7b918de6871bb16fd7a04866ca7464e14d09,3,Sci/Tech,3,Sci/Tech,False
85063,f5891d6f59fcd43828b314a35e744cb510e6abd55a3b5bb7fac42149c7197207,3,Sci/Tech,3,Sci/Tech,False
85087,ebbfb2a2dbd0b91501e303f7be5d30f2421bef80da9d4fa79508da1215997309,3,Sci/Tech,3,Sci/Tech,False
85095,07c07251d2ace031f61c923740f0900ad325e0a32c87770df1742cdbca34bb6e,3,Sci/Tech,3,Sci/Tech,False
85124,fccf108d962fd09321895d1fb5b4200dd17ebad582527dd8e2d23f9922cf9db0,1,Sports,1,Sports,False
85139,d83e6e43724e02db1113d12ec06879ae80637a401592f3c19b4d65e4bfb505d9,3,Sci/Tech,3,Sci/Tech,False
85143,8f34ed625528037471974d89e38fe4b907a471059563b500f281e7217f20863f,1,Sports,1,Sports,False
85161,ad820236a77f33861b03882a5c3213bcf28bb7dd96556339ebddc17fa575e4cd,3,Sci/Tech,3,Sci/Tech,False
85164,0bf31779a6799fad9657d1be07057316f9b004eb1d559f6f90a42d2a90ffd525,3,Sci/Tech,3,Sci/Tech,False
85165,9329b6a985f0c70b4e261df29080953ad0a21fa5c9250435e85c60b6c052e624,3,Sci/Tech,3,Sci/Tech,False
85172,79a2bc39d499ca1c41eab7d696eec158a50708be6b950062eb3363d165d07be3,3,Sci/Tech,3,Sci/Tech,False
85195,5525f0e52991bba9c607a7db8a5bbdd7203523af7c34bfb9792dccc8ade48bbb,2,Business,2,Business,False
85234,1375e4f38049ff38b8d9e6b9e1d50c78c81863a97259b223f4fdd6868e363b05,1,Sports,1,Sports,False
85245,8cbc57300ca7168b1cd6d5879e4b1314412e5d922035002d23d33ba44e6efdc5,0,World,0,World,False
85246,3907db2bbe853cf6d3e67ec2b5aca6dcc38fe61d9bfd9ce8eed4aa279329fc4a,0,World,0,World,False
85253,0a5f6e0221fbf4517f9dc78d5c5369ee77d13633fd0e7f9622a2d03209d8ade3,3,Sci/Tech,0,World,True
85264,4672ef1d949ac7f1ee5bd7bcac75c1fa192c0a289f4e0489697a87b19772d6b0,0,World,0,World,False
85270,41b82564ccd9310f783100e7639adbff97f8e98cdc2db5d5a63d3d86b5940175,2,Business,2,Business,False
85274,c59249821b2fdcaea2f48fddb2b90a8085048e9721eba7eeaa9d01b49bfdea9b,3,Sci/Tech,3,Sci/Tech,False
85290,f320149815243dfc86ec2e0f8f6460b5878f3740d0db3aa62795d8ee04fbb8c2,3,Sci/Tech,0,World,True
85303,9372cf49b4c75bd0b72d89dd904fd65d4f6b8a6da1fd1c0dce2fcf5b7ed6b0ec,0,World,1,Sports,True
85349,92b7c6b5357f3b936d2b496f552fa66bc841357b6fed68bec7dc5caf6cd05f5f,3,Sci/Tech,3,Sci/Tech,False
85359,2d468e1dd09cb36a47eb0713d650a50e26330e784cf6704256571451785884bf,1,Sports,2,Business,True
85361,b5f55a3364b2e8098bd9758d8e33673dc415f60fe71ce493733327d1e854c6ea,2,Business,2,Business,False
85363,b4c9fa74e04583ff1667d46365c438a6ee4e9b9975c128386570c186d47fa587,2,Business,2,Business,False
85393,2717883e37e16b10619ac417922e74a655f77ba357ba68d5483b76921f1de2a9,0,World,0,World,False
85399,0010f274fa16603d6cd1c7f7cf688253b650367b0ded77e77a5083f3f6ce35e6,2,Business,3,Sci/Tech,True
85441,f0b87ad384f74d26b0851b0e8fb1f654adf7986192568e0ce529d3593adccace,1,Sports,2,Business,True
85442,40e519319767572654adb0249a395813e15841e10fde44e30ab6c77d61df6e53,1,Sports,2,Business,True
85457,64be4d2e3910e3fef8ca171b348961a5f6b3994ac9de4fc76a6206a8b42c2b08,2,Business,2,Business,False
85461,a90e2a8f974036b14d614837df5399be75ede8a42e6b6e06968d8236be1acbbe,0,World,0,World,False
85463,91a6271f2e40ae819754a17d5381a36c63ee9b7ca9f28756c514f0f378dad601,3,Sci/Tech,3,Sci/Tech,False
85470,d0ce7c692c388f7f6dce23fdda41b3aea3fe6d06c02d2aa22c42c01c0ecdeb97,2,Business,3,Sci/Tech,True
85474,658dad7120e6c7124958dc3731cd57a69f90ee638fe8615a2715f299dc4dc9f7,3,Sci/Tech,3,Sci/Tech,False
85487,e4e7d3f6d2e2867564758c56df115d662ff9f948885c117d28a80f8b75729206,0,World,0,World,False
85489,ba258a4c247fb4a6c579801a0d3c746a32ba71960d0170b01b99fbc08c769b04,0,World,0,World,False
85539,271e66f2c9f74494eb72789cf0168fb8e3af5533fe93ee3088db9cc6a0f21fd8,3,Sci/Tech,3,Sci/Tech,False
85540,5fc257245f138b98a0f25f4d48a9629d3fce16b52582c7b199361d7e5eeeb0a1,3,Sci/Tech,3,Sci/Tech,False
85549,f3874881efee613d8d1feb1344f0f552e66cf43909b9a2f063f2cf12fdc347f5,2,Business,2,Business,False
85552,db7171c58e82ebc25c419b0e461000a2808494f16fa23c98b271faeae51c2aeb,2,Business,3,Sci/Tech,True
85579,1c6df8b2b6e5984f5e71d533fc7282b97ef4469245a3402646bbdcd2a5a3e468,0,World,1,Sports,True
85587,add4942f9e32587743b1ba4c43f265d04de6fcd23d40a7741a77fcd8e7a0e758,0,World,0,World,False
85590,92f0a053e22ce21ee23c9b3f0d1bfd4725d0c34f2395fc21e1bf74e383d6e662,3,Sci/Tech,3,Sci/Tech,False
85591,66533ae6d1431effd5d032d939763ddac151dd4fb5f497b285a4a65baea6a097,2,Business,2,Business,False
85632,3b71ab00a897de5c5b961290f10001156f075d15f294e976d76729474e8c5250,2,Business,2,Business,False
85641,399f5e8625e72b1784a43cb732df0f6c5cf43389c524b2430e556546fac91850,3,Sci/Tech,3,Sci/Tech,False
85666,ce13aca226a4ca2762ca237a91e00e8a47a53b69f3d27c4a15cb3371f564c1f9,2,Business,2,Business,False
85673,95a92c46fce96073bba4231f2bce15b9c063bd69f94c3dc1b4689c6e61c97023,2,Business,3,Sci/Tech,True
85675,d55915a27d7666176eb15b927c4643c1d9747636bad1b422a98c40dfc4318baf,2,Business,2,Business,False
85676,8b21f6c92e7fa3064eab6ba1d3136a145eac0579f36fc360ac73c3494293935f,2,Business,3,Sci/Tech,True
85681,c1c026fe45a0198fff73a2a639ee3fb0e5c675401546133e3fb33fc2814698dd,2,Business,3,Sci/Tech,True
85687,7be2829122b3f857606881e61008549e8fed4107c648a580ad3b9d29d5ebc950,3,Sci/Tech,3,Sci/Tech,False
85691,fa1ffa7b4d6bf816d4039586ea9959f2c826167054fb97eb045c746f59e6d2cc,3,Sci/Tech,3,Sci/Tech,False
85740,06e934f499b9615ff0c76949452957efb776533a4896d728171b28917f1d70c5,0,World,1,Sports,True
85747,d9a21d47da9d59ce5b536e7735fca25b3a211ed4787c774657b31858743100f6,3,Sci/Tech,3,Sci/Tech,False
85768,53842c4c08ac5fc6c3765ac190590e3d044c892efeae76a557ac8635eebbc9b0,3,Sci/Tech,3,Sci/Tech,False
85774,419f61e1c22bd80bd84689625a280e0c32c89f0380bdf112e7ed9f3d150aa13b,3,Sci/Tech,0,World,True
85781,0d5e49a34e68bce395c1c45fe41783766a8fe03f3cd28236ef90ec7e613b86e4,0,World,0,World,False
85786,356977f9dee8038cc01b4f5934e2d29b2daa91fc3c6794e86a870aa1c3c32ede,2,Business,2,Business,False
85788,8246fb499a84f9307f63e5ad0127e788c68fbfde3a6cada1e46206dc7d8daec7,2,Business,3,Sci/Tech,True
85796,647787ff2820814cbe1e5681258237370da8f01d6956d3fd9595eede5c6058cb,1,Sports,1,Sports,False
85809,811fa5812272f32642b0d3050232b17714c38895b26718c467a7ef720cf0a2a8,0,World,0,World,False
85812,0c8388741ff1bfd739d47420d1c2e9e2d711efd3c98c7595f7f5047865c3a70b,2,Business,2,Business,False
85815,b0c932b040c2fbe99bdf5a1a43993557bbb6d1c6f186d138a8ff9a6503d0bf6f,3,Sci/Tech,0,World,True
85818,bc172598caf6a93da3ca62f41c2cb8302d5b861ede81bc50baf71c7a7e971150,3,Sci/Tech,3,Sci/Tech,False
85823,9d5789c5657dc5fda89a1f6f58f34208158b8bc95882aad42127ed175f8595e6,2,Business,2,Business,False
85834,5de5d32ec029d37170796ec2b4f71f3724d55081a17c16c5ab2f2e3296f57574,0,World,0,World,False
85835,881cd09687b4a38604932ad803e27c94830b87ddd038aa5784511c0f5e0bf8e8,3,Sci/Tech,3,Sci/Tech,False
85870,c3ccd5c4963631607ff2d17d1badb641d10b7f5b813f089f13314d011aea15d4,2,Business,2,Business,False
85873,e2c681b48e8b927c6ebbec3fd5284b80bf7b9ec43e34bffcdcf102223f2dab86,3,Sci/Tech,3,Sci/Tech,False
85895,f61d0de0c42ac7f18fa3b5befc05b7236e5f553a107684d27f32ce798c805192,1,Sports,1,Sports,False
85900,556a9fd2830ee8d5371f40fb366ce9b8e5e11696442500354727b928497a0a92,3,Sci/Tech,3,Sci/Tech,False
85904,a79c3c524d5627a23b6297bfcc2c9dd582f7dddecf9546a21912d68a383549a5,1,Sports,1,Sports,False
85906,19b3f45f3913cbe3cbf915cded0b8552d6a80eb257f76629800946efbe613b2d,1,Sports,1,Sports,False
85951,8afe17a117643453709efdee5e9c6674f7f45b7ed44712e784f995ef3c2d9d35,3,Sci/Tech,3,Sci/Tech,False
85962,86fc763f100d3a6a427abae98a5c31160c97e574da31c244a92e8e0452944b47,1,Sports,2,Business,True
85980,badebd7309f041cd1e12eea41bb750479550602b7c7eb316f175746c28195371,3,Sci/Tech,3,Sci/Tech,False
85982,bdf7e30a82de585170dc409d0765c3fd3b78865640524f43a81adeeff12e55ea,0,World,0,World,False
85988,af69ed86f8f18cb0d52d871cb9f7ee6259b3d0140fd0e1ef9f7ca008195b15c6,3,Sci/Tech,3,Sci/Tech,False
85999,2d77cacfec5c8e8b58e819f0a13d7b0a3291c317c681d755032a471ee4d0340a,1,Sports,1,Sports,False
86001,3015ba1d8c2552a628933691660560eebf46d8e02bc828943a77cca402aea88b,0,World,0,World,False
86003,32f78af84b363809ea506d7beba98630bd36123b7a62095b14dac06b8ff12ed5,3,Sci/Tech,0,World,True
86017,7e49e98675abd6bb5307bf4c22fe2b28747243ddd32dd033c4f39da3c4e20bfb,3,Sci/Tech,3,Sci/Tech,False
86019,befdf99a5b67ec74a318b57682d0f56e183820a7f7be63ef861b9b9c1ea36cda,2,Business,2,Business,False
86030,96b79ce4e726a4b9c4830cd2dec2782d8a4de1fdd63ca4633e3820dd6cb45f42,0,World,0,World,False
86033,406afb3fdd42446d661e9e5c11a3561a040b29618d329d219138f16d7a895cb2,3,Sci/Tech,3,Sci/Tech,False
86036,7a4ea3bbf02b600367050165ad5300d152642a856cd44183c8698a643f25d658,1,Sports,2,Business,True
86047,2fce56976a4ee2e347f52b4a9f4e03e6058eb4b77571fdd72fb2bf8b0db1c550,3,Sci/Tech,3,Sci/Tech,False
86054,b8289b9e8f7dc2acf5f8988d0890237fc5ea0fd257456bb3d4082561a2ced1fa,3,Sci/Tech,3,Sci/Tech,False
86055,ef2ac6984a3712d95d8cc4f3d1b4ed1ac8e0395c3d091527ddf58ac482543be7,3,Sci/Tech,3,Sci/Tech,False
86058,00de232b1f5730e79d04d9e0d8cac43bb4136c4da5c9bb0bbc39ed87e51d9436,1,Sports,1,Sports,False
86069,5354a1442bf08abd5b34bed103c0cd9ec1c09d971c40cd18ef50f4455864e323,0,World,0,World,False
86083,24cccf98db8bcbd89c215bc52ea569604910b6b4d84e4c68b5ca9209d2182df7,0,World,0,World,False
86091,153ff93de1b02acbf36c239cf49c6c1e51b4f19f332f5f3362f07c6d396aeebf,3,Sci/Tech,3,Sci/Tech,False
86094,901bb3aea87f66c309d207fef4994fdabf2ebdf2c699985c9cc1db9f531cac09,1,Sports,1,Sports,False
86110,368919bde6f574590d67036429e0307da1016b71405679e0a14a7d5ca5746060,3,Sci/Tech,0,World,True
86128,37bfd626f0810ab99d24fe94d572bddde5861b501cdf734e240f179ccb45ccaf,1,Sports,1,Sports,False
86139,16208bd7f179b9b40add1ec39c98f1f19dfc217d966701b889f428ea23c98c2a,2,Business,2,Business,False
86150,863b0a3fa1160f54714e153fac679b4f2b2a0a44190d7785e873da9478cfd80f,1,Sports,1,Sports,False
86196,ee2e4d792686fc6f270a01ff17d3eb3fb9ad87c2c1c96865f6dbdb2155f61124,0,World,1,Sports,True
86215,2a00411257a8a047e5a5138c46d3be017c287a49866f60085cb1aadfc73565b4,3,Sci/Tech,3,Sci/Tech,False
86240,aa1da8f8b208a6296fc67361600922222bd7d1d1a405abbbcd53123fa5416ef6,2,Business,2,Business,False
86253,9f326c5935bc3cd2c2fe2b8e2191253368989b2464fef4d61ad407fe9b50fbbf,1,Sports,1,Sports,False
86259,ae03244f454b727a0a3e6603908305095517e1407ce5ef6de27213765fb84f2c,3,Sci/Tech,3,Sci/Tech,False
86292,1e765cad3d2bd419b10eb8310f8d3479a65f93d01ec6461736677d8391a2724d,2,Business,3,Sci/Tech,True
86295,418701a7098fa654796534f5c532af4ef4629930a3dee58795245fdf02e7852f,2,Business,2,Business,False
86297,38122868861425e9882d1ae1075567b4d2987aefe9ec313d1df83dffe3d15dee,2,Business,2,Business,False
86307,a5164a6db89bfe0a9560b0afaf9473f1007729c2de2f9de341a72531868de315,0,World,0,World,False
86320,28a672da1760b45791afdbdebc18e8ff9d211259f86ea34569e941afa079a734,2,Business,2,Business,False
86325,891efec6a3ddde1eb5dd4f18bff262993ef629a4fd395939a0317d86149f9b3f,0,World,0,World,False
86336,6b96c3a877eb1879b0c0159673ed1f242fdfee3178dfc48ff2783dbacf45d14f,0,World,0,World,False
86343,3a33b085d3e2c348d1fa1d2b3a5944e2dd34e2d15110a5381f496f5d3b7cb913,2,Business,2,Business,False
86354,de90103efd805c6d2d15185d7b8f3de1e4c6aa0d378840d44eafe9ea166c2cb0,0,World,1,Sports,True
86368,c03b5c7927edcde633b7c0e3dcf592239a455149e982c529dfd7c4828fcf3ecb,2,Business,2,Business,False
86373,e1970a9f23e0e75c176d5ec3153b3a3f4c47baec954bc7f94bab9829c5c38a6f,0,World,0,World,False
86376,b33e214169045ab41d9b4177609cf8a2309cb97789829c2df6ad08a0daa4e9a4,1,Sports,1,Sports,False
86385,127ccf00b2bd14d7f800509a040c3e2bef1fe2564258b65b3e2779301ed3dc5d,1,Sports,1,Sports,False
86387,11515f91687f4e0ea3dfbeafa97cad5d7ced6705bfdd10019295ef79285eb3e2,0,World,0,World,False
86401,eaaf7f38494eb4eca9994a767d75fd3f6f31d56b8e65fb07d16b76c70a35f6df,3,Sci/Tech,0,World,True
86406,38a48178f11e2354ed226403d3648029a13b86913f52d028ee8397db589b9f53,3,Sci/Tech,0,World,True
86409,77bfc563fff1d5e4d33311b09566f4171493cf187574914af8907f125e14a90f,2,Business,2,Business,False
86413,11a306a2eb07570fb9144ab11ccea57229fa992e2ff4fce2c9e1849c063a7f97,1,Sports,2,Business,True
86458,afd2a066fd0d1ac4ed46ecaab297323e846a4ddfede4829a9280543926d60b3e,0,World,0,World,False
86470,93491d593b004b6854f7c9cda458eb6418a1d1b9be91d3969ad87def4d8c9fda,3,Sci/Tech,3,Sci/Tech,False
86483,7d5b5cba77475e2416f0641ec1b5f4726ff74c5194d953509af7140b4edf20bb,3,Sci/Tech,0,World,True
86488,d2c3f2248ab981286e0847daa64c39fc6a24cdf2a0d9ac7ce6d328f8ca1ab71a,1,Sports,1,Sports,False
86490,3bb319477eda17c0f8d63f35f56e7fd63ac6e64c4380ab9be7394655c2082603,0,World,0,World,False
86497,29e3d0d85b9538e37fd0fd1b819689e12a1ef0b8f5738fa4b6510d3f0573280e,0,World,0,World,False
86502,c50562480f689a7b032012f07b424c110ab57b81a3b62c15022d0541eaf4a5bd,3,Sci/Tech,3,Sci/Tech,False
86507,57bff311cdce1df7fd61eb43bcbe30b59221d0a3a67ff550e0e97be724901e0e,0,World,1,Sports,True
86528,b53ded701be0bea9aec4799ca5bd4a915112da84db2275e9f86193f932ff73c7,1,Sports,1,Sports,False
86529,aa69b3d6ebaed22c652203dd14f381f3bc8af2b503d643c1c4d9ff19e03c2f29,1,Sports,1,Sports,False
86545,eca75730e96e4c1d53a08d63f0e908c5c56c87176e4943f28213beb691ea2411,0,World,0,World,False
86566,4c5ce9c661fabedea72cdf3ad440bdc9d506774658c962fcf3cdc052c174b031,2,Business,2,Business,False
86570,966b2971441a5b0b7b583917d86bf2046cab3519b088f2f08022b6c8e9af25cd,2,Business,2,Business,False
86572,4722c8eaeab3747b5f766f200fb8ea2389be3d1ecd90687babd0a7f24750e2dc,2,Business,2,Business,False
86582,28553fa8ae6caf643495d7da0774ee5098502056d9f50ee8da7dae000b41bb3e,1,Sports,1,Sports,False
86605,9d0068e8c88029fb810d1f5861bda5f1e7fa744136bd101247c30f930079d2ad,2,Business,2,Business,False
86607,954264522d4131400945b2270f5754aa171f7bbc36e28f8f46f0726185e87794,3,Sci/Tech,0,World,True
86611,ae627706ece8ff98fb3f9052c7eb9087ff79815b1262159188b7b5cf094bec8a,1,Sports,1,Sports,False
86636,be861da3da4a4e5e7f468b8343228117448a6da3afccb0b2670e49ea99bc14c2,0,World,0,World,False
86657,812198385bfd9170898725c6c7b41e6b9440a5d154cbf4273fdfa737152ccb02,0,World,0,World,False
86664,f2cfb6e1fc2e66f3f2cc0b699893da323706144a059c5c22736a7170665c471f,3,Sci/Tech,3,Sci/Tech,False
86672,033e2f0b72b7943285e8f7c3b9d1b6ca2c7cfb33b71801a08d8fc4e8e255695e,0,World,0,World,False
86683,cdcd30650de81093678782fc3b592c794a9c2cc754adda3eb2ea0bbe93871863,3,Sci/Tech,3,Sci/Tech,False
86706,ef49b249bed101d87faf48280dfae19a32ee73a66dab677f0b772dbd04c4110c,1,Sports,1,Sports,False
86709,0b251279008620f535677412832fcec023b172666e832a490fb9cb96114b62ac,2,Business,2,Business,False
86726,bad46d7ef27c6857a16860e3803e4d897b53ad4c1a336f8b6b1f88a1e3be12a7,2,Business,2,Business,False
86737,d6ad639851d79e4400311650467320deac436a4947be291fd701930d5200c9a0,3,Sci/Tech,3,Sci/Tech,False
86740,9f2716f3abe714a7edaf25034113a1f065f8d91785b58cd501af6e1da9869e39,3,Sci/Tech,3,Sci/Tech,False
86761,1ab81aeadd5bb99716e4ead473871d38fe009a9a8875b6a44f6305a92b6a95a0,2,Business,2,Business,False
86774,7e681373b2ab2af08c5a8fbafc4fcae07dd06aea5a1d089247fa3244906af961,0,World,0,World,False
86801,6b63ccbd5e801c22f15ffc0c2fd6101f728e3e262b8114b27243751e1a203b27,1,Sports,2,Business,True
86805,fa36f07bab4082c6fba517cd6a5e3dc3ebfeeca1e00412f844b38ac8f084c759,0,World,1,Sports,True
86808,1ae4a84323a01dd3fa22e70b4eb1cbf6d240e37b00754a0cb77f08fae2636cc6,2,Business,2,Business,False
86822,111e42228ce858aa9399859c602a4e40315bee301df36edd04694d4b57ef0dba,3,Sci/Tech,3,Sci/Tech,False
86859,ea75f35a4aa67caa58d838cde4f1d975231b494096af65fc90f69675c8cd6f63,2,Business,2,Business,False
86863,3a61b75b50af2c93a291f2bbe59c6ef428b6d3725a785d84fdcffea1c7dfc72f,3,Sci/Tech,0,World,True
86870,0e667b6157d10ff02dd0dc59141de88a91cc36da8d32afe6e5460636c8b14f41,2,Business,2,Business,False
86884,cef0d6b5d1152cb007b53c78e79e25d776ead3df8ee5066a08d2df4dc5828500,0,World,0,World,False
86892,6a4b4da7226319df2eac526478bc08cdb526b6b1b7dc06eec7207ce27c8d490c,2,Business,3,Sci/Tech,True
86906,f5b59bd3c540434874e7ca00dc5783ab548dd69f1b57bc9850818adf09567f8e,2,Business,2,Business,False
86937,be5269811328fe13fb82b4774b99878090bf4427f33513b12bf588f7c7c350ce,1,Sports,1,Sports,False
86939,872bde7b6825f41d8335bce350e081822d1948db7fbc262bdb2f95e180494ae7,1,Sports,2,Business,True
86949,71d0d6e5fa9de011449e1bde364ace8303d5f728cfd431b6216c1f472badc177,2,Business,2,Business,False
86976,bca3e17f4e4702bae75915164040626294de5a8592cea6e40782f147ed17e20c,1,Sports,2,Business,True
86978,78275d67beebc61cf8e879d8dbca258444d12642edb11311ab00f8efb74cb567,0,World,0,World,False
86991,1be759ebc33c01b8f78196d0d282edc37e3eb25a618d9273c83c93b8442c1587,2,Business,2,Business,False
86993,1cd9dac368aa050297d5a6c3120b0bcff2cadd7688a8e35df730bb52f342596f,2,Business,2,Business,False
87002,af76b12173d3a0e56d519bb239189c555cd7ae85b6a9f7ee1f7d13cd5a748d65,3,Sci/Tech,0,World,True
87007,8b4f25164bc51dd45b50bb0360087e00254903d7fc8c5dd398a08cff2418b454,2,Business,3,Sci/Tech,True
87013,5f1ec8728d9a333bdfb9a5a38e34138431c052a7a3cd728c79225911b506d15d,3,Sci/Tech,3,Sci/Tech,False
87016,38221954ae9e9cd0ed551dea26804fa7a4f11108e1667560a2081f9e978a10b3,3,Sci/Tech,3,Sci/Tech,False
87023,4d3e6c68d84d6b13c6aca3fd59564fc50c8a78d7ea4bd3bfecfcae9001c2da3a,0,World,0,World,False
87030,d8935fee11277b2603fa5e16b54976814127ea6af314420b788e90d099047792,2,Business,3,Sci/Tech,True
87041,05062b6c859b5295c6d2a5763b42de178cb99a667d1b529a6426e4805dcf23d3,3,Sci/Tech,3,Sci/Tech,False
87042,66e6a76d67684b53ac127e362e791c990c838636934ef7f547ade5ed3ddb694d,0,World,0,World,False
87050,511eb039938207a2f4d40d11a14bc867fd69bb3150ebb7193b1c044215a5f5c5,2,Business,3,Sci/Tech,True
87059,a5d4588e70ae851f7ee4145efbc9e0712aea3ac264436efe8d0bc9076445724f,0,World,0,World,False
87076,47a894656c45a6dae01f03cf232120c0b948d9847268ea0f673029f734a2326c,3,Sci/Tech,3,Sci/Tech,False
87082,f61e0527b758a97b04ea5aee3a76b205d617d5f49e9279b7e0fd132a89813a5d,2,Business,2,Business,False
87090,a636f0a647f3b1c78c9a578072ef09eeaa9cfd1700120401d438cb37d6f0b77e,3,Sci/Tech,3,Sci/Tech,False
87096,b7d564943e32f59f5ba0dca7efb96a467adcd12d215815a93053868babbefe5a,3,Sci/Tech,3,Sci/Tech,False
87110,96e290fadc8419248d5a15db8b7c802b772ab69efb291bea7f495039be4798ef,0,World,0,World,False
87140,9ad94db9e04478e07ec45a18072435d399bb7f488bcd989fb3ed0b9806afcd69,3,Sci/Tech,0,World,True
87149,d155b27a186d66118638a9b555a38e9856a59eae6556125a837f7fa6a3fa32e7,2,Business,2,Business,False
87155,a617e5256e8ca356ced2075e3725c46c8f7a1df76e4d529c7853a8c13806efe0,2,Business,2,Business,False
87192,19fe3b6b73fb8f35f263016952ab83b37b644a6791872ea42d2cab50106bd99f,2,Business,2,Business,False
87203,7a2c2e3128e809f8efe4f078775ec726154fc9077cd9f4451540adb4dc5fe07c,3,Sci/Tech,3,Sci/Tech,False
87207,9f3ae03dc3b713f9f554b02c0f9ca6a133969a61c7026fa8ad56fd8ad9eacbe6,3,Sci/Tech,3,Sci/Tech,False
87220,8bcf403eac8d0ecee69d7701a710487cdfea8665d069e171ddeebe7d65f7ff16,3,Sci/Tech,3,Sci/Tech,False
87241,5b91664eddcd002a88b92dd7d6b87f2914cf3af0a4eac46b7d8d8e6dfbc0ff88,2,Business,2,Business,False
87272,48aac0adcda3e8f6a2f101ea44973bd44b1b9c9e9e850e7d48177b79a64710e8,0,World,0,World,False
87274,a780fde948e7af74e7a9e215540c953cfe503cba80b59de2cb2ae3eba94bc9d8,3,Sci/Tech,0,World,True
87276,03e04fb8522e9cb0a4ea2aaa3421b2e6c13b44c67e1f1706b993dd31233825f2,3,Sci/Tech,3,Sci/Tech,False
87282,93d8bcc10b0890fe0f74479f46478b7fc305ffa6da79379f598b094ea0b3278e,3,Sci/Tech,3,Sci/Tech,False
87292,54354b6fc437a19cad14ba0a6587bcf4f641fbed13176ca761bd028101c095db,3,Sci/Tech,3,Sci/Tech,False
87305,60f010dda83a1115914866aab5e4d4dca6bca218cd54bf8c1c51654fa7c60dd0,0,World,0,World,False
87325,9bb079fa15c62cc5bb238fb3cbfb645d4949c50b637ac7433467b0b3d29d9619,3,Sci/Tech,3,Sci/Tech,False
87331,21a55fa3c62b18eed5d48c831d457777a260ac4cc27b1e1cd4f2ca6fb432ea08,1,Sports,1,Sports,False
87332,d622bcf1971f71df001c97d4069873ba71a1993284078e5be6d62ec06eee8aca,0,World,0,World,False
87335,4be0550e24da3b35cccbb266688446c46f896d20bd5df1c0194e0283fd3f8025,0,World,0,World,False
87339,19f8539f6c3b2db106ec61106058a9a48bc99a0be7946c46a13270f70900729c,2,Business,2,Business,False
87352,f29d18f803c2e751132de36ba0b0de7b79ba578ab1e160abecf5a9a825ef1292,3,Sci/Tech,0,World,True
87354,0851e087ededf64f105b337daf4fe50218db3a43154641fd06af5a3d1c0f3736,3,Sci/Tech,3,Sci/Tech,False
87362,22447b6883a06c99744efe8718e31a89f456ebcf5157a763767bd63eeb87a2f3,1,Sports,1,Sports,False
87384,96b020ab56b5668051603a8c39adb72fce0fdd2c5f7bff2d2da1616719ae2ad2,0,World,1,Sports,True
87387,bee97fb4c71d40bcc96e09319c0f81999ec9d9dd1f84f2c0c2f099d97695b35e,3,Sci/Tech,0,World,True
87388,b9c6ffede49b0fe638415dda9f02e3ac9be3147a9b0ed534efad69ad4b930953,3,Sci/Tech,3,Sci/Tech,False
87397,1a5d6b9494a11f1d9e64dd8b72530a73d0357cd5ab6407cd2e0473e8799221dd,3,Sci/Tech,0,World,True
87404,55ee088dc067ee11d30fb08f8ef7b514dbf2a704a679feb6504ed2aecc510dcf,2,Business,3,Sci/Tech,True
87407,0b831e193578553ff5899cb2cd761d319c8be22a7a33eb4570f8822498b62f6b,2,Business,2,Business,False
87408,79cb63b52af2149bec5af880010a505d350f702865e39bd6e5f8e3b9b982e749,2,Business,2,Business,False
87427,2f8be33cfd06d6ffe588400e268b5e1c7476a1b9a469cb5fb45c1ff0840753ca,1,Sports,2,Business,True
87432,c29594ed10c08a76ffa338defadbecdab1d0e052e9cc6589a964e549157c2989,0,World,0,World,False
87447,a226bec3d0a4e545056411b4c0d4a4bf6edbeccaf42b007b37a87cc659ec36b7,2,Business,2,Business,False
87456,2f8ea4eac9f1f85016f970efd19ac8500d81910279156b5a36b9c3e7b28e786f,1,Sports,1,Sports,False
87496,db200f4c2c5123ae7884f7591671b71402283963355350268196c315cb58cffe,2,Business,2,Business,False
87515,571f36603ce046a356f6d1be5d96aeea45e34ecb1d0139bd5522ee2189ae0c2e,0,World,0,World,False
87521,0716698fed30c82401785c06aaf2990baf4316567c85c22188cd1949c8bd81f8,2,Business,2,Business,False
87524,d4fc68ac47cb2a2c73c649128244eab48a0533878b32b6686be14e2476e1d603,2,Business,2,Business,False
87526,aedd933998881841e1f44343324dc30925ff72e4e5ab8722bed8cdde9155ffd7,2,Business,2,Business,False
87534,16f821cca5e5dd1d5615737b8bac96465baee55d8399c8b769c7f0b7075fa415,2,Business,2,Business,False
87535,2fd5f214d6a78c39a5f2bf283478b6f25c5ccf4a336b22b3faa5300702280567,2,Business,2,Business,False
87561,41472c65a13cde48fd9cc264151cc87f6b93f5e9c6ec21c707579ca56b47b9be,2,Business,2,Business,False
87567,d32bcd2319f916a44dc292895f9707389d8cb6f8a5201dcfc4496f3b6da8b7c3,1,Sports,1,Sports,False
87589,a1dfa987130265e5eaf0320f4e99e5ae998c8b9ff2c26b76a3654a6c47b02faf,1,Sports,1,Sports,False
87592,f44ae0405f92af2e01ce9bb26fbd3cbe4326904c736e2d1bdd0513190a4b2bc9,0,World,0,World,False
87621,900d2be81727d5bce7bf5aaf29a2d1ab7a0207995142e72c4b130b0e3ff1f6d6,3,Sci/Tech,0,World,True
87625,0cee5e74ce9d1752084fce8127b936cd0e2dee854566fa35b43e3e8b07ef63e8,1,Sports,1,Sports,False
87642,05cc23998359f1fc34aa88606ea042a866deb865a121b5b869fffda15d5b198e,2,Business,2,Business,False
87645,e5be4a5d53d5249f5f390d5add8d21b0c8949bcb6e22542876f5ae3abbd00f86,2,Business,2,Business,False
87652,574d312ee326e112c2d4afa1d0deb0027213fa59f14947fadd7916ea1ec7f391,3,Sci/Tech,3,Sci/Tech,False
87657,3f980ea6ddebf3d1f7a41519de418ec3efa43f8353adca01a380daea21f1833b,2,Business,2,Business,False
87679,d1d88bccec219f5ad5081b7bc4fcef8cd134c6a9954f6e0117cf17e80448802a,2,Business,2,Business,False
87688,c5aa0c1d56ee75848e0c04d0558985d50cc8f7da73cc9e613c31813895dcbd46,3,Sci/Tech,3,Sci/Tech,False
87696,92080a9a9194e887d37a354475045e068fc266b0705bc78f95ebe65257210272,1,Sports,1,Sports,False
87700,ccedf904cfffc799c7f35edcf8dff3dd50d34cb2b9670b00b5042763bbcc4b4d,1,Sports,1,Sports,False
87713,a0124d6ce450faa74bdaed3e6c9c3a93275d12c18eb06269eaa4698c5c551029,1,Sports,1,Sports,False
87714,f5966b1fc2c41faaf99b1bb002b41b35d317ed8f09965bbe578ac67ab34b9b4c,0,World,1,Sports,True
87719,5ceec7471ac7936c140a1ca1acc749582ba84c32c9a1fc2b3d2695bb35aafe16,0,World,0,World,False
87721,77db8cf5333e2b6216df7983e9663cb4b1161cd24ec766eb9c202b02937ac933,2,Business,3,Sci/Tech,True
87726,0cf24b6f29b845cbbd0b02029acb849222ba8c740a75a166f2eb102921fb39c5,3,Sci/Tech,3,Sci/Tech,False
87733,82674804781c107d0ec717cd61ad78d7ea5420e7015427bbcf7511e7c5656989,0,World,0,World,False
87798,41e4d8095434b4469927e7cadd9415b0a59bf5926c7a5d84cf9edf7c3ed96230,3,Sci/Tech,3,Sci/Tech,False
87805,1e7fe8f8142bb37c5072c785551decf8d5f23bbd586a891091aa93016fdfe1f9,1,Sports,1,Sports,False
87806,ba85312fa3b295d85c4d1fc143c108faf67d148e6aef34ec25b8dc124a124b22,1,Sports,1,Sports,False
87824,610af1b9425676a44bd4216d7fbdf9a88c520c63f431aac1f42c54db10808074,2,Business,2,Business,False
87844,fdfd98433290ab518dc41da21daeaf72f90e2a28344914153db26d54de4ea76c,1,Sports,1,Sports,False
87865,08428da3bb8b1d0e7ae67dac29855f2711e8b00e94df4d50d6b719baa4268ea2,2,Business,3,Sci/Tech,True
87867,49e10430a9bc0ba239d1df3533578b4d7216970ed968e67ac4451cdca67fc05f,2,Business,2,Business,False
87869,51c8ebc6082b8cb433b31a045467a7f90c11036f864481949fac567968e6c7f1,2,Business,2,Business,False
87871,e2f3ac6b1df90391b690f552350e05a75f118b27beb1cd79bf99cb8230802911,3,Sci/Tech,3,Sci/Tech,False
87898,6fc1b71a3c14d71761409f09339422d1ea78f0328bd21000857b9a669f4b6797,2,Business,2,Business,False
87903,a79b0fa462e333e079846ea0987a221fb82e80c276e0a6e2b1e86180bacc93af,0,World,0,World,False
87908,f7175dba88d11b1f8b5dd64ab0c6b67258657d6b1261ab6e7c2619be2d81d443,3,Sci/Tech,0,World,True
87910,eb391f02a49b777bfab30b8f6af0a2bffc177d2b442e1a0509117b84342077c5,3,Sci/Tech,3,Sci/Tech,False
87934,0d1146f8d6ebe7f97580d955d3d5774c95768ac23637c5c3282a6b5b771ee801,2,Business,2,Business,False
87942,79aecd56eb23e9b6c0c12bb432cd292c3c80a615e50dfd9e83296379ac1dd02d,3,Sci/Tech,3,Sci/Tech,False
87961,ad440183006b36d22955052152d9a3714aa37054816513be9c9534e5c99ebcdf,2,Business,2,Business,False
87984,0be4dd8dd160195e4e9eaf812ce0a55683f41c1cbe2af92f9b4cb273f3851967,0,World,1,Sports,True
87993,85c6b171cb94d3ba6284e9183c88872c6c28d1a86246923c1518902ae9365728,2,Business,3,Sci/Tech,True
87998,bc249156aa7f20f03ed0b139599c186af5e8baba7e33ea38521cbc893a116b5a,3,Sci/Tech,3,Sci/Tech,False
88002,2f59bdf1062c64ac31f88dddbbe5d1447f89259b2318c38af83a48798696d6ad,2,Business,2,Business,False
88011,8379dc800d6a1359215dd164cb449eb08e790859ccf8f4cdd0c3f3de02e20631,2,Business,2,Business,False
88030,bcd23e5e2bbacbbf7b6ee34079e6f319ee3a123b3762c73cd41275b034f4927b,1,Sports,1,Sports,False
88032,66376fb212fe54508e01e64724b47226656d61dd27f4f3ae709780475a02bfda,0,World,0,World,False
88033,38bd312df50740e60fcdc9d0bb89c89ad052fc579a39f296664bbea172cc8fee,0,World,0,World,False
88046,59e223d516bca3a4fed9b212fceb25c8c0f95e55b23d8613d6a7a825d6838fe8,0,World,1,Sports,True
88050,2c5a739dcb4566b272069b15b7f24ca84b8cf069a128beaf2ec8a02d15815d8a,2,Business,2,Business,False
88074,bae08b2126eaedaf1514fd2e1e3433071ffd6648adf19d1045b4ee4778a4e111,1,Sports,2,Business,True
88078,fe22bbb94b720f62b6dcb721b17433ada8799d028dad314f60e876ea23f1c90c,1,Sports,1,Sports,False
88082,8ac39d5624f92ba8963aff05a8a82fabb334e8b726712ff477d11b390565dec9,0,World,0,World,False
88104,f4224c6b28c3980daf7077cf85d83441df5ebf42af973d164f982500caf87d05,3,Sci/Tech,3,Sci/Tech,False
88112,deadf439a4cd414b584f98e96e12cdca7cce18e387986a30e2a39b0e0aac5766,0,World,0,World,False
88118,38b1d7f4e366419208f42fe9ab1a47154871e419d263ed20d00ea5a47170fe80,0,World,1,Sports,True
88123,f0cba5d420146ff693f223244dcd9e6472ce0eb696a453fff80356e32a92559b,3,Sci/Tech,3,Sci/Tech,False
88136,80fe403bf5b330c6cf2b2df39d85ffbea661f62beef2bc49d37ec1fc8d36d8ae,2,Business,3,Sci/Tech,True
88183,d6dad86d92ced620ca5ebe321bcf09cc4dc082e5610de484846507735765515e,0,World,0,World,False
88204,7a2cb981cf2bc2261c1f3c0afbb70b62d4721a2b6199f003118d7f823f27a5bc,2,Business,3,Sci/Tech,True
88210,37bc1b2e791211daed9d45d6de87ab2aeb20f1580c5f91c9a50b5a0856c348c5,2,Business,2,Business,False
88217,af0ce6f4d23a82eb5ca1ba8b9f07e2a53481d3416ed1854505901853949a74b4,2,Business,3,Sci/Tech,True
88276,0da02968b79eae66d8428dc5bd5f8b6ab1090d2bae8205cea00c93d7a3065b61,3,Sci/Tech,3,Sci/Tech,False
88289,d4c047c77920271597632d0c897fe2e76abeacb8df2974abca621bc7529d0699,3,Sci/Tech,0,World,True
88293,aa6ccf53948cfdade00c83b233935ec4f336a179f14b863d3e5c6ba6e27d5a1a,1,Sports,1,Sports,False
88301,0cf88e701671c6913f8345babff9c1db582c1035885bc220d61405037f1c53de,1,Sports,2,Business,True
88332,d43efa235ccad6866d36d7d4ed438f6fab5fbaf9e3f1f0ef443973b8c49ed3ea,2,Business,2,Business,False
88351,03e8b19999864ea638ffbf3c63a87e69b9fa501ff0a115289e9d91c39421a489,3,Sci/Tech,0,World,True
88360,28806251ce259f9a1c85c35377cf47c436fa8c0d4efe75ee56ebe7645d0cca45,2,Business,2,Business,False
88365,9c98492fa050ccb6fb7f9dac3eb91993ea1be6a8bdbb8baf1f1d23c490db3b1f,0,World,0,World,False
88387,355170073cc7acb60ff79e674496ec36f9bd9008b212be8f5b8399838eb6b012,3,Sci/Tech,3,Sci/Tech,False
88435,86ad5b2fb9b222adb71177b2e232d715f06758213750e2150a78b76cbe1cd3c8,2,Business,2,Business,False
88436,fbf7f267631798dbe0a46eab342df9467889f00499fdc8b17b007e1e3fd3cdb8,2,Business,3,Sci/Tech,True
88437,add3a937f6c0be3478c73fd68a321aaf2aa222e40849a49a14da70d0c0991fe9,3,Sci/Tech,3,Sci/Tech,False
88444,c5c51988a7fa319b0a62dec31243db027c354a3cb87daa10c37e24dc3188019e,0,World,0,World,False
88456,80e6ead10e81573c7d41f9818b9672d0f69e2d7167500e6284b3f4efa8261167,1,Sports,2,Business,True
88466,bf8d3fa6681d1caf2fc070210f96ae4d0e43fa093685cf12c7ee292124f31472,1,Sports,1,Sports,False
88472,8f82a17056eb89623ea26e7c3d07aa9749ee06534e6eade85757ecbe65be5100,3,Sci/Tech,3,Sci/Tech,False
88477,856499e7849a278e007902147c1f1cc34d3e03bd077f86bba1968fdc1a532afd,0,World,0,World,False
88517,6d83a6532de8f0ae66ccf8eb9be13ccee21662acef4e6150682d8186eea0bcdd,2,Business,2,Business,False
88518,6608e850473dae16fc7244764ba823a35cc41e78d343539f52e6c3b02efa2cbe,2,Business,2,Business,False
88528,ea12e9342098067dc3cda8a7b1276a7b8ce886c7d6401004f05b452bb338531f,0,World,0,World,False
88532,a885a3f79a9329482d063372c79ab1fd9cdda80786e7cb7323b7ea43f13a852d,3,Sci/Tech,3,Sci/Tech,False
88538,7f90cd0d7d4e1861b6296009402799acaa91b951226c8b4e02a872ca35dd05b5,1,Sports,2,Business,True
88562,16bf8a8573399b9639f3bc89c9fd230237788ec4cb7a1739b9417fa631706c90,2,Business,3,Sci/Tech,True
88569,836cef18bbb1fd986c1523cbe5d00f2d5a4e95ac2dde17f7548d8b9e4e2978b0,3,Sci/Tech,3,Sci/Tech,False
88575,10841915a619be8a500883335dc1920323e89be005fa577c18ff1e5656dfa852,0,World,0,World,False
88586,d29b0bf7ea7645075365de11dca27a692d7bf14905888ca4fc6660f63145d842,0,World,1,Sports,True
88595,51778815d718273b49541600cd0614fbcc9b75f0645630df23fc99ed85546f1d,3,Sci/Tech,3,Sci/Tech,False
88602,c4b3ba33bc34db80d120bcaebcb756dcdb88ec65f94fe88f806ba9b9ab5d6e13,0,World,0,World,False
88613,e5db72d5ef723ea2069e7ccd9815f44dd519eec4c394f0c67ac583437c071556,1,Sports,1,Sports,False
88619,2349fec3042279973c30095bc56d8700ef9a3c11a7fe305ad50050a6b556bacc,0,World,0,World,False
88623,4d8cf98232cf1c2d0993991ba3706b394070cf6701aed6bf903683bf357e4fb5,3,Sci/Tech,3,Sci/Tech,False
88636,d9f9c5a2d7fe3cfe2c2df7594b7180eb9fdafe7ac8fb516161f92707042cb9ea,2,Business,2,Business,False
88649,5d1ec2ce67746f53069bf1e3a8c9902785870550beccdbdd7d52181fcafb7695,2,Business,3,Sci/Tech,True
88653,201c6df651f6f20bdeaccd208537a7921f22898e975779460f971132a716ee1b,2,Business,2,Business,False
88654,f289bf08bacb55e230bcd668fe156c03839a9b38969d8e1b36d5ca9a410bc27f,2,Business,2,Business,False
88673,08e7e28c40ea9fbe917a0cba6137198c7855cf8766b774d77f7d3d413ed3ab91,0,World,0,World,False
88708,ce6166eb26b09d47c1339a56696e28ad547da8d46f00bcf3357fa2f133a7c963,0,World,0,World,False
88717,0a140df9296be4b3fd0938b6e33b18c3bc820cc4983d801ef8dc075473a0d6af,1,Sports,1,Sports,False
88724,cdcd31cb66bc5d15ee07cb1b507074912de4c23887e1389054c14c285bdb8528,2,Business,2,Business,False
88727,26b4fba0232d43e282436f5fd1e604e71300aae877e037093fb259aa3fd5f290,3,Sci/Tech,3,Sci/Tech,False
88739,8d48a2e98cea802624d65285a243280ed9110c887c2e261e9b72fc932040c132,3,Sci/Tech,3,Sci/Tech,False
88760,5e1ad389296e343780b484e946512b31737c6e854878c93c1460c7b229f7dc9e,2,Business,2,Business,False
88777,1a89edd796c822b70637c1f9ecd28f907218ec5e1a000630024a0c7a9674fb53,2,Business,2,Business,False
88783,f5d5badec02af94e8503698cce8b93ff0ab4ab42d60e1a784af2ecf8563c261c,2,Business,2,Business,False
88790,3e76d6ec7da779ecf71ef47da6f1777659050ee69677f140b30f6d8b516eff67,3,Sci/Tech,0,World,True
88791,164153d866426cedd545eacdfcb491735c2738f66bb4b8a78d0f9733b94091fe,3,Sci/Tech,0,World,True
88828,4cf0e2fe6f6a657a0cd0351d833089e168d244263ccef6f88cd6eb872152407b,2,Business,2,Business,False
88833,6769b65f3cc0e80d997bfb3be13dc88f5c226b2200c01b9338475551fa3b3871,3,Sci/Tech,3,Sci/Tech,False
88854,860a1167d3cb4bb4f6fc9ee1644cc957c97f2f350b0df78571d4e4fa457460ff,1,Sports,1,Sports,False
88868,b8ea2a34fab6033cde6224f978f076cc1ba12cb6b376cc4350efcb829de6787a,3,Sci/Tech,0,World,True
88888,d669b259c3e9e7d3b466c2b94e7512234d713660f6f8f4a44865161ea08d11bb,2,Business,3,Sci/Tech,True
88909,2de88d7cb9c2ddcff602dd0b621c8f7754151425c47c86e918b218e3690b0cf5,2,Business,2,Business,False
88921,be3903caa92ffb9fafbfe4b8a27fef274ba992fcafb911cf0144962deb184ebe,2,Business,2,Business,False
88939,c291292faa9cecfae5ff2e3ff0c3e3bacf809e284004df5a3617c3d8fe421d1e,0,World,0,World,False
88947,3d3823ef469d40ee60ebd35b142313a9f67752807fb7a42f96b6746e3ce1b24e,2,Business,3,Sci/Tech,True
88954,f525c72b0d3c2e36ec1b232cd24a6d4cac9d518abce43538c43e7640b525457f,3,Sci/Tech,3,Sci/Tech,False
88961,53bfdbea2f2d2c419bd19666d127f3b5cfb8023fe3ad712a079c273bd62eca19,3,Sci/Tech,3,Sci/Tech,False
88962,c25ed514fd09245b66a3f0d97c64982ae567b177014ff4dd9a798ea514d13825,2,Business,3,Sci/Tech,True
88969,c693d6826ceba8de3b4e183a66184d700c25e4abd007d3ff64f01bcad7efbc8d,3,Sci/Tech,3,Sci/Tech,False
88979,258d9fd939a63e97ab4a55a43052da817d883c794cdeafcbb8e01be5059b5660,2,Business,2,Business,False
88984,716f657dbff3dfe5c74da791a2b1d291c6df88b4a7cfce4b405eed23beab04bc,2,Business,2,Business,False
88990,52a040571b62521f2d71c28cbf34e638aaa9203e1124971fbc31ce113eb6e0fd,3,Sci/Tech,3,Sci/Tech,False
89009,17d62a761a843f6f8df19e4b7f0cffed7298ff78982fec73fc4f181e706da64f,0,World,0,World,False
89017,31ddd329f50838104e1cc2ed0c9b10b23926a72738fa334fa25164932a98e716,2,Business,2,Business,False
89027,06d95b2db0f7f1daa12cffd86a17e0786b51d79606afe5aacdab5becaef08040,3,Sci/Tech,3,Sci/Tech,False
89040,ac26112fcd3bab8390ab7a878d43493f3671f9a860110106bf61cb08b9b2e388,3,Sci/Tech,3,Sci/Tech,False
89043,66c42838f16bfcdb65639704d8070d8861b0d8039b4b282f7d49196449b8a560,3,Sci/Tech,3,Sci/Tech,False
89054,aeaeff1a46dccf2093a25e579fa191c670da1a35a730da43c7f6435a7dae6bfa,3,Sci/Tech,3,Sci/Tech,False
89072,47e936c55a4907d840d550aec2f541cee8d515b16a35cca46a257068db32d9ae,0,World,0,World,False
89101,6f0b08761af1919b10edc68d82e46770f61bfe7bfb9d28a77db08bc98e549c53,0,World,0,World,False
89112,c24ce6a422167b0a18a5ecf5fd85aa05f9d74b939a357a0e9aa4d0a94dd22cf8,3,Sci/Tech,3,Sci/Tech,False
89122,0502df7e7b8c68374ef219a1bdac7d39a34fa44dd11bfaf20982d3bc8e6240ee,2,Business,2,Business,False
89123,364f3f8827ffbcc39ba3e9b680070be58d8a769d56a81db1463fc342264fd5cb,2,Business,2,Business,False
89127,379fa1bb87edde928b31b509f851395c59046b12414563a8951544d187d0ae55,3,Sci/Tech,0,World,True
89130,8248739ea369eb6764f2753069e1af81cafbc04f069b50a6724fcc5817bd5bbb,3,Sci/Tech,3,Sci/Tech,False
89146,22473c9452a17e34b4135ff41ed9c18bcc08dee8de1f7771b138d4c43ca22e32,2,Business,2,Business,False
89150,28f16e0fbcad3c9cecf36ef782b61697e3c96f4f03353d8b141464ffd38a016d,2,Business,2,Business,False
89155,8d83ce46b1bac81fb25ccf72138f15da6b3b1b33b6241f253de007d5c876f763,3,Sci/Tech,3,Sci/Tech,False
89177,bd55d9bc91010395c0c5fc80c2e42726667869b88feb21f2c9b1c806ef911fc8,2,Business,2,Business,False
89194,aaea4b369bd9515510a083d7e6df17ff32acb5f1b41857994783f690ed1f9af8,3,Sci/Tech,3,Sci/Tech,False
89198,9b5911da7fcd0357dd32086ab7156aa1007b5b43461756ad13baea678f0a676e,3,Sci/Tech,3,Sci/Tech,False
89209,c59fae80255bd648b3fcd1bba584ecb18304c527239032046620c89156a9c362,1,Sports,2,Business,True
89214,6102a2bc8313ab9cb6d995234d9790112c939d685d5ee1284a7e59d5e9e0c5b2,2,Business,2,Business,False
89236,65e6e3adb6c09c1f2bf6b041e608f0902d982bbecbe9bf2e71587305d4fdc60e,3,Sci/Tech,3,Sci/Tech,False
89244,5434a83b219d0c4dcdbb24151e45043abd22b28b42525159c2aa2d5feacab59e,3,Sci/Tech,0,World,True
89254,66051a8da0e671356bbe3484ab7317c603a63a9e6eaf57c32bda8845508f45f5,1,Sports,1,Sports,False
89267,9e8c276a8f176ca9b493a04b1c9bd44a54131dc5fd0d7454cd82665c1aaea7a1,3,Sci/Tech,3,Sci/Tech,False
89274,051073dc6be665632bba3c3b8cd9107f9fd74b0bfd4c01928ad2c58b432bd4d7,2,Business,2,Business,False
89279,b19f5c1206703b48c082b3c3cd6cdbd2ccf985ba6db4581b36c0bb2477506c97,3,Sci/Tech,0,World,True
89280,4e3afa2dbec681445e4484002513d0ecdb9dadf211f66f5c0206f6df8b746d6c,3,Sci/Tech,3,Sci/Tech,False
89285,9dd36947af60c12dee730e800d4c82a82b0eb54d7bf659d91d850c5667cd4134,3,Sci/Tech,3,Sci/Tech,False
89313,8f662cc30c7916e73f988186862220a66d0548baa4ff01a7fbde4ffd66fb1d36,3,Sci/Tech,3,Sci/Tech,False
89332,5f4858cfb308b48fce42b7aa28622ee6e5735b7f3f607c886cd8235f4ff659c7,0,World,0,World,False
89333,4088c470dc743a239e3d89736202c34ba202432517dd0b995c3a8780cd300225,0,World,0,World,False
89346,7f55e6f29a4365c363301be19c8491da0e94169cb0d19b9dfbbc0a8421dc7098,2,Business,2,Business,False
89365,0f68e5538f2c413eed4af9aa9eafc4c5bf82de8b5ff31ceac6cd05ea16d0a575,2,Business,2,Business,False
89366,23994e5b65ea5c778f6b7f8c04871e4ad6f2a2acb0dedf066ece09b1a43e2065,3,Sci/Tech,3,Sci/Tech,False
89369,a83fc5a528443e30ba7049e08d032eb103c098dd45ecfd0421b561e8e6bcb3eb,3,Sci/Tech,3,Sci/Tech,False
89393,28c43baa7a2adb4881f03a637460001f4821d6e43d7ffd5bf819128c89bc457e,2,Business,3,Sci/Tech,True
89397,3015f078b718d6a94fef294f315118fdf9ed5fef6b00b95a93885a1acf3c968d,3,Sci/Tech,0,World,True
89423,a821b748351736c2ec2337b0bdf3b1157b1d462140cd74c412c1800a5a12a58b,0,World,0,World,False
89431,88fa780d8ed97ae63073340ef878be1c4d60bf682630e59925438020cc5dcbf1,1,Sports,1,Sports,False
89434,8b9ad4ce0af152c80a670154db2aca8c21125bded7cee0cbea5b6044e60f1fef,1,Sports,1,Sports,False
89447,4d37677ceaf259acf1f3ab18a32c778e777fd914dab6dfce30b55a208ebd077c,0,World,0,World,False
89448,d0d7f8668bb71aa749c3c04084aee9621afd32cc71d72a7a68b88706014fabbb,0,World,1,Sports,True
89458,bb93a47419466007bd3e9f7a4afa59ddd5b850de7375bea252ebd862e26145e4,0,World,1,Sports,True
89460,68e0d5bb1bdacabca09a3d119f07de4eb20b84e85da7d9a2f67dcff4da530606,0,World,0,World,False
89465,cad1d430aa2a0af7f2b7254442fcdc38282bb54d05b61d852045fa3c3087ffd8,1,Sports,1,Sports,False
89469,d496ea9b21b100366f6cfc56d0a8f7b8d325b5059f50564d75b02625c7a73a03,3,Sci/Tech,3,Sci/Tech,False
89470,52af78b39ceea427e0ffc9439cf97f3039e7c1961867fa7c5b20f9cb761db058,0,World,1,Sports,True
89473,8d721f869bd8fafd7ac0146831c06504b516e723d87873d61fe0506bf387bd61,2,Business,2,Business,False
89484,99d0697b74f5f73a9ce71046fed442745f92929a0c36b83fffc97acc88e33c09,0,World,0,World,False
89498,e1439e9c8a37b6b2e09f7a3b481c99d964eda63821321f2cb021849fce0168fe,2,Business,2,Business,False
89509,adaba1995f947824420953a14ae91978202a389850130ebbf78fe1ab7df84319,2,Business,2,Business,False
89514,ab5d090d6a446df63f04065d9129cf248e40506474027e771341de174320479f,1,Sports,1,Sports,False
89526,22cf570c5ea176b2f0a477189eedf1a3504f4e0c1e7221e6138fd8e963e13402,3,Sci/Tech,3,Sci/Tech,False
89531,60ca0ece64383b4875638985ca747bd4eb95ba2b94a239e1ba0c97d4177c48c4,1,Sports,1,Sports,False
89539,45896d49c2734c5b5284b595e91cc576bec7bbdd39af7967fe1d827621f268b7,0,World,0,World,False
89549,025a185e6cf0868785cf3f9467a569234df23eb1ddd9bc6d3f44b1b06810d046,3,Sci/Tech,3,Sci/Tech,False
89553,513ad56dacfd51211228900121cbf469a41052a15f65a90aa43106b82a02d1ab,1,Sports,1,Sports,False
89556,9e6c8f79b19a64910f1117e177350dd90ae41d3f01362a80207e9062c9d5c1b7,0,World,0,World,False
89570,4ca1bb283fedc70c30c8f79fe0a9154c0c49843fa31fe8ffe8022e4d60670f68,1,Sports,1,Sports,False
89571,c5bc2e8ea9d5421103f36a7d1e62945fb05b011938bb089f65f62b7731f39e18,1,Sports,2,Business,True
89583,51262dda9b6983d406c3c810abe143c8b92e3917cd1d77a0dfc185211e0c02d1,1,Sports,1,Sports,False
89590,2b9aaab840024e18e8d3f663417fde8de2d61b49ff0879e16c727d2a048d92e0,2,Business,2,Business,False
89606,e46d63631aca07189ca427baef9329cb2cdfa994a2d5495ece9cbbae1fddc0e1,1,Sports,1,Sports,False
89609,6f9d68ef84b408f40d333a2c39122723a59a5f9cd2e6164224ccec0ef4fb1324,1,Sports,1,Sports,False
89623,b325f9d257844083e8f9205d14ab61a9cdd8f7d0d5b66c5bc622926d77b87c85,2,Business,3,Sci/Tech,True
89645,216d424a34e666d9e635b612e4089fe9944a366f46f32a14bd85ef378b0bc453,1,Sports,1,Sports,False
89653,5ec07af33b89637a6fbbef52e950f3243b46cf7f897d2fc686cde19ac83f0296,1,Sports,1,Sports,False
89658,1b85630329c249d2cc0dd66eaea78edd6991235ff15b9ce96ff53e5ee492190f,0,World,0,World,False
89693,42483a0003bc7ff3983746a2e7e1478b81e95bd33b59d3e19f0b15fad863517d,1,Sports,1,Sports,False
89708,daf08777f1737efa1b2242be1d43639c9ee5b88fb89e730caebc3127d7b4207d,2,Business,3,Sci/Tech,True
89710,2748043029bbabf83cc3081efdf8428f8b87e10fa2fae6e26d83ec9bb64dc8e3,3,Sci/Tech,0,World,True
89723,267de141420cb705d347a7279f6045d1123934fb1b44b42ed3d74a5bfefd7d89,3,Sci/Tech,0,World,True
89747,1a24ccdccefb5a096e8309eac63e2e60314b081369ac1872bdc570570550a222,0,World,0,World,False
89778,3ab9429c4b40453d4a56e913466431583b9439afdc97d77fd9c38b6aa9a60338,3,Sci/Tech,0,World,True
89779,4a3598cb4f952ff93ed1cca7ea5cef9a0a5bde0b27395c357f8dbff24195e6b4,3,Sci/Tech,0,World,True
89784,9710116f6825d549856ed6700334ba364e04b6882532e2244cfe68eed7d57d5f,0,World,0,World,False
89786,4f75746e16151b5effca678d669bc705aa3266a4ec3695423bc7b8fe4f94dbd3,0,World,1,Sports,True
89791,20a48147749ec6dec9695f7ab8afd5262bee631161bb3202bdb5a5a95a13d475,1,Sports,1,Sports,False
89805,bddf6d76c2b7d72a05ad4fc5e508abf41d392f4ae629fe69980c1bb8c42ed32c,0,World,0,World,False
89807,f55b53e1f5dcd7e7838ed5560e9bc9ce5c0827ba64538b4dd29c635ee37adca8,2,Business,2,Business,False
89830,551d93231c5d3298088bb7b1f351dd99877ff8c89baba939f5635d21bf7ab162,0,World,0,World,False
89842,4ff990a20a6fab93adc18e9a0a126d510bd7410d9e33d0766d40d9064ae46ef4,1,Sports,1,Sports,False
89869,c3ff8a422c71a36da1e6db4b7f9ca294d2133f66613f34986827d44fc4c69595,1,Sports,1,Sports,False
89872,53e43e01b359780dcc173b805790ddb705b0b9e11f20443632be9c1750932d75,1,Sports,1,Sports,False
89876,f5afb4bf8d15d28ec064842b61b9c1d84a24728b97251f56be2297fddffb2381,3,Sci/Tech,0,World,True
89888,d174846aa324b63f183b839afdd37c9f4c543870927b98783a235d20b8e34591,3,Sci/Tech,3,Sci/Tech,False
89900,ada985fb67bcf896ec3a5419140e656d01d204588a17d20b036ebe8b16aed20f,3,Sci/Tech,3,Sci/Tech,False
89903,980ebad11084c921cf7276e513ebc38c7eaa454adf68d2cd2448227426597e05,0,World,0,World,False
89908,361098df2ed9cc50a9c0866b7be204558b3e0ebe84eda85e313b1421674f3574,1,Sports,1,Sports,False
89910,6f38bc2428a97e1a700ce75efe41479de264c2a75a9a0bcfd84bef9836d1c892,1,Sports,1,Sports,False
89915,354064ea1d9d2f88b62aafff02ce8e24fa99c1c1af8d26fba3c362e6bab2ed64,3,Sci/Tech,3,Sci/Tech,False
89916,33e7f1f4df3e7a1ad5348048a4926e6bb4a2c775be02a232c700158fe4d7ed4e,0,World,0,World,False
89926,1afee7a23632c8c427fdc9e8de982c42ccfd88188a4b470c8e7e5800cc0c6aa3,3,Sci/Tech,3,Sci/Tech,False
89938,58331e7ddb6b117345c65d49c672b24688008e0624ce65a12bb92863e010bcf1,2,Business,2,Business,False
89995,c034970c16e2cef433138e49e3c86d1873066c400669c4be9012e8baee0cb1af,1,Sports,1,Sports,False
90008,0127f84ef601c28aa4ccef8aa935fb2e87293820d1e4e3b8cd4b2ef878c95c8d,1,Sports,1,Sports,False
90020,6ea89362c8f2def86fc5c14b8c730ec464fd9180999ce07b6ca8c2a65f10f8a3,0,World,0,World,False
90023,5b6f825a9e171049bd8934e4e78673be8dd54c9b458626cb085aae98cf2cdbbe,1,Sports,2,Business,True
90025,286705017868243707e3906255c295bc9de9b37341f3362e75f374b5e52f394f,1,Sports,1,Sports,False
90026,df3f738c81bbba86bb697332607e726c87dbce964aefafc56604728ff5942965,1,Sports,1,Sports,False
90039,6783e75788a8d23822efcbd9f9354677b045c8fa12f123137946a9d9aad7b4d2,1,Sports,1,Sports,False
90044,f475830b34a9ac9c17f803c192cd0ee97920c98b82b639c990007584bf08719d,0,World,0,World,False
90063,3774762ded1c4d45b37912dab2a857b4c81974e22baf0bf1fe20a3bab4431102,3,Sci/Tech,3,Sci/Tech,False
90064,487c8f35d9ee4b1877b51d71f88435760d78b8959f14dcfa849a38a3eef124cc,0,World,0,World,False
90066,ece04dbe623a71ae9b9d129afd9ad27bf4989fc3f63f1ca7152b6cb298066f7b,3,Sci/Tech,3,Sci/Tech,False
90088,51cbeaaa5aee22c22b6cd45d95be436eaa8f0d9c4b198b5e06c6c041299e2c5b,0,World,0,World,False
90138,aac49cf36866c5855f31924a4eac99fe0acf58c2e107c1aa394682dda029ac0f,0,World,0,World,False
90148,1a5b0991f8f2e4f2e3738597d734799f3edee1cbfb66a8b5698c9d5ed91e6088,1,Sports,1,Sports,False
90163,4ae9694c36933ebd844994c7630325ab06947a1c0eb721aeb486f03467cdcbfa,3,Sci/Tech,3,Sci/Tech,False
90185,18bdfa374dc10619314a04533b07ca50a9f01cb2a8179ad0d84e506998935f52,1,Sports,1,Sports,False
90191,68fde305b8b05ff79089054c5805501d6622789741db15f648bd1a63227a6ba7,1,Sports,1,Sports,False
90192,cb463a2d6c339b51ff88642f8d0c10d4085db9f779185772c16bcfdaff408c17,1,Sports,1,Sports,False
90199,d761645ad2b719fffb4d22c89146c72347fa69b472c538130cbd2d939ab5ef15,3,Sci/Tech,3,Sci/Tech,False
90206,376a34518eba93a9e6dc13a2acf170d1c5b58c2f9b5556a12588f581feebe13c,3,Sci/Tech,3,Sci/Tech,False
90207,94968b04343586b157420f69cbac7e77ceab699aec420a8829b9adb683ac47a8,1,Sports,1,Sports,False
90251,a5674c83823a0bfcdb4162863b2b38f22acba754d6ba634966db36c6e07b2fe0,1,Sports,1,Sports,False
90257,5ba7f8366aeff0aa72179de0d821d517dff33bd4dfffd3037edac9dbc3a4ef84,0,World,0,World,False
90259,dbcf92694c894f30f232bcb1d9015698a70b5694e993cffc40d9b2b2b7bd7eed,0,World,0,World,False
90285,cd776335daa57e33537ccc01d738f8b6eec3817e0fe68b85e2a152e62a4067a5,0,World,0,World,False
90325,71b2aa736f3b3aa54034d2a3785aa436bcb099cee855ea9b062313676b5a935c,0,World,0,World,False
90339,2cf7a5946508aa0cc790a62a9d049c93b756fd483213728d0b1f5b10ffaa5547,0,World,0,World,False
90349,a647ba86c69fe2e270a52a06f81cd9a38abd2b56dcbb2e6a286385bb1b7fe55e,0,World,0,World,False
90362,f3c69e51df82a596c22b7cb5565cc70a1c8c53663dede4c47294bd9e9041fb69,0,World,0,World,False
90397,c80967c403d9462a83a9c6e7a1451ead3fc65e99a9bd7825a7c260b9a1077e2b,2,Business,3,Sci/Tech,True
90404,b39a82eff6d2bc0a9934d075b67f7392fae83aad58c0560d46da3b03d84b92aa,1,Sports,1,Sports,False
90411,8d755f4dfe99e641a3141c4b6025cd4f00c8f00b6624a174ae07bd8ac9ab2b54,1,Sports,1,Sports,False
90417,1fb2218ff1cffb96f39e512122a5b2cb915da7d915e8c889f997e2a089ee33d4,0,World,0,World,False
90429,af394ff91820e4acca53256c06b31e119e859c1b033aa68023791593a4e9934f,0,World,0,World,False
90474,bd9610973041d383dd87ee6fca102033c982609f4e5b66dd57a74af917b585b3,1,Sports,1,Sports,False
90487,2a827961680b59e1710f60c4e60704d6bf81f197242d3aa32490a6cf6b75c9b1,1,Sports,1,Sports,False
90512,1bd6dac99b1a29ec8d3d54bf3c20b3d9c8559d896dc4bfa848e82085cf5d3bde,0,World,0,World,False
90515,51a556e4f6adcac6f84db564875284c860da1abfa891be6866f545abcc8a4616,1,Sports,1,Sports,False
90536,8712dd5034834e164b6b59d41a67a3c0367fb98811f1631bbfee9b8ca3af9df9,1,Sports,1,Sports,False
90548,53800fc50e7d2cec0d3e78f51f52442c6fc59af8055fb9c8daacaf87e74d2c71,0,World,0,World,False
90558,d0779a5fc3c01745a9740bf37048395beefc8aba563865af91a68e81cfdd4138,1,Sports,1,Sports,False
90600,8f390a77fc798f069aae8ad03c88b46f2671591850d43ac7b37f84947093d237,1,Sports,1,Sports,False
90657,c145f8337003ff33c659c12182ca5a8fa081bd6021a143a204511dd2467573de,1,Sports,1,Sports,False
90668,e7a52388d8649e2457862f272478c9d226509afb08e94bff6ab0fdf1cc6e3d8d,0,World,0,World,False
90682,d9a1c929cdd8f41293494a5eaee5a1232fa54c5d243374245b310e69e2ef7798,2,Business,2,Business,False
90709,971cf6db64520abd26fd99288a3470c02c00fbec1907785a53b4099169226853,0,World,0,World,False
90711,846ee62cb8ea9409143549a75d7cc707e79c272bde4c15c2f327fd0e3f863842,1,Sports,1,Sports,False
90732,b76cc9bcef3b187d486fa344d30a33214c24c8ac4887f5de6c13684152b83408,3,Sci/Tech,3,Sci/Tech,False
90737,8cf4454ea74ac20424248951e0560e9fa1013fbede5a66f4661a7c56733d3832,2,Business,2,Business,False
90755,15c0141e1173f1785459341cfbc08011a8ed5f4d612427d4285f9d754f7866b6,1,Sports,1,Sports,False
90769,f04a6600421102c61c6c01dc4ca547768fe3cc4c196da5e154d55f1f247e34d8,1,Sports,1,Sports,False
90772,6fed42cc3219e889ca86e52b18aa7aaa44b52182f0860b33217a87504750c3c9,2,Business,2,Business,False
90773,84f1d985689aed0b92d94f5f92ab0d47570247f7e7ba7c3e7767680dadc45c4f,2,Business,2,Business,False
90777,0b5dcfb88b1bae1a4067a536f3a05a3e20e653a900babbfeb00c6f7986d40d8b,1,Sports,2,Business,True
90781,16a44770798e53e45e858a75f9d25c2a41cdf01475fd651909003d543f478530,1,Sports,1,Sports,False
90789,70fd4d8179dceea5e06bac86dab6bd4ede7917171838bbc6337688090b371d69,1,Sports,2,Business,True
90804,cd133aeb9910d486ca05eb96af801f74716f05eb8e4c49e019b12c08f0cd84d3,3,Sci/Tech,3,Sci/Tech,False
90810,22374918d2f55a60772588967d2adbf043266708808e517e84dd3a496df47062,0,World,0,World,False
90813,e2579055961c38b620860ae6649f0a9eebb96548dbfcc5d468be68cce49288d5,0,World,0,World,False
90816,460bd9f7e2b4dc64cf64022e9200397027ad4c74024dbab72d19f01c437656d3,1,Sports,1,Sports,False
90820,7be1db292548a03c633e6b950a7a907d59e3b37bba643ee51008df690c54df9b,2,Business,2,Business,False
90825,3a23e268544bc57a9821416e0d15af00ab178ce10ea2b8437b23898f93064349,3,Sci/Tech,3,Sci/Tech,False
90854,284af35e729ed35650e8bf73f8dab3c6463cce469bffd8d96ef6352b59abde87,2,Business,2,Business,False
90873,1e9775cb680e9b91f0b34e4d467bc55dfd994f7ab792769b2a64b0cf9e673771,0,World,1,Sports,True
90929,6a5269b638f01d24098bf118d45ba91dad625b25b3cbd44f52bbbaa65d6e22be,3,Sci/Tech,3,Sci/Tech,False
90937,2a3e60d2d421c5ac473b027d1c48a39422486c26d75ed94296c11a2da90497f3,1,Sports,1,Sports,False
90939,219aa4cad947f34ddab464989dddd716df777be1054d9f1e27f4324310ba5374,0,World,0,World,False
90947,aa8dd5927fa402e65dea99708f4382b5ec1eb5c45b42e35b96d94d4c8b59561e,1,Sports,1,Sports,False
90966,d846e4e1ba5ef22b1e09bb3b7b5a006620cd5206a8cad015a49efc98b483acaf,1,Sports,1,Sports,False
91003,60126b66e77456ce7c8b8e2ff6cc6d0886a1cf1bde4b13a2a3b2a6a3ebfb21f4,2,Business,2,Business,False
91049,a266269226fc02dc1a9f1557810eaf497d2803bacd9bf07eb3ecd4a9e23a5d48,3,Sci/Tech,3,Sci/Tech,False
91057,042313f05ebe5e75c536880c15126e3ed460943040509bf6ea22a423e1fa6187,2,Business,2,Business,False
91077,dd4f1efc9a68b050d160af6049fe8f09bdad4e06d41fefbb3af03b95458a03ac,0,World,0,World,False
91079,d04607c66eb2b86ecc4f6b315dc8844cd57b67e091bcb6022a3c5bf85551f48a,0,World,0,World,False
91080,9120c271476b763b8f26dbeb54b63c18ee1782fd7195a19cc9762be033e8175c,3,Sci/Tech,3,Sci/Tech,False
91084,bcf672416d79f2f8dc39dbe7cd87550f950610195d682997a2eda3d5c50d525a,2,Business,2,Business,False
91088,6b46d669be2cc51897f668cf8e021d5c2b3f74951a4a50ca1726b687d9cd713c,3,Sci/Tech,0,World,True
91094,fae9ebbb3e9fcaeaae1f2f5848f97d0550711132ebfb18ce379eb743cf88c6db,1,Sports,1,Sports,False
91098,0589b035ca48e647e9cbdb5a0662eaac3c3a812509f85fec3f6c12aa177d0553,3,Sci/Tech,0,World,True
91107,4f25308069a71638a1329eefc693bc52ebbe96fff096bf704ab0afe26f756a90,2,Business,2,Business,False
91134,04a637c39a4b5d04888db1e7b2d108dd9df5dd43a72f7f0bbe57cedb08381879,1,Sports,1,Sports,False
91139,1d46d167d7de06f19f16bdce7d12990d2eef5ba9641d43ade287424ee9787885,0,World,0,World,False
91161,962382e31afd198b3733867dcff9527a08b46ec7a2879e58da96a5e7ac5ca889,1,Sports,2,Business,True
91173,53477a377ff02467898235895146d9f76c7e581f5d0b5e2699933a20568b5c8a,2,Business,2,Business,False
91177,a08a2c3a2798a06c5c4b5a2e2f74d05d614d68c51e21534b8db1a5864a9f6abb,2,Business,2,Business,False
91186,fa9a6261a61ae1fbf4b3dc662dd3bd87d8313333e48b15db7a2cdbf317ad1c6c,3,Sci/Tech,3,Sci/Tech,False
91198,ed76443e4a3c23e3d211592d2ae2a194901f114c0249d1946073ca1183e1aad5,1,Sports,1,Sports,False
91201,bc00d6ba47a4cc331a580670cbe05a2fe45d62dae4c8ad68c303c35523f39f3c,0,World,0,World,False
91231,dcd1befb294b78d381dc0bbaaf14d1db9179d0e8a159531702473edc61f520b9,0,World,0,World,False
91282,b855854768a3035053a9275c9b08e43adaab2ffa7db52021f9f876c51194bbf6,3,Sci/Tech,3,Sci/Tech,False
91293,836b980528c13ec703ac4afc752a84f3f206d92a8cc5b1004f511745d3ce9be4,2,Business,3,Sci/Tech,True
91297,28462725ca0c851bb90443238f3e80438bb38f95b9d3bb304b15938bd82e6d09,2,Business,3,Sci/Tech,True
91299,ba145bb05a8cd8443c870856442b40c48f36ea5e40c250fda31e09a3dfb30ab4,0,World,1,Sports,True
91306,cdb1be299134d61efb43829654decfbb1a3aa767d314406f55251ce3c2075447,3,Sci/Tech,3,Sci/Tech,False
91311,309c937326756a4b31f57447af5240ada042b9dd7429e1b02d8afc3e3663dc52,1,Sports,1,Sports,False
91315,89450533ee3f21bffb9f8888caba6cbb3456ad9cf1185b92c0c496d8657e0dee,0,World,0,World,False
91326,0b50e2baa4c74287bc18a51659a0d387849cb99e28d6536e7a85c3997ae5deb3,2,Business,2,Business,False
91337,5ce80fcdc164f5198b95cbc595fbcb87227a0ddeb4766259cd672cf973ccec63,1,Sports,1,Sports,False
91341,361190102b413bbce338a476e0f7c86bde4ea8a0a702a52cec119c4eebe89785,0,World,0,World,False
91364,e82d4b8eb9eae584c5eb26b62847da1fe091364f96b4063a4ec2d4e73f6755d6,2,Business,2,Business,False
91378,a7ef04b03ee89890b59530840238e9985152de8333d5236a990de6cde507ce70,1,Sports,1,Sports,False
91383,c26b35ca2ba4a66141c6e272d055a80bb74736f63b3eba5495855161914a2dcf,2,Business,2,Business,False
91389,291a9b2e889f74958d3f173f96d19221682585d87970ed992a9e8b6c5522c772,3,Sci/Tech,3,Sci/Tech,False
91420,25bd086e30538189f5b1ae8e1afe2d2c773d8bf5f19fc1036c6adf99575f2a34,2,Business,2,Business,False
91424,9aca4e641ecd6cb41ab51557b11bd89516178b7953a8441b135718f6a8d7bfe3,3,Sci/Tech,3,Sci/Tech,False
91435,b84a23b7965e88c8a40d79221ae06a49e32bef14946082cdf007695fd62e30d7,0,World,0,World,False
91469,d697cd167235a767b03c54ce9f5b677288c6598614b3db3611ebee1f48336fb4,3,Sci/Tech,3,Sci/Tech,False
91473,f9c610836554727d1a91a1e7b1c949cd92dcb17085471abff1766dd86236d1e5,3,Sci/Tech,0,World,True
91474,301721a817b8522030fa55d136464f8a4257a8343377e1acf33eaa10a1ae9dd9,3,Sci/Tech,3,Sci/Tech,False
91479,d56512972ec7dc6eaaa3dca226908f6b78e9237de88c790ad953f5ae7469f618,0,World,0,World,False
91489,3ea10f51dd485e5d7ee50cbf75add8d506f645d35018ffefc460d1dc1010c706,2,Business,2,Business,False
91506,985b3e65d101dce7fbb354576b46cb3d22af3cb9eb0c008ede7acea1582556b4,3,Sci/Tech,0,World,True
91507,ac920f4790217c321b70031a27181fc430b31e3230a0dca9b5273a33c9e99987,3,Sci/Tech,3,Sci/Tech,False
91509,a23489287ee5992ee8b1d2f29d1b39db84515ccf4294ab20fba7a78313320e39,1,Sports,1,Sports,False
91513,71d9963b068ad6ae77626c61eb2b4c1e8d0233ca6e95bc69343d48a3687c1ec9,1,Sports,1,Sports,False
91517,7b4227d0ae9b56036ea9e70e06585e319f9ae9b2f7f6d4ca8bd3eb39fdbf6717,3,Sci/Tech,3,Sci/Tech,False
91525,6827b70e475e59714b48b5e244f5e90689043a6a4369bcf570d5bc0284643846,3,Sci/Tech,3,Sci/Tech,False
91530,9c4a7984a5f3ae1c2db721db33562f6c39413ee3ada88b8a2e25fddc251e1230,1,Sports,1,Sports,False
91553,29b86ff178c457e55142eff0bc8723eb33e3ada0fd7d4eb0192f3a19afe38d60,2,Business,2,Business,False
91558,6a704a4d09ccfc9bf13e9428d95a73ba3be414f0e98917eb4ef364b4918674a6,2,Business,2,Business,False
91589,688895d7bb3e36f3d94c0d58be9bc575d6dc3e14583ea2b0fcbeb34dbc4c0d63,0,World,0,World,False
91595,5ed3f88b9322ac7e9e9333702751cabadca5949696945a3d35b8d3e3bc40db24,3,Sci/Tech,3,Sci/Tech,False
91601,6a04a6be5c14fbb32b99b082a52fe96fe324ce985cc45f3381ea280141ca4c20,2,Business,2,Business,False
91622,5bfcb4d82a5878daf0959bb2f714840a2d9d9dfd97f2780adb3195c555aa1a66,2,Business,3,Sci/Tech,True
91624,7c68177b02208cfd703d76616b96ebd9f6b38257599225fc5598f55ae60dbef6,2,Business,2,Business,False
91635,7c26a7e951c52a7cf5fa3169e096c2a8addbb68c327d00dd94c75b38a7a7a6a4,3,Sci/Tech,3,Sci/Tech,False
91638,d485ca5cf9e19e205245b1dcbee1ecc28da8f3a4ba28fac1bc816f8e4f6def10,0,World,0,World,False
91644,1e8f027f3d79e4874afc23f49d66ed8f4bbb7e689219b15dccb340c40450c768,3,Sci/Tech,0,World,True
91645,0fa631b21ca8a295d4677fbee5e434b2fe1373a283e8f8bab32ad195d056b723,3,Sci/Tech,3,Sci/Tech,False
91647,05259949468b50ff5e4c0e45a1aaacced26c4776f18e2b489a69932b57b6563c,3,Sci/Tech,3,Sci/Tech,False
91653,2766fc07861eb779af433e440c9ba94ba734b7a5d7d910a645fc590a2834c546,2,Business,2,Business,False
91673,168626649886f3f317d436b5cc89f50dfde9eeafa7d59c6b9c19621abd647315,2,Business,2,Business,False
91686,395072db3d852951806ae45ea47f19a0b49a7f198f4b7db7755bd76b45105f86,3,Sci/Tech,3,Sci/Tech,False
91688,4b24acfa11f417b534cfd4113a462422f17727f3284839b280e8f940876dffe5,0,World,0,World,False
91715,1226d25a92f364f55bdbfadbd539341c748225247a7ad7dbcb6a952c1fccd7a0,0,World,1,Sports,True
91725,fcb41ebbd2c926cc1a457a48d416e7d78ba660fa85be94b8d82971e0edf3bb44,0,World,1,Sports,True
91733,9e65ea412ca9a20a483775ca4e6ce2a7b563698222a2f72e2ee9a9de3ef58cd8,3,Sci/Tech,3,Sci/Tech,False
91763,0ec5d6991fc3ab6a73f0c0bf06862da2c9dae9412e3959e9ff8b6f70c64f9c10,1,Sports,1,Sports,False
91764,1ccb370f379b53c7216aadd05415cee46643c4aac498650b77b8187846990c99,0,World,0,World,False
91778,16536b8e4b7a45c09fe2d6eebec476221e218cc878eaeaa3c1d129a0eb0e0bc8,1,Sports,2,Business,True
91779,34a9c82203e8d2da10e954dc71e5d362f0cf20f12eb4a30fe18c62833f5b2181,3,Sci/Tech,3,Sci/Tech,False
91781,b693b04ec25da84949f6cba81a9702d2000d74930c0e12022caf0dc14aaa8ee4,3,Sci/Tech,3,Sci/Tech,False
91782,c7916f380a10ef3ae40bbdf98c52f544ed1fdf5f47178afc5d3b11d2ae703c56,3,Sci/Tech,0,World,True
91789,1a78e4f7cb3579898576aa1434d517fdf72b584e009972de657fe2deb0c1b865,1,Sports,1,Sports,False
91804,00e0aaffd8db2d08ad41400251b72694a224d2dff2f7c6f1508d36e70cbbe932,1,Sports,1,Sports,False
91805,37c7e45ab9fe751fffe6a8631515ead9934071579aabe5a97d6d2bb22e87b0e5,3,Sci/Tech,3,Sci/Tech,False
91822,1eb796914bcb23be96b6265c2b10fcd3574b3127b2940307c1b178c03ca5b0cd,2,Business,3,Sci/Tech,True
91825,064469dc70c417f9559eca04e992d108a535af2f73c3657bfddf3b032b5ab90f,1,Sports,1,Sports,False
91829,61794837a434413e92d0f00ef15a94a65b0b4ad921903799d0f7ad7a25ac1b79,0,World,0,World,False
91836,fd744edb8d392e4fbf0bad76a307c7b4ca8cf9caf14e8dd79395a5d14d7cf567,3,Sci/Tech,3,Sci/Tech,False
91842,9b86384c018d9d1efc0bbc4032cadbd873801a8b1461fee2620dd00cf82be7f6,0,World,0,World,False
91882,94d9b38ce4243bfe3a778e5ea021c0f2641205819189b82462ab37b3adc7fec6,1,Sports,1,Sports,False
91893,90909dffb71664bb363ca5032b7f7c4c6eabbcfa2e3a7d208a8368cef5fb5028,2,Business,2,Business,False
91901,58292ef6a3c9db025420debbf77657dc59d83c27481cfc13d6562924818bd204,2,Business,2,Business,False
91904,c60f93f7c5ee1a32c3fe9f3ab632086d61b7b95aa451d86ec93e8766975981ab,3,Sci/Tech,3,Sci/Tech,False
91911,83c6bdb6df65dbb30f9a56a73fac96622603e015881ed58d030260b488fc5713,1,Sports,1,Sports,False
91918,8cafbb7c464aba248278ed30a3f0ed20437a5c23f04971be56578f9671f50ffa,1,Sports,1,Sports,False
91927,c6180e330e1bdbbbcac5ab5fb46da9188b2dee9661174608413eabd1a874af9b,1,Sports,1,Sports,False
91929,aba95c28bc3f9b8818cbea9d6a9f1e9157b0aaba8de1391b00264a5488311d47,2,Business,2,Business,False
91935,fac4e8c31eb19599472bd2eff27c71ee9d0a001e0b3d5bb4a3fdf469e1ce1c84,0,World,1,Sports,True
91941,4c935fdd8c1bf7ac0cfcce7e76b00777a59f458b7e33fd11472618b826fcc81e,2,Business,2,Business,False
91949,403b18a408be8c51a69d10ddf60f9b4e30652e8ec3e713278b2b286c609a7a6e,1,Sports,1,Sports,False
91980,44c163e16762ebb3336858cea3ef8843d6b46723d63756ee2aa121096097a4e0,0,World,0,World,False
91991,06a97568bfda3d84c7ac5a7c4a2222a873073f5c2ad5bb8cb41ce6e713295f15,2,Business,2,Business,False
91999,78b079cfc737f047d36e0467ec92ad0ad757a3716257f3c6cfafa015bc985f34,1,Sports,2,Business,True
92006,8a27286ba24f59e8a619405ee052298c85060d48d414d9235934edd5881a2d29,2,Business,2,Business,False
92007,4fb2dfa6b651b04199ae7c9cb3d6311e24f5f166904c5daf10af67b11f4e4971,2,Business,2,Business,False
92033,e23ed16f169b9178f582185e2dabdd9e349442e7fa87fa7dc13aaedcf245ba13,3,Sci/Tech,0,World,True
92052,166ab96f0abbfb173846cf1d64ad7577377d8dbdcf4242b62180e99f536a2573,3,Sci/Tech,3,Sci/Tech,False
92059,e51dfb7468bf4a877c501dee7f30975be86bd44263cb8e8661d7110325359b58,2,Business,2,Business,False
92066,bab1afbfa89069d8a05d259401a8465fb3ba6aedc0c06e1944796b36589b3782,1,Sports,2,Business,True
92072,d02f433e500c6847a095f940459f6f33c817305b99733a44a0a57a931943a47a,1,Sports,2,Business,True
92073,3cad0aa4aee929537c89b9e80b63c6cab43959ce4a0521b746c7234b0a0923ee,1,Sports,1,Sports,False
92081,145ed66eae59e39b68bf2bef84c68df632c592bd7d944faceb29bcd4f0402759,0,World,0,World,False
92082,5d07a786a8954984b127cdbb1571198a5fa100c7c33b0c89afb3036ddc3cd4ce,0,World,0,World,False
92095,57649df07abddfa93ffe6fe7393518819b0891cdd655fcf1f9d8a5bb259cd0e1,2,Business,3,Sci/Tech,True
92120,d7aea52ac93fcc613935f594e584ed3cfd2a7e99b74756c1f45fad7c1546f69c,1,Sports,2,Business,True
92121,847ead4330da9b001f6f69a347e5c6a7117b967da126a57cfee6d6c9847da5c8,1,Sports,1,Sports,False
92150,746aa2f756573464f34c67ce9e9e407b4bbe066ed862a7b71f426a24343e10d8,1,Sports,1,Sports,False
92156,6924a2eacf945ac9c0f27b6cfa56155dbe2cf17a1e346ab2a138fe91f01b1983,2,Business,2,Business,False
92173,0ccca5d37e6a2af95dc8ec028db2aea4070004b04e277145deb5a96e74b88b14,1,Sports,2,Business,True
92180,96a7e8fa6324c5369c844d20e99ae03308523e177a99d90fe305b9865fb7d790,1,Sports,2,Business,True
92185,5ad8aed8ac9dddf3a429c113414b1fc885978758ac7c0d75f425c91a70e333e9,2,Business,2,Business,False
92189,e277726083a594f6caab95189f3c0d9753939e69ef3761686b220583efee2fd7,1,Sports,1,Sports,False
92192,1dd5aa0c5da392cd5c5b15963bf7f8d8b4939d9d9ac9856faed4eff1d1483468,1,Sports,1,Sports,False
92209,69ca4f5ab39e126ac9997e1e317fd0cbd2b83f0cfda11d03be1c2065158c2e36,0,World,0,World,False
92216,602ca1aed6908c0d6408fba4e42925619022ee3a2ed60961bba9eec811349c5d,2,Business,2,Business,False
92220,77b910c0150f293fc4aa909e281244a7ee6a1fb2ba6820203c270c74e0373a4d,2,Business,3,Sci/Tech,True
92221,513ba618e547a002814f14f44a685167907a7e6a1d674d55b561a816684c0954,2,Business,2,Business,False
92224,2863116f74d9ba30d8bd8888373bdd5cf17a8956f408cc5d1af09535b359b029,3,Sci/Tech,3,Sci/Tech,False
92243,c7b0ff5fa71e3f56ed43b8daa9c707f63db031d80001a6712332c84579bfa9cd,2,Business,3,Sci/Tech,True
92250,6128be30696efc54421cfcaac98d318a315c899f64a01308f1b99e93ebd7e566,1,Sports,1,Sports,False
92263,650712285c0b215ed5028afac3959207ebb771921ebf3309c3bdf0fb90d6fdf1,2,Business,2,Business,False
92267,3ca98d0ec0fe6608c472fb029283ab459b825242312495352be18141582b0a14,2,Business,2,Business,False
92272,550ced48187885274f8d23b17154312b514f23ad0e76f1aace91090a6dee37f0,2,Business,2,Business,False
92276,f45eb752c9f39cbd13eb37f53a3d13ed92053ff739124acca0c0d770ecf0cc56,0,World,0,World,False
92293,bc262051349e2dde097c9a1cfe12f91c69b39c1d67be9b651804b733a81dd8c6,2,Business,3,Sci/Tech,True
92302,1c7e26144e7a4e4875a58e8d9e85d43d69cd8c8c768765a8c978cfc2b5070d26,2,Business,2,Business,False
92307,0922b0317272848dbbe11d3bbce7e89afb1e2c00efc586fed03c282b2cd71b72,2,Business,3,Sci/Tech,True
92309,b13ddba42c40468a59f2f045b589e39d2e2a4ed2495fc7ae51c04ba4f0f963b0,3,Sci/Tech,3,Sci/Tech,False
92312,421f046547f65600d32bbea9908b96e3f8bbd0afc29869626805d8b856c0827f,3,Sci/Tech,0,World,True
92318,9fbc15db1095e4e699142ef2329d15eb6f112f18a6d6119e2235ee5a2e93eb65,1,Sports,1,Sports,False
92348,406ffad85cd2753fa0373c7eca16d6c67efdf861590eefa68fe41ab111d81c7d,3,Sci/Tech,3,Sci/Tech,False
92367,818f8f43f5bb29bdb59c9dbad72a05ff9e8adb3998149aa61a8703c0c8a57429,2,Business,2,Business,False
92389,80ee3e1b5f1c3c38b4a04ae2202d29c7e7c997afb5588289fd474db12df085f2,1,Sports,1,Sports,False
92391,fdac4b5c1cf2736635633aad93259556e1a0a3cc97afd0139c614425c2090de9,0,World,1,Sports,True
92399,a0bb7b59b7db679671b58e0a7be85ac9f7e08212372e3c71a81299a71016af2a,2,Business,2,Business,False
92411,e169976dd07a8ce805f9cfa13770704fcf1ea81c358b169007c0652dd5144e83,0,World,0,World,False
92435,31c570f72ab9ee26aaae0c53c37295d19686ddb3c2ef92d7ad81af6c2936985b,1,Sports,1,Sports,False
92454,c1c23cbf41f8ea984891cb27de4654324c4365626583b2974abaaa6330cfe042,0,World,0,World,False
92490,54b54b0288622af75c0ac08d556ce676eb9886e7fe48e20aa2331a8f0ee68d02,1,Sports,1,Sports,False
92514,ff7897eefde5f05dbcc8f605e34fdc3b2754ddb12a680cc5e89d7dfb699e2989,1,Sports,1,Sports,False
92533,a7acdedc042c5c80c934301d31681763f689609bff18c40a987a2eea4e6bf743,2,Business,2,Business,False
92538,31cb34d305e4ae9555031ed5b685bb4ec42cabd3c97845526737de5fcb5971b9,3,Sci/Tech,3,Sci/Tech,False
92539,be6e8c82d769e36992e82d6cd349b0e938df2ff0bafad07b4167fac0dde51fdb,3,Sci/Tech,3,Sci/Tech,False
92555,f3cecd55d4bb2472b4b8a9d4ba1f59cf06f1576446d77f5f5e9bbca0c92dc62b,0,World,0,World,False
92592,850bc655bfa11a8a34162de445ace09deeebc19351222252de947f8a7833b058,2,Business,2,Business,False
92600,f36504ac66f924333059e67a5174cb709dc72a92ecaae9a9d941fc011e44cb87,2,Business,3,Sci/Tech,True
92613,f7264e439aad72f7d890dfe34e2b58c32a5332237f4fb632ffae4db5f4abd1b5,1,Sports,1,Sports,False
92660,6562209d0e7b11adc58694ef7525b9d3a24bcb08336218269953261591aec44d,2,Business,2,Business,False
92669,d70d02f742081a7595a943cb854f28181bcb4af4e5c43a78f83048366f63e701,0,World,0,World,False
92671,fea62030520d26f32a6419bfe66e0f9ce1757acb87e6144e8bb3041a4b4eed23,3,Sci/Tech,3,Sci/Tech,False
92683,af2fb9883d52834ab64275a06dc52b681ba4153d0b058321b4d5309aa88652d3,2,Business,2,Business,False
92694,4a881f22bcca0532a96b43246f7dda064aecbc11b6a6f5dfdc4cd4a8084e4a78,1,Sports,1,Sports,False
92698,448365c05a395ec434ede3b30fcf3bb63a1a88781f78c28a7f43f94318595816,0,World,0,World,False
92712,f9d5bd9f4739476f68f502eeee15bc2c3b6fcc6f470fed1f358941734f233f18,0,World,0,World,False
92715,78a912d8fead346bd6fdd19ed1fbf77de67d0cf0ed9ad6e6c860f1addf17b80c,3,Sci/Tech,3,Sci/Tech,False
92738,41fc0dee5423fc317271f8a91eeeb9a5e75eb2f8fccb6c91257638ce3691b637,3,Sci/Tech,0,World,True
92747,798fd91d49f69ee16d9b484ee0e357b67571dd5d27f1a775e5dcb70bb1c41d4b,3,Sci/Tech,3,Sci/Tech,False
92754,01d9a9648d31ffbfbf367f61ef10ee594b772401392c075990110cb26ba4d0b6,3,Sci/Tech,3,Sci/Tech,False
92755,d8eacdb87095a4513cdc85b3baaeb824fccca0f3fb202fee2bd92255cd16f0f4,1,Sports,1,Sports,False
92784,47d9e340e48496d7acf42e72aea7c83e74fe06db1e8f6f063e438784b24e5fa2,1,Sports,2,Business,True
92792,51eacb120bf6eb3343b6ef43bfde77aee6813d91d58f5d5c83586f7a3070f83d,1,Sports,2,Business,True
92818,195bee6c8f776689d3e412f18ed70aa16fd75c90819f11b819d31d15d5e0d826,0,World,0,World,False
92856,f1e3ec88109e29d5028e65035b3a5d587bafe73f108c9d329d9cac10907af8de,3,Sci/Tech,3,Sci/Tech,False
92858,a49322b35eecf3231fd2e59e80ae8dc7b412b3409dcf7e1874ebe43ba1879812,0,World,0,World,False
92878,60d885d8c55b996becd2214a6e11b7f9a381a4b512ef50c91b60204aafa9c9f9,3,Sci/Tech,3,Sci/Tech,False
92884,e4cd844f5bf36868a70841e9dd536990da03096d4bf601df6eceace4524acf94,0,World,0,World,False
92894,14fafb749d7f6e65e220e5d7ed699a6b93735213be0558521194b8050b1f02c1,0,World,0,World,False
92924,6c40d41994b88b6b4b5736d95373835f89e6895c9b624c4c1d6f3bd1e1436618,1,Sports,1,Sports,False
92929,8c287f5f7f652d306a88024cb4a02a64ca1d1fc8a051aac10bb3e587fe37e380,1,Sports,2,Business,True
92934,f081901783c701d228fd9a8cbbfaf529885a936cc4b90395be894a65e1e4b00e,3,Sci/Tech,0,World,True
92936,0796f43ce6cf33d7ea709f703b42bd7d8c532bccbba15db7fd87d46df874d82e,2,Business,2,Business,False
92942,2297c78ce684bbe6bff6f93a496cc725a50120bc0f5e7221cfba843faa03aab2,3,Sci/Tech,3,Sci/Tech,False
92944,16150205854c32cdabd95459a1d7a77e97e026a32c913af237f244265d00231c,3,Sci/Tech,3,Sci/Tech,False
92949,9243779b37d5727ccee790d07c16a27066ec16490c9cc4b31e724b6e302d18de,1,Sports,1,Sports,False
92953,36f921dfe2a138616dcb8afbd2289919b35c27e3f5481a1d0f14db003e025bf1,1,Sports,1,Sports,False
92960,635b16365cf7cddd74cf9566307ab8704a2393a2bce1e0c73da298f703b96810,2,Business,2,Business,False
92988,9713dae172c137277abd1a218185f6cdf8acb009e3b63c18d8a9ffd18af18340,2,Business,2,Business,False
93001,f34f90641eaaa1005a3b673a2e56739fd735402dcb45994b313089f908711dae,3,Sci/Tech,3,Sci/Tech,False
93002,aed0e7c5bfdb262864f2086f421e0097e7ca7fbeba176ad58faa4b104f0d0194,0,World,0,World,False
93056,b34e5326e7a93cc497c5395685069f53134ab9d32da392eac9d808fefc3f1ed6,3,Sci/Tech,3,Sci/Tech,False
93064,014f6960619f4ab2c5604b470cbde50d99a335d2ea2c9ff08f80ae8224b6f1de,0,World,0,World,False
93121,ca8ebbbf6385a198199c8fb7c4e98ccc961c9ee15235e3a8f8810c7a9c5ee978,0,World,1,Sports,True
93124,bab5df1f1891be38affd10c86f8c365dfd5e9003e3d5d51f5e3475eece3e200b,1,Sports,1,Sports,False
93131,d80585469649c9001c98983d993d4e7ef7abf47472ef3ccb32e9d2200fb3d18a,2,Business,2,Business,False
93144,a15ee24cf8c8e48f56e4b303716bf1ea00fb1f5ce5e0ef0e8f30a11081f4516b,1,Sports,1,Sports,False
93156,0cd915f114151eee068c7ca1d24ee97d85d5cfb5699a447dcd24490890f9761f,0,World,0,World,False
93174,420d73fcce4f6e82eeadedac1ee306ccd36bf9640be2a5fabcd5ef56f74ca211,0,World,0,World,False
93182,ff43c07b3e7de70cfac88c5baeb3b509e90a89aae68ecec28e18d4fc43f7ff03,1,Sports,1,Sports,False
93190,80aa5e644bb05d4ecdcf3132d341f4df51f80a2d0ad75f4283c81c0840ef89b4,2,Business,2,Business,False
93200,1bf3cba1a276e064be341b3783a303def3a69331b8b0a37b19e189d7bdaca7b7,0,World,0,World,False
93201,8cf1833dcaa349f6d195bcb0b9dbd3292e5c77cf2d0aaf5f79e45517b6635338,0,World,1,Sports,True
93209,b6f4de0329feafc2f6d159fe4c18aa7ece210e58efa9953e309e692844a41cc8,3,Sci/Tech,3,Sci/Tech,False
93220,d4ee91b9984bea6a9b2d454a8f3a847c1bb52732a86ca7ba9c8cc8f71ddd28ea,3,Sci/Tech,3,Sci/Tech,False
93223,75e802ae770b4e9dcb5391a14cb09df4a200c1c6d076a3d3dc6dd05faa5e50df,1,Sports,1,Sports,False
93237,5d58fe436917ca1f1a5980137df007d98b75800cf5df3547e5b0542696bc2385,1,Sports,1,Sports,False
93256,13a0a2c955fc7a774dba9584a8617d66e55c0faa72e2d7d0d34eee05e2b8e721,2,Business,2,Business,False
93293,050cddd3ae0725842b8ef46ac41f787e9b9611fc54fe5b762543c64f68de68a0,1,Sports,1,Sports,False
93303,ccb98fe42711bfc8ac003976f959b87d031e8541c1311f8edafd25de9f5c7cf9,0,World,0,World,False
93305,c2dddec3bc05d35fabc41dc7238202202b1a01e9f8ea79852226d5844f3f6931,1,Sports,1,Sports,False
93313,0604872e19f3440e7a228955805be84781a7c1f8ab7a334a2f450a64ab9f3bb5,2,Business,2,Business,False
93317,78ffa30785d85565db6ecd107d133a2c587a54a80897c0649ca6dc2f71d5e921,2,Business,2,Business,False
93321,4d902ceac0ae268b9331a686bee29ea79ab80cc066b0288aae3f343a7e84ae7c,2,Business,2,Business,False
93345,d5c919b6cd549a1726d9fcdf3b9b00aecea419325e9a4775d12354f9ecb8acca,2,Business,2,Business,False
93348,98abcca876f8d3926cc0dabf1c0d0d6054f7c3f45bd279cfc14eae920e058e30,2,Business,2,Business,False
93362,c190f5e571ba2758f28d50af7b517034c2aaf5f533546f9b339cead4b2440c46,2,Business,2,Business,False
93377,268846f6d367e20cf2d4c5fd7d07c02ced9f5158f6c857adf7a73ccd8d19337b,2,Business,3,Sci/Tech,True
93389,d0e7e802262114fe869ae1dc2d657ed3c6ae1a202bef44ec3fc7b1f84fd964cf,1,Sports,2,Business,True
93406,3873ff7f364886a0253f8eb69c378ec92d743231e72f29ebabcab7a41f3ff348,3,Sci/Tech,3,Sci/Tech,False
93407,5fce2932671ed87aa7e8d329fe7d5a072116f13fa83da5b6090eb6676028140c,1,Sports,1,Sports,False
93419,3161864a33ac1958617143e33d99cde28f5548a71538ff20e4d6182692467bb9,1,Sports,1,Sports,False
93447,ec8ab786f86933cd7fb2eebe5d14f23f85d5ed5e6c7b253edf9f12945e05ce42,2,Business,2,Business,False
93450,9ec967a73d0704934a0fa0a616f882d888fca923f2ca94e0fa1986cdcba7fa1a,3,Sci/Tech,3,Sci/Tech,False
93473,ee2b8cec9ff9a92f793f1397764e85d693af3e92b9a4bcb3a7382a38ee099331,2,Business,2,Business,False
93505,6cfd2f1d6ec8becb7779193eafc9e60cce6f0f0c3e002a6b8d932696ba369199,0,World,0,World,False
93509,5fcf974e55f851ad8a7017cbc158f3c58f59651c532b0d4d8b22934bcfe70297,2,Business,2,Business,False
93515,a929cebc837109009b37712210527a0a0b265902cebaeb85116ea737139a39d3,3,Sci/Tech,0,World,True
93557,b5f532fefc7da64c1fb6263a60108cfbbd8ed23e18d4ee5d1c418cbf0cdef9ee,3,Sci/Tech,3,Sci/Tech,False
93595,df662c33367eab1a86708fabd2793af69a0536f4b09172778a1c378fe7e4addd,0,World,0,World,False
93606,3a02865e9e022ac353d55639b4c4f81ed2894b1e6304bd1631b7232f7612c5c1,3,Sci/Tech,0,World,True
93612,31e22a335cfb8ad0fb8d02c9ac2bb1545c238ece97ebe92933effa3de1a30ec2,0,World,0,World,False
93613,64e109c3fdb767fa370f29c06deb303a48b5031b4377e8bb781c468ae1bc916c,3,Sci/Tech,3,Sci/Tech,False
93622,52ae70a9d458ced21990863bfb7078b29ae1d50b28a2178016c97ebbe1419829,0,World,1,Sports,True
93623,9f2579746c42a3d2b1b2b3a37f2c398ae1e6624d2de49720a268c2a6316644fd,0,World,0,World,False
93634,dcb08f76a3c3d448047c8cb23e6139cb035b3b06a65019c2046f8b1feb794ec3,0,World,1,Sports,True
93641,f63d15f670d5ef99031f7a4a565ac64b896a8d942c87f5a2f6285a645ffb6465,3,Sci/Tech,3,Sci/Tech,False
93643,114e6bd071f1b7759b464c453e802ea2d3bdd0107db0db80dbdeb96dcd08b8b2,0,World,0,World,False
93648,c080df6a38f9353e47b218bc8e48562a50c750ee35730037c49b8fc666da5a89,0,World,1,Sports,True
93666,522640fcdcf188c733e90b83ba1f45a8ee19688878924e339536690b75f44afa,1,Sports,1,Sports,False
93678,0a4fc25ae5af8e8a6331f954227642d4030c7b6ae32481b3d7ab818b028928f2,1,Sports,1,Sports,False
93716,0dab13c3d983a6c5bc9ee60ef9afbc1ef01bd632ed0e35972b07e3726af64302,3,Sci/Tech,0,World,True
93717,8b32b1eeffcad4edd84b1e4432fa1375f55a6ba84e4f494f1bdf8d9cc5f17933,2,Business,2,Business,False
93724,786e0244fc46fb6cad26ff892dc766d4ae2e7b67588e57ceb89118af5d22a152,2,Business,2,Business,False
93731,eada7e31330d0e1a35d27f8f4a64b49196e33accf925ad3eb09c8e81932c5fc7,2,Business,3,Sci/Tech,True
93744,923df370d4bde8cf69fa141a8fe78cbf07cc4b6dc1b712b6b56b9f8dd6dd225a,0,World,0,World,False
93771,6366d1bfaaf485354a636ef5d3ac549290b315608ea824774c1711d91496e8c2,0,World,0,World,False
93778,96c44d98d78f499eefb5a37e9be8ecfb4d8979a8785daef5f72226679e6b0bd1,0,World,0,World,False
93806,2ca076bc02459180ae5dad57a1cb743fbed798d128615621138b5fd0c2ff86bd,3,Sci/Tech,0,World,True
93817,813271bb09987411ecd69595db0d2ce6ef6e9a910f4c013c0a7602354af5fbd4,3,Sci/Tech,0,World,True
93819,f0300465098505e047508d7e848de2e06cfa4c047f2b8e7c500b2eb3fff01bf7,3,Sci/Tech,3,Sci/Tech,False
93834,72674832c2f847303a5fabfbf10727cda0ead021dc400bd200cca804dffe6dec,1,Sports,2,Business,True
93838,d2fc1668db72c73f8c61dd1fd2b4ebd184fb75ddc399fee1205d3e262aeede89,2,Business,2,Business,False
93874,dd9464aef9e15bdbe4c21cebf37c010662e2477f9093b985d39644d73b968616,0,World,0,World,False
93879,7eb9736de3dd7afc1d781411e5d64e75d7052fb4bb801b410f83f147e4179458,0,World,0,World,False
93883,a25e01a61d7e1b590a83667a666febed2a4cd54bf3e20ae3a2dca593ababeae6,2,Business,3,Sci/Tech,True
93904,33f4ac6dde6b10b85ec04cb5f628b69f6e0cab917fb421a7d556e143489098ce,1,Sports,1,Sports,False
93917,a9243918fcf030671088229e750c845b82631900501b7521f3e7107e1ca4262c,1,Sports,1,Sports,False
93921,c4995bdc68bf2be099245ed227cabd8d69d288643f95252e4476f20350851814,3,Sci/Tech,3,Sci/Tech,False
93922,3136caaef84716659619eaf38fb7c75c2695aa96fd1deb651a5c5cba2f04fb77,0,World,0,World,False
93930,b018e9fa5b3a0ec9e7c31530204d2603ecb987836313f386ba55588a9ac4838b,3,Sci/Tech,0,World,True
93948,340c6c353f7a0532f908f598b3016abc5ca2ef780e2c7221c3021ca2874c18a0,2,Business,2,Business,False
93951,b0cc518d5910eb626eff110d4ac67e88de682a2eef2e2158d89f3da869618d1c,2,Business,2,Business,False
93955,3564f13882f788c05d369d2358b9798e38ab3e777f1df7735a14e3e89012a24c,1,Sports,1,Sports,False
93972,86d0ca8ba7774b0de6b01fc5be2df61145504da1c90befc476bb36c0a884058e,0,World,0,World,False
93983,5dbdd37fd2a2c18060ca3f6eedef075dafe4d7a614af0a66a9c389d49bef78fb,1,Sports,1,Sports,False
94014,508e79ae63cfd6ae2d31b8382c0ebe22c2b6bbcb797e17c3c66ee683b67ead02,2,Business,2,Business,False
94017,8e3892380fdece5c7b3568fac7a1b274308196412f3b1c000937ff579c5f1efe,2,Business,2,Business,False
94018,22fee0c5ae6adc8cc1c94fa6fef556ec08351e4ba753c6856028d606eda78eb7,1,Sports,1,Sports,False
94019,bf455faa4836b615bf9cb60274383c2185055a520f8607b66ae9a3511e8a8d03,2,Business,2,Business,False
94026,d501bcfd5123b5a8dfe65c20ba80764f4e2ff1e94ed00043c8e064987f3f0883,0,World,1,Sports,True
94061,ed7802fdc08bdfe76803908792fc8ddb3027b084f4880f44026cb4b5248c5694,0,World,0,World,False
94068,ac2f5c23ef91cd5d71d4ff4b25949fe18312803bdd93fa64dd22a409a9680256,0,World,0,World,False
94075,a8e201dbdb231e6ef9955f5af64cd167266663ae48a0e0c24cd8b5c62108e460,3,Sci/Tech,3,Sci/Tech,False
94088,b0943c9ce89fca2737fa8ce295075735cb3fabb6ecff3397c8cf1572d05d78fa,0,World,0,World,False
94104,0a9f39120aa50c98f08ff0cb14a4b7cfce26c677f85916c2790a23b3b474f4b8,3,Sci/Tech,3,Sci/Tech,False
94109,589e050cc196988f39ee906982a98412e0e1ed9df7c989061398c7a304e50166,1,Sports,1,Sports,False
94110,718741e3fa83f76b635a753ababcbac8ed01e5fdbb0a2bb65f4a979bae6b6e92,0,World,1,Sports,True
94122,1ef3837751a6e7dab7eeadf1c81210d866a77949e484c91b660f0dccd4f7c8c9,3,Sci/Tech,3,Sci/Tech,False
94139,0941db621f7495629a67a5d02cce6839d51e3711f778b59bd2e7c19835cc7512,2,Business,2,Business,False
94150,928878fac04ccf0e915b503963a924e678d9a5d081519705573af07cf9dcfeea,0,World,0,World,False
94163,30b020c23b7096ec7965fc03e210af1ca7760c2ebc680595acf43ea4218773fa,0,World,0,World,False
94183,cb0c244d1a66a50bfb6bc124a5a613af7daa13b206cd6654acbde66fe5573cb5,2,Business,2,Business,False
94193,9dd215a6ce5418db217d3619b61bb741ef86bfad2069c47f10c4531db638263b,3,Sci/Tech,3,Sci/Tech,False
94198,c9252f5e9a7d40875fd8b2d0f463c4cdbf7d06b4f20f3b3cbd795ff7f2fa11b4,0,World,1,Sports,True
94200,914d853ab5ee650c20704e77b64279288013a392526928e5e176727f43523e0b,1,Sports,1,Sports,False
94212,077d6948fce88f25c47a63e839fd610f0cba6b6593fc7384b4b631a21f2f9cb9,1,Sports,1,Sports,False
94214,78d684beed11a913d8d008f10061e57f3ebdb83fc9d540200cdd97ce0b8391d4,1,Sports,1,Sports,False
94219,bbf4948b1e556f2ef0f1c9a41ef9703fc6fe1ed6577e78714b6af7a5cb7f5ecf,2,Business,2,Business,False
94244,757fcd36c51205e9ebd2b443cb544fe4066bd89574348fef066b1586e8451e21,2,Business,2,Business,False
94269,7dc646d2064251b09d51086d54e0fa7b83c4293f79276c34772567c00a7af8b0,1,Sports,2,Business,True
94279,5fc036eeea34793b3ba4d24797f6a830876684733ac22ab10ed8ee3400acbd52,2,Business,2,Business,False
94300,395dd9ccd2ea6081f3eee1c1fc71a6219a830cf7711f24be47a968f795f135fe,1,Sports,1,Sports,False
94304,4ce67797e67c1682bafd75f237fd7555f707638e7a97b193d5f2d7c78c2ad1c4,0,World,0,World,False
94329,509dce8a9dbc1d6e4d75c595f3ab919a9fb6fc2904cd92bb024921a6c8329bb0,3,Sci/Tech,3,Sci/Tech,False
94363,ff81fff649093d6082470487d5038bead3522cc67473459643e35984d1463ae7,3,Sci/Tech,3,Sci/Tech,False
94377,a256f9af33ae122cdee89c6ab9da164eca39d0a1f25cb5ed0761d41b110cfefd,2,Business,2,Business,False
94391,19159c67a325ece9a264352749d4f7dbbe444a295e79f99793b0b16efae832fa,0,World,0,World,False
94405,35350b4b94bd9638506ef87417f35da1ed51c3522196a80626b3f4a00b165b27,1,Sports,1,Sports,False
94412,f7655ed71288cccf46d70d519a74c7440a1c421ceb34a738c23562e8b1df7708,1,Sports,1,Sports,False
94413,4074cb9d3660895af0f9cb5b3468afd1e97d5f9b92a019848d6d01a6e9b3f1db,1,Sports,1,Sports,False
94416,987a4b022cfaa2f8313434eade8a37ed318d8dad6b050fbdb8669810d8fadfd3,0,World,0,World,False
94421,10330c08a68f1254fed106ba0ba3c90649b4455a8078a8cbe4ec368e01489fa0,0,World,0,World,False
94425,e555c2a615a18d58f91aada4bc2a58e12819cc876a96fd01feae2c8aa3fbe52b,1,Sports,2,Business,True
94433,b440193366a8adc0966fa61e91015c58fd9bc0b197049dd6a35949392e202e59,1,Sports,1,Sports,False
94436,d591c1e34a4f1c7433644ecd193aea1a39c14ba7dc57601ef6b84807d8dcf816,1,Sports,2,Business,True
94443,d43fec8d070a318919792d9f09210327ccdcf375ae8b399aa81d28ff7529ed08,2,Business,2,Business,False
94459,433dc1ab94a83159e5480b5dbbf20b830e122cb709a579ce6ec7ca370b0e31d0,1,Sports,1,Sports,False
94461,52727473b3bdd97fbcbdbfc731bdc77a4ea2ba1b07da67e89d133cd85a9b8e60,1,Sports,2,Business,True
94468,52c99a784358e92581fee1b8cf5825a29f6447411cb67fcdc75785882f08c93b,0,World,0,World,False
94481,a3bb85576d338c62e170cc15d4babf0c920dfe0af9f36f113620e6d9296feccb,1,Sports,2,Business,True
94511,b23da9574f44447d477d178ba53802e6709abddc93aa1575a918035cd5098c1a,0,World,1,Sports,True
94515,f2a86b0883997671dd213a68445c1f6b22a798f07b0a8a8dbeb1a83fe80481d8,2,Business,2,Business,False
94518,5b4c20417529160a0f53087ed58433e03938fcb29263de12b6efe37d826536c7,2,Business,2,Business,False
94540,6990acaecab493c09cc92a0afdea5a2a5beeb7ff07a66418d5dc19c4a23ee285,1,Sports,1,Sports,False
94543,0df287f8a0eba448d47494132df7d99e58710e54b405f56a8970fae77fb77e73,0,World,0,World,False
94546,1d72a4f8186a860245e8a71c393f3d4f1b805be5f6c0892946d62d11af866244,0,World,0,World,False
94560,6ca7f13fe534a6bcc0f87794d97bdefdc949b0a942633fc74c26e510d5067c2e,0,World,0,World,False
94561,d09b009603892b70cf4581da04a1fae74d6fdf559684840752d183c5ea2328ee,0,World,0,World,False
94565,439ef9c8f00900bd00cebfae8654e048876264e46379a9096425429ef159f038,3,Sci/Tech,3,Sci/Tech,False
94566,b2a4a0b3cee603e11047dfe13f7a33682b1b769940a543a279430508fa9fb3ad,1,Sports,1,Sports,False
94567,766a47cb97107dc00f145b1f5d8c28cf2689d64ae5ef8ec36e46170a8829e913,1,Sports,1,Sports,False
94585,cd2558606752d9032e63e65e8eb6a673876ed8df4fc43a74f1b09145c761f4c5,1,Sports,2,Business,True
94595,ae8bea6af7a7cfd104eea0bc781af6140dc73b60d39b9f9ea836db91a2b2ea93,1,Sports,2,Business,True
94618,e2b587140edd824619f94e71750f552c5769fa9a6fc255f6e90ed260c2d44aed,0,World,0,World,False
94642,635d2f93d3a41c46cadb9d1d492fe6c9d357d161b13f70c1ffd856b1dff0951f,1,Sports,1,Sports,False
94643,4970dba09374509e05fc7b184edd4d2a4e393bbeecf812d1faf41e8e3c4182b9,0,World,0,World,False
94665,2515a29febe6b7657c460a58ab79a3e9ac7f519e5fc1d6e02ccf4766a9810429,0,World,0,World,False
94670,1a7e1e89bb075797f172a6eb558380fe9a3168249871a2c2b8a0ac014b683dc0,3,Sci/Tech,3,Sci/Tech,False
94671,0d78abd9d2474d8543c3a2e9ec0f68404f89c0bfbd685ab9fa7ab789a4f31ae6,2,Business,2,Business,False
94673,b0dac24a18e251dfb959e10db3d0747cbdcc084431d40a00e5068d6c89224e58,2,Business,3,Sci/Tech,True
94684,d7a5b9a69ef63504a6a870028021be14b360b5966b072fd67bcbfb2777ca9fbc,3,Sci/Tech,3,Sci/Tech,False
94748,ffa13e6cd2f841c9bbfefaae7b8ae18642adbd758d2682e560a1dab4c48534d6,1,Sports,2,Business,True
94756,158ed705711c5e35bfa46a02c93b36939ced648e3cae79e80b2914223d57e953,2,Business,2,Business,False
94764,5b8c202be3a6edb70af80db5f7f44e0d75f34a23389acf7f32ee2bdeb9790774,0,World,0,World,False
94783,cac53395473c84cda5ae4e2b5fcffe9b52e99501fb552812ec05f1078da03a16,1,Sports,1,Sports,False
94784,a803da4d64998f8ec02afd0fdd9ff76c373b797a5ffd48ff0bd350b70f48fb24,1,Sports,1,Sports,False
94785,9bd3ca7961c1819c102b0a6fde5a63672c54c5a8b6b4b363a5c7880e5dca51f1,1,Sports,1,Sports,False
94810,d8f90bf419ad72970239c6bc9e92b85f977e2f87abd6d160b2440e9f9fe7a3e5,0,World,0,World,False
94813,f3adfe01f8a21a008b965159b4d3dd800fa4e1b9f29c059cb1dd15645a35f412,0,World,0,World,False
94834,1f1c0106d52b7aa43f5c1f35ae62963e4843e2295d3ca218d72ab5b944e71335,2,Business,3,Sci/Tech,True
94838,6292c257989a0658edd36f2f0e1fd0cfa5f43bb62ff58b905b6026caba8fbe70,3,Sci/Tech,3,Sci/Tech,False
94904,e3aad258bc54007c34da65b2551df0fe476fda8dbb9c4be19aa270856ae0e061,0,World,0,World,False
94948,d6434cfa3c056f747db45bd28d9017e2ff2133944a4fdf2336726b22d449c2cc,3,Sci/Tech,3,Sci/Tech,False
94973,87d9f851414d7ec5d6f6c2203151c1834fa9b9cc209f307f8f9768603d571fe4,3,Sci/Tech,3,Sci/Tech,False
94974,c1256016d16b33045ee77f3879e2dbdc071fad5f5e6d73f4f5e106458d71bd4e,3,Sci/Tech,3,Sci/Tech,False
94979,c127c12a583a98fe2fa6e09a6711a92212e689a47f2aa746a866a655fb0507c1,2,Business,2,Business,False
94990,d7980b94930c2a207b369b4d3f3b76491349c141ceb0aea2ee94aa19b6d318a3,3,Sci/Tech,3,Sci/Tech,False
95019,6c9142aa00056266c63116851af7e4ad16ce5b0441a6d5c9e16349a42018e14c,0,World,0,World,False
95023,dde1373d0933386b4f63bf13401b62232b25bbec17765066a79b58574e76325c,0,World,0,World,False
95044,8aae915a18d6a908d5d5860627a606f66ed9142170b76689c26b4a8159c37919,1,Sports,1,Sports,False
95071,8940b975e92d44ff7c03b4e275ceb3f0fcb5b5002a215acc4c293b0a1a672703,3,Sci/Tech,3,Sci/Tech,False
95080,7caf962382f560334fb98ab01c245e7728929e5be1045270ea441904f9c7ebe5,1,Sports,1,Sports,False
95091,0429b41d1dae97d8fcea7f12960f0fedd1035c02ab87286dd83eaf73406adc46,1,Sports,1,Sports,False
95102,2e2f6e3319db7fc8ee8ddceb590013a90e1f13ddd3975eb65ca315ac9ddb5cdb,2,Business,3,Sci/Tech,True
95114,d6236ed2a54c95ccd07006dc8f5b525b7a8778167e11cc55ea74b11d32f5b553,2,Business,2,Business,False
95123,ab2325c9b64743ef0c291380c7e619108c3cb9a0967e677b68f702038f43882a,1,Sports,2,Business,True
95132,edfece61ce57c5b0711465e6b3cc667fe0fb50eae9282beb0534f0dc71fc7569,2,Business,2,Business,False
95147,308b1974eb75a53bd0864efa5587084ce401769b2a31431bb9f71245c38773b7,1,Sports,1,Sports,False
95177,44221ec0d2ec4b4fba3d8d5d43fd0592ba613efceecee14d89eb285e8cabdbb4,2,Business,2,Business,False
95178,78856d49a0d4a28d83da99dd39c455c97e58fcd8a0169e74e9e8f6ddabc78702,0,World,0,World,False
95182,30810f2073d5d5d6d791ddfe43c60872a2ae030f12d92be30ab6dcba9b2e2ed2,2,Business,2,Business,False
95184,e77970d070cc682d36794f6f9457c94b8c2f4c67c18ae2d90edfcc3fcf0e7cd7,2,Business,2,Business,False
95195,e1a1cf9a18c751dd3c253cd5d7ff15415957fb9920c1a984e931b95f0b058dbe,2,Business,2,Business,False
95197,34a5f3e740c4844f68af1bbff757365cedd87d6fd0f838a5341929ff0db4dd59,2,Business,3,Sci/Tech,True
95209,864f8eb39a06a2dd938bcea50e15daf930dbaa17f2cf6417fd8abe2fbb2e4646,0,World,0,World,False
95210,4785c727fd0b1c580032ed961b71aee926e4f0433d64d18fd5d04abcbc6c25e8,2,Business,2,Business,False
95217,43b84325b8eb7a262418093c1fa34f01727693628992f9f7147bbe483c5f034b,3,Sci/Tech,3,Sci/Tech,False
95222,076d394142011da9ac73b69b48297916bbe80a2571ed3ddefe69b12a64facdda,3,Sci/Tech,3,Sci/Tech,False
95223,63af13091a24ab1a21b49529599108b5b7786571641ce05e14e6b3d62921bd1d,3,Sci/Tech,3,Sci/Tech,False
95225,ccf9598bab4565fef458fa948695eedf38da5ac9d523efb7301c522068e9cfc0,3,Sci/Tech,3,Sci/Tech,False
95229,cfe3bdeed8bd296585c174e920feae65da1dc35c56a64b6c81a3d073bc9462a2,0,World,0,World,False
95264,f03c2253ed6e30104de33d3d3dbcb694e351a2528bcc4afb2282118c231fc9ff,1,Sports,1,Sports,False
95286,5a623d87acb56e3c01c08110568e301b8370426e3c1e0ff75e5d6801cb8d5596,3,Sci/Tech,3,Sci/Tech,False
95287,a500c205ec638a5a85cb5cf111db85484db88a84dfbe8dbf65e400d1ad49e147,3,Sci/Tech,3,Sci/Tech,False
95309,a4459f6645e140cfa7d49d078ffa456499d797daa4f14ac16c4a9933ef671f6b,3,Sci/Tech,3,Sci/Tech,False
95319,3b60729a75a88f3703b5e526fb901a972987121c27b3f7d3e9ed445940e92703,2,Business,2,Business,False
95338,46c78906c2d5ac2f2205a1d9ccfdf8057e99cb50634d5170788fbc3ba50a84f7,3,Sci/Tech,0,World,True
95359,b7b67163a98921e715217b6326195d39fdce997f25c978fd2cbdedc86d85956c,2,Business,2,Business,False
95372,7bc4e563fe457c8ff99edaf50f2ee88da445ed5727c36e9c9e7527897b5baf71,3,Sci/Tech,0,World,True
95390,cad66e2121cf37f249a0344c46f43965f927164e4a9747f53f613ac49d680f36,2,Business,2,Business,False
95393,f0dc951e2a29dacdc053cbef22e57406835b4c46ccc4e1d6bafb29304372d322,2,Business,2,Business,False
95413,f90b6e558a9853171aa41de2368e00a288a5b90edcfddca36156dd621eea6a29,3,Sci/Tech,3,Sci/Tech,False
95417,920941a401c85811bd550b568b617f4e031189da661a9c194d041cbca04b902f,3,Sci/Tech,0,World,True
95442,ad08eb5193b96417171f29f85e0b29784150db92a2b2fb8b7c7858edb00744e0,0,World,0,World,False
95450,0eaccf6b7c47dd9faa138e20ae7d72ddb456605fbe14620002d1395c975c24ca,2,Business,2,Business,False
95456,8231ec8940614fe1981ea53d6c1efdb3c06287a698862b5d13ecdf049058f69d,1,Sports,1,Sports,False
95482,a2d664aae124f4a858cf4675bbd42c21dc86372afbdc88d4d0653ecdfb504d8a,2,Business,2,Business,False
95488,706e83a3e85809f3d3c3b82da05ab5aae5b1f578e6ab5ebfdff4015f077c13cd,1,Sports,1,Sports,False
95502,2b82d9ed60273567ba0fdbc8a1448d9a07903c6a0844ad571a636abc0f1dcaf3,2,Business,2,Business,False
95508,8734702a498daadbc3acabdb615e7f7e5735cae77e707e268998eb515ca7fd48,1,Sports,1,Sports,False
95516,accfb90cf915b54be457e51a61f3a6cf32bff6267f896b4789f061dc5f50c253,2,Business,2,Business,False
95529,e462b1898ce55c364e0d4617e944faf02f858313e2487882d1cdb3845b7ff30f,0,World,0,World,False
95533,84a1f3ab2e9ccff3e49ba8be488174044647c7b24168a0b483f510f921722a43,0,World,0,World,False
95535,d028f038761b73ece7e8054fc05b815b41e07aa0eca296863306ea81b29ff906,1,Sports,1,Sports,False
95540,fd07b2cacd0fd7492105c94cd20e5aa94cd09ee7c2959ebb13ebfd3302013783,2,Business,2,Business,False
95543,c557f192ab3cd6757b8bb12f706fb37eab7f587cf65276bef6812d387f9f89a2,2,Business,2,Business,False
95554,a24416c4d28a0f4e66e0550e81a0e03d7e88fc7bb464244520174181273420ff,1,Sports,2,Business,True
95558,0e11ae6886cc7a5cbda3a6bf4714860bbf03a728768ed0b7433fa1df9eb4ccda,1,Sports,1,Sports,False
95571,bf2cc13c20976e25e1e77599d73e5f6823eaa52e5481ed6d4f25e6be4bd12033,3,Sci/Tech,3,Sci/Tech,False
95617,55e4f3d7a5eee318095b2251a78e69f5cb83fb980d064f4cb6b3ea2b67c36cdf,3,Sci/Tech,0,World,True
95624,e8fb577369175f40b410db714b6c032b42585d842bf05170f64d7a98fd79cdb5,3,Sci/Tech,3,Sci/Tech,False
95626,3cf22ae5b1d10deb509deea6ea9259d33b3ac88c896406ba24d3975b6f9cb73a,3,Sci/Tech,3,Sci/Tech,False
95635,258d1c2d58152fe58167bd940b7e6189e53b0ef343e3eef55065691d2b22e42c,3,Sci/Tech,3,Sci/Tech,False
95646,5be21d79a47e4bf1d4f64326d41c9b66efaaf5cfb7f554034007faae6ea6235e,3,Sci/Tech,3,Sci/Tech,False
95651,7e0f08fb9e5ba1b5de08368f4741c78b523dfdbcab4b434357b8c2536cb3f756,0,World,0,World,False
95655,be4fee7e37b55143be783311cbdf2c6099932ef3625e50004261473c66dac9a8,3,Sci/Tech,3,Sci/Tech,False
95675,59922cbadc756415e29234b23d68b8475e9cec36a97b457be2fbe63b6f6f6f75,1,Sports,2,Business,True
95676,1bfb3f20b8dfd605354b895446a5af4703d46672ec7cc154cc931f52baac1497,2,Business,3,Sci/Tech,True
95685,ceeced1e5766bafbbf2117bb789e1215404bf494f61d66d540c1430026024107,1,Sports,1,Sports,False
95692,abd0fa2cb82e1a3b0e461bbaff5bb908fc7a416a21ba792e79730b39877dd058,2,Business,2,Business,False
95695,5ade1d1b37f08e0ab3cc8b16eeead4d12e2b2bbe94ed041e4f7b53215c1b92b6,2,Business,2,Business,False
95716,7b2d7c7fe7e0de49e961b3bbd91e04cdbf0443dcfd24877502d1eeaec09f27b5,1,Sports,1,Sports,False
95745,981555e239ac90c136f300fc7269503e88873ba8f7dd8d60bd614ce799d711ae,2,Business,2,Business,False
95776,7371f0b970593fd909ec1fe16fbdbe76526aa47dbcdaa3779bf2276d8bc03da3,3,Sci/Tech,3,Sci/Tech,False
95778,e3abaa22f1ab1d35de07cfc9578f5eda6d8b91688343d91363abe1c77f042aec,3,Sci/Tech,3,Sci/Tech,False
95779,e617d42ff80a590a13313774ae1e65d99a6e4875a130056c2c963e5b3a24e01d,3,Sci/Tech,3,Sci/Tech,False
95780,73a3d11b346bb17198f27229f1435958a56fcaf96549da928e9e7eac3d590636,3,Sci/Tech,3,Sci/Tech,False
95791,5f1f9b28823a9b7e9b67227bee1448cbd74646eeba1179039d22babba629e388,3,Sci/Tech,3,Sci/Tech,False
95792,d57e6295a22f445e4a2d7a6f88da208333c6a65856c60bf0391b0b2523830bc8,3,Sci/Tech,0,World,True
95807,771310dda413540701a14fe2ba6324710289ca88379b039eb6ddb9150e4ea4af,2,Business,2,Business,False
95812,cb1ba277cdc990d459fb4f32533e58f8e2a1840d7a88efd66f65967106379956,1,Sports,2,Business,True
95825,f0763ced84e1cf024effeeda20b27285875016852b76aad610df9f37d760193b,3,Sci/Tech,3,Sci/Tech,False
95831,c2190645a5cc564df9ad244fceef2ee640ecc0fdbf4062e2d8c78b047b639e90,0,World,0,World,False
95838,a09a3afd43b6092e5a16634a045ef9bdbb189eddde4e27ffdf325964ddf520c1,0,World,0,World,False
95845,9c29ba8b580a8b448d79d514ee90634d15f9de943036a6d6d39f83a4454934fb,3,Sci/Tech,3,Sci/Tech,False
95849,afebf6313540629e246d5de0c0b3ab4ec529091a1205bf3fe6a41d5929dad973,1,Sports,1,Sports,False
95854,75af25914984e3a975b0c53c1950ad4704208dabfa895633d31086be0b176fec,0,World,0,World,False
95865,bfbb622154e21f584c7eb8fefa46986ca54af1da83fdcfc0a4e5d4d11cb333ed,1,Sports,1,Sports,False
95884,2af660989eb28f16864e6eed507c74613ce1a9fe5e114c191edbb0cde982d684,3,Sci/Tech,3,Sci/Tech,False
95918,a7b7694797e38ff8443d33a83a8fd23808d2060f280280a2105d06c4894f59bf,2,Business,2,Business,False
95919,192fb929f69ecdeb6b6b0ba11f13afbc4b6656eac74e2f9eb4e47504cc13de41,3,Sci/Tech,0,World,True
95921,02ca0a6db73bb87b97fd10b06b90b5becf42d67bb197274baf3a0ac4de3f08ba,0,World,0,World,False
95955,50a11a9c0e394dd5e5e579010a7e6bfbc6840340045bcea96e0783f852e1b411,0,World,0,World,False
95971,93be182a3a993950cddae955417af70454089e5d3894d06e8e00dc25124da076,1,Sports,1,Sports,False
96026,aadb64540ff32c7c1da8dcafe8d6f3f1aad412285e8bdeb131f3e69863d00d2b,2,Business,2,Business,False
96035,38adec377cf5cfbc823f1bba563a06789eb1dfa8c09636fcd66d17a51752a35d,3,Sci/Tech,3,Sci/Tech,False
96046,a2f14ca0dc940b3935d7e9d9268de8fb9a1d6759afb738e8e482c5a76c0fb25d,1,Sports,1,Sports,False
96047,e58d94c5d2fb57dac2e169b107962b938bfcb1b851aeee2f963d5fd747c779eb,1,Sports,1,Sports,False
96054,348daf14b6998d97af479880d78ac77daa5deac3bde6d911698277f0cbedcfd9,1,Sports,1,Sports,False
96057,35760e79cb11dec75d59bf9b02e9629661a3cfe6c9461ca216db225535228634,0,World,0,World,False
96070,a8c806bded3440001c897cc26b94b94b760c1296b40188e7faaa4fa0576eddd0,2,Business,3,Sci/Tech,True
96080,0d9c5f19f9937aabd30e783bdd75b882cdf21bc68dc635000d9078f330f4542f,0,World,0,World,False
96100,2b60269c21436766ec9f8cb85f3c2825edc732aef8c7bb9af7925f0d214149a2,0,World,0,World,False
96107,c551140efcb5416e150d7a829f5f78fe97921e9e5cc467dbb4cdc9b96fe80f83,0,World,0,World,False
96117,339b90604df49c79bcf252612ed2f6aa8dd6f0c1a0a73871aae328f3a0d84b28,3,Sci/Tech,0,World,True
96144,77fc985387e7a268dc890f60d9c203c6448fe16be63d1be66b1cefdab396c250,2,Business,2,Business,False
96150,6457cba6ca1401ace78e27cb50d27179aa71994602fa8c2ea5e976819281769b,3,Sci/Tech,3,Sci/Tech,False
96156,c6118f6810683b15f683e0da1dba84a9f766a9b74b6967b2c97d8d6de6e0258a,2,Business,2,Business,False
96173,10317d21cb3bfa6744c694a40cdb19ce2e74ba941150fe80cffca2626b33c1a0,2,Business,3,Sci/Tech,True
96202,4b750f8fd408a79b52f2f6decfacdf47eeed213cb1c9f3139896f3f7f37651e9,0,World,0,World,False
96231,cdfc14913147acee1f5725485c2002d18780ab767c04e4489ff5f767adc15d10,2,Business,2,Business,False
96233,5e0308f1a3a05adf3248d7d500f5a4aafe9551d109d97385e4189ac3fe0a6c6e,3,Sci/Tech,3,Sci/Tech,False
96266,04ec3c2f88f84a7b5fa67a6e44a1d606972941b6826b6b860c933540a9bc5bb5,2,Business,2,Business,False
96316,b07816210b9a4ea92e60104ec828a9dbc63a194288455441edd0ac8bf73e81ba,3,Sci/Tech,3,Sci/Tech,False
96322,a4d0e94c2ba50da46ee7d4ca07337d3c45d7a3bb2746760de9fa73d1d252b228,2,Business,3,Sci/Tech,True
96338,023f1d5c5f1708ae32fc6d47ae8aa26f482228502fae45d3d6e17b6c55d5edd6,0,World,0,World,False
96342,45a2af03b8c4d7e659dc9aa54c0e9c8c01585cbd26379f84834b8938208ccf3e,2,Business,3,Sci/Tech,True
96350,73a6b9b2fbb1cf91cfb09cbdf94703d5e34aeb71911e900a28bc7c320a5c4466,3,Sci/Tech,3,Sci/Tech,False
96355,83506859c4eab6993be1349b464a17f8ce65e7755b0b495c4130bd6735200776,0,World,0,World,False
96386,ee485870a38b0ae761bf6d59e65a357b488f8dbd1b8f931b423099ffb58b4e2e,3,Sci/Tech,3,Sci/Tech,False
96400,68e1eb2779e785e826735f3959ff508031451b0663970e0853ba38a0a9f37e69,2,Business,2,Business,False
96425,cadfeacc8e9a4b8d6015df17f7bda33f1743f425befd8481a69fd42f05a582f5,3,Sci/Tech,3,Sci/Tech,False
96437,9557b7fb32f1fe2fadabd728a4b5926ba43a19b7518f662acf729c4fb51258ec,2,Business,2,Business,False
96450,82ad9c85e494a4a7c839800a6969a07e90be2881fd2b037db93b6712fa1ac5ef,1,Sports,1,Sports,False
96452,f87743c7536d21aa2fdc88bcf2277c0c1e43e969ecc778ca2f5cc87fc134d76b,3,Sci/Tech,3,Sci/Tech,False
96468,d5d101e5e40fc99f2ccebcc4e6d1415568b77a67c55fdbfd7ca449803d73087f,2,Business,3,Sci/Tech,True
96469,2496272bbfe9bc82ed41c0563887141129cb63dedc16217bd22fad9119df5e37,2,Business,2,Business,False
96495,3e44bc8c72c0c4a77302d7cd72883d67c3fc774fed707d92c7f69fbeaf0905ff,3,Sci/Tech,3,Sci/Tech,False
96496,f34b6196f697595b25d9ec7c21811085f01bf6c971a3c8a5c6e41c65b0fcf1a0,3,Sci/Tech,0,World,True
96512,4532af32be36cf1b68b8647d80022d1a2bd3b0bd79d3d60dd8bef19419b81749,3,Sci/Tech,3,Sci/Tech,False
96514,e712f0ed613820716aa8e18679dc6927b88045b0366380102d4ff53aa8800ca7,3,Sci/Tech,0,World,True
96516,ddc210ea88867f6a8a35a0b85073d4772574d0975e7a01069318e23b186db778,0,World,0,World,False
96528,705f67f0f85dcc5ea7438cf39fb902b518e1bafaedfece1de169b1c583c42555,1,Sports,1,Sports,False
96529,9955bb4ff39ed5f5a1f007fe61fd6b249f04e018fbc76293a2d7c140fbbe5219,2,Business,2,Business,False
96531,8245d1fab705a3bdf512da5c7afc5b6c76de9d92af0652c8a83cbf2993ee415a,2,Business,2,Business,False
96533,3eb4ef4370c0cd92ab6332fefaba5833397b0a35a7923b8627005a172b6df575,2,Business,3,Sci/Tech,True
96540,6643ea5a47f1072275e527a321cb70fbfa8d1b3c8a64bedb60d067dbc0094c4f,3,Sci/Tech,3,Sci/Tech,False
96553,aa8241cc8b4f4e6919d5d2ff373e413e9a77011b6ea6996967cd7832aa0f6da0,1,Sports,1,Sports,False
96599,4fc47c99f7ce0bd3234964f712201783573bba0ac7f1b14179ffb0e3904c55ae,2,Business,2,Business,False
96602,353fbb02b523beb0102690d63f4eef289f527d4fd9f4eb43ef34b24500077dec,3,Sci/Tech,3,Sci/Tech,False
96711,8a78fdb05c054e4a32e211c007e6f3997833e8d99eeaeef7363cb4a0af0aef5b,0,World,0,World,False
96721,660f5e57bcff09627a541d081603c690ae25e8232381ec3c7aaac27f7a479313,1,Sports,1,Sports,False
96745,e2b98d01fe10cf031dbbe5f8a3dcc9d3a6f3531a35e2f552b4abd4c031777f47,2,Business,2,Business,False
96746,884b1b43b8c08a3ca7c1c692c5c8847f6056a4dcbc957ac5b4aaa523f81468ad,2,Business,2,Business,False
96748,68f7a595c8e57704f35b3d6952f4eeb38488a37142f6aaddcb61c89995b7d51a,2,Business,2,Business,False
96755,514d463ef3706f4af7e64ad566521b4d096b39af21c96248a15b61b50a2e202e,3,Sci/Tech,3,Sci/Tech,False
96768,5a2a2d6713f7d9758817b74d4db852a998a73339b0dd15fc3a3a2ab80cbb90e8,3,Sci/Tech,3,Sci/Tech,False
96778,5a256f9acaca98d9e46a5420138c4838987ecaadd3e16330f3398eb1df34cdb2,0,World,0,World,False
96781,d0b0aa294f6853cc621317f95b4e199c2e5b6bb39598fb3149fa96584bc561e5,0,World,1,Sports,True
96784,1b19a7320de48a9bdb7ba256b6f0e089f34714202d086b5a897610eb86e4c8ba,3,Sci/Tech,3,Sci/Tech,False
96806,2700e15ccb4b697fabdfbf6b590cae022053e1dbf28ede08f29e2a2e410f414c,1,Sports,1,Sports,False
96821,f5f33d37074de08440cff0f4ee23fcbda7ec2b26649ddd10c5fca71b82d471d5,3,Sci/Tech,3,Sci/Tech,False
96837,74262168f43bd344d91eaba9b32534fa08e9cedf3a8b6c2ac01e30907ba56863,2,Business,2,Business,False
96846,1836453a8163af9031506f14985583ee4c166cf99db717232e5031efbc1fa0a4,1,Sports,1,Sports,False
96848,55e464a3e3845b6f4f58399d2f13e5b0757567691180db58428ccef808b3fbb8,1,Sports,2,Business,True
96856,0b52c9eb301a22f2a5758b51bcf95a5554a5a5aa3d305128e4287115cde2add2,0,World,0,World,False
96858,068d0452fd6e4e3f9471d5fc7354a3bc2c7242e2d995419fcc6888c6876f1cdf,0,World,0,World,False
96861,74749abdecc4ecb66b14e6aae7bf33625656fe8ca5bdbc79b73aa59f1cd1e910,0,World,0,World,False
96875,1aab8538d9760ae6cab5096e518f7915b09fddbfd1f8c137ac5d00e525cb72a2,1,Sports,1,Sports,False
96878,5c90fe9f12dcce4e84e436a224af144e51f5850ff18ae5a66b0390703f342df5,1,Sports,1,Sports,False
96885,f371c2913d400e649133de1f9ce2312f8fe258e728d7a0693e1cd8404d8db9e9,1,Sports,1,Sports,False
96903,236b7e60b78fb99f476dc4085265652cbf7c3568faa300ddc96d07b76ecd19db,0,World,0,World,False
96908,15a38965c15cc6f710dac4493b1f8ced31625cd89ddf07ab420f32f3bcfafe84,1,Sports,1,Sports,False
96920,c2adf8e3563b3227e7afc4b35af3350c0afc45d07e8fb608d490b20e634f39f0,2,Business,2,Business,False
96930,1a1a362913dc8feae09f60b2033b7ce0ccadd4706db02547b9b785c9361efccb,1,Sports,1,Sports,False
96931,99aa1627adbec4645ade133fb2d0c05751db2a9a93fd06de373283a7a93aa102,0,World,0,World,False
96951,d49af3edd811c858dcc69fb5884e76254cfbd9b108d3777cfa3746fa516bc574,2,Business,2,Business,False
96959,1534bc56d907c16e6209d4a8ef7f91da3f65e2c672eb9652b1353efb867081b8,0,World,0,World,False
96964,b9d4c3cfbad8373483bab421a4dadfc4572edb5b3aa405942dd985790b8bb7fb,0,World,0,World,False
97001,a7d9060557e23794e9f7807342ee1928175b1c2ec585e064e6f78b46b22e22fd,3,Sci/Tech,0,World,True
97011,1adfa8272b09e65ee97b680b429c1ca76af2a3ee2d66217caa52f555210fc251,3,Sci/Tech,3,Sci/Tech,False
97035,9c59e74a9e209b885eeed88ec992154127cd8778abdc4bad971992fec53421f9,0,World,0,World,False
97038,548b4a0b9b3412d2b91f98eeebd53a910a12f893928aefc8d1324010838697df,0,World,0,World,False
97040,d12bd1cf62dffabdb8ca238900b9e07be171ea2d4dee54cd062ae4431476b2e8,2,Business,3,Sci/Tech,True
97075,5d0cd16095623c75011fd6fa71cd009da14837bc5c9cc29def90ff1337f85d18,0,World,0,World,False
97076,0ad90d117894e109d113dfd19efb8d4a62079aac0b254ebf4bd5d331930483fb,0,World,0,World,False
97096,3202a4c713e252236567dd8fd5e870c667e2cf182b44b81ecf0c031c1b24b76c,0,World,0,World,False
97134,6a72299a88554e0226ff7d8edb3badf114e7bd240007df89cb92f20b250ba100,1,Sports,2,Business,True
97135,20dbfc44e98a4517521f76a72d5ba4ab6d7d6e8f9b14bcc5b6fcf9c067aa57ff,0,World,1,Sports,True
97142,13ae53f349d2e27906236e6fedbc319755f0dcab453331d899655ca2713698fa,3,Sci/Tech,3,Sci/Tech,False
97162,ef6bb99ab16da1432c909028ed08b4aa9e6e06cd31084b0751e0605b4da311e0,2,Business,2,Business,False
97165,e94a587c191250e226cbeede480dfabf196d4012d3f5ab2369e53a16091210db,0,World,0,World,False
97184,431d0e3d85d6dae0b393dd4a5bd63af1b2a89ca49ed2206e9ebccf114e49fc15,0,World,0,World,False
97221,6907cecc7650a8e0a4e212e9bafe1ebaf4feb8ebb5b55c42d3761ce80d63f3a2,1,Sports,1,Sports,False
97242,0323c07162ba875376d14b8cd583859ff5e99094e82511f1dfb761f75489bb82,0,World,0,World,False
97263,bef708be1fc06eb11d0440e439bc5796c7b63c0c0980f9d6e44e62b556832867,1,Sports,1,Sports,False
97267,db200cafa253a35bcbd25a1e056ea15e17b1321e541ef4b811a3bc62b7c9499c,2,Business,2,Business,False
97278,a4908d762c7726ed53c162981b28f18615cce9bb5372e0a9034c32ecfb546544,2,Business,3,Sci/Tech,True
97300,abe793b8f7aaa198e4b194926e9c1c92b4f597bf9cf950233519c6b050738cb7,0,World,0,World,False
97317,61aaa20b49755c3f08e7000efefdf036b647a0ccb04cfa0fb01f1fb2862a7859,2,Business,2,Business,False
97323,351ba475636d16a431cfc7083eb39cecb8294f580242bdd0c202961325cd2f11,1,Sports,1,Sports,False
97324,78497ce9fb9027022a8070723d19429da7adc4e1ac1628c445418a0702616ccc,1,Sports,1,Sports,False
97354,efbddc9d1307bbd3956e2c6e06dfbcfdd43d97ba89e141915ef59662f26865ec,0,World,0,World,False
97356,ef9c208e7ff3b7b3529921ca8aa30dc263480153fd7028e8e4472d615def45a9,1,Sports,1,Sports,False
97367,aa3feb958ed4bc513280e654e4b36b021059d77a4afc0f21f3f6f52ae769b289,0,World,1,Sports,True
97375,fb3587c2b8c5e054e40116312fefd29c28b63d1a3428807d6e5172f6877a984a,1,Sports,1,Sports,False
97378,a8b5f047d53e47402bb7c641baf2575a31960ff3bee925996de5f433689c4ff9,0,World,0,World,False
97382,d103ed09478a7a9b1dc28148d04e0872512e0f9dfaafae76d5b44c1b284c0d1e,2,Business,2,Business,False
97399,81a8cd992bc7925943665bda55732db74f5f15846894aa86707caef5728bd046,0,World,0,World,False
97428,23da1c3e9e3b9cd6000e3ff7c9f11a56114d687a380b9473abb601d643c2f2d1,0,World,1,Sports,True
97429,cceca249400b21977d6deed87f919267a7f5aec7288ee6fddbcd354485edfc8a,0,World,0,World,False
97449,45f8eaff33883f735afee04c9b341886a713cc34e7ad56095a5a8d4af1dd1856,0,World,0,World,False
97465,10c1da6d45af4774f0034686ffbff065bb681e6ecdc91928b3bf1844ceef3ac2,3,Sci/Tech,3,Sci/Tech,False
97472,b50e969f740ef7b4d570d52185d349bbf8efa01873a0c3d29e5416efbcdd094a,1,Sports,1,Sports,False
97484,0235af7cb6f8ddb99f9eeb69b646c44626f69a13b2f89bb355ee7bab105748d9,1,Sports,1,Sports,False
97494,a1c87c518357a68a67b5023b7f2f4f6561045ea497e68a2d82be640787f7785a,3,Sci/Tech,3,Sci/Tech,False
97515,864b77082028cd834cfabaf5af27f079344655f8a5bdb5d529510c86e1325e5b,2,Business,3,Sci/Tech,True
97522,7a749921829a4510c6355894c512b84fa38374e310ac40d4e1ca8f07b2fcd4a4,3,Sci/Tech,3,Sci/Tech,False
97535,49966f2918464b5b404711c20a239eb5748dc1c603f2688d9adfb0a17b5c7010,0,World,0,World,False
97593,d318cdbc3bcb725da8c5307b1b3d4fe6d7ada3584d05f45e2fae76ce3e593167,0,World,0,World,False
97594,695c468b0ce458cccc2a86b531bb4d99626ed361bfa6e7b3070babe1d065b6c8,1,Sports,2,Business,True
97602,1f4cdc0693043451cd581f4be292cc22992715d73df21dd9e59db1095b0c84e4,0,World,0,World,False
97611,0bd82a831cefe9a2f8ba2b4d7c8d4ecbd962b55c0ea62521873b5197118fe46b,0,World,0,World,False
97637,7212413ff012199d686ee21a352c414926b051adae4815da39bf751d285a4510,3,Sci/Tech,3,Sci/Tech,False
97658,89b648655671b9f11d0376aabe6aef9c80be8bc54d0b61eceb13491b245efec2,1,Sports,1,Sports,False
97674,2f4468cb5e0df2c972ed0c8f0ca22b5102550555faf017c3471696c9598be2db,1,Sports,1,Sports,False
97682,eda6b9437c5109f3e898e8b26bcd07f0a249efaa52b9b891ace4281c76a40174,0,World,0,World,False
97702,1f3fdf58536d8fb417835442cb9a86971bd938b45190bceffbb9ea442602bc57,1,Sports,1,Sports,False
97703,7aba11effa7fa5247e29283067afc48bfb9987fba49bc22e40cfc2e445953621,1,Sports,1,Sports,False
97732,f20f1abca69d4aaeb907bc9d5dcf9ee7a2ba863e60bdad53f20a6b444f3994df,2,Business,3,Sci/Tech,True
97735,a476ea79f34c494d0b0383aeccc3fbdf98ab2ca5f7fb3c2f185fb7c96b17518f,0,World,0,World,False
97737,ae99990a89906f4163ae163413228c1f3796dbc087402e602a263bb5a2e98444,0,World,0,World,False
97743,844c1cb676858a0b934ddb7178a9a5b4285233537b4897cc74d476f43a82a0cd,0,World,0,World,False
97748,211e67506bcaadbc43adf9ef0e3c0b03b69842987fe6de4d82c68850d1fb4770,0,World,0,World,False
97757,63af76150f3241a3bc5afe18b9d4283b5134557b954dbfecfbe93143728782c0,0,World,0,World,False
97789,14f98dbede22a9e8ab52974848a57145aab1aa0948bbea2a1b0ed24765c58140,0,World,0,World,False
97801,56518a5b0fa3f43d6cdda9f73d6e3d042499d87027140ec32a272ec23ac38e8c,3,Sci/Tech,3,Sci/Tech,False
97805,11867718c62b0f3b9bb6397d637ac214b1eb8efab7b856713354a3ddcd0184e8,2,Business,3,Sci/Tech,True
97818,fe64162f1e9d40527630c87d4a61a5f3e4a7c0fc902a35f504e704b307bd4e3c,1,Sports,1,Sports,False
97823,34f32f25a4cc8808a39cab1e47aeee81a3358bfcbc35d11bf3c1b534077de5f7,0,World,0,World,False
97833,37057848336980742ec64735ffe7d7de1db8d179bd229c16007c069a60a087fc,0,World,0,World,False
97835,632a33dd95518db1e7ce12e52c636870b374ef759df3763d276f2fe6f186b730,0,World,0,World,False
97859,6929e763c455f3777c4307863fd9e6748bfb7bf602f5e722658756317732b264,2,Business,2,Business,False
97865,e1d9736a844b265fdd1a6942ca47993c692d61c39a77fbc5662688e7331f588d,0,World,0,World,False
97882,ca51b5e1647c7ba426955b81864c49344b6e37bdddc1124a732bf347405e1403,3,Sci/Tech,3,Sci/Tech,False
97902,ded41465a807b58b4e96764ae90b3ee2f4c417ac273614d7b87e2c2eccc762a0,0,World,0,World,False
97904,b77e29bb23ccb11ca7532bbfb0ab67192a688b4db4388c38622616c6d4867349,3,Sci/Tech,3,Sci/Tech,False
97911,a8aab7b1ea4040154be5777c34446dad61f281d28e60247f2ab504cba8e9f915,1,Sports,1,Sports,False
97921,089b5b6202632a13b15f68bc57ab14223208ea5b859905a7eb179cca9c5384b3,1,Sports,1,Sports,False
97932,4b47e5c436ed5f82ad9f165b19275454f93f29ef6957f78ca11edde9bf4f08e3,2,Business,2,Business,False
97933,7ccc6d7f544ac0aa7e78daa1a80a23143b38b8008397fe53c9bbdc8be09217c3,1,Sports,1,Sports,False
97948,641bfd1e12612cb6dfe0c23382b45664f409d4791177cad57ba72d13fa0d3bca,2,Business,3,Sci/Tech,True
97961,ac37f60304626924b2c5cb463f7ec0e8d8624d6a078b566ecf4fb22cd13de1f0,0,World,0,World,False
97987,8c1ca10e71de3e5e8ba9e6f0e3a74b102cee9b7251b6e5b04ffc340dbd76196f,2,Business,2,Business,False
97990,746d19a4c31b4cd7c475016dbbb26720259dad756b80631de7d586c89d787cb1,1,Sports,1,Sports,False
98013,8028461d161f2e2be4b9bf07214ffdb23525b4ab6e24150bfa1e8077c8d337e5,1,Sports,1,Sports,False
98032,648653c8711b5906195469255337efd39b4c6fc5f8424e9753b5e204ed2d2875,2,Business,2,Business,False
98033,beb67e8ec08e9534783ce411557e238cd0cb71af73c06002be08363f3f7eca46,2,Business,2,Business,False
98053,fdb5a4824e088851377ec74c2f9722a0095eeb1cc6200f55dec95776b7c84b20,2,Business,3,Sci/Tech,True
98063,9b2fc3c24bcf4386fd88b824d237067951a35b673cc3df6ab1dd2fffd1e408af,0,World,0,World,False
98065,88d6d6233d314e5a4b93bb8bdba817a708872c0587215645280877fb0b8a8f37,0,World,0,World,False
98082,3bfb059a9f2c14969405de53b255d9409d13d4235a770194536097804246199a,1,Sports,1,Sports,False
98118,73ed2322d865209a091781ad8bc961d60c80c888a3e2cfa12f11ddbda5a4b791,1,Sports,1,Sports,False
98123,bb8672647db4aaca6c35b45b500e914be0ea1a57ced3f6fd111b00747be57d15,0,World,0,World,False
98128,6e6885f855d591eb20fb50e2060f64d1fd405f83f0874dcc3d420e24403d02ce,2,Business,2,Business,False
98135,564ebb37b8ced710e6a43dea4c069ab1f28b71eca57b735ac7b8713df9eb35dd,0,World,1,Sports,True
98190,9a9c97b97950a1db83acdb3066909e444e39472b51d96e62d186549aa24ecb77,2,Business,2,Business,False
98193,63f964fa76fddb189292bd7d7811aef6188ab71716ec113f266cea805e738a66,1,Sports,1,Sports,False
98213,3e9772aca33cfa57223a4287dadff1055e0d88b07f02e0515a3e9628c5317fd8,0,World,0,World,False
98216,29ea11c1b3467db35804308f978f69db8e725aa87fddd9ba75875b5fe5e07802,0,World,0,World,False
98219,634f96c32656c1dab8a3ac51a95dae975ea83dfe6dceead1ab36d41c606fb269,1,Sports,1,Sports,False
98245,19a24365b707444199135fd1a0a961f4f600af519ed72ebb11e55d9e3263f3a3,0,World,0,World,False
98273,ec524411db25bc05becc533d20d50bd2a88cf0cd101d0717e91ca05e0823c93d,2,Business,2,Business,False
98302,0d454c70891c9c0fc04166aacf729d3e4b87f6a132e59d990d9a2e905da1e5b2,0,World,1,Sports,True
98310,7b8821034a4596af3127386530f3f34824cc37b61de90b0cad639c58283e660d,3,Sci/Tech,3,Sci/Tech,False
98334,7fab0bd97e3999e45f48865ddb21916f0b436fe51fea7459c071568cf4747529,2,Business,2,Business,False
98341,65738bfc2ad622c7c242e1e4cea056e2ab0dd965668df517d771abcc01890119,1,Sports,1,Sports,False
98395,14a879c215d736ba2fecc0bac85dd33c6c93567aa1a969e802b8a369173a65f7,1,Sports,1,Sports,False
98404,2df05df38b2f5b4251c9f9de87f20a8a608941910c8fe52973149f0837e4f9c7,2,Business,2,Business,False
98406,36fbe0a554ca8556cd26ecc5e35e53f8d282067c52ebecc3c85af132a2d41607,1,Sports,1,Sports,False
98418,9f4f20ce63f29899e0b30abdd54179813fb741d134e28cc28e0ec8be38ae989c,2,Business,2,Business,False
98429,f4d620fcdf569be59951ffc7679f2f7768b77ea76615ca3f065a4e989489c1cd,3,Sci/Tech,3,Sci/Tech,False
98437,d0803c96dfbb6ab51a9d7195df413359272a1a37ecfbdb9e9c3a518ab85e9f74,2,Business,2,Business,False
98443,90bdac43b76bbf0c2b34457c36bfff1a4f20b52c58d414f8eca826a55896c54d,2,Business,2,Business,False
98456,08aeb391c2ef954c3b9ce9cec2d02da472d1d9d5493c1fb15df0a62470c37861,1,Sports,1,Sports,False
98465,eef8213a84b237d3b9d0ad84ea0a5601872562cad79bb82b651768ce2f1763c3,1,Sports,1,Sports,False
98471,380a0cfa83cae703d8a46035603db91bbbbe72440250a46223ecc80ff89e833c,0,World,1,Sports,True
98511,b51373e219982f43887fb1b110cac2015f026be162b026a5493076cfefa1dc87,2,Business,2,Business,False
98535,7744ee65e0e3c48439e6296a24201bd6ddba61f79d8961d62b7459738a4ba9ed,0,World,0,World,False
98545,a84a4e6f64b7f562b1791f56f6a7baf520b083f2df411eb318707ad88a399bb6,0,World,1,Sports,True
98550,8e75de5f6fecdf065f098e02fc2112071b3a3c4f419d5220d36a0eb389dda2a6,2,Business,2,Business,False
98590,6e9d449406731f5be5ac21d2ea96134e3ab3354e35e9ec3725ebbe2c30afffb1,3,Sci/Tech,3,Sci/Tech,False
98612,c12b207619dd9ce329cc31553067a0f9a674f9b5fcf9e742c9166328ceaec318,1,Sports,1,Sports,False
98694,e7745236f1b765259a0be9735b99d94ebaa4bfe68231be361236c9097cb3a762,3,Sci/Tech,3,Sci/Tech,False
98701,001d7b7d1d415a8321b2e8f35fa22574e17e8cc3debfe576b97af9f63c280bb1,0,World,0,World,False
98779,e194b8872ff0c5af46875954cf78a8dc4c5aac12c54c59fd2073cfb2e71ddc87,1,Sports,1,Sports,False
98788,d349edc71b64823e0bf90456b3e4a6b34c275d85f3fa986e1246aefa33b29083,1,Sports,1,Sports,False
98794,f46b236353ec817201a80860d2b44349c4157767796e90d3304bed8aa15d10b9,0,World,0,World,False
98801,4045f96474e15a1464a95188eebeccdc2378fa14d5c451227ee0eb37586500c2,3,Sci/Tech,3,Sci/Tech,False
98822,d2a7c5c87ed86331c6f010dbe3d58f4696e6d97660f127f32895fa17f45af646,0,World,0,World,False
98823,0bc3646e8b1770df4b05ad7f23407578c166e7503f8da40e6f2c8bb233832453,0,World,0,World,False
98856,00c949b55629077fa7f95e38a5059d1a5f6bcbd181907a37865b41071825ce14,2,Business,2,Business,False
98860,552d5e582c5b10610fe1e404aced5d8e4808c1e272c8707d4feda055d0e7f83e,2,Business,2,Business,False
98898,a2e1c086cbee3fdb087097984f34823a81f6d2109fade7adfb3a77e526212ddb,3,Sci/Tech,3,Sci/Tech,False
98908,2b6ebdef293f30ec49d8959cf98d0b1255d3e9e7d13169f69569aff297a85e8d,3,Sci/Tech,3,Sci/Tech,False
98909,c17470987cf45798555e1ac0fab759ad5f7c1837d40c419995fa4a684e7ecdc3,3,Sci/Tech,3,Sci/Tech,False
98932,cc6fbd535edba12ae2ede458c5d87b5a83046e5e944e61fb1259a9d444af605d,2,Business,2,Business,False
98935,b7127f6c53747e19231b4ca7758c753e2fad2a427474640b22d30eed12928a6b,3,Sci/Tech,3,Sci/Tech,False
98950,5ca3a7ab09b66e36b36214039fe58ca81e814a1248e0ac291bbd587e9be9d7e1,2,Business,2,Business,False
98958,c8e23948f8b237fbbfcf01b4bdab583c8e3002961998165278c0c7b356c0fb06,3,Sci/Tech,0,World,True
98976,3c70a27d3554d10b2df1fd9d4e1def8f0080d270c9a3d833c8cbd8f04a533750,1,Sports,2,Business,True
98988,22a434f54aa06faa1cdcf96132637b88f71b53e9b9acfd92b466ccf4a90abde1,3,Sci/Tech,3,Sci/Tech,False
99030,0ba78ab5de4859e9c21ec2c71a9002902776d779f408fa609716c94d2a01565d,0,World,1,Sports,True
99063,d7040b1543237920c4211041d8ed799cdbdb38dd7f37e6b37f1ff3457263b975,2,Business,2,Business,False
99073,bba971aa5da025ed2faa98835f09d1bb2bd7f719a71f5b607b34f76e54c3b50b,3,Sci/Tech,0,World,True
99076,da70feefa6f154f8d86616ace7b0e9513db63b6520cd1afc8db1aba078034a7e,3,Sci/Tech,3,Sci/Tech,False
99083,e3faf62a9df8595368a0bb48726703eeff73c23c02a9ab40dc409f920c9efc65,2,Business,3,Sci/Tech,True
99093,1585eb0efd9b2fd5b42c1549c86f620bcc5536ca018605f32165365a57a0ed42,2,Business,2,Business,False
99118,0b7940bccd5d432b49d2010196be47634086a70494e49f032b3bf4ad611b046b,2,Business,2,Business,False
99122,ebcae1b81804c339f699e647a144e7a375577fb805279f4a4a3badacb292f656,2,Business,2,Business,False
99124,0d9e3b27d9c5d5188982817671b0466dc40f3b51c4914165f83c24982e4d4d92,2,Business,2,Business,False
99144,aff2a1aa8ed7deb4e6442b3ada18e6086c265c47d5d0de795730da20ade71cd0,0,World,0,World,False
99155,1046a9741f3a4549902014d61b49f0a0597f92725b8080351b9ceecfb9ab642f,3,Sci/Tech,3,Sci/Tech,False
99173,c362172921839e590b7a54f9971117259003d5b0b90a0d3ccffd5006e4219cd5,0,World,1,Sports,True
99176,a26942c5f0147da6646766f2f4cd912a94e0baa3dcf4d2f9d29e059b1c2004d8,3,Sci/Tech,3,Sci/Tech,False
99179,72c2eb2b7ca4b78364766f8463c3a96590fc1f4d0e2befb50460334a664bf7ea,1,Sports,1,Sports,False
99181,47f733ab82c9b6d9f595503b6850d48c5c8774a9a207cc52ef064ef7e114d9be,3,Sci/Tech,3,Sci/Tech,False
99182,317de98e3c7ec153456a98b08ea2e310e639fee11fa293fbb65643485632138f,1,Sports,1,Sports,False
99199,c84d581d63e1bdc5ae813fee3df81e4d47849c2fe504c0a553727bbf6c7e4240,1,Sports,1,Sports,False
99200,e1b609bea666d8674b7987c6f6ce4d51d1eaa7026b5b3e227bdd13af9787e98c,2,Business,3,Sci/Tech,True
99220,1b068c0f639a185e2900b531a8f0b2c9a3ea00211a0440f6b2555a93b4dbfb22,1,Sports,1,Sports,False
99226,7896a5ebb73527458609d12d4f268ad2ee84737cf832366aa6523c312e482942,2,Business,2,Business,False
99237,c646ca2a903ed927d4fd64a6cbec1db87f05aef8da8c48002955419b35536bce,3,Sci/Tech,3,Sci/Tech,False
99268,8c3930af2cab45eece17004c29b68dcf57b01516cfbe5f2457c1df5c1d99546d,0,World,0,World,False
99269,9c3e954f4b41d9aa5b9b6ed51be7293cfd5b94b8ce1e5c3ab71c1a63e805cd3e,1,Sports,2,Business,True
99283,535aae6993df0f71b353999d24792453fc19f7e9a4aad61d46cf05518ac7afd7,3,Sci/Tech,3,Sci/Tech,False
99316,d5ff8bb1eb4f15beb271a2ce256da7c66290d15c2459487e10a678f8981444fb,2,Business,2,Business,False
99342,2ca7232076a896bee11c9ddcc8f59687354bf2fb1281cbc0aa9f4e92bba4e68b,0,World,1,Sports,True
99348,1006baa3dba5a59c00a8848c10f9aa79a87dc18984e03b3c8609f45fc955bf31,3,Sci/Tech,0,World,True
99365,df1af20e0c607b5d81bca16b46110ebe393991e8be53e03625a187a1d56753d4,1,Sports,1,Sports,False
99383,7f2a0ec43284a7dca079f297f7e19a917453f39647638642c8efca8239e3e90c,0,World,0,World,False
99386,e898f4d1f86117e666a4655c5b6a5d5a210e111234b828634254bad14a2ed0c2,2,Business,2,Business,False
99396,8dd069404b232eb8ab34e83a163428421504ac959f166f61592cdbfd6936275a,3,Sci/Tech,3,Sci/Tech,False
99408,9219585f5d0bca8a23e555de0edd4dd4ea7f327ffbc11d41b52ba98ad4118a30,3,Sci/Tech,3,Sci/Tech,False
99420,108df658079cbfe25bccc030ef58c9468d5228a82aff3b28ead372316a6f97c0,2,Business,3,Sci/Tech,True
99426,1423f7630e7a0686a03dadf481402ee65b05e25f393be8d44159ac67e59f25bb,0,World,0,World,False
99438,cfce2bcfcceef71150ede4c2e63e633eaf2998229ca0b90b9a6cbc9eaa0c39cf,0,World,0,World,False
99445,db17e18b3b224cf53f8e263be90452fce6a974a11398b107ed3319773aca9644,0,World,0,World,False
99468,7ac7da6130821bf33303d99cfd080bfddbe49ea4a829165b12d7d7610e6cd1c6,1,Sports,1,Sports,False
99475,148a1c52d21626ec387a135a1182b2bee2d6340c88e9b02f3e4b98592470de59,2,Business,2,Business,False
99476,ccef9071d9d62a53fabde63961ff2a39adb8b350be090ad9f4af10f255e5946d,3,Sci/Tech,3,Sci/Tech,False
99480,d298902e1cd1a1991e13a02476be6bdada78e32b834ed13e0b0166acbf0f4282,1,Sports,2,Business,True
99482,0b9b9b4796edce03b6faa296ef7f216947430a79c3981f31aca827721a0669d8,3,Sci/Tech,3,Sci/Tech,False
99489,b8839fe25f6bcdded9b14482f159b49501f2ce6166518a0de0721590d614c41d,0,World,0,World,False
99498,49386393f1d8c7e2e52721b81a7340e294145d9606d601ca43a1d1605688a303,3,Sci/Tech,3,Sci/Tech,False
99515,43d477a060c66640a15181fc8f1b326cb100fba5348a9b875165c681b7638ca5,2,Business,3,Sci/Tech,True
99552,da0b138391cf99630057214dbf95db1c9fadbe672e1347f6358841c1c5ee739d,1,Sports,1,Sports,False
99566,773cc1448cc5f4d8d49eb028fc697afc0582c94c64510636db1c8abf5d2d49b1,0,World,1,Sports,True
99568,d3ee558ff66c692cffb2a834e59434de28ff08ae0c194af717bae59ebc2e25bc,2,Business,2,Business,False
99570,f001e01b53c8bb1e0197973801b3ed1bc8c9feda74758f775bb9436ddc79d47a,2,Business,3,Sci/Tech,True
99589,2734b3e3965fa77370e201d69d2e402893b95a8c6e91bdb5d809a59985453b0e,2,Business,2,Business,False
99591,4d5cc72aaf5c27dd589f3bbddb5f0fc6eff67d1d46fc4fdac94f896f62c2509f,2,Business,2,Business,False
99596,fa538176448ccc2e7b5422c855e4e9d5d6e9d9361492b53f596c18c7a95c3f29,2,Business,2,Business,False
99597,efa596d4d165f62f22dffc670b56e179608d505cf8f094e20c5b662603319807,2,Business,2,Business,False
99599,436f008cce1e0abe3b70294ff200fdaa91a2eda3fb85cc77bd2e0c9cdc151f80,2,Business,2,Business,False
99601,b3c20a3408c16a01cbba01a4c3d3ac932d41627850969f96ea710bd6bd27b5b4,2,Business,3,Sci/Tech,True
99609,5246b07768296f615b080c5086de673463887e6f49bb9502f07ef091cb35ccdc,1,Sports,1,Sports,False
99634,fc9017b43b17d04de7676d9badf3961fd96d7f19e7583f9d1d42bb14be4da0d0,1,Sports,1,Sports,False
99645,c9d3ec673f7a8e52835b5352f5870c82fd76a5e27a8584d27d1936344d076117,0,World,0,World,False
99659,d54dcda8449bbe1020a0f75eb620bdc594b5c3a43796236eae8252152120c23f,2,Business,2,Business,False
99702,747579b48945024bb372880fe16717cf4d5ac75842388e2e73ae1120c12a13a7,2,Business,2,Business,False
99709,2d16347ec5a2ecaf971a89b9c52e64435d78c791f84a0cf9932820ea37b535cd,0,World,0,World,False
99711,595f719a05a2710769d2c0aadc506ac4ccee8d0c5ec5aaa3edf4323d6bcf827c,0,World,0,World,False
99716,d57d7d3e802529256d228180db4eb52358f08fa8da7e6be7b516b816c419419f,0,World,1,Sports,True
99739,8520b0061240ffd0aaa2e6126013eeb9d2fecd79e61aaec3124da5296514fee7,1,Sports,1,Sports,False
99742,f5412fa5f004ccf556f674f044863dfeeda6fbc2f04b49dfb3e945d8a076cee9,1,Sports,2,Business,True
99747,eed810fc2da7858f26bd8762baf87889d5dc322a4099aaf8363a3b2976b1986c,0,World,0,World,False
99759,50c5df03405efa638953e15a6172a021e0ecb9c7d20f2acc7ef136130c1ff09d,2,Business,2,Business,False
99806,96cfbec2d29270c0213227e1c40e810626391a533ea8c4a7f3cf6f4a1caf641d,1,Sports,2,Business,True
99808,d372a877961a1156ed08002784b3424dea488b84016a18e76a955acf63ea2a32,2,Business,2,Business,False
99818,ba9a0a7fe2a88c6fd550f7290392960f0ad970c25682d1619b030d2c3c50ede6,1,Sports,1,Sports,False
99821,1deccaef85ae419efa0d6c29d473dbabf4097201f119d159997709c4fa6a6c18,0,World,0,World,False
99868,df60b94348b2728e820dc41aadbfbda222c10610d927e858b425443862c27dfd,1,Sports,1,Sports,False
99872,0efd575b680d3a53de44a8dc4f0a3ce2638444440861f788d5db23afe273b2fd,1,Sports,2,Business,True
99878,608d40b2cdd8dd317529f52aceacc91a99611a85e07dc664ea974295cedd6bd6,1,Sports,1,Sports,False
99879,3a427851c7080fd066aea5d3f99d14f68b07c0f30537e8883ce5eea93952fb55,3,Sci/Tech,3,Sci/Tech,False
99889,61da64c5615eb2c603d46eaaaccae210cfb4d1f2f5c5fefbf2b775d400992bcf,3,Sci/Tech,0,World,True
99890,29ced1d0f6c8aa48e12e9ff788cf63a97f720bcb8957d40a748dc0fb7ae2f5c0,3,Sci/Tech,3,Sci/Tech,False
99895,43e8df83f50226055a85dac8afd8c30f479b30a31e3527088162bca56f80374e,3,Sci/Tech,3,Sci/Tech,False
99907,fcea09328e3d46ad2b07e0ecac8dbecb46875532bb7e596bf8f770bf187b1606,1,Sports,1,Sports,False
99921,561438234bf46e6ed68561e5a9949b08bcb7efb715543895fd1bd624ee774096,1,Sports,1,Sports,False
99939,b722ebdd26c099d5bb88367458e919c615bfb6e39ed388caae8f892d2350d719,1,Sports,2,Business,True
99957,35c99ecee1a3db73edba90d5d8c4a6f1ebf1051be16cbffa6fdca7551dc67b83,3,Sci/Tech,0,World,True
99976,555ac25a063b62026ad0d868ecb3ef24fa5f4ee95924eb8272c7d8bec00ca0ae,3,Sci/Tech,3,Sci/Tech,False
99979,f373e966a67f1f2084d1bb66b69396e202c1bcec433c2492b1846cf258fde52b,3,Sci/Tech,3,Sci/Tech,False
99994,2bb856e30c81f5305dc90e37fa5a44dc75fa5878e80f3a6775b377674354090e,2,Business,2,Business,False
100001,4a203e5c6eac4257b2b71fd15c511d0bf5e5d79c65b4f0edd0d04f31a63948f7,0,World,0,World,False
100013,86a8e4af121024532a8053465fa258fdb6b5eb2ef5f55fff061ea9c02760e16a,0,World,0,World,False
100020,4142a72d64b10bc9c9b9550a9aed6e6712c9b5bfdc3e03a686caee232ac3e6a6,0,World,0,World,False
100021,14407785932702ec163675c2555387a2669f74c8ef37e910f8f5dbc5b54eeb70,0,World,1,Sports,True
100030,0ff7c1cfb1cc5343ccaf33fca70e2b8ad3f6ec47680d29ac4e47b4bdf5b916cf,2,Business,3,Sci/Tech,True
100033,8ffd7f27228aa77acf0ab60fc4eb947c80308dbaeaf4bb1031554b4ed944b2fe,2,Business,2,Business,False
100084,b0571c843bd8f04cd7fbee6ec5db44afc8a3dd50eca06b1dd2fcddd2db968027,3,Sci/Tech,3,Sci/Tech,False
100126,caaf719545f3ea1852f15b107448bb74b9bd37fa6d9147e5b5f35b4b1bea2fd8,3,Sci/Tech,3,Sci/Tech,False
100129,67a876264d78a8b8f804cccc86bb96a4c547ef5a56e129b7cf1ec6a3e3a45c6b,3,Sci/Tech,3,Sci/Tech,False
100136,7cf48fda4775032a24168743f1b6c7a8ae59d11c2db2308a4caf62bd4299052a,1,Sports,1,Sports,False
100137,5ba8b740f33ef9467d18eb7e742be5b4a3f8a310f9ca88436b9b7a9ffbe5c94c,0,World,1,Sports,True
100156,1c47438eb430b1e527ebe0807862448120af1ee8505138965970f2682fd6cd8d,1,Sports,1,Sports,False
100222,afb268ec042b6c0cdd51256d2c9514788fc3aa16a2b31db20da4909c22b441a7,0,World,0,World,False
100227,549adc32fdb8ee8378dd844d9d4e053f5d6056c3eab9d2867c361d3533579467,0,World,0,World,False
100251,e5138d547ba24ac492e967f544cf3544437dde48686f6ce9f260ded34ee27cec,3,Sci/Tech,3,Sci/Tech,False
100253,2f9d20b3d32891491560796b1b13ca62bc4fb878ad3d8e5133fbd01e7d4f9883,1,Sports,1,Sports,False
100254,e5684e312b18583c179ea4732aec75fa5504902a43b4bffca0f5b8a50d9accbb,0,World,0,World,False
100255,e7c466d37658b9b58373a3c107639df6a30f89e0b2a86babdb37a4f7d698dd6b,0,World,0,World,False
100262,92d20fd48d9cecfdde5475553268b7121e718ff6e14d505797f37d63462ad6e0,0,World,1,Sports,True
100267,bc0b96aef10ab3d7afb212d3bac481bd8911d47e1b936a5267dbb50d9694029d,1,Sports,1,Sports,False
100302,ed0a78e30a91393c4eca34e311eb5de6c19ffc4615ee40b87bf240e7d03a6220,1,Sports,1,Sports,False
100329,4c4784f666f6d6590bd587afc051c90e9e245d448c00e35ceb6bc4318d0feb65,2,Business,2,Business,False
100330,503c809387888c3ac44f9334ec6e2be29a3fc9bca51da30699b443e6e25c3abf,2,Business,3,Sci/Tech,True
100351,d7ccef66e3eb09f7443a5f24900e37b0e52823a41b9751fb1c156a3c54746a8b,0,World,1,Sports,True
100355,84d0aaf36d94330abb245a07bcc56cbd983997bcbf8db5e8a116ce12e0700020,2,Business,2,Business,False
100357,ffb35be200b726f06fcf55f01b097c85412e60309eb55090c06eccbf49b470cc,2,Business,2,Business,False
100360,f51c025457ee8790526278dad31291eff7b333ca576356dc5e6e823b673a810c,2,Business,2,Business,False
100363,564e55287fbfc677daaa0b85c3318ef924b085bc6b4309f4107faf0dc1a685c3,2,Business,3,Sci/Tech,True
100368,b944fc6c994a5ed4571b97bdfe4759c9ef161ef17a542886751e70f378adeb9b,0,World,1,Sports,True
100369,b12a5b522e12606c4473d8c17780a22ca8c13792253ebca6123b2646ba947620,0,World,0,World,False
100377,b0db741c4455b1f5648bb8024a26190139553b40db8eb14bd6991083ce2a4607,1,Sports,1,Sports,False
100397,42003ac27c6bbcc8d098c895aa4b7ebf9cf31e5abd16e90e143e98e84a2ea12c,0,World,0,World,False
100408,ae651fc61e33c54430f21995ba5e118d1791def1bd6c1919354cfeaf77e9df18,3,Sci/Tech,0,World,True
100415,3ac119084aa881e1cb91b65fbb70c5df61c2686c547871c88a36345b38b913b1,0,World,0,World,False
100423,6898845a836d0be7667a44dae72b36d905687a9c514f585add1ad26c17fdabe8,1,Sports,1,Sports,False
100439,f1fbe0d62646463df53ca511ca5eeb6fea100f36448453e3ccd8c2f88465df1d,2,Business,2,Business,False
100451,412749c9c6ab6defa17309d5670b2c4c9714d635ff8aaaa1390491695a92f013,3,Sci/Tech,3,Sci/Tech,False
100468,7a0404855d0276c93280ff962499d098ba42c05e427ae5deb60be2f171a02444,3,Sci/Tech,3,Sci/Tech,False
100473,cff6901d97127e6e1992a40e0b2f65dcdb9a57a3f26e2edf3e5b348138d11567,3,Sci/Tech,3,Sci/Tech,False
100474,382c26474072a9ccf8a2fce74606288b0e5987656c578a4e4af8fab5a93d1853,3,Sci/Tech,3,Sci/Tech,False
100477,06b8311a661c7da257c7343e90d9bc73d576ed9bbddc22b99b0324d775a33331,0,World,0,World,False
100550,12e2ba1ed975cd96960af8a11cef5f4d05a8e065752485750815fd3ebc285c53,3,Sci/Tech,3,Sci/Tech,False
100595,214c9d9e2a5413850987a6b63cd1307eabc7aa1976dba96abc10c30d018f2f27,1,Sports,1,Sports,False
100615,097f127e193ea22457de6d38f0e331c766d48c351f4c25b078c6fecb95ebda19,1,Sports,2,Business,True
100618,b0d6e6489f4e639d2f6b39b765c7c897e3ae37bce54a01f0731f79ac92415add,1,Sports,1,Sports,False
100632,f9c7c09c73b02f4f42eff83bf43d9b2cf1da75bf4ae8f5e74a28cae4ce621916,3,Sci/Tech,3,Sci/Tech,False
100642,5edaa5b33d6de14e75785a8d842c4fd93d3db37b2722c723bea5c8c216177f4f,3,Sci/Tech,3,Sci/Tech,False
100646,1f75be5705bf03dcb696336079466f13c57fa318247692d833cb7ce9ff67b61e,0,World,0,World,False
100649,0861f07a023de8b86ac308d8d416923664ef0a6528a313f3dba7247052ba1009,0,World,1,Sports,True
100656,ab22a8e99f8547ab267b066376f63bfd45295cb9793214e2e42dc497e0c8d13b,2,Business,3,Sci/Tech,True
100673,1895ade3929d0d9169f67b27287683ee7f7950cc249e5536af65df19f05423b8,1,Sports,1,Sports,False
100675,a11c2fc90a44f5713075c1bb4d925d47d9c8b0ad47e1da728da40174e41caad9,1,Sports,1,Sports,False
100678,876cd22d487d9edd379b947b4a3a78dd9a4c8d209ce151d90170e625091cfdaf,0,World,0,World,False
100718,8d8422d83c3c703bab4e9717cb3028c1779c62f6030c887fda3374cb19499f8d,1,Sports,1,Sports,False
100722,c36bd066cb7bd9291f0cea8fbdf611b2c1cf25032117c9a1bf6265430199cc9f,0,World,0,World,False
100726,8982fc771d3d32311b22007a35f64bd19ec7045ac200daa01a9fb3e2a90fc8b1,2,Business,2,Business,False
100730,12cf94575470df28ddce08a959422a080b306eba8dbc22e33e13fdaae39c1fd2,0,World,1,Sports,True
100745,2a6d142772a08dfc1620156d31badf32a8a202b19fbad9d2c06aca94a094ab1f,2,Business,2,Business,False
100753,b05a0fd1291b91aaa709642fe0a9bba566283a04fbd8d562f9d7f504de6d6558,1,Sports,1,Sports,False
100755,ca763c2975d7e614acfd0275d966a561bd2be74e8f7303f70dd03f2163f0f284,0,World,0,World,False
100757,cbc1534b2c91041a39f6325beead3f755a77b1936a22415cf86e891e812d945c,0,World,0,World,False
100777,f4e793ec1b1a453c2666aed7176a28dfc8efce9ca85766798c55670791825557,3,Sci/Tech,3,Sci/Tech,False
100780,415b74c8ce52024bbb8e23d6dd544f8bb545642ba1c0b2811ea561dc745fae6b,1,Sports,2,Business,True
100783,97f210f484cffd3553e85295f035203964fdfc73e081ff97ba98968011b4d623,3,Sci/Tech,0,World,True
100786,c11b27405b43d6ddd4c30be72165a21cdf2598f82c9fb3f83562837cba837a62,1,Sports,1,Sports,False
100794,7216a4a83cb938f17ff0ef84a7345447296bb1e981e19034de6adbd716471912,1,Sports,1,Sports,False
100810,22c15a2493559ccb033f537f0f6fec1ed31aa40871ae7e8b86372572eea02e1d,3,Sci/Tech,3,Sci/Tech,False
100814,9d30c5e69d3ea87d422b2170260687042b1654d5d0c35a7f0017a74ff8f2992a,3,Sci/Tech,3,Sci/Tech,False
100834,96959c6bb9d7e0f3cb1d41389b38f5768be15b55888c0dfc2ac47465f581e7c5,3,Sci/Tech,3,Sci/Tech,False
100850,4d99ee127fe8c4fa9150f9e63246a9a0b6295983383c2446105e9334ea9d87f5,3,Sci/Tech,3,Sci/Tech,False
100882,7234001896d9dfdadc8901c479428052ebe653f63d9131bddd14cdf62857a92a,0,World,0,World,False
100888,654e8a809526db5d9ed849d22369dee174543b47c1090a35c8509a3e2086edee,2,Business,2,Business,False
100908,e49bd51d19ebc4d596fcf94c53a5098e0ace8153063b7d39ecddc6c8e5496e55,1,Sports,1,Sports,False
100914,9a4bd0d487b6575e94130d5b157c6669ababa3f6bcfcfe7319296a0bb0fced31,1,Sports,1,Sports,False
100920,227faec7ad7b5b22965d30ae7d8cd211bec5296376ec2ec04eca1ee170d3593a,1,Sports,1,Sports,False
100926,0cda5bd1b20ad1e755d2c12f9f344d30a34a3de42ef6383cc9d43fc776c7bf90,2,Business,2,Business,False
100944,0b5ee37ed5c019ebc048cd3f12e7085bef9aed86a9053a47cdbb00a718795eda,3,Sci/Tech,3,Sci/Tech,False
100950,ed8ef96e0c48f3b30437b5416dbf99290518b762b1ecfcee36c511f8f03f5316,1,Sports,2,Business,True
100969,19ab12f8f7d1e73ea1bab8241f7c2a238ed53cc8f3358908841552b11a4d5136,1,Sports,2,Business,True
100986,e39fc33d95f327de4dbe98b827c79e581c022c6f1129d0709897f16cb804c2fb,1,Sports,1,Sports,False
100990,a1918d062463c0ffeb7bbd9480b65c2102ce5f923d3a437db81317a41a94a8f7,1,Sports,2,Business,True
100996,cbc01c29b5227c2f66c0408fc0e580bda4f497bdd2d1c72e33af847eda0561b4,2,Business,2,Business,False
101032,c69f57e98cb598ece0cba4346b39cdfa26d621f3c8a583c30612303ad8534dbb,0,World,1,Sports,True
101044,2252b4e24bbd27a735fd51fa9fe26bcf5ef35da0c2542bb8c96fcc2621dfba2e,1,Sports,1,Sports,False
101050,9bdbab47752c5fafe67503748965fd5376e095e2fa63aac038e67c5b4051d781,1,Sports,1,Sports,False
101052,96818a2bd358388aea8113b7dd8cc42d7454d65104793dd983ad0f1903735fec,0,World,0,World,False
101057,a7f7c09474645df574030bd0481b73e79beac50b72c45231964b5501d2bf4625,0,World,0,World,False
101061,bc25dfdc6f8288512a99c53f916fbd641bb4e64b1c32bd44e90fda57e9090283,1,Sports,1,Sports,False
101093,be20b58ddd3c80b1359f2aba06d9e5258f109b5d02699679853c25d0a13b34de,0,World,0,World,False
101102,30e3350a8ce50efbe8f0bebdcf8cd52a151f032a658206048d78bd28267a70a3,2,Business,2,Business,False
101112,774025d0baacb326e75831beba289ec573580c2d58adb4c3d77ecb13cce1fca2,1,Sports,1,Sports,False
101113,703fcc982cccc49af6a850e7d77a061da4c287a3cf4bc0e389857c77870c6601,1,Sports,1,Sports,False
101122,ffae006bddb20648b061757d3f8bfde55a4efe093fb360702c5c4af2b7ff0946,1,Sports,1,Sports,False
101135,fa14303f9a7b260a9f274fa494a1b700a7772e188fcbdd1d142bd8c164ade831,1,Sports,1,Sports,False
101143,004c55b56fc196bd5810ce67957794f268769b604afc93d8bb85a6f5e52b96e9,0,World,1,Sports,True
101166,d8e9339e006d4a12e49199d3fd9a12c881a4131d4b8ac1ebf93fae435c7bec22,0,World,0,World,False
101180,8c21481b0940311fbb785b39e27785ddcea33138f7007ff529335e7becb3685b,1,Sports,2,Business,True
101181,32cf94b6c2135c55b73cde6f91520ee71e674fc38d5e86ce20515f410eb731ba,2,Business,2,Business,False
101196,9512e0e998aac0af5cc0f7d1588412810c29909a66f6b19302e95faa78b82061,3,Sci/Tech,3,Sci/Tech,False
101197,b56fd5ba8b4869e987197b079913948716d5bdfa3c623ff5ad612b925a92725c,3,Sci/Tech,3,Sci/Tech,False
101206,01cff17ed428b3d654bc9ec436634049467b92d326292c6eaf2ca2ac1c60b4a6,0,World,0,World,False
101231,49fd4444384e3ba34e6abb0a430943f4bb6895ac9722c55cfe0f5842c0601fe6,0,World,0,World,False
101257,7234d6884cfad8e0311ae6457c7e34d6a023c65e433411a80995138538edd9f8,1,Sports,1,Sports,False
101262,7132f5a93f552457c7c839b61f43a98d88046be4c57e2ce5331e6e82d5eb99f8,0,World,0,World,False
101271,f28c846dbb265324a69bac9a36490677599826cffb4e93351dae64e73a73f900,1,Sports,1,Sports,False
101277,eb79ccb926e07147c36bdbf2ebd596e04155603dc76f4a56557c3e5b134ab404,0,World,1,Sports,True
101281,c7607e3bee2f9a8260c06b54504c2b5bb5ddd69f178097a187c576f057751e68,1,Sports,1,Sports,False
101290,b91121d71b3c9ceb3ded3aeb292b80557521b983adbdec3284442eb0effb0143,3,Sci/Tech,0,World,True
101308,f6672a9e07ad9aa2852233ae84cbb401791c5db34afc8d06a84fe4e31098372a,1,Sports,1,Sports,False
101316,b309c3459e501ec5f4472b62b9210dbe77012a9f7e365ed2b35216c623f6f2fa,0,World,0,World,False
101337,ff6ea7ae23f4c665b946cc63266653d6bf8c856b221aa4d2b7ee2f98204e1584,1,Sports,1,Sports,False
101347,0245cdd369f80a25ecef14571742eab26384d876c650348063a07e0c97c66898,2,Business,3,Sci/Tech,True
101361,6d7a6d9dc13380834d08bb385fd78b3374e0007385c9eb2e40289c027a407af4,1,Sports,2,Business,True
101373,4d9a6ca0e49823493c162cc1548a52b3f725467bdaa81996c065acb80f1310c3,1,Sports,1,Sports,False
101418,a0184457562a68a9ff2da523fa2486af8e506631e75997ab7ab89a8516b9d614,0,World,0,World,False
101435,9b8db6e0ca977c01cbc03bcee290688d2303146a1fc372fc47eb167a205c81ea,1,Sports,2,Business,True
101452,d1dd296ef31aac85a28cfc538e72c46f95787f477f61c7766363f7dd1356b54a,2,Business,2,Business,False
101463,61b55464ccaceacea888c881f910df3c0df0d8466f2d6a26796de4b9b24c9541,3,Sci/Tech,3,Sci/Tech,False
101468,dea9506f23e1fb9544f2fd80b2c521cb3a077358c2173f67d276425e25ad088e,3,Sci/Tech,3,Sci/Tech,False
101469,0ee1036a35053d90b12278b95f8b54dc1000fa290a7f4692642772f6951477dd,3,Sci/Tech,3,Sci/Tech,False
101473,effcab39eafd70f1c00c137dacc000a6fb61c80aca0ee60df9243ec852e0fde8,2,Business,2,Business,False
101484,b8e3ef47f09c8b2d28ec67a83a90c9e7540653fab83e037266cca52357a3ac71,1,Sports,1,Sports,False
101490,d68c82b2cf5cc0292b0ff4c6628a5d9894d5610334c20352b74b05c3969f3e67,1,Sports,1,Sports,False
101495,3985d185283e3400a1a53dc4ac8abbf9a977085307366b35a924322dfb5c0c38,3,Sci/Tech,3,Sci/Tech,False
101499,49dcd897232288d7c3d697e67d9a4b58327c73c11b88722d70de325c942a0815,3,Sci/Tech,3,Sci/Tech,False
101502,62a3e4e8d87566898e2cc5b26773cebe35cc5d07e180b10abf961be634993204,0,World,0,World,False
101514,75052733924c2e3b0e8808d8185f6f23921bc3038cf9ba393d3f058d4c0e58c3,1,Sports,1,Sports,False
101516,d50b5437526367e053a407990af7b00d800a3f724602d231f6b7fd00b5d9cb22,1,Sports,1,Sports,False
101517,2496e4e84d608fe54568a1ec26b18ea8759031b8ebd63105964bf6fdc0507b34,1,Sports,1,Sports,False
101546,f56f72be84838f4cf47f70b817b6772a27847b6d587df50e1db22e9698602c3b,0,World,0,World,False
101572,e4f82ccf2c7a49951b276f8e5324927f98ae4a59010d97d718cfb18594f8e723,1,Sports,1,Sports,False
101576,123cd232dfbf1ccb23e8677c7b3d88e9d7153e070613f8e42d99c7d3cc4570e5,2,Business,2,Business,False
101584,f5f2462d60a89997dd189c72341fd30cf9edf0d7bf7714a70b681e881194b2c5,3,Sci/Tech,3,Sci/Tech,False
101603,faa6965feef283dd2cf057b362122d6ee5b0e2f7f5e72bc452697277a043d09e,0,World,0,World,False
101630,efd6dbdb5ec59532cab47c347d432748bba2c6928f009a9c0817c9e13f4b199b,1,Sports,1,Sports,False
101633,caa91683ee2b907e77777647ed8c2a7f1a41ddaa7fa96af14c3d323140eafcd0,1,Sports,1,Sports,False
101638,c44d3fd7c17ad80919d57a047ff25620c145cf194193f2c460814911d05bd68a,1,Sports,1,Sports,False
101656,848ab22596856a252ada6623b0ff7fc88ba064ced0febee488ac6f2a6b7dfbd1,2,Business,2,Business,False
101676,7da824022138c713120b23fc01e3352bb5b52997a65a826c6b35296bf771af54,2,Business,3,Sci/Tech,True
101700,d3c3914e0da87ce470b70d4e28415f064123943fc322462f7d8bade2dcb67a1e,0,World,0,World,False
101743,3c08457ca12d41a844e5eead3776bf2009f1516e16c616405b8b01b8157ebb3a,2,Business,2,Business,False
101745,d865604aa7830ea1d4551c1351f5e3621cdad8f1aba1c4813bf262acef5b89c9,1,Sports,2,Business,True
101762,2243959b8f05f6e82e058aaf658d9a6266b02bc07ca8b9fc700378f78d45185a,0,World,0,World,False
101780,a73f76b0944adf25789340bf7067b298204573e6595964a798fe592a32c7cfcf,1,Sports,1,Sports,False
101781,aa891a810a35715feac2fc2f231704133562612bacb6b57c7ebdadb64646f54a,0,World,0,World,False
101856,0c52b4911662e7a1c1d479c63460f4c9d7def2edcd399d287c58e2fa86cabdcf,1,Sports,2,Business,True
101859,ad77f0cd9c6641d7ed66bb524f5278def1a41c0f86fb49a331be272843bd50d3,1,Sports,2,Business,True
101872,b65a5b2bdb0fa8da2491cc453d69faa792f3270a6e2956827698c2ed94fc2274,2,Business,2,Business,False
101880,ba2d288e8cc92d423915cb0b83b37e5beca9a67ae5875e6096be3d42e0944798,2,Business,2,Business,False
101888,e45928c3087253b6b188872904721dc8c67e8851de980f706c28d0bca5e6dfc0,3,Sci/Tech,0,World,True
101916,93b0f2e43b753391f71a374e716e13ee8007c10632a7356f2814e22bb9477a02,3,Sci/Tech,3,Sci/Tech,False
101927,5801a9d2d9a9bd8e6311a8b7df5bb881e6a487560bd342dbd6beaee355ac52bb,3,Sci/Tech,3,Sci/Tech,False
101956,bce8d3814093577148fe5242f5fdb6f12b81778491f159c0db3c7df25f2fec3a,1,Sports,1,Sports,False
101960,0ad1ef75dcaabf02032844ecf86ac6b158de2aec8c51e7f5334ac81d2400d4a7,0,World,0,World,False
101969,2475e8ad228a1d3069c89c7c1443e2c92e1ad1718abd6419215a779265222287,2,Business,2,Business,False
101970,2bfc13ccad260955822346203afaa882559338581f348f45e72a807c84f98fe3,2,Business,2,Business,False
101974,5f29d2aa36725d7bcbcf39567f5b9e45a93d660882bfe7f62f02fa698eaa715e,3,Sci/Tech,0,World,True
101992,892cdb7de6442cbf4179af3d2be5e1b88e690113de66b6075bc31335c1cd3785,0,World,1,Sports,True
102008,d4f4b0a97fbf0c28ab557bc5ba3e63f011cd3d190a0b541ccd7dcac86c73f3af,0,World,1,Sports,True
102015,a69a65ae1e62c1d95677e22fd2ecc75e78ae9d19cb9d297f49a61a12281e2755,1,Sports,1,Sports,False
102018,6505d640f82f4f52aa5eda3974c99e07d4da1707798fd5c802cd39e41a68c3fd,1,Sports,1,Sports,False
102034,cce0476b242480b13261f39fef804276c5fb88ec41414f511f3a6e4ca0e7c6ba,2,Business,2,Business,False
102038,d17f1708bc7da97d28576ea9cd849d1d88cfc62d2b17d077da53ccaebaa5215a,0,World,0,World,False
102063,ab1cfc9d6560decde96e3091086e2cf46961044d6db259ae38e5ba793ae7a135,0,World,0,World,False
102065,783efa556b5de972c4cb117f6a07e1402fe06f902f4f241921c5a22f274c19f8,3,Sci/Tech,3,Sci/Tech,False
102080,9335ea35a8ee5a97e2cf5e4fdf869cbed98fe14c4cbd105145c60c1d8073bd3f,1,Sports,1,Sports,False
102094,a9a056e161c768928a3855c948321b697f7fb54fdc48b73635986e001c8ac46b,3,Sci/Tech,3,Sci/Tech,False
102097,4dae5bfc916d902b29405c2a59b3d3c246da4ab4331edf1d709b25c0372e0c6a,1,Sports,1,Sports,False
102104,c79ced78fd48fe054c1addfe3beb2dcc62284350c3af3dbd6433e88b0a9ee94e,3,Sci/Tech,3,Sci/Tech,False
102121,6c36b6740f0bb3b4ea521d9ddc07e3d539d5ab3d802b801be91a550db8ae1630,2,Business,2,Business,False
102195,94dcb80df472d26f2d0c8630bad2d264f4a06864fdfbd06a956bdf9a73a6da67,0,World,0,World,False
102204,c17ebbb4afe70e47abb52cf3ff1a286307fb559e3710dbc99cba70208748fd11,0,World,0,World,False
102229,2be541ad9bf179406cd21d6a97ab9884041f80dc9ac29d1e9229e3a310d69108,3,Sci/Tech,0,World,True
102235,22ce4a1f5b444a4cd73725064ec85d994527efa74d5da14d6c699c6992d73040,1,Sports,1,Sports,False
102242,168bfd9fd2331a560c156f11a180003858364e08ec8ab4dea5900449855f6614,1,Sports,1,Sports,False
102258,a7fcedead31d439738edadd7f8497846e4077117a1c75d96d2433e656c17f558,1,Sports,2,Business,True
102260,bf9b32ed93c3a1c71510e5454125274b61819b3a70d7ab056f94b4c8efd180b8,0,World,0,World,False
102263,5679737f9ad974e8a8ff45bae3c282c12425f6fe73962a3753980f5e14d15534,2,Business,2,Business,False
102278,e331c734fbb349f4c80a688e6d4ff51bb8c69a54dedb3a8c04658c6945175ff6,2,Business,2,Business,False
102286,604be567180fecf7c18a3e3b3b177d104c80de7bcb2f10e40033c76b71383db1,0,World,0,World,False
102291,05f496f6fb4940335219d53b64d6bc0c0acd02ba41135464c9f18dc9e4353b59,3,Sci/Tech,0,World,True
102318,1ba73cd577c18b3833a8abe7b7250bf99c76d18b23a8d5ba89f3abfd1fa8ff7f,2,Business,3,Sci/Tech,True
102329,baba6aadf0aae7dc9618bdf6e47ea1df1e49c617f24e4840a28dad7bc3aa7cf2,0,World,0,World,False
102342,8e72be847bd31ae051cd87d0f61c585989e5f0f98331bb2c6c0eb254ac2a9d88,0,World,0,World,False
102348,838754d6e500a27e6ec32dded4554593ad55bb93b7783539ad2e332926f473f1,2,Business,2,Business,False
102350,06600ebc7c146c3330aa7f129d360aec3f686b9530138cf1c83e336a07a80b2a,3,Sci/Tech,3,Sci/Tech,False
102354,6c758e2606ada827e30f9037e4b90c38b328b12a64e154f297edd561bad8281b,0,World,0,World,False
102413,475d3176f4f6ae499446a8f6129d3b9de9da9fa2826bc8256c16231ab08a0ce6,2,Business,2,Business,False
102427,662e83bb88c2762a65f3bded93b378c2b141234ca38e6d7160ef2e61bbe0cf9a,1,Sports,1,Sports,False
102428,cf264ec7a7a6be1c06716a49d177ecb2525314a813f02fd3f6ff1f5c17c36768,1,Sports,1,Sports,False
102431,3e808cccb9b25afbb198527efbc4c6bf9dd38018e955337bf81b97fcdd0c3d14,1,Sports,1,Sports,False
102446,040299b5de4059716d9496d196861215b8b6950477b5b6f558b69e3432f0d834,2,Business,2,Business,False
102461,f20a69a94267543f82f83a02ea94ce53f64dd7e770bbba8779ba6e273b0772c4,1,Sports,1,Sports,False
102468,2dd16dbcddcd7679e9eb5daf9145b4770ea6417ad6259a16c2cc993f52cde2c5,1,Sports,1,Sports,False
102473,65f38ab5d4491848e7b6db9ab5e8200374580674e4747eff839e04ee58bdcf40,1,Sports,1,Sports,False
102486,e48130114c89cce07eb678d7178e831418e659d11a45be1086bad4782fb27237,0,World,0,World,False
102493,050b7bf875f83bb9f9fd0c7e799c818f1c71183818e2f7f4cc9cf8b531c944c0,3,Sci/Tech,0,World,True
102560,580afa897bf118c3cf89582c4f373a73822ea192088e919e64e4beb3a58483a8,1,Sports,1,Sports,False
102591,8184351c1cfeda7451eb0366a83b63b8c5e57beedfbc26589d2a5aca1735862d,3,Sci/Tech,3,Sci/Tech,False
102605,7c748221a25b0e5a4ba9accc81d280de964aff4f71dedd644e6388b278c96750,2,Business,2,Business,False
102607,be9831fc7ea8a130b8edc3187ace234593a0377619c182baa0c76d2cedde96c9,3,Sci/Tech,0,World,True
102634,4e5784a85587769e38091a9078788f5bd31b5cacbb4c4ad057c940eb88a59b28,1,Sports,1,Sports,False
102640,75d6856cfc58d693dc41a1f97a7bc60cf82f014a75f043e9c8be9f436f1e1919,0,World,0,World,False
102646,5b5549327648e5eb404c455a4e2c86160a9d66f299e093ed142b058c42efed73,2,Business,2,Business,False
102667,1223525726de1b6a3870f18c0a60097b91564dc63e665c97db66268e67ed93c8,3,Sci/Tech,3,Sci/Tech,False
102668,c9d951fe60d92efd1b4162feddef15eb99c62b8c066afde0369c15ff65e82bca,0,World,0,World,False
102681,e17f33a2b194097075bba90e11d671cb6ad01f96a33e312ddb1356390568c106,3,Sci/Tech,3,Sci/Tech,False
102683,23c4f8624d6691a8ba70c212fa900bf0f198dd347614aed6c5fbf44c410d46d1,0,World,1,Sports,True
102689,630d977294781893772be242b6582031b5ed40af030f763c6d27e7f1077132ef,2,Business,2,Business,False
102701,76fc0b768e661cea970389d3af4734309761d5e1ae9cd7a2aeec255234ba7273,3,Sci/Tech,3,Sci/Tech,False
102710,b359ce8d841e9b90cbc89d40f31fb9bea52a189864f7668004e8f539522847f0,0,World,0,World,False
102761,616ec4dd0dc4c4ba68b5ca438d7254bfd3e5bd05148438d77a41887738154dc8,1,Sports,2,Business,True
102775,bfd71ce7e22ff5e8ef5a9e716725e291810d8a6fb34d49ab2fea78135a6059ff,0,World,1,Sports,True
102779,1405374e75aa28186021e0479f8bbfe634679c39f545e55d3ec3b8434994be74,0,World,1,Sports,True
102788,a99fc01d90ca5b2b887d0a2e11642a4a37b183563ca11cdfda210a131c11a6ed,1,Sports,2,Business,True
102812,41fa11f8a050dbd9dc4038ed6f2baf07d48c1b15b169561f7de01eaa8f3ebfc1,3,Sci/Tech,3,Sci/Tech,False
102818,b140be5025ceaf76a6a5fd751c7cc202648629694b753372a4118353f0385f4e,1,Sports,1,Sports,False
102828,0a6955d3560f13e682714bf756cf222312788233430f742d7e20c20f8f3fbd57,1,Sports,1,Sports,False
102871,0b5567d597748a439f48893c29fdd67298680eb585d955a3a45ad9711ff9bc93,2,Business,2,Business,False
102903,a036788c5713335891a25ce56a2eaad88f3446047d8214eebe882f2d9561bd66,1,Sports,1,Sports,False
102940,42b5f82a51f813522957750638cb90345bd17eda363a07371ea6e5916df30f4d,1,Sports,2,Business,True
102994,5dda8d08913f722b82c5113a28e87319ef8c24e102ee591f190ba0f2a8c0540a,1,Sports,1,Sports,False
103005,30dd2ab84b041a392a159921af2f23b5dd2b047a07d53eb8dd00188573a6559f,2,Business,2,Business,False
103018,478e5f3fa560f866d00b2daa0216b2ee7b95e58a2094cb7d6f48e3506b022127,3,Sci/Tech,3,Sci/Tech,False
103021,35fbc23633d6325e760c82a4f378bdaceeac4dc492a46299b7293ded76f2a01e,0,World,0,World,False
103034,d9fc4413885ee7b80c47c60950cfc34acb37a668ffb6c74bbea86e1f5b43fd22,0,World,0,World,False
103035,b0bb17ffcda366e29b06a5d965db7931bde34586d6a284f9c024930835f9457f,0,World,0,World,False
103059,3d0c53e0b41e4f40800bcf9aeb0587bab67cd8d3ec1f689c56684579f6082442,2,Business,2,Business,False
103075,bb87bddaeae86e1a692a798fb98ab53502e721b3de8b108aa8b67bc57c7cdec6,2,Business,3,Sci/Tech,True
103079,90f9547373cfb2df416d4e6b5bede41cd0b9133c65242919f47fa979b8ca60f4,2,Business,2,Business,False
103081,e8f235d152ce9c034add268c12ff0f8fdfc43c1a5fa90ffcd6503ecb1feac86d,2,Business,3,Sci/Tech,True
103088,116048fe1dd480946c7cc955a8fd6e946062c3ccb9259ec001138e8c2661431b,0,World,0,World,False
103097,0564d76209f3d4cfc38ed6ab469cb8c7c876957aba64ca47e0c76653e5980592,2,Business,2,Business,False
103122,09fb1a5966045e0055a5a145b0409ffa9755dc19eb9b39c0539e9529d51e59e5,1,Sports,2,Business,True
103126,7a713b08256cad67a32b4b8e750266489c1290643908374a7f692842a7af120b,2,Business,2,Business,False
103134,1b3d2110b31f170a02cf4f4a6ec3d34e27dafaaca80763486ea92c88449e1633,2,Business,2,Business,False
103138,e4c961fa84376e6a61ccf6c9f064654d91dfb8fea9a25dd42f2ed0e99b2eba70,0,World,0,World,False
103153,2e92d927cf64c6dd60928e87c44642d1275b1d493167004c3432be0e519d3cc3,0,World,0,World,False
103166,3106fdb178e53229858373709440dec930928ab99d084806640a4f6472db9f1f,0,World,0,World,False
103173,9d885dac4140cf250b2a0383181b8edd3dfe5cee572cd6508d2cea6de79a18d0,0,World,1,Sports,True
103179,a5afdd32e2d3f26135201276366aa395a8a0642a3efef3ac2fd694a2cf27c743,3,Sci/Tech,3,Sci/Tech,False
103184,fbd4920f7100d09ee80904697ac4e0fe9d7da697a914eba76f94abe16716b5fb,2,Business,2,Business,False
103201,c100cd00e317c2bfeb68e739845271611a23f178ea8f448527ee42ef088d6a4a,1,Sports,1,Sports,False
103203,959f101359512e0b049f074c0b8c966256c5b9cd41b6f543a3b9c7a24cc5e861,1,Sports,1,Sports,False
103219,1d3830bf705d821fc9c42608e9670d45d65c10e177aae8bfa682090082d28346,1,Sports,1,Sports,False
103234,8ae24d24ee98106d24dd866ce9b1d55b86d995db1bb5b73a00b321a098d13725,2,Business,3,Sci/Tech,True
103243,a10ab63ca51ddf68956fcfd09d848d9dbb37c421d83bae69de97c3002d6884fd,0,World,0,World,False
103262,a6981ff8e9e1acef183e79fe69ed5997c1f7ea8f779a2045cf286dea31ee6f56,3,Sci/Tech,0,World,True
103264,4bef53303bec7290b737397b524fc9f2f4436442b14ab00e714188521fb31733,1,Sports,1,Sports,False
103269,1853b5057dacf01bc21e4943e375f13dcad2d14bd51e585b42cd12c71d0a2ab2,0,World,0,World,False
103275,44b5c468656d7c4eb36ce68f78053fd22cd87ba6504338eb1d470504f011d811,0,World,0,World,False
103293,b7e5271c31c2f7bea492b6cc66c27199aa9fb23dc3f57c878e85aa74da71b5ed,3,Sci/Tech,3,Sci/Tech,False
103300,b16dcd9b46decb194e2ec5fda52ee9514a16d1a37ffc2767b9f4d20ec72b28f5,3,Sci/Tech,0,World,True
103305,82df80dfe89dbf52809632bee5da67e23c39ba9e8062ab829fd6456789651c16,3,Sci/Tech,3,Sci/Tech,False
103307,251d376e2df71b95f66bec1c6afd0ca018013c4e68d5cb1a3c5fb985f03a3efd,3,Sci/Tech,3,Sci/Tech,False
103321,c5d132af8aaac21d2e359cc4ba7645ea5ec8155c5cbc5f945766b3ca9a169884,1,Sports,1,Sports,False
103323,bd404f1547cc531a857c7a99a7562813f4e25800fba763bd140febe900ea58c0,1,Sports,1,Sports,False
103326,8ae72447fbdf026394c2afe7e374e29e8da51ca970b03327190c6e938d924151,2,Business,2,Business,False
103356,79d057af92bdd29d905c203075297013a145901228cbcc4a582e8dea83376894,3,Sci/Tech,0,World,True
103362,0c17ccbfbb2c1ab709d6ff0fff3ce9d2916f741472b3ca3cf6ee35446f4f0108,3,Sci/Tech,3,Sci/Tech,False
103369,d6109d60607daf09359bdd5d3609c2632abbaf9e1eebd7b0c5004935e6448e5e,0,World,0,World,False
103380,c51c6f6913b380cab3e89325fa5c218f7b7cb8b89f25cfe21780fcdbd6db96be,1,Sports,1,Sports,False
103409,c2dbacb85ecfd3a6531d55e0a135aa8bd8eab056bcc5cf86163fcd8182717654,1,Sports,1,Sports,False
103423,ec5702aad9bb3019ec592aba8af8f9e6e71ef063b0b26fab5702dbfb9f2dfd36,3,Sci/Tech,3,Sci/Tech,False
103448,d7563cf46d495232e2fa8ba2171c1c36b97b8d6f8e59c1c0b33ab014b9c33de0,1,Sports,1,Sports,False
103451,a6ae29910dceebb0394bca424f06d129093cf1b826bec05e172f406ffcb2a301,0,World,0,World,False
103457,071619e469f0f2075277a5ea99913ab3eac61d42a0175b935dd05e2598966f04,0,World,0,World,False
103460,d7dddbfa1eba6e3121c90b6efb0cdbcf60a048eb57c5b0729f227586d77695bb,2,Business,3,Sci/Tech,True
103466,4af567e6bca471cea543683760453b8b3fd0ab4ebe640d5d66544d144043916c,1,Sports,2,Business,True
103513,017b84f63133a855393c3311e6b9d381a2b93b02bba94514c1f96734f8f3b6f0,2,Business,3,Sci/Tech,True
103516,fd9e74aecbe76438d95bcca96a9a6bf94e11a9acc9461a4db6d66b0641cef239,1,Sports,1,Sports,False
103519,d023225510fb9098d90e85ca44f58365e6dd0a8f29e226cbae8e705ce4a3250c,2,Business,2,Business,False
103531,757b7ce06da4fc6a7ca3f6847e6eb11f07e38b1df118f2b0f5a62e5549fb8585,1,Sports,1,Sports,False
103541,e75f42c724b7506c2a205163ac903d1b979c1bda5e5b8db533083dbb60c0e3f1,1,Sports,2,Business,True
103549,fccc17d4d4a531234fa53e126decc9efcad67434d2a5b340aae380859067e8ea,0,World,0,World,False
103551,897be7d4d294eeb65c165f92a4da047c921ed5f1f292dbdf827aa9bc41834084,3,Sci/Tech,3,Sci/Tech,False
103565,6cfba5a9e264184ea94b73f77b582b40e14062c524923daea92fa4ceac912f28,1,Sports,2,Business,True
103589,6e5163b0018ec5358e8a3e6f4e3f74b5618ba0d94b20978957a5e2270ddd7f4d,1,Sports,1,Sports,False
103601,85df4beb17f174009b1a1cdafb3029ebfdb3fe1e3f5c418e8e6f21dd9450f6f1,1,Sports,2,Business,True
103632,9e81ab54bd5b2ec2901c46b3d529cdb937b107009b407abdf34be52943c3d1ef,1,Sports,1,Sports,False
103637,ddf83c15388c47f084a9dbe726ae24e462a19d923b67f99a647ec8b8d0f6ba9d,1,Sports,2,Business,True
103642,9da5453b3a0e1259eb7892a0c7d47ff6fa08f01be5eeec0478ced6fc71880f6d,3,Sci/Tech,0,World,True
103654,d8d70eb641978b7bc6e5e16b577ad420d34130b458ac3a69e1b717ac4406b65e,2,Business,2,Business,False
103668,45d44d1ff80567e5ff138db921cc85e4502dc7876528cfcddbf83ea92dc2119b,0,World,0,World,False
103691,2f92555b7ea73d3c8c841cff9d83dda0ec51e6913bc2d7710f6952bde5c3a2c3,1,Sports,1,Sports,False
103692,0d4d5d3c8457ea9510bd37ed1e4427a0dc171bd296058616c1cf9a9246b6feb6,1,Sports,1,Sports,False
103695,5b20837fbebda044789c6f15fad29da001e67ce8b45dfb0d764731c8744a6328,1,Sports,2,Business,True
103711,5df221f998659b48edc1ee6429fc869ce95d1e85c47ed88eb6b8d937fd91adc3,2,Business,2,Business,False
103722,201bfe9751c3e95bf1ba5ed2c67771d94591f895b450a3d81abde45720a099dd,3,Sci/Tech,3,Sci/Tech,False
103723,155efcbcd8ebf72a050e773dd3ed61f206bebd70786a0788c73d0e240e8aa031,1,Sports,2,Business,True
103731,9e382a654385b3c733d36eda2cbc63b13020ada7d16b4b50e95fde88bf811c30,1,Sports,1,Sports,False
103732,6bf59c0f04bd154e1b644b9abb56a782bd26f61eeefd79bb33542eb0d8751ece,1,Sports,1,Sports,False
103763,3c382b96e8c116aaea086976314afa4b810545ee010f8110b4971026e43927fa,2,Business,3,Sci/Tech,True
103799,4c4fe7ae3578192bd0feedc8a32b2a86aae3501a8f43eecd529b0682df6efc21,2,Business,2,Business,False
103816,c1e59a54aa85f48abb6f243fe3311b7b0b2c75aea437b7dcd788894f0fcaed5b,3,Sci/Tech,0,World,True
103831,10a0b48f1970744a6e22675e60e86d8fd8afdcb34a748cba20923405cc1f8d4c,2,Business,2,Business,False
103840,ab8f7a5264f8f2041dc27ef80bd95b42616db06afdb5f576187f3cd8c72e7acb,3,Sci/Tech,3,Sci/Tech,False
103847,5de84de15f7ab1cee969e5fc0aa0668dd6926afb222065a6aa7e7cc785bdbb62,0,World,0,World,False
103865,61ebba782b1d10034720d80b9a4e3d8fd3eb6103760ae3d92310aa7d9e94836c,1,Sports,2,Business,True
103868,cd6be0c6407d4067db259aecd5e8c1cfa927bbfeb1e1f7f55365584bc4169d9d,0,World,1,Sports,True
103906,40c08fd2ced0980c82315aef983345e0ffdd349ec5b2e40f58d40417b112b8c4,2,Business,2,Business,False
103912,ac0faaa8f9421e3b75d9d0f8cf73c3412d431f3a5ac1a806021cba23440d0c80,2,Business,2,Business,False
103914,0a33404eae91f09f792d19e5b7df24da40a703e563d780247ec3082f0308115f,2,Business,2,Business,False
103915,67f4e04cf9ba800da14db45c22e78aeadb6fcd8e12181c7c2d5bcb1ce624b172,2,Business,2,Business,False
103940,8dad2ec7a44cb02dc62da3edfa546516e5b07b9a2f2a457f45511c0be885050b,3,Sci/Tech,3,Sci/Tech,False
103953,f6e323fb92a3989860d186dbc40760bf75e55e72e93c845689090e8281dac8fc,2,Business,2,Business,False
103955,7384b855ddef201bb0ef8a7e985fb3e05f385a15d2012a3977fdb271bb70bd85,2,Business,3,Sci/Tech,True
103959,4b1da96f13f874d186acf09155ce8ab10b76a4c55060dd169edc114f02a8fe84,2,Business,3,Sci/Tech,True
103970,27068744e2be376caa8af2c8b7cb883cf87acc90f34b8b68ed6a019679886cad,3,Sci/Tech,3,Sci/Tech,False
103998,17b4719a8d7e4a49900f74e27c45ef39952027db7405d106204dee601414e30a,0,World,0,World,False
104004,fa2973f87d05c99bcb3ffa1ad4f8ceb6b8f6fa377530279b238d297d75c20426,3,Sci/Tech,0,World,True
104007,232c08f486d169fd615fe04c0f7c45f080a26d986f2b61d59f57bfe9cc8be24f,1,Sports,1,Sports,False
104015,a7b11323b4cb32d68108cca87c7bc6477a2e79258385223bd38ddfc9e3c89937,2,Business,2,Business,False
104028,a22fce2170258fcc1c96bf0706b4be59fb85d8a2be73c0b012addd4484e2fe13,1,Sports,2,Business,True
104045,bdd34e2de3f1c95411084c88621f6965a8e7d9d2d4556fde825d2583f13ced79,0,World,0,World,False
104057,e82c006587d414c0c4bf5e791db02a8a7fc675e1d253edacc340c4bd385b07bd,3,Sci/Tech,3,Sci/Tech,False
104086,6a41162786ebce901c8a15e1123012b6fe65fca6e4b0a18585277e672dd171d6,3,Sci/Tech,3,Sci/Tech,False
104088,2ccfad106940e4728b501215d9db6dea7d3b4e4a1e6f163635c85595a5ae71b6,0,World,0,World,False
104095,8df3c6c1a485eaafa8796825afe82d3d766287e276b7173eee3ffb83b632f0a7,2,Business,2,Business,False
104099,81cdc4c90c6ba0358f18dc69b1d74baf491a7c504da4ebeea95c4428e414c283,2,Business,2,Business,False
104104,0e8e2b3254039086d8df89bbcacf8917a88793ca289e5cf258eccc99411c13b3,3,Sci/Tech,0,World,True
104147,a3ca0dbebcbd4dce7e3ef28599f3564a137b1b66eb1f3dc36446bd890741e314,3,Sci/Tech,3,Sci/Tech,False
104149,ef75c3422e23e2a69bb0d83c27e05095d27c8a73bc9c667adc81f060e4470fe0,1,Sports,2,Business,True
104154,6ee6a9e2d2928f99181e14ea6551450c2f76ef3f225e1a782b5ed012934f90ea,2,Business,2,Business,False
104161,945d915f3f69d19f6f0cecc13faa1ed8498e658a187fd5de7abb2793bb4b7100,2,Business,2,Business,False
104175,576c8c17614203b3afb182caabca11ad082ebaebebc6e5b9ac503aea67c3e5c6,3,Sci/Tech,3,Sci/Tech,False
104183,2e1a81ac2cc3ae2e4c64d7156b01b0142f00461acd31b17a78f774edae0b06c4,3,Sci/Tech,3,Sci/Tech,False
104186,54086fbd9d658945f963062997fd7485c425d3aad1d4d6161d7fcf9033326a1a,3,Sci/Tech,3,Sci/Tech,False
104194,597bf8d07d580417b4ad5c983701d808af707e0f02b4cd27dc02180195fb9f27,1,Sports,1,Sports,False
104205,eae8679fac13ef6ffb47d09e32ba54523aa19d385edc24769bfc1ce2c1bf34f0,3,Sci/Tech,3,Sci/Tech,False
104206,4756206c7f7e783f471772950b9494f80da4fe81dfed15a9a5c6c2c50fb465ac,3,Sci/Tech,3,Sci/Tech,False
104211,73bd2f969bc0d579aa0373822c0b818de650e81846c6619a52f76a19c2f6b4d7,2,Business,2,Business,False
104247,a93fc5547e13df220c7121657cf4d79313597d020f7286bfea6f1d40ff58b750,3,Sci/Tech,3,Sci/Tech,False
104260,9ca9a8e8deff9aefc11422dc8371e9f656600187e8c6984c96d2a7d9564ec84a,3,Sci/Tech,3,Sci/Tech,False
104276,ba585f9142907ec0612dcf77bf0df7c2d0f35f3cb89473f4fe5976f0c08f0882,2,Business,2,Business,False
104282,f0c41807e7d64f1f24475824a12c038ae610f690cb3a9b0182a6c1b04f057f0d,2,Business,2,Business,False
104288,93398d7132c74a286190f65769bcf903c3188938162e9055fb3ced00fcadb750,2,Business,2,Business,False
104304,17141a9911c858b909c5fa603ea08ba94c7cbdbaf0c657f33dfdd3b46d0f2ab2,1,Sports,1,Sports,False
104324,39cc8aa87d7edc012227a06501c4bdd758111f04ac86cbc5d57637c3bd613493,0,World,0,World,False
104340,fd3f73b246e4b71bfe76ffdce5b88794a52bc2858fbf5304af01b54815e3c084,2,Business,2,Business,False
104354,441ccc4762e17f206796b902538bb125d0a8f56bf4557330304b1b79436f5a4c,2,Business,2,Business,False
104363,26ea5c776705d323817cc5f2c872b27284d4d9de8ef82e1968e467baa26913b4,2,Business,2,Business,False
104371,0dcc9a8ffc6f7fe82644626badff21d5e933f6f58994510aeee484fa2c054712,3,Sci/Tech,0,World,True
104383,bcbec83d7e134cc179c04b75a798e85f76a2440d85a69dd56f95cd2595b09999,3,Sci/Tech,0,World,True
104384,a2002a3a30e9506d83f82ede3a48c08c53d801710758c4edf688701fe4755f02,3,Sci/Tech,3,Sci/Tech,False
104404,e6e17c826025e69dcdef75f5197c01b524d259c3f81aad5b2509f12839a7bc48,3,Sci/Tech,3,Sci/Tech,False
104408,571296f8da2cccefe3c93638907a55173cfecde4a52a875804c23c3202adaa85,3,Sci/Tech,3,Sci/Tech,False
104421,94d051ffe9d6f72c4c76b2b376ff68864d961f3eaf4a70f8cc0523ebe9ec4ecf,2,Business,2,Business,False
104425,b0abb1fb10049155dfb966827c4fe44aa0fcce4b318731e9a0ef72e2ecb2d028,1,Sports,1,Sports,False
104476,64d712714e5bcff96317c9671d96514869dca93a66efba9568b8a0819104f600,0,World,1,Sports,True
104478,37059410ad4b0551907803a3665621462886d882e1fb8d977f0a5114aa67a1c4,2,Business,2,Business,False
104483,c0c5ea250b2f16efba8294b5ba54a51d2afcf918dc85dc8318ed48cf5c41a740,0,World,0,World,False
104494,af0213f6ff2088ddad5db9726bf534433096629d728c606092d2958080356273,3,Sci/Tech,3,Sci/Tech,False
104506,c7407bce6d19fe16d166d38d96c26e71e78c6e9c7f268c659805dbc41e1cff74,1,Sports,1,Sports,False
104507,1c9ec20657a8d73bafff6d9fce2171fe555185aa5cea22624ef9eeed518902b9,1,Sports,1,Sports,False
104515,849570d7420a9657389b714309f9880258d8c35d0796e1c1e3ee9a8acd17a3a5,1,Sports,1,Sports,False
104527,5280507a2511e1d0136f532b07bafad7f614e20bea1562efc7e1a5c4b12416c7,2,Business,2,Business,False
104530,97cd29984b7e35397158a8058bf66c501082f0740cf98318c7750394e901e355,3,Sci/Tech,3,Sci/Tech,False
104533,f356ebb710db1f224b0697d0a9306854f0d175fcf23d4b8b6d8f40b2e37b23aa,0,World,0,World,False
104555,01008d95e62edfa32b1c82edfbe1cc931922be209fc63ac8a9b17c9e3a99f6c6,2,Business,2,Business,False
104561,3d52ff7d44e04c0728c09c3b2d9c0a9b370ddd63c4761ec966111a5c2994ddae,3,Sci/Tech,3,Sci/Tech,False
104599,400ff74c6aeac8b62c44254eb96fb0b88ed4d131e835679da661e36c58aa5127,2,Business,2,Business,False
104610,544013a9bbb749168c71430b110149e0ad41b29c12aeba1aadfe0ed830a4bafc,2,Business,2,Business,False
104631,755fe1da049294e7af5fc69b2471847300b1bf03758fdfd50f581d03ed7a732f,2,Business,3,Sci/Tech,True
104644,74ee393d00517394c31b004e387e4be1cd696b814131e3fdbd8e648ad3ad3953,0,World,0,World,False
104651,f88f92a9223a66dff8af222eb1662e72a78f0384fee906c3c6d9f94e2560c059,3,Sci/Tech,3,Sci/Tech,False
104653,e06f7ed63c3cfe572c2784b230d0df1cacbb908e80aab9cb3ab62cd5a4a05181,3,Sci/Tech,3,Sci/Tech,False
104664,9d137deb9973722bbf4d7e26097da3bf59d549d5d3020b66def48089664203ba,1,Sports,1,Sports,False
104668,bce6b0b490acd22af9d2d57fead73dab402b06d37b9c709a6f1021dc31eebd95,1,Sports,1,Sports,False
104678,aa55a2604d497046a15005e344888c14506e7d38045141b85e5279f7fb8bfb11,1,Sports,1,Sports,False
104680,fce69536edd4ff13a77b737cd7665856274361e70abc5f3a726ca70cb84405b0,0,World,1,Sports,True
104692,ca59fa4b0630f0c9168445ecbbd2aaf58ebc91bdc24e4740c6a03545efa9d86b,3,Sci/Tech,3,Sci/Tech,False
104700,d56cba1f53b64406d9072e33acc06fa793d3ed8f3650f66ac6857364ba6c009e,0,World,0,World,False
104726,3c1584db30dfd02fc0a3fc0ce64fb6c26632c7f5ba9ab310902559740a8d07bb,0,World,0,World,False
104735,0e94089bd97eb01ad0960dbd612e0935efef83a37e9fddbc2090f84ece3f38b9,3,Sci/Tech,3,Sci/Tech,False
104754,72af93d039eb46e8872b1a08ac75031bd225128c6c4be8db2df67757fe539a4e,0,World,0,World,False
104780,6652fb5ec938df1b55a1779b247dff575bd799f072ae9d30d3db58ea54c34cd4,0,World,0,World,False
104783,bd768deba19bc7033fa15ee69d84a7e17426524770f2b630ffa64fa75ae87745,2,Business,2,Business,False
104804,ab550d7a98c1e37419c504b584770e992eefb61c5213152b987ba2207ed26f7c,1,Sports,1,Sports,False
104814,78ab7697f6cea5da428a4f7426b627e3a48c562911787876420653335aa83a17,3,Sci/Tech,3,Sci/Tech,False
104816,f803bbe0fc34967efbc6fef70b5b8e3f8f4bedee04fb554602f4f1a5c88ddf65,1,Sports,1,Sports,False
104831,6fecbb34792d788143895409ab752e9ff820e99e70031bb3a29dd5c7f85afcdf,2,Business,2,Business,False
104835,121149ef424d46401a3221906df0620e3a69362b348718abdf7b827ea25c1223,3,Sci/Tech,3,Sci/Tech,False
104841,ac41db90237e98b0cafb9605f621449c514184d7b2b2535c1a0ef4a42eb7d652,2,Business,3,Sci/Tech,True
104849,ebac7b5e56d4640ce81818eb03e89dfb32504a4928bb74d1ca9573d46b16bdea,1,Sports,2,Business,True
104873,3f3f273101c093eaca565369fcd67bba4a80746d7ba5f03ec4f30e0d9fd2efe9,1,Sports,1,Sports,False
104888,0cb4d4e409f6ab96196c0779f44cc3ece9149ea3067d63a69c71e4b53f78f265,1,Sports,1,Sports,False
104902,c34a4978f7979b69a5eca7c6be252154d3fc634a2b2389d602fe1de250951c13,0,World,0,World,False
104910,f71480231431343372979d534d82ad932505456e72aaa68095c326873c3f91df,3,Sci/Tech,0,World,True
104914,9b5fb3b647ca815b528a6a69182cc50eddaa6eea4201dc25367c1979304bfed8,1,Sports,1,Sports,False
104915,bb8b98aa4c3c27644422f7b772ebdf99df8a36fdf7ed6c6e4135412c5c44f8d8,1,Sports,1,Sports,False
104922,1cd4a090b702c1964b0e8e70d0fe9072ff5bfb74691d2e00267ff15a4b920b5d,0,World,0,World,False
104934,55f6f2a603363e28181110c1cfc99f224a3406f65259ad41fa4c45f4627bb7d1,1,Sports,1,Sports,False
104945,5c86641ea77df7be5b89f3d073431eb8e38a8b7b80f2872c94944cedf0972bd5,0,World,1,Sports,True
104951,e9d58dbc319468fb6f2820a27896b9ebc21b9f70d2788d693a52145c0024eb65,2,Business,2,Business,False
104955,fa459bbef6fee4df189957c888950f0a0cd6549eb96f4201719b7915d74c26f0,3,Sci/Tech,3,Sci/Tech,False
104961,dc7465a92fa0f9018d432f8dc62caec9f4ae7ed64af49fb3e7a34c8ca36e4180,0,World,0,World,False
104967,a9845c45fb67120f572f0b31361d5dab7b3153cef18fa856967d03b8166fb87d,3,Sci/Tech,3,Sci/Tech,False
104991,6ba7159306ba3bc75246d270b70b7dfd741c3e95f6c0164278d8d3bbf688501e,2,Business,2,Business,False
105022,5c1d1f173a6c2bb2b44499a58e8ad6451d18744f89cb59c0800e08836f7f0a10,0,World,0,World,False
105025,de36ad1c906c1e66fc2a8b2c397fb40ba81d73fde921509e183a767da8eeed7a,0,World,0,World,False
105027,f3bf3956bdc0f782bd4f4a9d51a8df41d493627731d67a08a8e3356186f087ad,0,World,0,World,False
105035,fc796e3b6dcad81530fce5716fce69069b403d3aa7939a44cb91c19ae8b6b10b,2,Business,2,Business,False
105046,b12654c883ff5160f3a46c3a1a42bcb10df4db7489d3d1cd3291a3b4664939cd,0,World,0,World,False
105063,f673ba20a6843561af227ee8ea2f734bbee76c06499bc7457b06a8636b5c5c1a,2,Business,2,Business,False
105074,2dc39f6dd08a507ea6c32540864a8e55c742f3874372f42f586482f7c9cb3929,2,Business,2,Business,False
105078,feb3f3533f23f955a8a22a27c27b16626b985af2761be089f6c5634f3c9b6c22,2,Business,2,Business,False
105082,335bcc647a076660ae32dfcdc082e4a3ef93ffb8e0abf3a796cdac282a85ffa1,3,Sci/Tech,3,Sci/Tech,False
105105,345c252a2b34bf827b2fdec72553efe684dbe9d660ab5e9f9e480878aa79eeea,2,Business,2,Business,False
105107,157eea06c6e9a484f1f9a33be99552850e9a911f7fd42d7c193131019c541f36,2,Business,2,Business,False
105111,b8e7237cd41dcdefa639e15a74dcaa2c0d44ea1639ca2481f3838343254b4a72,3,Sci/Tech,0,World,True
105115,1b8b1fa9af8971f15f593b533ed11b13e9eb066f6f0ba5cca8a09d981f40bd14,0,World,0,World,False
105136,2d2c34e3657d66cfa114d6e376de43602344f84f129bd94b1612b5faafe43e05,0,World,0,World,False
105150,a875e0d33036e161d8deaf40b4577c55f6c65b27b9157bed8f64951e9552d070,2,Business,2,Business,False
105170,e02ec7af72915a0321e5baf9b8ab944fff8d851abf82c3297b115b4839c25eb8,2,Business,2,Business,False
105201,f95ac89ce4514d7068ef8b5c37aef16e5666bfbbbcb26f9e72799ba298449ea9,1,Sports,1,Sports,False
105232,6a17d60b6c2c8c6bdf3b8335b7baa4237124856c2c40c79b4ced7358998d7207,1,Sports,2,Business,True
105259,dc1842d227dd8c8b067e2383478cccf02dd12439a4f537a37199da79a736810c,2,Business,2,Business,False
105264,0dc8bd0ad9364eed5a873b9d8cd49c9861e0aac1882c47cd2f5f6768d747f3cc,1,Sports,1,Sports,False
105272,33d80230fe130da3209cd9b056a7844ec6b0e477ad80e17bcbe5c12ca21e8218,3,Sci/Tech,3,Sci/Tech,False
105281,5ed1ef46688b1c13e678388603409b750b46559eb41e914376e3017c6e12d715,2,Business,2,Business,False
105282,a3e6121aa21416dfa46693f431379e5fd7f4909321bdee99ae5deff8fb7484ce,2,Business,3,Sci/Tech,True
105285,64ccbcb8a1dd020f5645dd5f93437a6f11b536d414d4d31815fa37e7a2b7c804,0,World,0,World,False
105302,176a23c39b31cf2dcf2ed1237dbe38072dbfe65026664579d9499d384133301a,2,Business,2,Business,False
105308,a8c352f8c3e763bb8757b5c5b59513d760c4c811288b274e06bb4715d7211c82,0,World,0,World,False
105320,e06573fc69c8c6c1424fc7e9ccd42b08f9d0ad4e8aca7645767e1fb8b6316390,0,World,0,World,False
105323,35b42dbd9910dacc19c6e150471ff29ff1c22a4bd38d6e8cfb541802a704c63a,2,Business,2,Business,False
105332,9f73deca869d62667f7f67b04c9efbbf78e105fd1848c740aae9cc72704c3bfc,1,Sports,2,Business,True
105344,623764e3f7c416fdb55a573f79b36624149f943946f7510a26456bbd0abd49d5,2,Business,2,Business,False
105358,284c2646ba7ad375bbd79cef277db56e28f325ceb0c04cf7bafacdcd3656415f,3,Sci/Tech,3,Sci/Tech,False
105365,916989a57dd1de706881b4ec24dfb610b168285612deaa9dfc3de1c1740cecbc,2,Business,3,Sci/Tech,True
105366,f26f4a460ce33c83f1e27f03739dfe95b84d34e3ba0ac7f6ac286daaad8ae628,2,Business,2,Business,False
105373,59a2236bf6ccc2d9871542732ec3cc22ec90f98cb9478cd4be1b0713d2176081,3,Sci/Tech,3,Sci/Tech,False
105378,4d8e082f6ee313a14012cd418324a2f39d81dc3978422504318de06e98bbf15b,3,Sci/Tech,3,Sci/Tech,False
105379,312a02c49068269e061ae728a016743b2604418ffa9cc3d79a46ba51a9646250,3,Sci/Tech,3,Sci/Tech,False
105406,979718d371b6c4a7ab59ed704b3dd6c99cf097c96ba782049ceff374ac152e39,3,Sci/Tech,3,Sci/Tech,False
105412,b8e2509ebf65a2f583a7f86d682dfcaa5f41f1485653ee383cba7ccef2adde88,2,Business,2,Business,False
105416,403d095bd9b4d2acca1ded81417914119da88abd195779ab5bb40cb0ba1d976e,3,Sci/Tech,0,World,True
105431,533af89c2f6fa2a0c86e93de07aa8ae9b572624eae2bfe7a05c05a1cf7a0c893,0,World,0,World,False
105439,48229f31076b15d4a66f7a44a57470391856f78433ad4f439caa3f92c48f3ea9,3,Sci/Tech,3,Sci/Tech,False
105450,f67cbbff8b72810fb038c455315b7f77d9991b6a15b22212bd4dad67148b8d1a,2,Business,2,Business,False
105458,a54c8b2630ff35b4c97a2edb7819da56d6270a3cf79805f8473294a3dff10343,3,Sci/Tech,3,Sci/Tech,False
105469,b286e9f7af5bbbf06644d84b4b452420c9894fb90a10ade9b785222813bf929c,1,Sports,1,Sports,False
105470,141d2499f2070ed7c9d169770ed6a79da00040ab49701cc0fc7ad7e5d8acad49,1,Sports,1,Sports,False
105480,d363d2789f00e7c030b18218f6b8b047caf5080e33f2986f78cf66921a58d854,3,Sci/Tech,0,World,True
105496,f46a893f4529d843d9695b291a8503de0104854b03672873d17e72b263dc0cec,2,Business,2,Business,False
105517,50a229fbd276e29c4e0b00ffb19f755b32e025feb6860582bc26fe1a06ee5e34,3,Sci/Tech,3,Sci/Tech,False
105529,d537aa6543277475e2d68e5cc33b0e6856ad27dc071af1bcace0815a5f70fc21,3,Sci/Tech,3,Sci/Tech,False
105560,78ff43084f7af71dd06253a868810311ea876348d2ce16dc7f1d007d451aba39,2,Business,3,Sci/Tech,True
105576,f082773ec77134d11b3b68f8d710b9fc66251e63152fe4feca4f00cc5324e581,0,World,0,World,False
105578,c7aa6421b9b78c084387d4d75178816335ec1d9d9d9836dd91041f219f5739fa,1,Sports,1,Sports,False
105580,b5a4882a1713fe84d669bb51d10c17df5b1533b1ffdea0509b9200d893b0e863,2,Business,2,Business,False
105588,d0f291259bfb3172cb64739fb4cc3413a0b22effd588692afc7cf4095cc534eb,3,Sci/Tech,3,Sci/Tech,False
105603,80952e4935b9e7ebaabdd4d751c7f240ff5bea959a894f5cd55157968484b80e,1,Sports,1,Sports,False
105604,0e4d6a5ec2e3d5bf45cf91639a670001d9500cba88fc54240d57971d07158846,0,World,0,World,False
105614,0570c5fea0062689412a9ec01884d274322a9ca15e38661ee8df03a019b7c6e6,3,Sci/Tech,3,Sci/Tech,False
105620,67ebf40ef27a10846b45b8dfd14d88a6ca0433559eb9299e4f35b506947cbdc1,3,Sci/Tech,0,World,True
105624,d7721b47f80b5eaed4225f161e4d6a94dc30626ed6f9971c987f9e43b2b902a8,3,Sci/Tech,3,Sci/Tech,False
105639,adeefa8667b1aa5f25fc3050783933df610a984557365c5e0d6f005f8d98d70f,1,Sports,1,Sports,False
105643,f199eb70aa9f567c428cb433a71be8ccbe7a3ecae7e85fd9d89cab1fc7576622,3,Sci/Tech,3,Sci/Tech,False
105646,ec95b9f7aec151af29cec3ce659aceaccb379bf839a160d0949f54f40140d12c,2,Business,2,Business,False
105647,6137f1c85d26dfac576cb4c2b65e6bbd51bd38e074ffdc83fc1e0156d02c153e,2,Business,2,Business,False
105652,eca045b7c95bc496a2ddf9fd66a7073e76217f92d8c6d7cd19999fa47e272aa5,2,Business,2,Business,False
105667,7e630c4b19604d44185bc2a55348af6a44c8f47798f58887b42b68c82910eaf7,2,Business,2,Business,False
105696,9032db5129511bc1b0566fc6475d7f9272dcde59b9202098265bf72a5001b2cf,0,World,0,World,False
105714,d9a6c63a36f82e4e6b1e32060bb3154d9ba62393590f27c61d54522bdfd16cdd,1,Sports,1,Sports,False
105717,61e89fcb0ee1f5681584a9366c38cb1380214f4c715ec0c476754df542213aea,1,Sports,2,Business,True
105721,775f025c497cdeb0511009691338cf8cd911b6a2c1e5f2c4489d3a6614fa4b3d,1,Sports,1,Sports,False
105723,cf43ebb21c620e1210e8210f4e59d0789b22cfc9a46ab53dcd45ef2ef0576f0a,0,World,0,World,False
105740,ed1f897be699a71719db5f851b80382d5cfb08d9d1c4e5daaf43e563ff30ebfb,1,Sports,1,Sports,False
105766,95b908a4edba1057259eef24e01239241c2961400e3942a78d65a69e8f4843a2,3,Sci/Tech,0,World,True
105776,c096e4c1b91a8e83b931cd78b7cb7bfa16cf1eb6adc713a001c5f952ad7a11e2,3,Sci/Tech,3,Sci/Tech,False
105794,50f191246a3372cf9ade725192efbaaae11c2717a5ef87bed147a206ac0725d8,3,Sci/Tech,3,Sci/Tech,False
105795,11836e7c2f33440b4054475ae5953fbfea1430cfcfb0e5ee36c14569919bda6e,0,World,1,Sports,True
105804,fb745d77d8e8e5950668c1d3e41e4358f491177988035d42a43968515ae2a089,3,Sci/Tech,3,Sci/Tech,False
105824,0fe1471b48c6a0f0e4f860e6c99ca02fb7e4bc6295cfff9650201d82aedc3d74,3,Sci/Tech,3,Sci/Tech,False
105856,4f22adf5bec2f3b9c732d82f0c3a544106c9b165f81a76bdb3e275254f6f475d,1,Sports,1,Sports,False
105866,6d7d7cbb519c9e48f8c2fe6ce75118c4f77283c0d690d417e20695a6bbc5f4f9,0,World,0,World,False
105878,38aa72297717e5ef708ad9632c3470982258b8f80c7e792daa3bae1c858d4cf2,2,Business,2,Business,False
105883,bc5b8897f9635803ea796f869332930cfbe3037835970ffcecb7d839fa2d3907,1,Sports,1,Sports,False
105888,9ca1dc1aa4cd1c0eeddb88c6247f4324a68faaeb7195578eddc52c942c4a09ef,1,Sports,1,Sports,False
105894,71689fb0de1a615d8c01717a1b18f7db647388d8e8ddedf16616041af327f723,3,Sci/Tech,3,Sci/Tech,False
105902,81eebe5b9c2425c6de1d896ddf31ac3543e8f336b66fb6be8217f4d1a029bd74,2,Business,2,Business,False
105903,aced28fc0829f2331904c6b86d91d11103ee666dd1c7e889d05f7070aebf0943,3,Sci/Tech,0,World,True
105912,4d47f1046051c68acd3be23eb600dc1b9e169545323e96e93c684b6ab50ac656,0,World,1,Sports,True
105918,cd7308770c7f4c84bacae9642262c63c403b1174fb15443f08d025ec3b663dbd,3,Sci/Tech,0,World,True
105943,c1f8294efb0142673db9ba076a83bcbe40296b4672076d66159e12d8fc140254,3,Sci/Tech,3,Sci/Tech,False
105945,48ddfd5d3ffea929f5262ea9575439d8de5e09f8c937eebf235a384cca8bdce1,3,Sci/Tech,0,World,True
105948,7987aecdecc0449aba8fb27fdcc7cb200461cf18efcd0ffaa228eb8732b96c67,2,Business,2,Business,False
105953,2b3e0ded8d01f445943189a76cd69fc6981cc335edc437ff1b3b5d70a7d924f8,2,Business,2,Business,False
105959,764e12feaa73e8a8ac23683f46be5edc3d4f4f7ee49f5f957a82800a3bd0f6a5,1,Sports,1,Sports,False
105982,9da03653c32b8bcaf0ccbb86b6c3fb5647080db35a9e9138d05763645d034a82,2,Business,2,Business,False
106002,ec9995149b24737d0cab20fcd875b8f48a2287f51854b99de92f82e37b82c08a,0,World,0,World,False
106010,e6584c51f9aa8a1457cff31ff557c091e36606e03a9034ee710803bc79cd6b3f,0,World,0,World,False
106017,eff9557eb2b1d95cfe75aaf8c74fe070abea53609e5a1b2596b915de609b2b7c,2,Business,2,Business,False
106054,3f543df71bd49b4ef13f5cc157c767e575506649fb9af603cf69b4d0ea3340a6,1,Sports,1,Sports,False
106059,da89b3511157fedf36cbcc00f1c6f9e9a6cb1c346ce0619252f8656701c551f1,1,Sports,1,Sports,False
106068,c1b2c79ba356e38cc2fb3e52eb09c3731a6740ced485618e8ecebcf3d6ca8ac6,2,Business,2,Business,False
106071,b03727916123644d62034acbd24acf40a56bea22c84998b054e8e39696c8f643,2,Business,2,Business,False
106079,362be8f9d2a65b884fbd08c2e1784d67ee32338901c58791523259afffbfbdfe,3,Sci/Tech,3,Sci/Tech,False
106082,65ff9e4786ed62f2fc6f9a73ae0002be265ca1bd8223f5dfb866473c2dee96f9,1,Sports,1,Sports,False
106087,509ed5c9bf7f9d01237c2f528ceaa68e852bbecf35f8724ee423622958b1c2ef,1,Sports,1,Sports,False
106091,ad23a5db855ec19f514fead215aaa000a1251195f52157fee58122e6cd560127,1,Sports,1,Sports,False
106098,69a8e31d8e6c5338bdc474cd1aa29a9ba8f26a84d4556f351e6281cc65e0e3c4,1,Sports,1,Sports,False
106129,bd13a9318de6bcc5623b8c6dcb3a8ff5b8111876731ce6752a441a2b8447a9b1,1,Sports,2,Business,True
106147,de1a545db8c11f67dfcd384f84d0d89b02a3d3f8f874ef8731e00612c50d37da,0,World,0,World,False
106150,eff5591413774fc1da02d9681e6f51e97bd7391b88a9ce23846571b1a5599c62,0,World,0,World,False
106151,f4d59d8b023cc06629508f6dd8ee4a41e2058e99820a405f478b721e94864c4d,0,World,0,World,False
106162,f81cf4d62339002492d9cda09c0564c4cf3330a84d92cdeb91124e1a274e4c02,2,Business,2,Business,False
106180,3934f5802079620623508d4e5dd4dd94300f49545c80cd65ec39f8324d2ff11a,2,Business,2,Business,False
106181,a6f42a4187d51ad8c1e0bbfb488acc687f15fcdd84d6e5ad89e4f989865067d4,2,Business,2,Business,False
106182,0af01c00a4ad09b58588dcf7a82d50cd67c07022c446f500cd82511f6961360d,2,Business,3,Sci/Tech,True
106191,d224a91f1b561b68263e06f6e13bb3aabe7546d473e63206be383a7eb126aa9e,3,Sci/Tech,3,Sci/Tech,False
106253,532f255cc624c77e76ba7b838040485163c02cf04a8ce2afd13329a09c73cdf2,3,Sci/Tech,3,Sci/Tech,False
106263,38a4751898e2dde4b28c4f96ab774017ffb96f7c42ba5ae1164aa7fa67147c55,0,World,0,World,False
106273,9fabe1326b29e9c7d1236bef54c1ef3040ad6765b04803cc3858b1c098265266,0,World,0,World,False
106274,5ffbfb166dd3c08fda480a30011c3770cfdd54db1f3b17e9fe0335813ad7bc83,0,World,0,World,False
106276,70910c67e1536643a0a09dcef620c6956de3f18b45c84474ddac8b3755378d81,0,World,0,World,False
106293,3bc7a7d0770409bdc44af61c8a1774f14c0f00dfeb1ed7e8924ebde7862535c6,1,Sports,1,Sports,False
106308,175893edad5b84d8dd7cabaab105685bfcc4790703383c13bf0675d03c07be60,3,Sci/Tech,3,Sci/Tech,False
106312,19aa74edc052e36127e91e5fabe78f777c1808fc2f1dd1ce8853602b527c5a0d,2,Business,2,Business,False
106324,61d1e8b86185b68ebd91deb5584876115077ad97f487640c919cf7d1bd1a29bb,3,Sci/Tech,0,World,True
106334,d25266bcfcb047ef1c4d7aa3a6f28bb75e0b24d7debbc3a51bf458cc53ddd552,2,Business,2,Business,False
106344,8553a30281a164da8932e370cfda9c10858d198aa07e0b93ba7e5ab177b1d783,0,World,1,Sports,True
106350,0fa72557410ccaaf9755487b890f76924b224b60fe6691dae9dd7d56dc1920d3,2,Business,2,Business,False
106368,10e279f393181ea5069997fd66fb44d9bd19a874ce5f23cae98b67591b726c1f,3,Sci/Tech,0,World,True
106398,dac4491aabf25cc36f353966b88705ee794fe22404f018008091dd3361ef3d91,2,Business,3,Sci/Tech,True
106441,50374030e8acb32d01a4528734326abc34c0a65a2e4aea8baa6faad1b6378598,0,World,0,World,False
106448,557d9ef4cdb35e83dd22115ccc1e7ca8e4bf287ab9f059df840bf64f651662a8,0,World,0,World,False
106453,648ff7eaa79a0883916f6e16a42aca3796c42b1c0fc1e57092842ce14fe85998,3,Sci/Tech,3,Sci/Tech,False
106460,9828be82c8230391f0ee12053c9a2e8c1fd65ae004ff8c5884865d5f8329d028,3,Sci/Tech,3,Sci/Tech,False
106462,b8d8ce394825746f6b4a93e1290f7155470b2cc629344e568ad422d0490d6349,0,World,0,World,False
106472,ecb8a0b388d99d0de60fae2163c836790d45c5f695131f31779d525f8aca265a,0,World,1,Sports,True
106477,70870b61c10c7a7387da97a2e22a11b5950c4d3fb57e3550b616ee0a7ffdac55,3,Sci/Tech,3,Sci/Tech,False
106482,2d61cfd4c813e6dde61dc81bac085570553a130aea16ee9ce7201172bff51d41,3,Sci/Tech,3,Sci/Tech,False
106486,da76794d8fcd4476a59e8b11855b94945cd77b716f84134e8d13625843a885a9,3,Sci/Tech,3,Sci/Tech,False
106527,3daa06178c9b55fb8ea78a47823b8da62246eb7fcb1e0e3906966be5d1865e1a,3,Sci/Tech,3,Sci/Tech,False
106550,07b6aadc4c2c0e9061909b0c2253938b4ee874c4251d23527198f3b5931fadb1,2,Business,2,Business,False
106557,5d4a4224b492fa4bb5e182002ff1cb8e1af287a2f09526df3f6b56e0614c5836,1,Sports,1,Sports,False
106583,27ea4168200eb036aa1d894f36e560240bfa631b407d9b1880854dd7a0caa862,1,Sports,1,Sports,False
106616,7a13eddc34bcdaf1164d7c13d04de811f7e276a79bad76e1655e42d129e18345,0,World,0,World,False
106617,66f02a8de7c56f132d11460ee578b3a2270d52fcf4c60775e64a6e6f1a27c934,3,Sci/Tech,0,World,True
106625,257cfad179b10bdfe10fb7615da7985fdc28ec6f847ea48510e09fd154a4f6cf,0,World,1,Sports,True
106642,ffb469bd10c6eddbe6880978f68b018bd189ecf6f61a06a73b19d9529ffd9fbe,2,Business,2,Business,False
106648,836825cbaf30a9d99afaeafaadf6332a8ab9de0addba9b4a5e617607e3bb0845,2,Business,2,Business,False
106657,071cbc0268137308370d0b8771615c98a57d52d4636de579b2a45ae9001a7699,2,Business,2,Business,False
106658,43c91b3e2902578e82d42d5cfdd94dd1bc0359f35acb05f0e5ea6142baa193ac,3,Sci/Tech,3,Sci/Tech,False
106663,aa9127187364e29462e0d5b38c6fda1546a024ac84873fda93a54751c9ed790a,0,World,0,World,False
106669,639e4e8d2b62c7e4ca99c0b2d744f28908a579368f8fa8fcb53ef3b2c7dfac94,0,World,0,World,False
106673,675a69788d9dca01704a61d502f4c20e09ac6bbbba08e72d6760325d654b1e8f,2,Business,2,Business,False
106686,39d07f5409cb8333cbd638d03f2af66ef9c6e338ac2dfc0d46c9094b73347f69,3,Sci/Tech,3,Sci/Tech,False
106693,5995bb4565d5e98db0dcfe892490b8cf7a4bdc90127116604eaeee36a122c3fa,0,World,1,Sports,True
106706,37e74d88aa3e0296934ec67443fc2efcf99e78617fd76d8aac6b09c88a45e422,1,Sports,1,Sports,False
106707,779f4b9a411c17b999dd8cf24be3e04dc3503e805a279870b1df4493844ab4fe,3,Sci/Tech,3,Sci/Tech,False
106740,14614f82ed7775c4ba29702a71dfb486bdd08ef553f4e38bb019abf7456c668b,0,World,1,Sports,True
106751,82f23f2db22828a7cac9ba3b361c1df637f577f93ce2e581c768ba77651f4007,3,Sci/Tech,0,World,True
106752,0c9a22290434dd440bc098952e178af82a2b1fe27d3bb56846086cad1320212f,3,Sci/Tech,3,Sci/Tech,False
106763,dda6e7d5e5678f549f60ff244946513b8c64a52f94bc0cc898fae66a349805ee,0,World,0,World,False
106772,e086607e35d23e79df882670d865e2862c9b2c573dc744173a1c3023a137445d,0,World,1,Sports,True
106773,2841c7509514a60f75f91a304af4452f960630429f23dfa3ecd3b67522a95b91,1,Sports,2,Business,True
106781,b5c17658de954859e6cf4f08b388fb4ed73b2ee0620df997641b024f3b3ad013,0,World,0,World,False
106795,9f8a1e70ab9438e048ac2aec133c79707df620581201a7c6fcee3e5a1cf5a996,2,Business,3,Sci/Tech,True
106797,da8b6a3d358fa3ddbe6d322283b91c14ca01b7b9642e5f38ed296f8179752b59,1,Sports,1,Sports,False
106816,0a6ddde0eb8ec67168a1386d302cd458ab6cff7d44edd33a5466975a1ef7337f,3,Sci/Tech,3,Sci/Tech,False
106831,82f075fb21cfed7403da088985c1722f7fdc0b12eecd297b960f010c0eb4e820,1,Sports,1,Sports,False
106835,6f94c428081bb4714f9e3fdfe9fca3a11e65c552a6ab997b0bda66ca40f38d52,1,Sports,1,Sports,False
106843,a73059e4c7b2290895f5f22399aac0241714cbecd9cb86aa9ee34f3789e84cc7,2,Business,2,Business,False
106847,a3411473281e4eb2300c6f4cd4c4f968a0a6f10cd012fd8a1e8a9de1f356730f,3,Sci/Tech,3,Sci/Tech,False
106856,d985b82c3e7af11dd271db68e46aea16a2de884c89a422f5dc5570a1a979ec9f,1,Sports,1,Sports,False
106864,2f979f9f74d0e166dcd0f334cb7e26e4515cc01d843475aea54694dcec7de535,1,Sports,1,Sports,False
106875,4d0af87188b7ccea994209625bc62cfc9e38ac0f4aa47b66f3efd0ade938f3e4,2,Business,3,Sci/Tech,True
106929,ae1254d6ee62c6dae4634725a60b34c8dfa5eb5ef192f5c7a1cea0ca852adc31,3,Sci/Tech,3,Sci/Tech,False
106944,4612c0b7838dee7bde16b6714720c24d4786a2a75303cc5329a35de9554f631f,2,Business,2,Business,False
106946,aa4f58b64b247508b80caaf2f0da0e8cbdfe0207db6fff902ba6313116e5020c,1,Sports,1,Sports,False
106973,e4f5ad7aab01590aeb7b6d2f1b7872a2ed55de0f308c07f96df166ca95e5d5d6,0,World,0,World,False
106981,429f6f27bcf729820464167b150e1e0c97f146f0f777145ec1b42bfce6d35666,2,Business,3,Sci/Tech,True
106996,231be40ea47b97a1d6b5782a84bf3a928281194d3e5c9ff7fb61bda2148c358a,3,Sci/Tech,3,Sci/Tech,False
107020,a443fc5a17cc4faa57eb111c2df002e88d6049dfd817568181e442078ba5a816,2,Business,2,Business,False
107021,6226beaf161f42f7a792513fc151d841212ffec1ab575ff28008640a199225b6,2,Business,2,Business,False
107045,6f27f60b5364d71510cebf5c65abf4678bfe26ff9c47a41976b6e2f2a2cbceef,2,Business,2,Business,False
107070,a65d55745612e0cd53b1a93d7834a5fdada83e0d0e654697e09d1eccb7beb39a,0,World,0,World,False
107081,6e63c6554edfa7b55f601b902ff2cf1d093369a3165b751a0669a0fe7f23aa32,0,World,0,World,False
107099,ed99e1c47793be863a2d4b4814130a4a5809e707d89f80606846c3b45a962da7,0,World,1,Sports,True
107106,fe62b82a5c9cd834cefd2be34b651f269a147ea305e17a28f949925db6b7beab,0,World,0,World,False
107107,78284cd1128381863c5510779d389cdbdc93d6ebb7f847c80ac85bb887fb8c5e,2,Business,2,Business,False
107144,ae5b7fc28e4f378cf8d3f5fd373750d3a7fd6fd3130d57766a05b5038682e0d0,3,Sci/Tech,3,Sci/Tech,False
107149,89976cff74471248f4b77d2c93bcc6bf45462e3fa00e40eae6f0766f7dc0f9aa,1,Sports,1,Sports,False
107186,a20312384c463c7f070764ded993e73b0de24d8ff78b64977b9c6236bf831b3d,1,Sports,1,Sports,False
107202,08012f50b63a5e1acf936aacd5d24e33ca28ebf10a0efce0ecc280b48658e71a,1,Sports,1,Sports,False
107214,dd60b17b31800f02624b5fb923423155ae5aec3780f5a45abcadc9b14718dcfd,1,Sports,1,Sports,False
107225,d54fb1d049b019b9295eb159460dc5e337694d45b3b62f46fedc340e9878f293,1,Sports,1,Sports,False
107252,9c0a70ec7f7be000bed4df1a87b990f560348015caaab57b735801fffc7a183f,0,World,0,World,False
107263,6482b1fc2113354e40df2a830635447279516dbb36f32d9f81c9e247ea20d0e5,3,Sci/Tech,0,World,True
107338,5540963cf7869984200508a7ab4ec7e71d3fa22cbc131028f7584d5e72aae4d1,2,Business,3,Sci/Tech,True
107347,7e8bd5e2ea01c47f0d49445575f9d643d3c5ab32f70b2a7cf7a252ebc6ebb506,3,Sci/Tech,3,Sci/Tech,False
107361,c28feb6352a2269049b3dcebd7d05d473a589ce9dbc1364fe1840f00c27fe1bb,1,Sports,1,Sports,False
107368,5134162f8cd4bb3a480ddbaa6479b78e70915018e85bc90135277c103d4cfec5,2,Business,2,Business,False
107388,a9f33740cc73cf25fd6901bbf4b372695199d3cb735d657f2ef83793520580ec,1,Sports,1,Sports,False
107418,609a9c686b76968ac8ae129999b0a9407b0fdce04c731f570dbb012d77ecaa6c,2,Business,3,Sci/Tech,True
107429,d73665e1c8546a95453533237bc74b80bbb28a1d70fcc5be79002b5eb2cc2ef7,1,Sports,1,Sports,False
107434,fd6b521f2ba47dadca839b244f23115fc0636780f8f8e3441b9287155aef5c6e,0,World,1,Sports,True
107441,fbb0b2aeb0848d62144e07eee5e060f55885ff62b0684cd4eebff61d0b287ac1,1,Sports,1,Sports,False
107454,84e9c110f27a7b1c3bb8461c43c682dd5d407fe6df829468e0b721f6712dd53c,3,Sci/Tech,3,Sci/Tech,False
107465,de467fd946167e14833066a29dd9a6ac59d5451579d448d8de69ae1b8306a7f4,0,World,0,World,False
107470,0ed8be26e4a1e3c50c14ecedec20e65a78ba59080402a4755815f10aaee8a86f,3,Sci/Tech,3,Sci/Tech,False
107476,42f5d0c629f347d263d7755b4d0e47e33c7794a5a8d9b55a8758e3189cc28f2c,2,Business,2,Business,False
107492,cbfa69de7e40251ab048270d16084ee00781288df09ac41510637ee019acae33,1,Sports,1,Sports,False
107495,c2a4f6fbabc53bace3e1d4c5924748dd4ca8c1b81031ae9f99594f6ae81e4cef,3,Sci/Tech,3,Sci/Tech,False
107502,bae6aabaf72b63fdf4d4880d010dbe5d8389d22f5deeec7ba4a6b3ee3c4b0925,3,Sci/Tech,3,Sci/Tech,False
107529,aff2916bd615a3445ad769c3ef617e2190bf0b5865a09f1263c32dc72a9019cb,1,Sports,1,Sports,False
107570,c8eb2db3b50216518baf81152bfc4388a15414b9068d7309e58e62018d086f71,0,World,0,World,False
107571,967b84fd8a5dcef604ede8769061d6abfcae3e4af73abea6b6e7aaf698605bf8,0,World,0,World,False
107576,f9983ad5fd08e8ef3e6c02309e505b8a168acbd99b3cc3a646478c7e0d41911a,3,Sci/Tech,3,Sci/Tech,False
107582,405489a369d800bd21a8152499536008b48a7a0440d84c6cac88a22e9f543fc6,2,Business,2,Business,False
107589,42aa007988747c176e711050b7375d446d9fde1d29c691e2be519f7b56e89785,1,Sports,1,Sports,False
107595,78c59e3e3d09596c8d3c1f7623d4826e1bf0e22e00527f7675f2772f2d129b08,2,Business,2,Business,False
107619,3bf12b10b2f1d32978b26134f1735baf275f7d8fd1957ee7d4ae2a523d788cd6,3,Sci/Tech,3,Sci/Tech,False
107657,580a0e401007649a2653751fcab59cd9ebd18b310fb6c0fee53391a6a36380d8,0,World,0,World,False
107662,3025e1b9dea0a1ff47935bcb735931482d7ef65d97c06c08c17c2dd41823f17e,0,World,0,World,False
107670,4694c375a93816c12fcea8857e488056547ffd44d192d61782170f1a67093299,2,Business,2,Business,False
107678,e49ae12f2754a117bd1ab1496333658c7d481eae9c0bb1c6159e7c57d6fdcfd6,1,Sports,1,Sports,False
107715,544e1db3129b8f4111654ccbb1e7ada1373bb3ff938452ea9e52efa6bdf44d14,2,Business,2,Business,False
107724,31f61624e51c3cc705e9d4aa77ed1a369091701706628758fc8968bc302bec31,2,Business,2,Business,False
107745,c71073adf9c63cebba8bcc83b659f3234e902e017653699d98730f40621a28d6,1,Sports,1,Sports,False
107751,67d39612e68e147b53282fd466cd346dd2d291041659ef6eff5c75e302e33cc8,1,Sports,1,Sports,False
107758,224e2a0deae4450059a0f9c26c3caf0a07e6cf9e3186c1c9ec242a5d50c6399d,2,Business,2,Business,False
107762,472966d627c1e8a21c9efcd0e53a3cefd875b6333dab49a03d68e6ca4803269e,0,World,1,Sports,True
107792,66eafb8ff2823de4530b61deb82bf00fc0a8ef9738b70095b2fcd92c45bde8bb,2,Business,3,Sci/Tech,True
107811,5eb01fcd4ac8862960d52b322fe7736c7bb75e9a4048cb56059c719fd0c0f8b8,3,Sci/Tech,3,Sci/Tech,False
107824,f13907156e45b06b1397b93ca07059df8c53389fc083a6fe285b95a31b5d147f,2,Business,2,Business,False
107831,6a2581ea9169121d12c49e2e125520bf1eb23876e54c998e24f7bfdfed894317,1,Sports,1,Sports,False
107843,9d01e1f05d00060d606c94748c828ac892fcdcc3d6218af24bfb52d15fc62a95,1,Sports,1,Sports,False
107861,48a69743127c9ac0b70598a5d26715d7c3e28bdbf28af00bc1904f084a449ca3,2,Business,2,Business,False
107869,1a1444d2d8ba6d186a9df7344ce899742d61b2fe42b5a49a8ba9746b69f750de,0,World,1,Sports,True
107870,7911094d933b61e02601fe2b87193254ae2b52abf872a1ac2d32b88ec5be6318,0,World,0,World,False
107882,53e5c606de2470524d1a643a8e091862adb5cad920bfeb5b292eb0328fc9b47a,1,Sports,1,Sports,False
107890,e585a9b4d090873c082d260a5d441721332237f0675a5b0cc2e84f550dfa3b8c,0,World,0,World,False
107896,2eae03d719b5e9a3777e50f73be86a32d9cc592701a131196cc41da2b8fc5654,0,World,0,World,False
107925,09760e61ebda6e4650378dee08156696ad913b25f2565fc757fc85ef8704fa92,1,Sports,1,Sports,False
107932,708f530395899d94973749b2ef7bd11a48902f4eeade404ab28cb7cce2dcf6a9,1,Sports,1,Sports,False
107939,e8fe7edeab8271fc2f19f3b139f14c0f0338f31ac6efadf2582b3b15fb18d935,0,World,0,World,False
107948,db76ff0ff860b71628b442c03f4e748bdda92688307e41af84d2933302b43e82,2,Business,2,Business,False
107952,391ed67a10a4ee330cdc0b9818c266b9a2d403d81f64851a35b4afe19e774145,1,Sports,1,Sports,False
107979,3852995f42ba45355b709ddab6e6f920d0d9fe2fd99c3be8bb08425c629a1ad1,3,Sci/Tech,3,Sci/Tech,False
108038,42666f455709a38e822b618c58e91325142c9f346a1a95947e654c22619aef32,2,Business,2,Business,False
108048,4a780b0083fb0e77cd364e86bebf85ac6fa7ade6d1bbf2e63ea9635dd896c1ca,2,Business,3,Sci/Tech,True
108057,3b9987cf236d2bebcc8956e175a30dd6987b5a9905e7e591572c4c128040b31b,1,Sports,1,Sports,False
108058,f178a0313b5a831d426db641e777878a0f83e28ab714722cbd8d8e665af4647c,0,World,0,World,False
108071,d3272bc767c62b8c0ebd7757d0e0e53dd81d2e35931a800efefe3e2fa9e6b877,1,Sports,1,Sports,False
108081,579b7d0330e4427c5187535518e6470b650ce198d3840189f972b8e94d26e3cf,0,World,0,World,False
108087,6e6cd9a8ae3031ee95e4c5923aa3122158da19633f9c62d1a29bbf0629665435,2,Business,2,Business,False
108098,e9cbbc36e0d44d3ce8bf69ec84c809d4e98e1ca20988213c6865516602902c15,2,Business,2,Business,False
108099,10cabd28430c15e303c1e170546e4424b24df672ea42109f2f17cec9906f3a06,3,Sci/Tech,3,Sci/Tech,False
108102,03c0029fc70dffc730297cdf419d0feb0af0fbed8e07dbbf122f4dca5fa32123,0,World,0,World,False
108114,567a7961cd1e49b2b9b6623b5d7921c6dfcae4897fb72ce344fa7b8b11d167ae,2,Business,3,Sci/Tech,True
108137,96d4cadf45a7a0f107c40a9b45497abfa408261ed874c835d18ed8945200869d,3,Sci/Tech,3,Sci/Tech,False
108164,58cdbfe1a44012894e40f447374001c71ad6ad483193df4ce28dce1a2f3002fa,0,World,0,World,False
108167,62a5ee46742855509c9863b19c3009697f353a0880b832d8cfbe297bb9f0a90e,0,World,0,World,False
108219,a22ccd508b4189c9bf841891a4045d4a3fcfde1ce86d1d86c027e1577f82c296,1,Sports,1,Sports,False
108221,e7e8412d38af9820fdac77d658dba5a86b351b1030b82c0eb00f09f2cfcb0b7f,1,Sports,1,Sports,False
108225,5317672b3cb4d04baf3ebef487e1f3f15542f9d2bda1de3df8149e2528344fac,2,Business,2,Business,False
108264,d125f4775e74c64b8ce9b2071ac438c7121572773259e82f84e965a0d481cb30,3,Sci/Tech,0,World,True
108273,d85f2b0ec946420f5fc0303c303da217f6b391f0451ab6eaf8641c0eee4e90af,2,Business,2,Business,False
108277,ff72b2e0e18e676f736c2dbb0a64310f40da6d111b7dd8bf90e659c55446fc2d,2,Business,2,Business,False
108281,e2e8593ec3a73f9a1458f3378d882fad4c47cd3516e7862b98cfbac25535ff00,1,Sports,1,Sports,False
108297,68debd818ab07e6ba9c3ddc9a9fe11b283ce173115e61d18507f17bc80ccbc4c,1,Sports,2,Business,True
108298,e05e78f5c2fc631c7cae7ded0af6bc96d608c7a0353a0721ec652d2fa1b12ba4,1,Sports,1,Sports,False
108300,68175e107914220d2dc9f44c8eeea811284a3e622f9cdd83d2fc7b8a77dd1d4f,2,Business,2,Business,False
108306,16fd1fc1437a6bb9f8fd12c1c835231f577724985c2ac3c75431898c36b66694,2,Business,3,Sci/Tech,True
108316,1fad05ebbbded59073da50bc1a9e45e78b0094591fd3e078f00ccc6779509dff,3,Sci/Tech,3,Sci/Tech,False
108362,898762adb82a95af5c0034f44e3cb2237a704482ce6cee25d3f0995a4eeceb8b,2,Business,2,Business,False
108365,8b8ce41c528d04a6f53f6d69688ffebbea115f976774c927568fbfe9c0567620,3,Sci/Tech,3,Sci/Tech,False
108376,9aacd953edd815606ef573bbaa2b4cd3660ecc453d27ef739669c8bbff4abc35,0,World,0,World,False
108428,0f0bdb7227c995c096b8878b7037fc1a0015ce1ab832c61715816cfa367b9ba4,2,Business,2,Business,False
108430,0b16441b12dbc1803e663309efee978b57cf334bf30d727260ba12c7e0f9c67d,2,Business,3,Sci/Tech,True
108448,ffb5b9f6612dec1cb4ee2796dff8c9bb97277a78d3148a57856939c0f8d0cb51,3,Sci/Tech,0,World,True
108449,a0e11c691182a900c4f2d7a9cdb651a58fd6518dbba59c3d18bd6a012aa29ca6,0,World,0,World,False
108467,7aa5d2b00796ed3c45037d778cc478084c6b10177ad02a96397d87c9bc75ef16,3,Sci/Tech,3,Sci/Tech,False
108468,9b51d6a88a7c58e67c11fb035c1068d7bc1b072e23edabc328b5c0985e60599b,3,Sci/Tech,3,Sci/Tech,False
108488,8723847e6ac103569871a2f3018c9f88fcf2de6aea87df77939e485adb0c77c4,3,Sci/Tech,3,Sci/Tech,False
108491,b906c819da2bbd238384710b1d22827e3f887e85b17711e21e1197ae37177e39,0,World,0,World,False
108501,d2a67bccadaf956f4645446992f82efeb9c6e68aead9be690f39b05e7bccf20e,3,Sci/Tech,3,Sci/Tech,False
108512,c7701e081b2bca3c5042bb55698546ca19bd3d87eed058d3f0a2760c14d3f504,0,World,0,World,False
108522,880456a9fa0ca1043b8437da03e12c7dd5208401e7a6a564fa2d2a9fa409479f,1,Sports,1,Sports,False
108530,90b22f837dbe493967d032387872f8596bc34a44bec771d314e6be3b29bab9ac,1,Sports,1,Sports,False
108537,f582b8b2aefa6ea54fece862c9752fe7f90be26509fbcad5b97a89fa8cab5486,2,Business,2,Business,False
108542,6d4fea61991055581d9f6e1f2e998c876710be78a1e75e5ae5b2b4e887df66ad,1,Sports,1,Sports,False
108551,a6ed6768dbb4e5b218979cd109c8691df8fac225629f0a1411df8f6b547cb1be,2,Business,2,Business,False
108559,ad428361cdd2a13599d9457fd4fdd705bbab39fa785ee6f964a79c23de76cafb,1,Sports,1,Sports,False
108565,8e866e50f8fac67232a34491466cfea67c6d8fc5e304785e4dea79359ee4c44c,0,World,1,Sports,True
108605,b1c94b8f25a57b931097abf1ed767d855e116b9424910b5f2089b6eddc591d74,2,Business,2,Business,False
108642,d6cebeab7a2fdd432701ee496377ef6f0cd92bf24e2b7835c4ae58c778d70af2,1,Sports,1,Sports,False
108645,e3c7c26dcb7a9111864d27fc6b9a7be6bf898e31123682f36e3ca10e7535f82d,0,World,0,World,False
108654,4be1e6df25580a357ed332d5b5de91f659a8f80ad347fe190a0f5590d7148f46,0,World,1,Sports,True
108662,0e7b5d1067e95fc8acc0e58322e5753f86bac01766428ec1e62ef630e4c8e689,2,Business,3,Sci/Tech,True
108741,522ed359250418463b6355e0d59c67d3092c422761740fa68ed9956d0d958411,3,Sci/Tech,3,Sci/Tech,False
108774,7578a3f76602d1b6a57804bfd9e7381e3e1372d95d5101d594e3a40f1361b5f6,0,World,0,World,False
108781,4ca7f529c86b3fc1dfa03eb1c942b4b6873cded57d5b22a86ff2014fdf86f361,2,Business,2,Business,False
108801,591ac909e4ac6a694632df3ba785e8a538685de59191aa7308b20eff46eec086,1,Sports,1,Sports,False
108808,d654f5365b97a1c1169c47ee83c6571f2760e6bff5a31dbaedd141abc38aac50,0,World,0,World,False
108821,cacd4cccc002286fc32f508187af998d261c5c17d6ce0fc0ead74dd5cc4041f0,0,World,0,World,False
108830,5ec599cf4d454c2be0696b6dcf89c362455720bbdc2c41e91fe0e134e53cdb38,1,Sports,1,Sports,False
108831,4c6a99adc97c14bdfb82ece9100246c92c3a44d0b92c97a834d11ea6dadf86a5,0,World,0,World,False
108867,c24d1c77869fef0266fd179b1d5af075b13506c8c43ebe8ea93f368cd9dd78c5,0,World,0,World,False
108869,46131dae3530d084cbd5cb276ecc24543f77d26ff849277c33d12d4023647c12,0,World,0,World,False
108894,1b28a8e029bab319f8e2d25617ba494702245a22418060ab221350a3d20b8d2d,1,Sports,1,Sports,False
108902,6d679e00b2563fe494ffba93718ed26a4bcd261eb7993b1864a5f1d18fc82c60,1,Sports,1,Sports,False
108907,741756bf9166867f1fbc143005d44e31456f14709753c2551f94878cdf24c824,0,World,0,World,False
108922,933acf80843810fe95857701772d543d5325e52c36bff3744c68a3157f9c696b,3,Sci/Tech,3,Sci/Tech,False
108952,6159ee1c32233cd67b6438d5664408eee9463109194124555be1fd2da84cd2cb,1,Sports,1,Sports,False
108956,68683ce52437d258fad08bc639a2fff047ecf01936289e8fa6ad6015a5a704fc,0,World,0,World,False
108960,a79f1be8de035249a837898dd129fcfb72736fcc04ca50f9726e5f72e2a38a70,0,World,0,World,False
108964,5a03295a7dd1e53f30dd4a996169019117d13cee10bda1cbf490c86b0e356ae7,2,Business,2,Business,False
108996,2c961d4079061becc09c8ce7ef4a23bb3e148e9562c4a1cccc04a39c382e37b9,3,Sci/Tech,3,Sci/Tech,False
108998,3e847b904af2a377a3a67e22b19917fadf4584b15810f24ecec649a6b4946877,3,Sci/Tech,3,Sci/Tech,False
109005,b4e162d7a598cbad4bbbe627b41c7edd1fdd4e81b5201de60ab17d8ab2ab1225,0,World,0,World,False
109012,f3d44712157afac66400df14abc9cd40e677814694f41823ed20ec10974e8940,1,Sports,1,Sports,False
109014,5814f971345d2ddbf614821fa3c7bdbb04ba01152e084122970825cc7ccfff24,1,Sports,2,Business,True
109022,0b954bea9fa0712ec8eaf7d3868d29039c21ad1052cb0ecc6a2a03289c7de76a,3,Sci/Tech,0,World,True
109035,a7e67ac0c939466f401bddedf768d6a42de3056659ab3bdb7dbe1ae991488860,0,World,0,World,False
109040,a2d58459982bf11067eec7e4903e73681c58438a64c7a615aa40508cba030d9a,1,Sports,1,Sports,False
109047,573346dad9450e9d8e890f777819fc0fc4fac9cfab288369fd248ab021f275dc,2,Business,2,Business,False
109061,e7549f2a297c095da78634014daf9d3acf5d03ec941bbb5068d0bb8544e0f556,1,Sports,2,Business,True
109062,13d460c38b8bdbde865d08c2662d3d0fb37317cf6687eb03b3081778a8f2bbc7,0,World,0,World,False
109074,0cf555dcd9ac7c724aa1e73d15d7e9639bd3781c25e2b41870edc30fe9d1f1b7,3,Sci/Tech,3,Sci/Tech,False
109087,de491fca04a9c73961040623c0b666e935ebb4258242791e7cb0cc6587b40198,0,World,1,Sports,True
109090,c4e9bbc729936809fd3af10b55519aa03d05628562e5f441a1b8aa61d7d772c7,3,Sci/Tech,3,Sci/Tech,False
109099,a21d5e6fc63afd62ea619832484cbb8065037e8dc3d2feb7a0169fe37f29badd,3,Sci/Tech,3,Sci/Tech,False
109117,96f45dd7c8a1d592fb85be137bb65bd94d5a5f5fbf1b75499584b6651e135ace,2,Business,2,Business,False
109136,c8f2a6c9cbdf59994e2b14b428bef2846cdfe1542e0f874aec84955adf201132,2,Business,2,Business,False
109175,2a00aebe018e79e84839e3c5c017177dd177c13789f41c3dceef24c7b67d62bf,2,Business,3,Sci/Tech,True
109177,daa9f69a9decd8526f360d66f2cbc6e621a6c2c3e53a1e2c6f857563e883f68a,2,Business,3,Sci/Tech,True
109197,dfe9d46dc3261e0aa140e0e698ea0e6d030ca36811c3ad9c72fc80855094d80f,0,World,0,World,False
109208,f02bbb208fc1895ce7106b9f51f55e011384bcddf7e0065e2e1d573a2377a0c2,2,Business,2,Business,False
109217,9d7a7cddcb0cfe04ca3b382b366d3d9f2faceabc244d5841597ab27ce5ff1d4e,3,Sci/Tech,3,Sci/Tech,False
109220,01c889ff47173d42d97225c324d2667aafc5061de27288ec980df44894dcfeca,3,Sci/Tech,0,World,True
109223,ec43782a5de9cd59322b173a56260169219ac5dcef5f2a3750c3ad20a6177a0c,2,Business,2,Business,False
109226,b5df586cdfee72f056f688bf2f6b0f422a05c0cff4da01eeb4faf3455a76710e,1,Sports,1,Sports,False
109239,0f9166f3ff2bd83eac5575e124d78dca6ab8934577a485dfb92df4c90f3de19b,2,Business,2,Business,False
109260,d1fa7d566146eda8ef799125a832e034855c32e2274f7e401f5de0eb9fe20ab5,2,Business,2,Business,False
109270,a2a5d493bfa656f7db5998b34a9d7485062dadafcc5979a0aafb1282e45a41b9,2,Business,2,Business,False
109272,43a989510c7760612e8270d80991ebb546546ee1f43dc99fe498ba353c303108,2,Business,2,Business,False
109307,9cb121b1f8386fd43a7d36e4bf71ba85fc78eb05948668cd49917a8d1ca57536,3,Sci/Tech,3,Sci/Tech,False
109317,3e882a14f9c3b7bea153815fb5c96f15598a5ed640fcb17696eda8ce1c9dbb99,1,Sports,2,Business,True
109354,a2e2f9e234dabdd7a267a5355eb6d6c9b68732c7104f33bcbe681677a29ef01d,1,Sports,1,Sports,False
109356,a82ac2b78f0941b7c2d2445b702895bb42a3defc33caef0417973cded6dc1feb,0,World,1,Sports,True
109366,fa825ac5a11f272cad1a950c7c447bcee1317feb50811350efbcb532262bf3ce,2,Business,2,Business,False
109367,cae958b2974936466c4ed7fed77cd98f68e75a663dc1c2c15b319583b37f0112,2,Business,3,Sci/Tech,True
109399,9f2223ebad7060ddeb9cd81204c84b3ee31a11a8cd11ea21054907a58e9d5cff,3,Sci/Tech,3,Sci/Tech,False
109401,cd59ede9083866bd9f4d9550ee3e590ac61be580fa4f5eb606001d29d0d4220a,2,Business,3,Sci/Tech,True
109405,0ee755ce748fd1a7af0661a4e7b867104f082d78cd9a15d7dca9616b906fa24a,1,Sports,1,Sports,False
109410,31d2256fdfd34ab64301f401ca96abf40ec797120bf29b6c5372f70b0735b3fa,1,Sports,1,Sports,False
109442,6c329d6533cb0df557dbaa118e5578dc051873dcff7c382b1323db34e943c76a,3,Sci/Tech,0,World,True
109459,f26a7ec951bae6aa4e2a801234c78bf26179129fadb122c22945327ce17af469,1,Sports,1,Sports,False
109467,063eaebaa4ee1b3ca63363d1555a34daefa81f70c3c33e50d2e88da1cd7def86,3,Sci/Tech,3,Sci/Tech,False
109487,b1dc82849aa5784f713d588d0fd50248492324831b2e89a1a2b14e2816f188ae,3,Sci/Tech,3,Sci/Tech,False
109498,0e607c8ba9b4b9b089b77ade6488e116ba752becf0114bd42cddf60c0c1d2fae,2,Business,2,Business,False
109507,edd96e492bc0587189701e87a67ac9b157123927477ad62f44a673b59f432db3,1,Sports,1,Sports,False
109508,35a504f0826fde6d248cf9d0825682415e43d1a6b36f2647f48cd64ab37a3491,3,Sci/Tech,0,World,True
109513,47062123d2644dacaaf8a2a9de5110aaa4d24e6c838f5bdd27af8e5f05d07415,1,Sports,1,Sports,False
109520,c54cf232d586eaef9b3e96c0c5df6cefcaeab6ebbbc1d3bc9ec04002d0c1dec0,3,Sci/Tech,3,Sci/Tech,False
109545,8fdc920f3989d243efa650086f01e76f7d3a754bf0d58a396d2ef4b6a33a940b,0,World,0,World,False
109550,d195a2e35ffb2cb148b1717bd32f174a5cdc34b8949d51b8982af3302fd42755,1,Sports,1,Sports,False
109554,3fb0fb7249e96dde37393ce435746615b46c9c420ee87458937e3742a0e393bd,1,Sports,1,Sports,False
109564,cdd442eaa75eb0de33c4b3587833f2bc84008d9f09ffac62a0968ae6db944ef7,1,Sports,1,Sports,False
109569,c4eb964beacc2d9c0401fad7efd948d2abb68df5165977e97af22d42d8768f2b,0,World,0,World,False
109577,8495f55bba053337dcc458f88bbfa466ef86013499c49d5d28ca1642e1bfe0c6,3,Sci/Tech,3,Sci/Tech,False
109582,22abd230bb4ce7d398feb368e98a233258e31f339303344992b2504ceb543566,1,Sports,2,Business,True
109602,2160ad6957b3ce255dc554122f8dc8652dc2deffb8d810dde2de8c4b8770ba85,2,Business,2,Business,False
109646,b541e11b6ba30d1629fc84b289f64c152746a3472ab638e48acb169922451f23,2,Business,3,Sci/Tech,True
109658,1d42177c31c519f7b2bce6db6830f7e4c62371a7231d5ce83b41704b10b16edc,1,Sports,2,Business,True
109661,cdd1ff7cbbd6d21f14124cfe0fe074699d91272b821bbdd911d00bfd23eca459,2,Business,2,Business,False
109684,926de279e605b974312e2577f478915bf56101fd7304feb5233e2215e858621c,2,Business,3,Sci/Tech,True
109687,f4e32f1c8f473839c6a8c23bf15a10327fd4adfde4debfabfbcefa3e97fe7794,1,Sports,2,Business,True
109696,2e23d6d2e3dac530ab2a0e720b6279d46a8106cc59e8b527fbcea15479361b38,3,Sci/Tech,3,Sci/Tech,False
109714,9335e86ae1541a7a741249d2b603a5bb9ad91b6110fa21d36129d4f54e887e88,2,Business,2,Business,False
109749,5cb84cd3f8dc812192809441842c4be246deb6abce1553ce911729b05a81945f,1,Sports,2,Business,True
109794,0ec594250c4ec1e75ff0f6de48e69a38253a245d68ec1460f6f2e3443a557a38,1,Sports,1,Sports,False
109830,416091e4edb1ca197dfc9a2bae18ada407594acf32d1c28ddd0843e536c3bc3f,2,Business,2,Business,False
109862,6d56c36b087c6c5143f6843c7c10584af716c9dc2b1a0397e204baf23265d3a7,2,Business,2,Business,False
109864,87889247f270a3931c6ca8916b0063180db15fe993dd0fb9e1f5fb54fbacdebf,3,Sci/Tech,3,Sci/Tech,False
109866,372eb06ac86dd6d91d85ea0973abbbd7974c206c2dfab5163b6abfe06642f7be,3,Sci/Tech,3,Sci/Tech,False
109905,948ab361b4a9c29a2f2dee1e9addbd31d158289cc97fa3710272afd815a0ba73,3,Sci/Tech,0,World,True
109920,0870c76f8ea2d34eacb47a31ac90a4bb81e2b88de2ab412b2441b20d2661efca,1,Sports,2,Business,True
109952,9b34a82f791f78a5ac2dd2ab587ddaac1b38f15a4baf7b25c92bb6b146651e53,1,Sports,1,Sports,False
109954,b6a480df5ed33c1e72f0e96738860a40fd9258417e54b2ab6da32c3373ad23b9,0,World,0,World,False
109976,921eed7cbab5ef88d06da731ee01e0c3bd56d2f556f747b8ce3e9eb5c3825da3,2,Business,2,Business,False
109999,c9003b97fc1b0157f5fbb4b6f470448c7670bc85ff24c934c93c28e7d6d5321b,0,World,0,World,False
110003,3bdcbbea64d70c1e5fdf5ac4aa5e70e94878d3479635ed32e7a9f1d5816c97c9,2,Business,2,Business,False
110005,f47fb2407f91b95f4c4e90cc16032fa8b16b8d97201f1f8651d5ca267a94637c,1,Sports,1,Sports,False
110022,edf76354121a3d6c2b06e27c4cd4c937532e5cf334d7dcbae1262f179968b181,1,Sports,1,Sports,False
110025,bf7d182115cc7a6e737ffb06b8746770a14af42242967e161cfdf5bc6c969b37,0,World,1,Sports,True
110026,66f918fae58ed0daab61ff88631779a07bed75bb337cc3c33314c5c142113f68,0,World,0,World,False
110053,e16c9cd57ee834ea95aaf5fcdbed43e15233f049a37af1039219b75f9150b36a,3,Sci/Tech,3,Sci/Tech,False
110078,aff36ba69b7bfbd733b35afe4d613d61fdacb71e8bbb84a1d8bc99ba2e7b60e8,0,World,0,World,False
110092,d47c10ac358251a4db801b107514d0e032eaaf93f2d43dcd60f72fd9a7c2615d,3,Sci/Tech,3,Sci/Tech,False
110098,8e66d7b377e3d016b939f48dcbebcbc4dfdcb1b71b53a63ca369c568f72c8f3c,1,Sports,2,Business,True
110112,7ab22b141dba66d60278edf3e11755564216eaa3bd5ecd1e5b0296e18d676dc4,2,Business,2,Business,False
110119,0ccc4d0239f0150906aee01c0dc51a2d8ef3a4c6a49980f34a4791d5a7517860,1,Sports,1,Sports,False
110127,e2d533a95843288ed0e8c07b21ef803a664a4509b9f148e071c4245efc7f0c0a,3,Sci/Tech,3,Sci/Tech,False
110132,52570fd7ab43c6a7879b07064d8caa4c425096a571bde02767d349ff3ae57be3,1,Sports,2,Business,True
110135,5c6222479fbb92087a581ba7984e7d3fbebc436142762a35057c5a1e5f41b21a,2,Business,2,Business,False
110138,6091b349275236f04cb8127986993290caedb1803f18ed3db3f6a879b8b916a5,2,Business,2,Business,False
110140,a70892e2ccbe67db0e6099a9033667033ddd40f58383cf107e36b439cc337a2a,2,Business,3,Sci/Tech,True
110144,f5a1e65554dd411f2b46ff6919d864ff81c88692723f0334edd88939d599ede7,3,Sci/Tech,3,Sci/Tech,False
110153,9c1047be80c25f2d3c2a47bd570e6cc4170cd7051a7233a5b0ff5353ac86cfea,2,Business,2,Business,False
110166,5c7bb16c95ffe5e9cb1ab98d41a9253fdf9438a985c0f0208098ae323caafca5,2,Business,2,Business,False
110172,d31396f64a6640069a0be6c9bbd0eb50e61ad9bd444d8bba3bb17d34717fe7b7,3,Sci/Tech,3,Sci/Tech,False
110174,5b27ad028f59546d53e3f1524a117966f931907de5e12f5eedc3eb348201c30b,3,Sci/Tech,3,Sci/Tech,False
110180,fc67e135156ac8bc5a6182e38d9edd6546501cede38ba65b1f93827a47ef78cb,1,Sports,1,Sports,False
110195,f4c935867048d84899dad0b4e5f83a96b1af6c19fc91d6e89318a17028a31ae7,0,World,0,World,False
110198,eb5bb66277e6d96665ea9c673eb121f977c8a2cac7ee25e91b845c24a104bda0,1,Sports,1,Sports,False
110212,c7ff995768cd7b1ad07a26ca3c2c442d23a31f2b6983cdb496927611896c3dce,3,Sci/Tech,0,World,True
110224,cd37bc7ca80373b472e4d28c8b6ebb081e3f3e8bc50f6056b7697995a672a8e8,3,Sci/Tech,3,Sci/Tech,False
110226,b52db8da0a8878e8d631568556153b832bfdff518e78a48ccdaca29fe3fe7604,1,Sports,1,Sports,False
110229,6f901012d2254cc1e3ddb059274c947af900aed6d4f03e9b3b1f3b130fe73606,0,World,0,World,False
110238,866aeb857df2f8c96ba2169f1102138f04a4ba597c3bcd6c6bb916035392a78f,0,World,0,World,False
110251,a3b48133856ae398bbe887c2e38bbb93df7700fa838b42cf36fea627042774d4,3,Sci/Tech,3,Sci/Tech,False
110272,7c96878c03e13f1c9dc3a1962de469c99894e7ec9b049f4f0e43a435075858ae,0,World,0,World,False
110273,597426d848500fc0d666edf3c7a62970e575e0eef70fad352a9963c96253a67e,0,World,0,World,False
110281,b3fb850ffad0621808171dffaec31acbb794740dc84db67af17f3987f1dabdb5,2,Business,3,Sci/Tech,True
110288,651f17692958d20ef81a3868d1fe85bdac367712da17a8e4cc53037be5947842,1,Sports,2,Business,True
110290,0584db620673555e24e118ea0ca2441e61e027fdb9da7faa887e28a6d215a85e,3,Sci/Tech,3,Sci/Tech,False
110294,43df7e9dfbaf6a82eb9d2141151bfcf6bce838eda09b834462787cb18e087b16,3,Sci/Tech,3,Sci/Tech,False
110302,2048865e6eea6a427c68fae3b84bc004f7ab22041a1c90a50420762f1e5ffa3e,3,Sci/Tech,3,Sci/Tech,False
110306,cee315e53fb7c126e7d14c875dc115e1de245a4750c60e1b05d6aa4ed248b205,2,Business,2,Business,False
110307,2dce148e0fde5c000501f550f609a864ee7ae46bb2ee0cb66451f40b55e08244,2,Business,2,Business,False
110317,2846cc85671a3859439cee3bd5685c59472b245e54f6f83e05ab08a26a630f95,3,Sci/Tech,3,Sci/Tech,False
110330,560b130458c1cb91cfcda8d7b8b71990ae4cca050f146676ec8a6ab40314b27d,3,Sci/Tech,3,Sci/Tech,False
110347,03552d02b444ae14abe8871b5fb9d5b64e8a5c3e934f0ac382b7676ac05646bb,1,Sports,1,Sports,False
110378,585b0a952b388654297748bf5e99730c926c7c6311a4c4ff409ed8c0d604978f,2,Business,2,Business,False
110383,241ce546471d51418704a5b587db3edc26ead356f12c267b39a619ab65dbfd4f,1,Sports,2,Business,True
110408,75837b108985de29ebc9042a370013eba4d2899645572e4952065c047ae6002d,2,Business,2,Business,False
110421,f59a754313aefe686a48498959e52cb430ae9c4726c49cb0d35f4f2023d49346,3,Sci/Tech,3,Sci/Tech,False
110430,9bad436e638884ad94bafa983b1d44e5f204bc43bc4a7df7e0b217da6f865640,0,World,0,World,False
110487,af158a0616dd713a8e14b2858b004940b98dd5ca743d534c203bfe26f66e2b31,2,Business,2,Business,False
110489,c8239e75520e2bec857757eca20e96cb9f1872eaf84bf98848865ca5e7712f8e,3,Sci/Tech,3,Sci/Tech,False
110501,59052607ed5b87b267663ee03faadd957164bb98a1ca52fcc82f3668e75e1471,2,Business,2,Business,False
110507,c3f97f00f5fd200e3c4fb0c55eef544fec38c19fcc9a3798cbf35572cf9c961e,0,World,0,World,False
110536,7dad7773dde60b57c8bc9d4075dc3bf9891c5755e4e5b628d35f8eba76c3489d,1,Sports,1,Sports,False
110575,5b0983f9b4335f9c1a66f4213abf390ce6846ade1bc76d942748c4659b0a66a6,0,World,1,Sports,True
110579,06a341565a2413eb805aa60025b62c2ed114e9e205fc2fc1e23ac34f3713fbec,3,Sci/Tech,0,World,True
110584,190aa918a87ce7df2073d840d687d018c4793d268bc92d3e46ed3eedcffaa1f4,1,Sports,1,Sports,False
110587,58940130a39955a46253eda122a65651365aad5df85958af98df09abad631642,2,Business,2,Business,False
110608,0240c3d72f2198c31a412087851bd4682b921beaab0139bed2ef2d437f4e83b5,1,Sports,1,Sports,False
110635,41a81a458264bbdeaf6e9764acafbf8690e76e0ea57b342067b73475a5d6d1cd,3,Sci/Tech,3,Sci/Tech,False
110670,dad5309462c911673e7bbf6b8337be94c97ef89b48662af02d925d9009d69d4f,1,Sports,2,Business,True
110700,a34da7b00642537acaa7a5ef65c2725745d625461d7c85d81b540394b340826b,0,World,1,Sports,True
110708,c0b77a9ca5539d936adae93fe297f1fe27387719e169f9e545523533603e284e,1,Sports,1,Sports,False
110710,69aa05d41443fb30c5dcc11fc59020ed804ae45b8344837fbc27a1da104111c1,0,World,1,Sports,True
110712,283ed90c56703355c5ba4c5f68f75d3663be1daddfa10fc893eb8d2caa6a3051,0,World,0,World,False
110721,4360be615049c626742d9107a3f172ffec773c3bf437c777708b39cfdcaaef3c,3,Sci/Tech,3,Sci/Tech,False
110735,93556fc2b494a91317fc3d89ca0fa7b0a138f533c0f9f4adef1ef60b469749fd,2,Business,2,Business,False
110737,cd3eec5c72d6fb24a8feff4ea2ab2c106c5862564d1d4f97d881fe7589a20d98,3,Sci/Tech,3,Sci/Tech,False
110746,95bbeec38698b808863a21907d8d335ad8ad6e7e3f19ebe3d9d5dbc5424c2b94,1,Sports,1,Sports,False
110747,1c8e47fc6ddf8cc76d5e3164f214a7817cf95b036fb1a41e62de39d3675dd547,0,World,0,World,False
110748,8f08052377921aef6d14e304269ac55832120151345c4b168b7ee8f0bc259a47,0,World,1,Sports,True
110762,3ab4cc0d1b4a2a6a521d7ea3fa4e40e59d16413bad1f117f23913ea551e2483f,0,World,0,World,False
110808,da1c4bc4413b2d76e7f1e35ba678a92851ed7d663ac41477000e29bc25df41c4,0,World,1,Sports,True
110811,bbc96d1a1d5e4ebf4193a54e8fcb63ab8846df2855a189e202899f86b4b5288e,2,Business,2,Business,False
110815,40360457b2b1fd880b7992ff2a73ce97b788575fbdc1126659fb60a155c3ba55,3,Sci/Tech,3,Sci/Tech,False
110824,f29961c972352b61ce8652c554836607d515eca270c1a5fc91034188cbea7977,0,World,1,Sports,True
110834,b9e28bba8b559fda461b56ba631891181810951cd6461485d9c5497fcdb8f2f9,3,Sci/Tech,3,Sci/Tech,False
110839,dbab6e3d093885bdac225128006b8339f1f7879904632aba6b6b4143430bf914,1,Sports,1,Sports,False
110856,ee1b243f8345f18c6fbff3666f5c75809fcfc6016b2f92d3598687150ddc1b1f,1,Sports,1,Sports,False
110896,db02dee4dac59cf74aea936625f8ec1bc02826111f716f569ea26bbcd88cba96,0,World,0,World,False
110917,8e13aa7deb1ba9a985c30293d63a33e0f0aec4e9ace6c9079cd993f7200b0afc,2,Business,2,Business,False
110922,c95e860751161dd514e4d736be44bcefb51d08b5ea1eaf0d6ee0f32ea3941214,0,World,1,Sports,True
110954,a3e44478024ca16b0a9828e7e862b54eff45f84ad417ca74d27f2ef8257a1f4f,2,Business,3,Sci/Tech,True
110975,772a22631912d0022f69c793bf5d8bcabee266ae3f56751a34477086ad2b20b2,0,World,0,World,False
110977,0a537ab7d39424790f43a53e50fc959fb5cb83de3d037faec019a2c468631c8a,0,World,1,Sports,True
110985,50d7dfd3c6dbde9c486833a057e97935a4b623469d1a6517a7b87382fc3890ad,3,Sci/Tech,0,World,True
110986,b9f02a27c32feeb859203aeacae89aba76491d032625f7ef13bc485c380f8bf7,3,Sci/Tech,0,World,True
111022,2c37ae15b7bdbe73fd198e5aa52cfcbc3935b17c05ab2baeadd968e1eb3c50ed,3,Sci/Tech,3,Sci/Tech,False
111039,82d4ee185af276218d0b66c4e9c5c650cc85b0476454e3fe50edee87cd0d21a4,1,Sports,1,Sports,False
111045,61c90a1a9d3cfb7458b486b363e8140ce113939cb2c8229bd9791eaeb99b4bdb,0,World,0,World,False
111047,0c612b0a8b829e69b0fec2d92e45ad54668dfdbadc6514ca283a397d131cb992,2,Business,2,Business,False
111049,aa7a7041f9e2e4f7ac6757c2a0104bd7408cee7f78e4c9c788a92c009df6fc6d,2,Business,3,Sci/Tech,True
111077,96594ab6c69c921a6cb29cd9ea418ead80fa312adb836e08ae6ac27d3efe3724,0,World,0,World,False
111085,1e72b35d85592346fb291985c937fb53ced191d7a5f215a720e2ba3f703141ad,2,Business,2,Business,False
111128,675d72c534b8bb6abb29a7fac709f8be79f67b1c5ab9a540757c0fe44cdc2069,3,Sci/Tech,3,Sci/Tech,False
111144,e14746e634807a0844dcdfb84e3e89f391e0382881fc2fb0cedd0535d5a5d535,2,Business,2,Business,False
111166,529fe42f8a53593d840a195f63f97e7cb73d0f379caf3a49e948d50527c72673,3,Sci/Tech,3,Sci/Tech,False
111170,0846fd74fb542d8d67d3c293737163c1b581d5009e6629ba0e80908ab50d8c78,3,Sci/Tech,3,Sci/Tech,False
111181,d145415c1d26a9481e8126e599be9d84f3cea57adedaf6947ef3326b003ab8b8,2,Business,2,Business,False
111201,e95c11b7895cf0b2c39d210ec378630f95b0ed0971033d6011d8b425fcf5a968,1,Sports,2,Business,True
111222,3ae87f2b34a63708f800f8265b7db54ae6d2eafb4cf39de73f66776392797e78,3,Sci/Tech,3,Sci/Tech,False
111228,66315098c98dff9fe4348ffbe4dff6f788e7baa073ed46658a074f047b85b221,3,Sci/Tech,3,Sci/Tech,False
111243,ea81bd6874798e5a3c43375e116e1af03ca2b4e76800ee65bd26ebc1bdac6262,0,World,0,World,False
111248,9be018d427725b37ea88e38a176a864ea07b1bbd52bec7aab320cb20c325a7f0,0,World,0,World,False
111294,91162307237796ceee573c7985a44d4494de73de83d6618d13e105fb48eafc42,2,Business,2,Business,False
111318,2766211be3f308fef7c50d8f8a0942b95493980907198934e552a0b67a6f3926,0,World,0,World,False
111319,a4a7ad0623879ef0987033c7dac0dc9fe7a6d62a03c9440cdf33023d344dd794,0,World,0,World,False
111340,c276b573e8dc05c857da5823abedf0d2ee1df06417aaf2cedb808c761cf07ae3,1,Sports,1,Sports,False
111351,c19b54b5df9a1b5c3587d7ddb421c7e1dbdff69f52fd566f2f448536893350e9,3,Sci/Tech,0,World,True
111354,2e402a2225e5d1731138e8408559967ead7331f3bd319687d4bd43e29dfcf19e,3,Sci/Tech,3,Sci/Tech,False
111370,d18c57e67466c120577f39dd381a6fd2e17b412a10bbc810d9894875580182a8,2,Business,2,Business,False
111377,4eaecfbcef5943866287f8ce0b7ed9e6bd2df27643a5c3ccb5285d3a1d52e6c5,1,Sports,1,Sports,False
111384,230f7a99b7460a00b61bc5d350811a5ad700bd670cd55cbf29fecde3d4520999,0,World,0,World,False
111419,2bf4a97eb98b17ed2dcfe4c05741fe3c250fbbe21ef7d5fb9bbf580c70ea0fb2,2,Business,2,Business,False
111432,4a25a15c5fb36596784970d120ad5ac9b840df93d352995260e8ed1895c4995a,1,Sports,1,Sports,False
111433,3790264956d5f66ea807d1e8365ec71de6f98de4877a0b5a6c0132d7c7de6d98,1,Sports,1,Sports,False
111442,07f6e28be8b3c6549e7494944d16190fb6e7c6ad838e3e72cc68431d65f12e60,3,Sci/Tech,3,Sci/Tech,False
111445,bf716b0e21cf96c96eacb9791363bfc20f7c796c88f29cce9ceaefe4e78c77dc,2,Business,2,Business,False
111448,6ee38a6b4c8cfa514534111c8a23bf6fc07195f6acd95ef2106315f1db0c9f08,2,Business,2,Business,False
111450,0cb4d42292bf912cc6546df71b32ad350e1afb47f5335b908b0319281dcd179b,2,Business,2,Business,False
111453,8181eb39520084809c3fa0b037143123673d954198c59d82d33127948a72e579,2,Business,2,Business,False
111466,f6ab6cbe6a6a258d8fab428a8dc64998addca891418c45f2d27246771d64e84b,3,Sci/Tech,0,World,True
111475,cce6cff8041494f84c6dc4150274427a8642065fde341f84c9189539f86e6c75,1,Sports,1,Sports,False
111476,710b76dcbd48e5ab9a54ae5aadaa4c09e9e360be42a54fc30e6c4e496922a853,1,Sports,1,Sports,False
111479,37a5282b65422ea048e7a74cba934dfa252e249311d73ae7e797d02acdeed194,0,World,0,World,False
111488,f8933095f9c533f71189eecfeb8b283adadb4227a576dc31a4a9f8b0fc1a07eb,1,Sports,1,Sports,False
111493,77824dd7333634dd68e587e4665a6492c14a2dc78d82715f12c395f4f4b106d8,0,World,0,World,False
111494,c45316fb0ade2614b9b8a7c47a485c6306995070aaccd967f3dfde3cf8793e07,0,World,1,Sports,True
111521,d108730e88a8aff7124fdca357e57919ead36f9eaafc2a8a9280dbce968d1ddb,3,Sci/Tech,3,Sci/Tech,False
111582,f21dfceb4d7296b06ca265a03362e8ed995872dc25219b1479a3ce90808db12c,3,Sci/Tech,3,Sci/Tech,False
111588,ec021a0bc43f075711068c664871f0323553d8ea61aeef6c0aae186f1348c1c7,0,World,0,World,False
111620,39f13addb148e7cb549b8fab0ad3eb1eb1b5f3769901584a3881e04dcbd6bfe2,3,Sci/Tech,3,Sci/Tech,False
111624,9a284c0a7ec1667b3eb4427afb9f158dde1b697c0fd43e356562da559e95253d,3,Sci/Tech,3,Sci/Tech,False
111650,4c7abe4ae8206326cf4dfd0684b9392f9826b68c3fdb5f1b01b1c06e3bb0452b,2,Business,2,Business,False
111657,40196bd0316884754dac013d8439bf605e3ea811620ec04af5d3cbed0fd35471,3,Sci/Tech,3,Sci/Tech,False
111667,473705fe6fc5045ade01a2f1ffcafd062cab68aa03a219559c962aedf1813b5e,0,World,1,Sports,True
111674,96dd1764e785c9ad82e3a64b5ad8969306b1fb2d08bde2c26bcda21eb3ddade0,3,Sci/Tech,3,Sci/Tech,False
111689,ccc730ff20276ed7df77f4063e7834ddf5cb86f6896ea2e79d34bbe1ee787e7e,1,Sports,1,Sports,False
111694,99f1c36c79b7a4252646cae7910377ae89268379f748c5f73c0dc5155e58c1f6,1,Sports,1,Sports,False
111728,bfc558c795c8e9df44822e02d4d1f191f8d59556734a2297bfe6ad6d967705b8,2,Business,2,Business,False
111760,9745e371b62f6b70309d7a64d3a0cbb766ca5bf475522f69fc0a3ab2c3328c71,3,Sci/Tech,0,World,True
111763,7f932c9658ddf9d2d6bfb5f436275f3e6781c518051847b178dc5b7fd2f18e88,0,World,1,Sports,True
111764,ebb7647a01624dc0495d0fd0d46c7ea23cb61f49d7de72290739e0803e3f88a7,2,Business,2,Business,False
111765,602a00e90895ecfe63ee6187e2bdf270928410b0e488e6e77f224d272debc2c1,3,Sci/Tech,0,World,True
111796,df990f5d4c0da8c30ac7724074bc6802274a4cf0e9c3f537ed1ba814863f65ce,2,Business,2,Business,False
111799,45b15c9d82cc8ce64a7854a1dfdcf6c2ee2bd4807318b88f1a64466d37be63e6,2,Business,2,Business,False
111839,8d78997021ae38490d840a7ccad6350c43fb3c77c05e6cb57b90df916185a5ce,1,Sports,1,Sports,False
111849,dd37be7436a9203b66256b1baa33d584a5aeeb69a55f193af5a4afea32e4514f,3,Sci/Tech,0,World,True
111868,664127de143902e36a79c1cafc38b570fd3cdc02d20ac178bbada36fa15fed97,1,Sports,1,Sports,False
111875,95605ba97a25aba047e1d299da5580c8ed716315d4b7c3d08845a2f24175d570,3,Sci/Tech,0,World,True
111883,02f11d57f0dee2563bcf6850655647cfd082e591bd442aba83737f129b1ff396,2,Business,2,Business,False
111896,aa92d48ea9aa99815c4c46f072855ebe1c168c017940cdb8bfa90ad3f1fda0bb,1,Sports,1,Sports,False
111903,438e265325b0c3eaf33308e2251594059e33a820b5d1e63017493d537e7a608a,3,Sci/Tech,3,Sci/Tech,False
111909,9c40ae4f3bae475ba17c8373fa475afd70d872fecf17e51a8342cd32feaaa14d,1,Sports,1,Sports,False
111912,42c8d75b1495b2ea5d92ffbdba97e6aaba99238b613e5cb470231f48e304febe,0,World,0,World,False
111937,515bb945c9404d592294d5b55ea820919b96d79e21a379b806bbae300c9cfdee,0,World,1,Sports,True
111946,fad268d09346effcb9edfdf11740def29d565a7bcb9fb8b47fb2f72a059690e9,2,Business,3,Sci/Tech,True
111950,d142a7da43f0784089c659182afa6fe4c0c5c553c23273b01292629fcc9ea4b1,2,Business,2,Business,False
111953,51c5ae1692f3cdaf00c180d6ea44fd2baad812616b61a0940ce9db1d17724b35,3,Sci/Tech,3,Sci/Tech,False
111981,8a53c89a273f91cbc8cab97ce126cfbfebd30c984839d94a92ec33d45db74358,1,Sports,1,Sports,False
111982,fbdbc74fed0a71577da3f8ea322900cb240f604e28c9d2cbea96200c6db11c53,0,World,1,Sports,True
112001,cbce020063433b736343d6fc65fb5f15c0db20e372ed95fda204aac43475a4fa,2,Business,2,Business,False
112025,b292c322991958c1310a0cf1389df316ef82d313889daa4f8a5ba675cee348ea,3,Sci/Tech,3,Sci/Tech,False
112038,313572876354be39f483489fb53e6e03d31a5b5c60171a051370cc4d3cca7dbf,1,Sports,1,Sports,False
112044,394667bc9da3a19fe1fc35b39440d14cc42a220033a7e2616583ef73aae6b5f7,0,World,0,World,False
112052,d958faeb9c8938f954da4a5c023bbe4375d08739e101930caf161662d0e50e88,2,Business,2,Business,False
112054,d0026e0d96e8ac394e187cfc1a425322e322f0d1b6f3c7cd5467604dd3a75c93,2,Business,3,Sci/Tech,True
112055,90ba1c0dc6887403bb594eb5122f7209967e37afaade5a4801143926ae1a8aa7,3,Sci/Tech,3,Sci/Tech,False
112057,e0f4491fe4da46fa499ecbd08f67798e707d4f9f7b6fc482970ea3ad51fdb175,1,Sports,2,Business,True
112067,3022161555dad427fca569f560bf7df402cbd7d05421fb3203ad7dfae380eb11,1,Sports,1,Sports,False
112105,6a7f66fac30b27cc504f0e0dc72132048554c2c5b2c4d26a938b52bc62e6a0f6,1,Sports,1,Sports,False
112110,033b61eb6c7bd215095c784b82540a72277a1dc1e722ae95695c1326f2c77707,1,Sports,2,Business,True
112116,b59adbc54ccfa2db917f4beaa03e4ffc818d39fce4267604b0fc19162748a685,3,Sci/Tech,3,Sci/Tech,False
112128,877548df26728e11520ef04240aa91779083c88c02c326c82867ad23fbeea672,2,Business,2,Business,False
112133,15a7e8bd243a7d4b895bd2be457d7121614fc954c8721510a76231449153db1a,3,Sci/Tech,0,World,True
112138,03e31d71a249dec423b78b6dd646917da17634848ca0c3fc82af455604a5bb42,1,Sports,1,Sports,False
112142,ee9bc294cf544c02d6b5fcf0e20ccef7bec2e25e39e86e11ef0d5d1508edcec5,0,World,0,World,False
112152,2f538af453262fb03129749ab36d0e32c841f5137d81cfaa18f1d8ab07ff89a7,1,Sports,1,Sports,False
112160,51a998cdbca0bbbb9b7470bf73c630bb5fb5acf97fa9be918b031790ef13f12d,2,Business,2,Business,False
112161,5e4bc7ad5741941b3c4b5cecf71425eb52a09124b65163e45877e2dfc1911182,3,Sci/Tech,3,Sci/Tech,False
112164,5fd5f7b0d2eaa48ae80d55fbca9321f66db4eabc1e31368381aa5437baf1c7d3,0,World,0,World,False
112183,1603bb5b3978200d89f8f1e27d37be25dbf3dafe608f3f8930b7385cd262e0d2,0,World,0,World,False
112198,1dace8fabe526acfb6a10b8ce64947eb2f006cb45a506025f0a5f3adc6c81aa2,1,Sports,1,Sports,False
112202,3dbbca2b6e1f26e1b5c3ce32221a2f7ec93f14f38311788fbef613297e89a0b2,3,Sci/Tech,0,World,True
112212,ae3dc4b9432dd0d202e418860aa2754c5cf906247c1d2ea8150f240adce998ab,2,Business,2,Business,False
112223,a04832bc1dd7bf7897a1322d9157eee974cdff3cecfd069209d4abd5150a1079,2,Business,2,Business,False
112233,51667293dc2a48f95bb3c49598721034eadca08de8d2c22a16ff808efa4ffa7f,2,Business,2,Business,False
112236,438c0d4a8b5111c9ff2c59c9cbef0c4c779ba29239720f106219a883174a582c,2,Business,2,Business,False
112252,7c47d650ae4a0de5429a21ef3f485af9fa09a13c15176fa99c0b08cdd68a811e,3,Sci/Tech,3,Sci/Tech,False
112273,decd883d765c610d69cce9e99792ee1e030913424b026eb96d202027e70a3d60,0,World,0,World,False
112282,62f3a477823968a2adc2a39ff03c0aae0e1dedc3170af87f3ffba9df696e1b15,3,Sci/Tech,0,World,True
112319,0a4f1be40642fede2a4cc52922eb9aedbb3f5d457f4c50e3a616e3c861b29ddb,3,Sci/Tech,3,Sci/Tech,False
112348,35b91b2a8297a562a65d7298dccc74e7dc5f70af889605c083cb9c2fa04c27b2,1,Sports,1,Sports,False
112351,5b11ade71ecdfcf01804bd1d7460081d12ca655188dcfda202505382e8d2ac42,0,World,1,Sports,True
112352,1612ef5a2f3e773ec1655da7e3701d74e5b1621defa8383a9419a19aa32945ae,1,Sports,1,Sports,False
112366,0da5beb3584bd3f2ad53629a573219dff9713e0f6723b789656b8be2976cedc4,3,Sci/Tech,0,World,True
112372,5dcb2e2cef5b2d74f56c7c17df0aac5856ef253a18fc2d6de2255a977f977b25,0,World,0,World,False
112373,466ea9dac48e531eca3cfc12fb363e90c45e73bfe5914821956499281a3cc741,0,World,0,World,False
112378,0c4958a7f94543cfbac35ea6f4412a87cb81e2f07fb960f8b6132c2dc4cdc1e1,2,Business,2,Business,False
112382,af4669711889d149d6b34bf31c680f1ae0d93352028bfea77664f5b951abbc7c,3,Sci/Tech,3,Sci/Tech,False
112383,c8b0c58a60e8239b079bff3f0966e1caf5127718efd3e850a2dbc6d683507705,3,Sci/Tech,3,Sci/Tech,False
112397,1f3027574ef4fbfd49e3098319f11f44ee045351431cf46c1801516c2f414910,3,Sci/Tech,3,Sci/Tech,False
112412,1a0b2919ac395888dfad9632b9ab82c00fd95d9db602d3592ec44cd195c6a7ea,2,Business,2,Business,False
112443,f6557c265d2bc10b213baf2b04512ddbe6bac289945a29aa1300ec8bc8b444df,0,World,0,World,False
112456,5b8b901bedca907872012ac0bc8b06b37d6f03ed6c2be353a4eb41a8e8984e75,3,Sci/Tech,3,Sci/Tech,False
112476,ef5a55d2ebb4b7578e1d34ad583ed16ef097755b2641821f1bdbea18f00b5181,3,Sci/Tech,3,Sci/Tech,False
112496,ca04eaf0dc004d9bddd4d4cdd1d49e5bb46c736ef0c7aafc0110a61237aca071,3,Sci/Tech,3,Sci/Tech,False
112510,e8e2a0bfcf6bf3d60c70167b6524399406cc66201c2ca3aa1780fbf536a4b967,2,Business,3,Sci/Tech,True
112515,81b47abd191f44ccf2bd14c0d4b4af6193693050e4a7e6df2f5b13198538aaee,1,Sports,1,Sports,False
112524,b138383afd393137beb5089975a7bc1956511f3bffe54fc015d31608b715da85,2,Business,2,Business,False
112526,db432159ad20dcc20458e42eb62c1455ba976b6f2c5d49f4da002684f96dcb27,1,Sports,2,Business,True
112532,ce34c2deefaa672855a2702a19e74d457de265614cb8f6149fb109f8faf558fe,2,Business,2,Business,False
112548,213fa50d75ce618cf4fbeb981853dba4c8ed4e727ac8baba2459e91f768f8276,1,Sports,1,Sports,False
112599,0aba523af9f7478eea421f888957ea2f66fa08fb8b750aa632837320ec18b8dc,1,Sports,2,Business,True
112613,72668db8809623474a96c73aabd33a2cd3ab7aeda875c3ee2cd25ef7aec45e8f,3,Sci/Tech,3,Sci/Tech,False
112632,0407606e2e1bcfb6e97e83fee981bbb7596738684dfef2efc5279742551c60f6,2,Business,2,Business,False
112650,22cbc8615acea9b0073181485aafcbb248b0537b37395a19beccd35f94aaceb4,3,Sci/Tech,3,Sci/Tech,False
112661,bed7a6046609bbcc64b2c16c04e12ff33a4866ca95d71804dfb37ddeffb986b5,2,Business,2,Business,False
112676,bf10203d4976fae113aa5c0ee4ceb180ec73ac5ea1ed0301f7302fc604ad64e8,1,Sports,2,Business,True
112682,619d63563b83a1bcd3bd501baf6f6dcb0ef0eab100fff70edfef6e7494b41107,0,World,0,World,False
112700,b87e2304bd5421d1c273d4d702f32a65b4ddb64f8014c940fd1ac341dd1d4dd3,0,World,1,Sports,True
112707,ca14a5b900b16d1ecd69fb56f38cd7e2d2de4470931fcc07e54e984a895ae161,1,Sports,1,Sports,False
112715,99942c7c3650aa30d6c1d220442be5d900a0d6c0117c574b991bb57fe90ec762,0,World,1,Sports,True
112725,b51267045cf9e9d87a9d35b8fd17511a765dcc2aff01c29262e8d3feb795210c,2,Business,2,Business,False
112731,962892cba9d17aabecd55a7eaf02cd438525440f9264bc8a75948648eb637c87,1,Sports,1,Sports,False
112733,254b938b5e4fcadfa800308357908a3aa9f2ea95eec1612615e95ecd95c664eb,1,Sports,1,Sports,False
112775,81a3f27005e782bdb9102df0abd5de982e380c26326df3112aa53c38f0895203,3,Sci/Tech,3,Sci/Tech,False
112791,7171ba9161563213ba47ff53670a99b1da3a2d345e80bd875372d4743a73652b,3,Sci/Tech,3,Sci/Tech,False
112794,16ea7601be59e32d5a75a01d1f915ba78cb9d1c4a0ccf397c112e15a1fc0581e,3,Sci/Tech,0,World,True
112799,1ead30f1ca8b4422ec5f694f8343b194d990f4efd5826415743f8e423bcf7143,3,Sci/Tech,3,Sci/Tech,False
112802,dee39125f0d97ad8eb58529d213a6cb508fafc42f253b8779754993a90c32715,3,Sci/Tech,3,Sci/Tech,False
112808,d90d1abd55b708f52a034e05edc7e3854baaafd1957997563770279121c65a0e,3,Sci/Tech,3,Sci/Tech,False
112832,689f726dced39b8d3facf794d5a3afc4498776ba547a41417492e811fec3d422,1,Sports,1,Sports,False
112859,5d604468bccbc19f1e17408b95d0a78bc17ff035a2983f789d5f9cfd66b182e3,1,Sports,1,Sports,False
112874,1a66b69f97c968671aaf4e08ec29be461584b613f44e91ae3da5c16cd43a6479,0,World,0,World,False
112881,7377611e4fe60f99651f661502d84db89decbc08a735b3027b96bd4ac0deff91,2,Business,2,Business,False
112882,9be3b4ac08779800ee456896570d259a5d5f1a5dfd662dadd09600c1638735b2,2,Business,2,Business,False
112890,919b92ce4bfb2a0806e28c9bc6aa30946ff9552a061a543e399ee45e26db97d0,0,World,0,World,False
112895,b5f2171d1886e3757005ecfa536013aca2b8803b843b26718cf3c0c184351678,1,Sports,2,Business,True
112915,dbcef54b2f2e2ffd312db049dd61e16c299e56fda4a534909043af4412bf42e3,3,Sci/Tech,3,Sci/Tech,False
112921,3e261ce85912670a03032aca53eb9e5f2348760a5b0674def6906b1c7f622146,2,Business,3,Sci/Tech,True
112928,6c1ed703378e86b3eafbac1e6f9b81447266116b3e9f17234bb67898cd89ab0a,2,Business,2,Business,False
112942,afa366064f26f1668bd6bb49a556bd81872a04c8ce5145275c3220eaf8dfeb68,1,Sports,1,Sports,False
112944,b2348db2e8c45a57d29a59e425a0fc016aafdb69e8c1e4d58bc07a8e9ed9c254,0,World,0,World,False
112984,0343216ccdd3a83e6f17597876fe76f29a8592e72d8681accc19b2b6242f9baa,0,World,0,World,False
112985,711e094c0938cbe183889b503a57309537b873d002557707c3386953b7b74aa6,2,Business,2,Business,False
112986,4d03b150301a796e981b0d1789362dc0b929d44b440cdb8a2e129e6f2a6a8946,3,Sci/Tech,3,Sci/Tech,False
112989,96670d76a59bf83a34ee80dd045ef0fb60b4e2aa4ae075ba81dfd11ea520c18a,2,Business,2,Business,False
112995,5c1be1ba61856d786ba9fa6a7888c0f1f62c37169a73ad0445dc2e8e38a24506,0,World,0,World,False
113003,01f3eeb1d8079669f29cce73e70c7dec8d7dbd231e0a23df6b8153a635e49e60,1,Sports,1,Sports,False
113004,32da20911c8ded3d31b7163d4c07085afde5fbb2d14dabdb55986082c1987bf7,1,Sports,1,Sports,False
113025,e5e36284aeece41a80d251a3bf5daa5aad5b29b1a27a4d3c2403ace561e36b11,2,Business,2,Business,False
113030,4d14f8fc0d265a569946a849399ba86ad32f417eb93aab13110bd0ece766b8b9,1,Sports,1,Sports,False
113037,9b2f9175c5f3c26d0cd4c38b262be4e9a42d1648b0f58cc6cf6fe625a229e079,2,Business,2,Business,False
113044,81f4cacff95655695635061a961ddaf357074c04223da9399ee48e2a3a4953d6,3,Sci/Tech,0,World,True
113045,f306064ed9d89197dfd9440d315ca887c0aaa6a2c835855168cf63d77d7059b2,3,Sci/Tech,0,World,True
113048,210f83e2ac32aaf4289d380ec57f895ac5b1448cb2f8a5adbba17a418973ed0c,1,Sports,1,Sports,False
113053,b01b876d8ab69f058d80329be8c3c0f4fd1dcf3b55537c604c331632a3df336e,0,World,1,Sports,True
113059,3b1a01fdce5f7a2abdd3c24c9ba9db574b8e27c10652d28f0ffb67c5ca9e05cb,0,World,1,Sports,True
113064,8c3f7dd8716be2b4bb8750b5249192e52926465496022f9cd4f0740f0c0b49a5,1,Sports,1,Sports,False
113065,5c83a614daeb99163e314556e23f0e0c40f19ef24f234458bddeb9c9a4382417,0,World,0,World,False
113068,9296d3f29116d97d08452a588875528679588fd4eab686bca639c6dd28ed1d4b,2,Business,2,Business,False
113075,acf185978633c984b4d32ad96f39160416a835ab2fec6f804dc2ee6556e1dbf5,0,World,0,World,False
113089,377c6181b80c4457d8c54cfdd86d0fa634abeebf01b1039e6ee78ebe27c1eadf,3,Sci/Tech,3,Sci/Tech,False
113090,ff967ea1cb118e1f6d19f23940ee90b988590bef8abbdde99bf55b3842b73b0e,3,Sci/Tech,3,Sci/Tech,False
113099,b0ea14d0a80e6233baffb57e47283873b5f5a4263cd5f5bd847cce7eb118178f,1,Sports,1,Sports,False
113129,ec3dffd0a842099eb328d5f71845d7b5f5aa1ce1fb67dda7c6077610af10b139,0,World,1,Sports,True
113146,3d93e9c7bfc6d8481399223dee1a6aeebe81779360b3acedad8173153442a916,3,Sci/Tech,3,Sci/Tech,False
113147,70b2c76dd02ab4527dce394fac458688f8e3451585905017f431b56c51b9eaa9,1,Sports,1,Sports,False
113148,2c3b14fd8c18030f7ba72a121732f4d663b819f91b7b5ac3519b996e7fc4bb01,1,Sports,2,Business,True
113158,45a1240438633766cdc6dd9601512fa87874925862d58ece6327425257e81cec,0,World,0,World,False
113187,04a2a64b8a8cae8e06e1d6526021bb0578f0057cbd948216f34c150b6f2de736,0,World,0,World,False
113214,648d36d72795c27b853463cf77e37405fb4bfc1a1d177fa7df1e17a6d402750e,1,Sports,1,Sports,False
113287,9d9a17c1a37321dd0244a88e46f1539da6e4f1e25f660cb7f27493c534bf86db,0,World,0,World,False
113307,4f61b40dca30836cb5f6e06e55101dd448a32013cfb03d888a8b9af9bd884729,3,Sci/Tech,0,World,True
113310,a71fff14615623e0b48bb2381d712d221ad5b6b792b7010ba8e7b058df74eb3c,1,Sports,1,Sports,False
113322,15453220f53e64444313f05f64a1e3628136d359dc142cd6e2c8180210f28e57,2,Business,2,Business,False
113325,a28e4dc79afbe6d43d16cff0039ebfc6b1ea3bcd42ecfa1955a39f6f416c0c96,1,Sports,1,Sports,False
113327,b26fe1c4afbefcd5c2f160db9ff98089e0c601c5a0d876406b56f24f2f3d70bd,0,World,0,World,False
113329,9fb6d8fb95f0313ba3ffd23410dd1f2b7ada2afeb7bd5442e509ced3be849995,0,World,1,Sports,True
113360,ed75b8deb57b976a277a015db3655bd2c97799354bf86eefee8e24a69734b5b0,3,Sci/Tech,3,Sci/Tech,False
113397,903326d9cfb8e9ed0efa41ed4c234e5216b8c056b7d2ffc340abbc3b7608de4a,2,Business,2,Business,False
113406,6a11fd619d8eab2eae03996101200c07c8edb8de88e5d5ca6227f85629806d69,3,Sci/Tech,3,Sci/Tech,False
113408,f2403539fcf6c52a178920fd9cc105809774dfa04f5a98f243c18d70568f8e35,1,Sports,1,Sports,False
113412,ef89bde050ed5240d24334521c4adfc35104e12a36267e45844fed7dcb8ec744,1,Sports,2,Business,True
113438,4a47932af2d1832547ed92095baaa7f6ecd291cc8d5383ba0de0553bc5b2b872,1,Sports,1,Sports,False
113442,a0ce6c0c8e2db8f730ccf583f88058c0ed84cd7f411c469a9827f1f5c2abe2d5,1,Sports,1,Sports,False
113462,8af68417c28d1bbdac2ed452968e888d2404f54bcd3959da41750eedf68f30e2,3,Sci/Tech,0,World,True
113465,b3705ab45af2e609dc6eb5fb2a540ac07a104136d0a22859114f25d639b7da82,1,Sports,1,Sports,False
113466,8263350ec11de4b81494b0eef941f42b95e90f5564377e36410f91245734c8c8,1,Sports,1,Sports,False
113506,385be1524d70a314ed388372c98475e43cd3fbeffa6d23d181c6774b69443ebc,0,World,0,World,False
113514,d2be2b4c399d9f1b9ebe5518e87c7d372cb8c4b14c68000eac052f5ff18187e8,0,World,0,World,False
113521,60d857e9b0446575ca6e54199d3e2a20085df7c014d505b93c88a8307b38c6f5,1,Sports,1,Sports,False
113525,28fdc98b247c461ed7cad6e4045ccf371e3a04a1289131f7d2ec7713d8e036c1,0,World,0,World,False
113526,a0497881e577c3eacef7b8b835ff160e3d9481723ac7577c16d71e0c3bb216b4,0,World,0,World,False
113536,7b377e2e43f5d7facf9718265b640314dfe635eb5b0f72a9841e17e0fbea20a5,1,Sports,1,Sports,False
113555,bfac53fead35c55d2c58144b4f2f8497faf13b1825c8bcd4081041c6ab76267a,1,Sports,1,Sports,False
113562,96a7fe3dba74ee81a1fe9a9d9dcb4c0e3f136fca6efa3393ba565282f1bd4264,3,Sci/Tech,3,Sci/Tech,False
113573,a3a684aadce9e8ca45be990896574729b4d862c3bb8eb550d1fe92059631ef59,0,World,1,Sports,True
113574,3840ae2fdb472205b9ad517988042027c1b9c4c46e4707207dddc6c63b6ec44f,1,Sports,2,Business,True
113588,1e053d1bd4e7c1442fd8a50753e34e7cc67ea86d2d80c9f8d456e05a9fc0660b,1,Sports,1,Sports,False
113618,84629452db89d9237d2cba8ed75ec5eccb2f4c3eb213b4f272ff80eea989ab30,2,Business,2,Business,False
113653,7c1a641a881b6c8ee425d19c8af7f29e21920bb087ee26a0c06d00e27f5e7db3,2,Business,2,Business,False
113691,6f2d950739fe60cf4cf16d831dd3331d83214c2ee261659c289891a019b05a79,1,Sports,1,Sports,False
113696,8949e67dbfe871d063fd5fbd7f003d3ab27100626eb2e9d2490fb060052b4798,0,World,1,Sports,True
113701,bb9cf25da7d7752389f5cd3e37c8afdd9501e724edfebf5a6f778877debfe1f4,1,Sports,1,Sports,False
113706,f890c9053013fd1d0978b95075cd5fa817382a2318a88330ad299aec2484cf57,2,Business,2,Business,False
113710,2de76ef32f81005a4c8c93e26e6ce5eccf4ef23d415579ed266efa41bbffcbea,1,Sports,1,Sports,False
113759,c01bc0da04bf8ce3be3453995964b10a53cd595cb786bae973e9f55aa554b178,1,Sports,1,Sports,False
113767,4a87c27f2efd1823c697f34f4ea2b37a4d624eb10753918be13a26a811c4f5f5,3,Sci/Tech,3,Sci/Tech,False
113771,6cb10a7e4c1c35a040612a7ff1821bf5570e7c9c316af9219fe87eaf74c0bdff,1,Sports,2,Business,True
113776,e034eb1f34262ea4b1cf2a52bdc2b6bfde0ae9cd127fee466090f0edb9145321,3,Sci/Tech,3,Sci/Tech,False
113782,0a8f06149df4d1d88cb0af3ec4e8a9168e9e29b6bdd6fc6fd0e97bf8264faf3f,0,World,0,World,False
113784,da9f5eca44a56d71dec5a400f5d398b40ed973eef516bc92fa0b86056f4036d9,0,World,0,World,False
113787,b6a092fad321b91e97f2df9fed2b3254eaa7a51fc0311655b8e2eeeb8e6d2f16,0,World,0,World,False
113795,e6a9d8163d54d78d9c854137be257eb46749fc13835cb70102df25912172b5c2,2,Business,3,Sci/Tech,True
113825,0b9b20cca91995503c2b7caf0200c76b3009b276f38c75d2db8e86aa3c5516db,0,World,0,World,False
113833,f9848f4c9b22c52dc92fb71f0e781f8a65a41723f2b1189d5af76073142959b4,0,World,0,World,False
113839,11dc7574e845550a73d625aa12885454f9abb7ea30c8adc912fd188208ba8239,1,Sports,1,Sports,False
113847,b7e9ebf381bc23abf75f192421cd7de7a0629cf9c0767266005f0f0681ee5e59,3,Sci/Tech,3,Sci/Tech,False
113867,f95c4402cb04f26b4286cef794ba9175091a81437bcc4eb53587ce280cc4936e,3,Sci/Tech,0,World,True
113868,294a870bd2397740c93d2f07f73ff8a8bcc643e643020a8f8e544b2e64b8cc26,3,Sci/Tech,3,Sci/Tech,False
113884,009d55ec8c5c3dc78a8ff9025e494565275de5b9ea8b9c31688f47c94b5bcd5c,1,Sports,1,Sports,False
113911,cf240095ef0533fd0c71b8c11569bb282a9b1d41af2a1e7690f6dc963067b7a8,2,Business,2,Business,False
113912,48994101a3910b7685ed05aa37fa01878424085840b18487af65e5b300d0bf53,2,Business,2,Business,False
113914,4f3a1cee3ce4e6054ce18406de28235c4244d7a1c12e67f759111a79cae0561b,3,Sci/Tech,3,Sci/Tech,False
113932,4b73d30b19f10b2d89fa1b28697be8ae69015e9ce6a010c50db35f160a6a4006,1,Sports,1,Sports,False
113934,d7ec9548ff0c8e7eb0994a6a425a6675a26dc684808f64258b9e956be83f827a,0,World,0,World,False
113942,56a6329e7aa204197302efdfbff2e93860677056c0e6dfae4ce1d8bdc5fd391f,1,Sports,1,Sports,False
113978,d69b2500f7eec56258d9f51ee9ff215ecbf04ec6956e72e3169c5875d7d18c62,3,Sci/Tech,3,Sci/Tech,False
113983,53f99d5ec574b510119e0585acf9e87aa6f6b96a61f8b0db5e7b9f108c6f0520,1,Sports,1,Sports,False
113988,6757c01a9b9c1637530ee0dbb87afb799dae46826af10e31c7e0956584ae48cd,2,Business,2,Business,False
113994,753cfc6132ba9ab4577fbae32bbc9a59e8243f4a486e044eb00658a9956604e5,2,Business,3,Sci/Tech,True
114014,a31ba0fb629c6ee09ac26e50c835bda6ccbf268c9be363567e9a8f0e8fc0a0c7,3,Sci/Tech,3,Sci/Tech,False
114047,580791ead5a6bcb07eb339b0f36e5971e7cbe94742a19b7429144caf175af9d1,2,Business,3,Sci/Tech,True
114056,bc78e9f1900337831acb9460854100f00c06516ad54899f325d44c1da39fd5bf,1,Sports,2,Business,True
114087,f78d5e8447175ebad00dc79da38a7c12e6806927b3dbffed9a12b39e9deee173,1,Sports,1,Sports,False
114088,8f08ab657ebf82ea277cff0fec3d18ca768cc763e9c2d5d1571b3d1e59007107,0,World,1,Sports,True
114125,9e891f5ebe15a7885471b26646ed0f91a32c92d70223a09c4221e362bdfa12e3,3,Sci/Tech,3,Sci/Tech,False
114126,c64c9b0c88ad81bc5644d4a6cc2c3f1545db3769c86d62c0a33e51e2b15f6aa0,3,Sci/Tech,3,Sci/Tech,False
114141,ebb98a808612ced210341916176e52d4e8f32cf3d06c9439e16f927205b3604c,1,Sports,1,Sports,False
114142,f5dc2f9a629d58d5cc08c3cba90bc1095e51479406df4f860c3ad51cc22c93d6,1,Sports,1,Sports,False
114149,804e8f9ae916a42d72d117ac9cc8c0b75f5395a09bc7ef281f68eb28ca770e08,0,World,0,World,False
114168,ffcd84e14bc080e524070b8977bc2305a5d1f895f10e21daf6062704c0b7b565,1,Sports,1,Sports,False
114178,c71dba9b17d695f26b5b84aacee4f8c18eb395d89d236a960bbf78b2bffc533a,2,Business,2,Business,False
114192,e5ee51df1e28f15c0a4b8cb3c4afaa1640d693b72bccbb738da4011cf76049a6,0,World,0,World,False
114217,68d0da6b9065d6cdb16e1199aebf5cd3b0c867473f9903fdea13222f6707e8b3,1,Sports,1,Sports,False
114219,6270b54b3c701ea150c2cedf9259bc9bff1c5265f90916c5c62ad4d8e2e797c7,3,Sci/Tech,0,World,True
114221,1273662c1448bd74ca4fbc97100fd8e546fd29ebf65a46c196e946fd1a4d01bb,0,World,0,World,False
114223,ce4932b72e728c1e4617ae3a54a37dad9c6dd88d25ccb5a691739f7054f30f6a,3,Sci/Tech,3,Sci/Tech,False
114233,e36a2733baf41a5f74a6dd3fc6724b2e29c7cd54ead81ca774d3c5b40b369e43,2,Business,2,Business,False
114247,a5e248b68a3be1d5d401e965184ed8d47f935e3b129b80449f29b16b174adfb0,2,Business,2,Business,False
114250,6e010f4eff0ae3ddffefd68af98bc17531282d2e412002134a14dc53defe10b0,2,Business,2,Business,False
114255,964809786f4ee10c316f7865af2feae767911f42a8f2eb824a4038fe9e9c0938,3,Sci/Tech,3,Sci/Tech,False
114262,acb481ce6838b883b67c4239f685784983b36d4332a2a53b6322e7b636b5762c,3,Sci/Tech,3,Sci/Tech,False
114282,f05fbfab0e6221d7fdc29dd0f87f168588908385842dcd83f5c30222e513f87b,0,World,0,World,False
114289,2c730a44217e2405845fd7f073e76b96729373ac8db837f435fff3d0c5b0908a,3,Sci/Tech,3,Sci/Tech,False
114291,5cdb96f00a4ab992076571e7fe9e459aadf24e4f17d9c2d37d86fb4d5039c90a,0,World,0,World,False
114296,a8e3f4f1ac41ce0fc95ee3e18acd2518f03129bc2edc90f76b0793b0cc98e80d,0,World,0,World,False
114298,244900954491cf4713b9dc2c18163b863a98ce09b09ff15846cd7be6ab6e3070,2,Business,2,Business,False
114300,ae04d476931ae6ac9e263b9f80190d1bf87e957c1c3625fade321ea48110949a,2,Business,2,Business,False
114327,e79c2fd5458c7e67cd9c8d5f6661f83e39fe525b1d021522bfe0ee355fc43333,3,Sci/Tech,3,Sci/Tech,False
114358,8838ebbba410d019467f3bf9f29fe2d477f47e0cfaea451618bafac46bb5f464,1,Sports,1,Sports,False
114360,0d72565cd848c33709c333dba1e14e4a286c846dcf8c8c98e39a4a528f412317,1,Sports,2,Business,True
114362,57d5c2c7415bf7d622c23dee60e89761df1884a4541ecd7febe2f75f7850b9e1,0,World,0,World,False
114376,8e8d0155225d923c9c4bfd12cb20f9afbccbe21f4e5492ff6d3c4f48b343d21a,0,World,0,World,False
114401,0ceb21a6ae4d66b7f1d2e15cc2108c1e70ec04800359453654b821f51bfb3cdd,3,Sci/Tech,3,Sci/Tech,False
114402,9d991e13c000e13c4f575629afa0a5f479b5e26059f2e4e1da6c1551ad6af5f6,3,Sci/Tech,3,Sci/Tech,False
114412,37afd50da7d92202610496df61963ae65a7ed3f8ed579f3df4c39e6a5af42b6c,2,Business,2,Business,False
114450,5a3de9d064342315a2c5bee24cce451e6019b08f7c24f8a2011ad8c9726f0cbc,2,Business,2,Business,False
114460,9c927fe434c7dd78b5cf02b355e797b9561a52a8c1ea6d2c4ad104959cdbceb8,3,Sci/Tech,3,Sci/Tech,False
114471,a8e083307d8b28c64cb3144f7feec9e4b7e3ee61dc879bc43bb2f027fffd0247,1,Sports,1,Sports,False
114472,cb0cecbc0020dc5ca8e3568f1b08535c36bc76a0056270f4c0043a14b10a0a2d,1,Sports,1,Sports,False
114477,669dfe0b1912be3966b8a9b5d6c516e2f7a9ad0c646492acd149cf86cfce762d,0,World,0,World,False
114480,aa3962b4e3a20409f25197883b1440a620e328e7bb878833dae6a9d9b449241f,0,World,0,World,False
114500,51760663a50500cd73b2e4eb2dfeffcac364a1c37e14429974fe0588ee9a4a87,0,World,0,World,False
114509,d7533957f7d434ffa7ec154bd843509d7f3c50adc52672bd039237c8dfebf1f7,2,Business,2,Business,False
114525,9706d87605edc679ffb04b561daa4f07b4dbd27b804153566ae1b715db1ac150,1,Sports,2,Business,True
114548,268e86f1f41f8071cc38e6cf644a858097ec51582f935639d646c5ba675b581f,0,World,0,World,False
114549,cedbfd0bfded16579cef63a83ae4f45267ef9d733e2a95f2e578bec170ae9751,1,Sports,1,Sports,False
114554,9091b6691b664031b573783b876ccbd9da14b577dcb9b56161ab327cb6805417,2,Business,3,Sci/Tech,True
114556,582ea993dac969c848675216e261251beea0545c0b738681773a1218f1506944,2,Business,2,Business,False
114561,6b761ca8f1718683af68f90d8e8ddac687fd9dd8554cf6a443c4ea992ff75a59,3,Sci/Tech,3,Sci/Tech,False
114571,b7d2615c0bc149bd561dc67304fdd0d7b7679d2d9f593ec96e1059c70956b3c6,2,Business,2,Business,False
114573,0e8815660f189e88c3594d13fab10a9559f0c3519f646336c1cae5223061f670,0,World,0,World,False
114619,4feb8632061ed398d8718812e698261a8c95e0390b1429fad42ab50514619c61,3,Sci/Tech,3,Sci/Tech,False
114623,7e565860ac5e4eead0a5a067fa3411e18e657d8f8a57473e735f37afae1b01ee,0,World,1,Sports,True
114633,c6156f6a136749b453c6260a5de125281153652e3b0b24a002e0833c6390113e,0,World,1,Sports,True
114644,ebe07fc4995daf5058f1e749de8c6ad009e2afa8128dad576b960d44c5f55db9,0,World,0,World,False
114656,6c17e15f230a10dc85247d9bbe6b795963e075a0d1a191316f004a25b27907ca,2,Business,2,Business,False
114658,a86f9693b880ef07b04786287ae82e30af6af9099bd04a2cada41d8d83bf185a,2,Business,3,Sci/Tech,True
114666,d8f3a9a8e614b771f731d81abc603e160e98b747b9f128ae32bf42baef728efc,2,Business,2,Business,False
114669,4e5d5e94700a81ea9056bc872420a7bd9088613321bfc93c1d724abc477e4705,3,Sci/Tech,0,World,True
114688,d48f5ac44891b4b6cf2ad44f02f44294070a27f8df7d8c425d8b9bdc7091fc89,3,Sci/Tech,0,World,True
114693,bbc932f76cb8ca59cf7a4e520a315e786de7e0c70a192e33559ead3dd627c509,2,Business,2,Business,False
114696,ce2693fa124bd4ebc643036ad25becae102a99fea8aea4bc0fa56f6f6f511861,1,Sports,1,Sports,False
114706,40972b686655df7eeadf961892c511554f3a593c526dc25a462a10f99613ab31,1,Sports,1,Sports,False
114713,f77d4054938bc9d429b1f219372560464a84da9448bb1b6a5abf9071aa46b0e2,2,Business,2,Business,False
114716,b439a8b60a9760d177cbcb2af0ac8473ab5aeb8fbffd1e0ff90902b0b4148cbd,1,Sports,2,Business,True
114718,d647ae77fa408d75071586411b8cfb83235e5a35049611ff3db10e32752451cd,1,Sports,1,Sports,False
114776,dbe41003f793a6e9ccf21c841694fccdce89daa728de338af736adfc13e6521e,2,Business,2,Business,False
114783,6ff7d32e434aaa21267c87ef7088257db294fd3f6af553886e5a422b4c3fb442,0,World,1,Sports,True
114798,29aaa92e14a032f9fdef6443a8a7446e04ae8e6d0a79abdc13d337fd9302acff,1,Sports,2,Business,True
114804,26ee8aa48ac75d2ffea1fc507c3084ecd761b22a29e911b0bb6249abd9e7a8b0,3,Sci/Tech,3,Sci/Tech,False
114836,8ec8a7e74d22607843a4ab173d6a5b8b9630512d864140a60d1f7ce89b67141a,0,World,0,World,False
114847,a3ebec2590c7160f4a59bf8285ae933e17655fa8ec454ac82a63e0b59d00e7f9,0,World,0,World,False
114864,3c02c2dd908a87bfce3a0f8a159bf0898247e104ea77040d13493bff053f89cc,3,Sci/Tech,0,World,True
114872,f6b94a7031ae202dd1298a4449bf29981a2107449b7f6be93bc967597dd4ba7e,1,Sports,1,Sports,False
114876,872de861b2d75269189979e470c45a54cbb175abb797bc89e4251918165c9ee6,2,Business,2,Business,False
114890,ce98dd70e39b12f60d69ef999f398ce7a9829b078b9a6f781815b1723d54e5cf,3,Sci/Tech,3,Sci/Tech,False
114908,53b007f62ff058859037a716162a32f8c2896b42fcfa6b41d779289e8512852d,1,Sports,2,Business,True
114937,99ef02acef04dccd0ff671bfbfec39f2c6f8fb8468fdf7919dfcb92721f6d00a,3,Sci/Tech,3,Sci/Tech,False
114951,ac30fb693e752ca9f0942f6558abf1360d70338b52cddbd838b3e5afd373840c,2,Business,2,Business,False
114960,ffe7516d38e9b8652ab1fd1041a55f14168695c05aae660a1ad9b314d380e9f0,3,Sci/Tech,3,Sci/Tech,False
114962,691b330e75da3d98ca5f96777cb6a832c51cb6bea40b27a800047f9b033baec4,1,Sports,2,Business,True
115024,355d293072df7f3216f0c4ce6b2cd7aa22abc56f93c5ca44f3a8bf619761969c,0,World,0,World,False
115031,f3983f1a8ba5c0a7e6839fe6c1cd47b996c61b376d41faa78b69198426fb7171,3,Sci/Tech,3,Sci/Tech,False
115040,35863b34d4c1c103077095f6b4aca97a1054e53e381b6d86c8c35b7a04427e88,1,Sports,1,Sports,False
115042,c3e4ee022da4e4aee5db82f6840a7c737930042f0bea9a70aaf71f8e0e1cc88b,2,Business,2,Business,False
115045,b0312c295c24bdeed22556c61a9d0ce8249fb046064045b6836d42d5a7671fb0,0,World,0,World,False
115066,c5720a7501a9f424645ef733e36a4693a3aff13830f3fb639adc4c3b5a3ef34a,2,Business,2,Business,False
115073,032c5b47f04d989d24e500d8384f236b98793584f2b32a248c7530c6463eb613,0,World,0,World,False
115079,32da11a408661f0190a7632b2b0845df9cb48cdc8dee849c096200facaae6734,2,Business,2,Business,False
115085,e04231deaca1b4ca5edf006fe776f2e300e5b7044c07a373aae8e8ae51178660,1,Sports,1,Sports,False
115098,7a9434eae27f94b46cd19a242112935548460c9b16dbc09abca8ea57a4bbb5fe,2,Business,2,Business,False
115099,42da724435880d057eaf8c38ac0b3e0238b46988b34b5e687ff4b8bab5da342e,3,Sci/Tech,0,World,True
115101,a514c7dc62a2153e70810a45ac7151fd8f17bdf6b4101466a393808f4f9773a3,3,Sci/Tech,3,Sci/Tech,False
115110,84481d754e6fd0f7d7fd8620cd6560d2e6b6a7c96f0597a007f491c5c57870d1,2,Business,2,Business,False
115113,f3dc58b60cdce358b509132fff6c2961d0d4f4a4859bc1d74bd0a4723fe9689f,1,Sports,2,Business,True
115134,baac97cd84324f030940fbc3ea7ec5a162a003837556b617e0e4b7c4399b6b1b,2,Business,3,Sci/Tech,True
115172,154c3afa549548d5a50fec49f24dce8d029a3f7ae71c5b9324941b7b81a82900,3,Sci/Tech,3,Sci/Tech,False
115181,cc882814ceab0060a7fa0fbd50980e85973d2363d9b2f1e628e08c953773cf99,2,Business,2,Business,False
115196,651182f33e53ecce1c722facb9eb4d9d061f70465137baa53c8821c802ec0527,3,Sci/Tech,0,World,True
115239,8589cfa6683e3dd3962fe1dcbaef517a2de489758d823aab200bc2b2468cbdbb,3,Sci/Tech,3,Sci/Tech,False
115246,d2f8b12f16b5470b5d382dd99f9c28cd69f80ef0668278941ce9a5a3ca465578,0,World,1,Sports,True
115283,aba7ec0771277c2c46ea0901d62f882aef74d3ac4c4c889586ed19de3fcca862,2,Business,3,Sci/Tech,True
115288,2c0f1eef89771e252537b7f4fcc10a8e8571662df766d87c56b4a01843f4c1c8,1,Sports,1,Sports,False
115322,aa05f3f35edf699e2ae4b29b002274450773255bcda10c89b33c8d2c04dad9ee,3,Sci/Tech,3,Sci/Tech,False
115331,fa34876ba4c31bcd9169e4430a0af99f41426e4f246e784e96d99627958f2500,0,World,0,World,False
115338,d4729105e313b42a0b7f148588e2fdb9d4bc1a1e9952d75824bd7993e210229d,2,Business,2,Business,False
115339,d645d177ce77abc443c88d0390899f8f40779fbc6f7edb41b9b1459badbccb18,2,Business,2,Business,False
115353,2e0835748c482809d73cde1d261f69064e420ac0c2423634300237ec4da08839,3,Sci/Tech,3,Sci/Tech,False
115365,a4407c40bdc1687356a5ebaeaac463b0b882b29d2fb991a4262bd1c58f1c0299,1,Sports,1,Sports,False
115382,618890822496832bab8fc850ef8700a52b8f48fa35241591cc3fad1fc6fb058d,3,Sci/Tech,3,Sci/Tech,False
115408,c471054dbf95fb5eeaafb3311b92f3a94d4367b03e9c13365fea6d902a8288bc,1,Sports,1,Sports,False
115409,be91c8ca2246684fc836ab4a6a20e1a4a0d21e6e1d86d5adb091efc801312c56,1,Sports,1,Sports,False
115423,80ce9ca056348576bff8d16e631bb41efc3a8d88aa75a9c468f44682d1cadf9f,1,Sports,1,Sports,False
115425,9e932a1fbe304878aee66e81126c1e45f6ae14e7717102aa807b40ee0c8403ca,2,Business,2,Business,False
115433,6719201308588d5d4feaaca5ea920f6d3cd4195c9286d6d111e107219429479b,2,Business,2,Business,False
115434,d2e65eafc8530e4edec6c97c3b1b36f47113703accebf30e33fe7e696f315a16,2,Business,3,Sci/Tech,True
115460,412ca6741fedd6c1fb90694cb701c9ea076d99b88c151ac1e44e93c62f96e757,0,World,0,World,False
115473,d50986c36e161678752e2378228a5650389460fbbc5a956f05776e69e9d4bc70,3,Sci/Tech,3,Sci/Tech,False
115475,b39f27f8f3603cd38a7887206cab22b1022383873d6d007e6843a7e251260746,3,Sci/Tech,3,Sci/Tech,False
115486,169c326c94217f494f34ae046818197661ca1645d6b15f72a53e85d753506104,2,Business,2,Business,False
115490,b9f58ee1916898ce2a12fda59158c8a8c9aad030c5404e8a5f7f3685f796d268,2,Business,2,Business,False
115512,c3852146c961038ae21d595eb48f6207e79f34f031572dd3c375c9cb0c0dd558,3,Sci/Tech,3,Sci/Tech,False
115523,688abd140501e6ef8ca5628b26bd08e7447845222ad7c6d76abc930e073878e7,1,Sports,1,Sports,False
115536,51e534e938c4eca3b8a0c2b230e965ebd345f5bd30ee5aab8bbefd3e1d96f9a4,1,Sports,2,Business,True
115571,77ea9a465974565c4a4a746a2c4e072375ea1d6542087a4e7d5301b1e4730012,2,Business,2,Business,False
115573,1b6028ff0c33d734f7b4627cb694fed3acb869f01dc498621503408fd2bc1b9e,2,Business,2,Business,False
115589,57ee82dedd780f9f149ce2cd55bf1e973f7dfb109c49282b2000d550c668aaf4,2,Business,2,Business,False
115590,0baaeab1a91e355c73a814096ddc695d8961f6990251d0b3d456d4d2a846dbcb,2,Business,2,Business,False
115592,a482d1265ddf1bf77de88676e6ae3f821c402ec146c2f41d4f7ffab664606685,3,Sci/Tech,3,Sci/Tech,False
115608,551fd52b7125a6bba5d13dd6c5d40e0df4086ea3b26026953b76d3cd387373de,2,Business,2,Business,False
115659,31f2faf66f523a5c170d71642d065e16e88f5c96863071e47e177adaf180a1e8,3,Sci/Tech,3,Sci/Tech,False
115660,58b818d98685c9d72f2d1de3e588f9fa98cb8f32453cd575d86992dfa891fb94,0,World,0,World,False
115664,babbf59ce585c6ea7681b691b4703966bb7329e035e51055df707d0a5b2e3a67,0,World,0,World,False
115686,43669e5b50ab6aeebe63abd27d415ceb77f376a14d00a4d25708cd8852d22c07,2,Business,2,Business,False
115690,216dbbdec60583c1a4ff7d9ccb39fd5ad88e5dd90842e1aa1d8035e5c79010dc,2,Business,2,Business,False
115691,fb51a77a4d754af7571dfcfad86153569fafad48ad0624f689c962c6da5a81e3,2,Business,2,Business,False
115710,51b1e19cbec5538eb4d6429b29c60e1afab3c9b2f9a5168028d94f1cb4b46650,3,Sci/Tech,3,Sci/Tech,False
115721,57d747ad6b4a19e1192c64c520f75e3353fd0daa076a59440f47b3b826ca81df,3,Sci/Tech,3,Sci/Tech,False
115749,083bd910dbe71d825af135cd174e328c0ac790275f9e2eeb24340c0a20a9138b,3,Sci/Tech,3,Sci/Tech,False
115751,0d2bb2f6b1f717bb489c1f74ab19f095009f754ad749bf8af6bde59ed258bc2b,2,Business,3,Sci/Tech,True
115755,0f3c82c83afab8f1b055d0b69c1fa860bfaec7385e1ccb24f7b878dd6ed14593,3,Sci/Tech,3,Sci/Tech,False
115761,97cb65dfb02616b95387a371d9b2fb977c871e40dcbe99725b2990fc3685266f,0,World,1,Sports,True
115774,dc84cadbad6d44bfd61603604840ac24d80c4d7474aea245ccc85824dd2bd952,3,Sci/Tech,3,Sci/Tech,False
115792,316254487a4dab9472c24366c44f6ab75d7a589b96d5ec8f1091c0662dec0a5e,0,World,0,World,False
115803,ebcf1379105fe5df86fd6ec564f2785eb34d0691f210e327b8e3823377ecf2b4,3,Sci/Tech,3,Sci/Tech,False
115806,b4371ed3b14bac9245229da0d99ad337db0e07e14f43663f5aa926209f31edb3,2,Business,2,Business,False
115828,e226baed389740acbbe29008b166db2814951434f57b9201847a5ec84eafe37b,0,World,1,Sports,True
115837,8e846cd2c3c3c0adf98874ea98da38234d76d24a92285224eb4260a3524380ae,3,Sci/Tech,3,Sci/Tech,False
115840,7428329f132d98f0f9a683a8b9894076efdac594934561eeca738498533ede7b,3,Sci/Tech,3,Sci/Tech,False
115844,084e43a28b485c4c1e83f94e84c951156778a4b70f6dd34a69209e2e62e2c264,1,Sports,1,Sports,False
115852,3e30ca4c92f7537954945626b329cc8f74d4db91eb2e0a76ffc23c5372015164,3,Sci/Tech,3,Sci/Tech,False
115863,7c791b5b76582c281bd71da1bff19e58325b68bf9af4a2c2f74833a23335cab4,3,Sci/Tech,3,Sci/Tech,False
115864,ec98c42c02fb004001e5189ca737c1ea2233c9473fd5aec05bfabf2c195842ba,3,Sci/Tech,3,Sci/Tech,False
115866,561b9e988d2cc2880bf4f334375a286e8855fba328520738578ada1cc858d695,2,Business,2,Business,False
115899,7205090a6f064d1ebeffd9c6264cbffd3b2011d358a4f21964979d7efb79c252,0,World,0,World,False
115915,a2a0ce1945bc9973e3d2be6b4f717380ab2378a81535668c99a411e27b8308b3,0,World,1,Sports,True
115928,cd37f77af350ec25d21f1b3845df4ad619ec60460a9df74bcf57100b31133ec8,2,Business,2,Business,False
115948,a3f678aeb4ddda17aaf42c46eebe28a2f903f6a4255d0509a46434495294b882,3,Sci/Tech,3,Sci/Tech,False
115962,7b808e92704ddc73ab56e1b5cfe205ae0f3f87d209d4a66a59cb86b064c06765,0,World,0,World,False
116004,0466d560bf31d2c76205f39ba052f32d5b7b684d23957a0d6390c9f69d5a4dc2,3,Sci/Tech,3,Sci/Tech,False
116014,e4eac591dc2b4dd40b6ff8f8b10940ed27a8511e38b54c6d702fbd0ece9de4b8,0,World,0,World,False
116018,15bfff8feaaef656718bf3f46b3272555979c5d43fcf802750734de109e95215,3,Sci/Tech,3,Sci/Tech,False
116034,b30196173fcc10c85fd957f80b03c47023cbfab01ace1c1e98c30e49a5309ead,1,Sports,1,Sports,False
116044,51d58fc1fd0fd830acc4ea3d17ebaad8a36e7236ead705e8237d83413ed418c1,1,Sports,1,Sports,False
116049,4f22ec440efb51ce1cda7f3ef501b69326d451e71423ccf189f3330f59b7faeb,2,Business,3,Sci/Tech,True
116054,94dc6a0939f78d35eb1cf4cd02ac874ba4c1bc75c11a543861534daf9d2eb0b2,0,World,0,World,False
116064,27428d050efc4076914470fb8720bb8161b425518bdcb4aee367cd0b744f1683,1,Sports,1,Sports,False
116070,898d99d9d49e87b4b28c21cfb5eb181ac17610532df9ce5681cff03977830239,1,Sports,1,Sports,False
116104,f671aedf2682d72151601fca0a7091885560521334af41e3df69035dc20aba18,2,Business,2,Business,False
116105,48df8ca541b182281b45b6672557c3e9a6bfda58a8928b0041d689bbe4d326c5,2,Business,3,Sci/Tech,True
116106,28518e9b63aae5346f5fa79d02b73a1c520244442376f057181c0a64310b04a6,2,Business,2,Business,False
116117,aa6e56777263c1993714f9660bbc9d3cf6fd4eb739bf9f57417b7e580fa0d01f,2,Business,3,Sci/Tech,True
116121,42df8cb5248b68ed25b889b7e99017e9dbdfbbc6830ed99b126bd191593e7f2c,3,Sci/Tech,3,Sci/Tech,False
116135,d982a93f6ef6c7b543021f07871c47b29e52eee43841b6dee317a2fb3f8b81d1,3,Sci/Tech,3,Sci/Tech,False
116144,b50482bfcdbfd3d23b4e2ac458d8fce5f966c37949d298b538810f26a8646a39,0,World,0,World,False
116147,191b63331573d90f3b5cdb07dc3bff1c56a7dc4cf04dba4abd3491646c491c84,1,Sports,2,Business,True
116172,93b3cf465b309783a649b12663b0bf20bc03d45252b62575749c5042df80911b,1,Sports,1,Sports,False
116176,83c069bdcc30ea0ea5d7d15c9d1bc1f64291b486ff5b29e68c50022f2666e633,3,Sci/Tech,0,World,True
116203,84271ec1807cc9bfb7671f85854f7f5d6c045403154b3f091579150d38fc285f,3,Sci/Tech,0,World,True
116208,9b3e729ac22c6170e20937af4aa82e712e29e20d3ac43e1fbccea2f21a4e5f35,1,Sports,1,Sports,False
116214,e062c9a772fd39d9665d251411477643e11261ce432d740b235251287ee5fa91,3,Sci/Tech,3,Sci/Tech,False
116227,04fe03bafa18048e79720f12374e8e2517fe11167d4ed0361809806d6a2acd1d,2,Business,2,Business,False
116253,149012ce0fd3ec5dc0f7884f6a692c400238b9de2b9b54e3970a9d86500554ee,2,Business,2,Business,False
116262,4b9b088158cb8576ba59a7bf56ee685c0df4d10bb47c2e4d83a73479c5b426e9,2,Business,2,Business,False
116269,c49ce07d9473ff34d07b070c7c758a9ea99aceaccec83b422a76a7fc360a37b9,1,Sports,2,Business,True
116289,562e61dd05654b8a6aa38c212cd8d970b64a225c9abf6b2dd20d63d2af29a92e,3,Sci/Tech,0,World,True
116294,57dedfb3bf8f3c6b9ecd5113904c4f6ce50fc4591d189896c008ddefb7f2e8da,0,World,0,World,False
116312,b13452c7955dbd7787bf1381fabc616185979e16ea34572f6ba200a4665dfe52,1,Sports,1,Sports,False
116322,b9cc37c7507c8468ee1dcaf8dacea4f2ea7fcc42751503eee8da4a4c6dce86e4,2,Business,2,Business,False
116341,2b2fe11f4ca6e5ef5b2cf1345fdc5419ab587fbe95a3136711313149ac9b23a6,1,Sports,1,Sports,False
116345,3ef1b298f62da7f9a5752fbe28eafae80a35eb9e4d7b9761010406e6cf6af5e5,1,Sports,1,Sports,False
116351,3214a1130e70d0b2f82d89526e4b7d7e8c83df366b86dac4d09bdb2ab9dd789a,0,World,1,Sports,True
116352,5747c13f2d7f762d0cda708cea0065fc2d293be212851fc971f48a8c2f171e91,2,Business,2,Business,False
116355,dfc72b088232dca3a18733991e3ea82800945216c31dde714f2b682fc2ca4672,2,Business,2,Business,False
116361,2bb49ada1acc1079f14d26380385f850aab80ef62d01991c37849bdebac14f64,3,Sci/Tech,3,Sci/Tech,False
116363,46a0bf3b19329c2f726f40fef2943aaecfad99a1716506ad132d42d377dd67f2,3,Sci/Tech,3,Sci/Tech,False
116386,e6ff574117b03a3c82f0318ce3de93cbec2ee8277e07b087b321b333a88bbcf7,2,Business,2,Business,False
116436,519edff6691df33079b5f1ee9c37b6931c55cdb15d03131da460b84b5a4f22dc,1,Sports,1,Sports,False
116445,648b2981c629ebf094c9af9740b5a164c9b5083f2cf577c0604ae19ac4bb0314,1,Sports,1,Sports,False
116454,1ef6ea074facf393492a83e7b69ffaa81681a60d945be6b7ed8d725216e8616e,2,Business,3,Sci/Tech,True
116456,2add371597bfbbacaa871b601f9e23bd07b2c7eb6ab30c7dbced71dc50143713,1,Sports,2,Business,True
116458,58ca8db0104a0206f917cc50d21d81354aa986800ef6fb7911882f6f4c3c2136,3,Sci/Tech,3,Sci/Tech,False
116465,06ecc9129da66755035aacb34abc9069e985ff83a9ead00056c9f112c11c8c85,0,World,0,World,False
116472,86c1ac7926b84ddb2035e3cab2d76a21677a8811bb53086da64b475c6c7333e0,1,Sports,2,Business,True
116482,e3faeee065dfaceefab4d5c4b0dbfece1520f906147edf6c89ef31d589b4487f,0,World,0,World,False
116492,67617bc0fc2d676efa65b9f9ff3907e59cb58a08ca62153061c0eaccc0a6fa3b,2,Business,2,Business,False
116500,03334bec6d44e6220f36d8ded375ec90c3d14d03943d99852ed99393243aeb66,3,Sci/Tech,0,World,True
116508,1c2599f57c2aa3d6a5ed94fcc9c6597e70584e85b4c186c3b42317cdb9777d52,0,World,0,World,False
116527,5e968be75e78d78e23061321ee777ed548dd9493407a38f111041cea1dc922b4,2,Business,2,Business,False
116536,6ada93201bd4f62cd2899839f431924c469e79dad58672492e8c297e2ce466f3,3,Sci/Tech,3,Sci/Tech,False
116555,70c4f7917c0d182123cdecbdcd63b692f80eba36287e86c29d416e209675d38b,2,Business,2,Business,False
116595,c42bf44767a649610cfd790b6c1c3f2b757155da18150598583e4b4999a6d284,3,Sci/Tech,0,World,True
116603,1ffbcf4bb56ee5ea1595fc6fba9f7b5eb2d68824039d18f5e01f5e134b228689,2,Business,2,Business,False
116617,cda4cb35e9f7bfc06d76039c3b7714b2b348b9c2a24f487774fb382e96e9a379,3,Sci/Tech,0,World,True
116619,10d4a4221e87bc59cdf0c8a77695d95b54dbed9c59fc047a55bfa3a9ab077031,1,Sports,1,Sports,False
116625,7b494a8aa4e763c5989e1217400ff718d13a76f92098b595c16a4f8831aa7326,2,Business,2,Business,False
116631,c439cdd7c782c7ace178fa721d94b0586f02fd49360e0151350ce5c74961f6a3,0,World,1,Sports,True
116645,7315a7d311968a6fb3ffb51afde69a0906445040175d515ed0244980a9a0512d,3,Sci/Tech,3,Sci/Tech,False
116646,c97d01b5d0e5e998641143cf7d4dc49f6cc477fd39824606837623bff4bea610,3,Sci/Tech,3,Sci/Tech,False
116673,9b9eb79af4a76ae0fb31053536aed65fac08ca73b8e993800f855f1a15274d1a,0,World,0,World,False
116689,f5e8806a46dfabba861fc6d855faf70fbc2b278f3679c4ac0342e59e0f277367,2,Business,3,Sci/Tech,True
116695,3bcef9ca20a01d0abf552912849ea4ab12e238cd0f916db3b01e89f96fe3b950,0,World,1,Sports,True
116696,4dfd766a532e30049f1d93a074e827c94a28bf2c35b31a07e89504c4d8c13895,0,World,0,World,False
116699,dd574ac6fab3a7f289220b077616225d9951d5cd473830ac44b916dd4134aeea,2,Business,3,Sci/Tech,True
116701,f3f3baa907481a312c263096180be14c3fb3976b417d4ed7d1b52fa1e73f72b7,2,Business,3,Sci/Tech,True
116720,8a3ed26feb012f2c2e24546f492f70de6f0ecd5b27fbb4e27ecae784d9135285,2,Business,2,Business,False
116752,cca4bf23b13b0b3086c308127678bf31d43e08e87ce833732454baaee78e529c,2,Business,2,Business,False
116771,875e53d9b85a70c41716573ef1abffba5de51953fec55b6cbb684822d0822129,0,World,0,World,False
116774,bf5d85641a115ebd6bac3b40171f8bc0c91c3f81038c92f55464a2c2e13c7790,1,Sports,1,Sports,False
116797,58dc4a6a1ecfdc13f4722031b39cf21c9e711871748fa2449304a0ffedb432f2,0,World,0,World,False
116836,8ddbfaa6935141e27dd2a3bd011a542b6b868fc4d445bea6fc078ba5c6efa649,0,World,0,World,False
116840,32746999e7e3934d611f0ed51449aae6d889dc1d1d537ad54ea98890eecad3cf,2,Business,2,Business,False
116842,982c52c37e5c1c2ea5b4c36a545ec89f94a02d98853f655814806bb701d13770,3,Sci/Tech,0,World,True
116854,436394caad8e135d8ef9da64bb88cfe7143f6e10cc99f00daf4b1eea38e767c2,1,Sports,1,Sports,False
116878,e54e73d035dfac66b2fac4d4299a0edc997f396d639b5a85c86078d67003dd21,2,Business,2,Business,False
116886,149e89dc15f3dbfae55476526b6b63b7baf4e091921b95e70d4521f21ed06780,3,Sci/Tech,3,Sci/Tech,False
116909,77a26b6bc42311028cebb25258593d14a565eec8b7d881ce2ab6e4ef0039e031,2,Business,2,Business,False
116920,c2c91796981a43a6360a9dd7892f26ca6599fa720b5b26d475174e2ab5cc7848,3,Sci/Tech,3,Sci/Tech,False
116925,f2bc61ebfa739842a6e4007b5f0bbb971860a86e62dfbcc77a64c5377b251bc4,0,World,0,World,False
116926,296cc216ef6429ebe9d236f74b4691204c86fa6c10b7cf8f8644278134567a99,0,World,0,World,False
116960,450f2b3704df69025db4c97b11ff4426423cc06d1d67f8f2605d4cf915f123f1,0,World,1,Sports,True
116969,407e8204fd6e4cd7071a288ed4c0892ac911e3e9f4769bf2804965e8f1025172,3,Sci/Tech,0,World,True
116970,757aecfb005ac1f6c42efbae84864b7725c939534b1644eed2d19cc38d1c0039,3,Sci/Tech,3,Sci/Tech,False
116974,9490a65b6334fb5c69ddf18c4b8bf5c06c993934e9f6b8e6cdf8986c1cf7c159,3,Sci/Tech,3,Sci/Tech,False
116999,66243e2dc2e7905e08c65c3f2c626970c054f7adb754bfbd8956900c4677cfa2,0,World,0,World,False
117007,376cab15f6a01c8d19407c46c6799e4f2af2d5e14e1841f71ff11544f4a6c9c7,3,Sci/Tech,0,World,True
117017,0c389f552928650632f42d78db28f7dc349cb795c2df757053650d53537faaf4,2,Business,2,Business,False
117026,9c713b0b65bd294f1a26ee44096cd9b8834223c7d1962b364d10eea48f1b3eb0,3,Sci/Tech,3,Sci/Tech,False
117031,8a216762fcba3fea6719e09eddc02d0ca432f0ec9093025205e8bb8f46bd2474,3,Sci/Tech,0,World,True
117033,a5175f1ee4bf660d232dd590b0fa6a1fd35f83cf93ec146b3211ef92d32e111d,3,Sci/Tech,3,Sci/Tech,False
117053,ecadcca0fd10d16475ada7599e6fa5bad933fbff72a9e85d044be91f211fa8b4,0,World,0,World,False
117057,c392987d8adfa6bc1eb000a4ddd7e790c93276e73ae360d7632d7cc6c3d59e98,1,Sports,1,Sports,False
117062,ae03fb3da52a6687aba3fe256bbe4873781fa9f86fa025938f4a63d0f283a17e,2,Business,2,Business,False
117081,fa1c751703f3aabab7c2a4ead64c3df941ac95cd107d54d9f868623cd4009129,3,Sci/Tech,0,World,True
117092,d2a0a3e71cd958570382e259ba34892cafa9c8fb2ecafb06e660832d7d243a84,1,Sports,1,Sports,False
117107,c3548c373c2897a4d3d1b272a3fd893b069453d60d1dd9a313cbb58ea10cd45e,2,Business,2,Business,False
117109,ae7127a04ee4f09ffdf8930f018584c6d1fce721d5261bd518b6286dffe0a914,2,Business,2,Business,False
117116,eec72a091004443994eb04d29cbd8e6f2c4be724e1964a65cba40c6bdefc8394,1,Sports,1,Sports,False
117129,7c9e1d81f3feabd4191acd0db61fc25420851004046869dd0881b0d7ac4d2e29,2,Business,2,Business,False
117134,fc01f6cafbebfe87ed438641827221097d0c81c0756706d2ea822f22d539b1db,1,Sports,1,Sports,False
117136,cd090ac0fbcfbce950aec27d4bcd1b52c5fdba82f8bd2745b79bdc5e7781cd5b,1,Sports,1,Sports,False
117139,e716e206a87860e8080f9475f04fb09c30334a75134118a895168476b273a02e,2,Business,2,Business,False
117163,1e311d8dabe986f03a080d91544e325caabbf42ec78c1d5e292957c4dd470c42,3,Sci/Tech,3,Sci/Tech,False
117176,351208e2de6f4e9acbe6c523d8b3d2efb4d6e840e3c1f50f6c4ba797cf311635,2,Business,2,Business,False
117193,af829a75df9e5427518311a24c497596e7ff614efb7c5e410e1c02aa0bb38f74,0,World,0,World,False
117204,9305db3849f0e5b9fdc2451cdada5a8e490d200f7976e902d902b873911031dc,2,Business,2,Business,False
117216,f6974f443e05fe746682f34efb5f85e2fecd9a14d6690a463839260d00ec6a68,1,Sports,1,Sports,False
117265,1c1e8035f28cc64281931ff0285631f1045978f1e0a346ac69decf792fb1ed80,3,Sci/Tech,3,Sci/Tech,False
117287,3828a43cc4d3602a1a925246b861deebe80ba870203b29c1dc11cd6467252c61,2,Business,2,Business,False
117294,b2ea5979c6090b44df16a0a770db4de81f394269797619086695089cc2e30ca7,2,Business,2,Business,False
117308,fe6338b98f65a3f19644c1e2483e21393f1b52b3b795351413fa4cdfb444ed22,1,Sports,2,Business,True
117313,997adce89eb7230d0c158c329f0b423ff5b0fea22a90f224606407660bcd9bfa,0,World,0,World,False
117316,9b34275e9c8cf9c12a518f742cd3943fca9ca3bc323609bc74588da15289075d,2,Business,2,Business,False
117318,8ff06521485e16ab8f04f143af772e24307709dc16cb39fb4a18d6314de23bbf,3,Sci/Tech,3,Sci/Tech,False
117320,cc95fab8a1232de540b6034f03be625e8a342c948d9c4a45c08ff62ca465f743,0,World,0,World,False
117330,8b93121011f374cc9fc4f9e4a7d81131d3f6efead4ef14d5220fe4a9fd0c66a8,3,Sci/Tech,0,World,True
117336,044ba94ffc8c03bab6542487aa1a72ab65bfa0ba0936062f1d62996facd63962,1,Sports,1,Sports,False
117341,50eaeb2d29b2859225a285ade9a4083ad13757384bb402466b7158c4de5dee79,0,World,1,Sports,True
117343,1060695af23c3faf3b5bc1e34efe3c2c1c5a53a42408b7ee5a17b097d1a00bb4,0,World,0,World,False
117380,01f5ac3da10aef3388acdf5783c1732ec0c1861fd0346309349a5f01514fe8c1,3,Sci/Tech,3,Sci/Tech,False
117385,9c8c116d9f1505d1b3a239eb511aa91c71927c7b0364920d8c27da72c9ac2a3e,1,Sports,1,Sports,False
117388,af0c7afb7c744ed763b528474f2e367fdd34061a96c09d922a911238b867439a,1,Sports,1,Sports,False
117398,385bd740ae068a7ca02153653aef6b0b8aea30e5fec397b95b185e63e749daf5,2,Business,2,Business,False
117399,dc39b0f4de97190aa792a72f1c220b766cc2201316211ada1063a23dab37f720,2,Business,2,Business,False
117411,02484c90a70f8f00561eed3847ccfbcf50ac92f2cb6ceeaec37d514251807090,2,Business,3,Sci/Tech,True
117421,a11fb24350c33f81eb94f41dc509fc3716917f640598a777e603cc40068e25c8,2,Business,2,Business,False
117428,9f5aca9e47141560f54fb8ea354fb3a24e9e1245fba5e519cf770ac1438c05b9,0,World,0,World,False
117431,7f3c8a2aad5e9e8ffd0efa9ff085f941df07aad5cb6ed8ec52a340b1ebd1b6ad,2,Business,2,Business,False
117445,39a41e99d0bbfb569cc35e2293f23f85793214ea29bb3c33aa913c4763c13ab8,1,Sports,2,Business,True
117457,afd98003e5286478e13c435dff6f962f6cbedce28e726a97d63b0a8cfd41396b,3,Sci/Tech,3,Sci/Tech,False
117468,48218a5ddf60ce9dff02281dcbf78289e87a631518d77b1309970446236e2782,2,Business,2,Business,False
117487,e770773e613495d1371d517de45ab8acf7e4d52ba34b258cc11ef567914ea1bc,3,Sci/Tech,3,Sci/Tech,False
117491,ea281a7b2bfebda18e2fde7f1891f9d26a8b2576d8756d059d6b8b710292fdb8,3,Sci/Tech,3,Sci/Tech,False
117519,209315fe7d4f3e3b1569e4919617d08c710ad944c56edd858ca1d7d00433775d,2,Business,3,Sci/Tech,True
117523,62af07ed05020e4dcb7a952f87d8ac87ad4812e2463660974e4eb10c05b208b4,3,Sci/Tech,3,Sci/Tech,False
117543,853b4adb59a1c8b314959d9c9552e82fc4a643595d46e29a63581cccbf993c99,3,Sci/Tech,3,Sci/Tech,False
117565,feba76dee9ef96479c63bdd6ef5e1bcf4586a8ff05b9bf861e96ab067c32fa25,2,Business,2,Business,False
117568,430fa90ed90a068be5eb435897b00cee5df78875c45a0f5698a17d7f06f21af6,0,World,1,Sports,True
117572,4805074636c09d0357378a173358a7bef10dc94ce36039cc9b69b425831d2080,1,Sports,1,Sports,False
117590,2b5973e719d661062c292d66b06e041516231f3d8fbd04c2a34dac1e8f25070f,0,World,0,World,False
117602,7c88766f83e469c9b6ee398ee1d7bdc6c38619bd20fbe42d73ea7aa2e0a3b3ff,1,Sports,2,Business,True
117616,8211f617126f42250ae48310fdb63d54fb0b2ef46d6b304be2bc80784c111dd8,1,Sports,2,Business,True
117633,f3f86aef9042d654b33ec3a97080a54723950a83b8eedd86e8e0e32490f76d0b,2,Business,3,Sci/Tech,True
117636,1a9ffaf7baff35d353cc9aa279e0ac292fa3d7ac14b816b817f97a557c4522b2,1,Sports,2,Business,True
117641,ccf7f3eceaac18a6c0171f656e886c70a7aee7e92eb4019b1474095d7d5be393,0,World,0,World,False
117649,5c2b6f377b3d3ee5104a0b96e42c34b2c0badf1062178ae3193f06f6ea51e8da,1,Sports,2,Business,True
117664,a233e2dd79d6cf3885530d6cee0261d1877fa0196fcbd9f1bcfbf519ff94f1df,2,Business,2,Business,False
117679,264d99efdf9b87d1f2e28df08247895423f57d8e6cadb3b731c4046c0abe46d2,2,Business,2,Business,False
117685,5948df4083c1d8e7f600e6f046a3fabbb822e8494446a91df4892fa085eeac13,2,Business,3,Sci/Tech,True
117701,e1239c4c7b02200574938e4b7403d10311b1d960eb4364441eed7405969b4176,0,World,0,World,False
117704,fab011fae5295a16c7aa0cfce052091c8d22b5edff5f22da97c0e2b0e2add90c,0,World,0,World,False
117705,732d4b7a7c0dbceb6a402153b58e3042563aad87aea423729b3e6a4a1eb68cb1,0,World,0,World,False
117710,d974c156c2c8450905a5354c2b1a72b7150a56d56bc46f7439984a0d56b84805,0,World,0,World,False
117715,bf7bc0a5d9c8aed24bbc95dee47af054ae47eeb61bf103fcf7224b6b803ca229,1,Sports,1,Sports,False
117721,1772869383e1940d5f59052422a35228c5923851f8d6d786c2100fd39702c636,1,Sports,1,Sports,False
117731,27aec3c2c45e388a255755e964e6eb956a52f1a10279a5e23274d3f0e20a9753,2,Business,2,Business,False
117737,417991fb1389a4af62525a31d48cc4186c586924d023de564e5daf21d98ab562,1,Sports,1,Sports,False
117752,ae18cea4ec481193d2927e7c161bdc33c41b6aff1769d971bfc48397db0d114e,0,World,0,World,False
117755,7155cd37455085d4175a62ea56c9f58c92797a224501327d0e20c5b0dc736c5e,2,Business,2,Business,False
117772,3f847e4c293dd8ea80d187e4d18bb8a870f6aac48602ffb3a87038bc4f151c3a,2,Business,3,Sci/Tech,True
117773,e9c4822b69bc94ed9c32961aed13a41d2043f877699616c63f05f0bf5cc74d01,3,Sci/Tech,0,World,True
117790,029b06e5e3ce2a2b92b6cd3ac5591c82ab607828e71d303a9ffcbd87c11cd0e2,2,Business,2,Business,False
117795,cbb60172eb40a66ea24d7b1244f6a5c0694c88f0acc027ad7827d88c39ea51e7,1,Sports,1,Sports,False
117821,88664b24846eeadaa8cf9bf3f47217e8284dbb59cd7d80266e78bd96debbb0a9,3,Sci/Tech,3,Sci/Tech,False
117839,ffb4c2f1bb8d84b325090ac81bad7401d916f9d2056c8ab485edc0f4ecee0c96,3,Sci/Tech,3,Sci/Tech,False
117857,51e85dad92bc6e46dafd48608c527d72d7a40077219e4b862fe59a26f54423d9,0,World,0,World,False
117867,c57e8638f584ac1fc10ea8f8b034d9bb5551358d1555d3f891c7e647a31ae4fe,1,Sports,1,Sports,False
117870,d76b1b6b3cf1865c689a53d9269fe35a8809207080ee6867b526531ed5fbf848,2,Business,3,Sci/Tech,True
117876,edc6d8392d28ea2663afa14a22bfa82f411a843d88926f49366cd80a48097107,3,Sci/Tech,3,Sci/Tech,False
117887,66a56b733619e990cd461823e60b1722b14ae885f61895924f6961a5e0aae23d,0,World,1,Sports,True
117888,f4317b98a911361a1e78851b3dc830b65339b81ac1682649f06d0aef0287f7b3,2,Business,2,Business,False
117901,8c893bbe88e2fe4ac54491e6367df50a1660d2d33204ba2246d6496d177225f6,2,Business,2,Business,False
117907,27f9b3e115edb4301b682b93341243043a20057802216414fb40d41265d83122,2,Business,2,Business,False
117919,89d931fceec7943f3ba2d1cf05be144a05f651ea6d1f4680f7b323a82d3c192b,1,Sports,1,Sports,False
117928,461dafc2ea2119d77797607ebdc29286ac25491b7bcfe5e22361bf2910171661,0,World,0,World,False
117933,f5162b699a463ab2f948e37805b40268711034e12a587a8d13e420d053044457,3,Sci/Tech,3,Sci/Tech,False
117943,3ec2fd0f48345e89ae7397edbc7ec4129e996b311bcd44685da9e02a16b5857a,2,Business,2,Business,False
117947,140a6fed0086352651705f1d2587885a7df404c2a6fa2bf59b3169a1f7fca067,1,Sports,1,Sports,False
117952,606b70878de343c6dbc753329cf9fcaf4259f0145e0d0d77a9d3e2244effb3db,2,Business,2,Business,False
117967,900eb876f74c43c8e1cb5cd9658e4ab315c3676df8c1146c0180e9cd20829227,2,Business,2,Business,False
117976,ca9d677252aa30f0965f57decfb21f50f1d3eb74b8aaaefe28d731cfec79994e,0,World,0,World,False
117982,b01e98147ba43920bbceafdcc0efd5436c4c2026dd8aed61c1cae559ce31d27e,2,Business,3,Sci/Tech,True
117987,56e1af0ee46234ff1f656b98ce6542b9c04ae09145605186da1115b718eb527e,0,World,0,World,False
118000,7b468b0be41a0e75ddf33d7847890b351cb8a4e7802af9d0e2758c396a55fe5c,0,World,0,World,False
118071,2e616a4fc280304d81cc6483df93869d15372aba6aaa25c723eba760045fa15a,3,Sci/Tech,3,Sci/Tech,False
118076,e75214032aaaeb4c5958bc241b2ac18a4c27122b500263161f682d31340cf1d1,1,Sports,1,Sports,False
118080,7ec0a73ef867101ad97c60a64b62c233ebd09fdc944206486916fab33a4cdddd,1,Sports,1,Sports,False
118094,bb5c51f4581395e8885edcc6cf7c4bc51f04bb0e2950950d0e587b6889afe012,3,Sci/Tech,3,Sci/Tech,False
118103,b76c806d905428bdbe8c17f9f1a5f0a1e2bfabf41db4218b861841c81702dcb3,1,Sports,2,Business,True
118118,77fa7bb3acb511a1992252a624140c3d030c2012592d6ebc90cdfcbd80928e1a,0,World,0,World,False
118130,2909747a0a2edbb8411edc9eefa6a1f15e98f307510a3f090feda09fec76d069,2,Business,3,Sci/Tech,True
118135,cfc266666205838bfcd320c88d189059688a3b68fe5b495243541d70dc99232a,1,Sports,2,Business,True
118141,04e2bb15e19cbd3c78dac2709c4770bbf90c26c450d2337a3fbc3fabbbf871e7,2,Business,2,Business,False
118149,32e3dfa7185bb36b99248ded7386d2d5f57b7f5fcfe232a4602393bb589f4b2b,0,World,1,Sports,True
118161,ba349c0bb32ecfa2f948c8263f34cd5ecaee7b71204474c747d578f08b8d07c3,3,Sci/Tech,3,Sci/Tech,False
118219,2ea31ef361de07604c82caca42acaf5d1e33512b32edd688bb7f35d0d37f44dc,0,World,0,World,False
118228,49b7ea0b78cd14db6dfa76d6d1916fb41ed2e4d4fee7aeb5a82b2ab1524ec0b8,2,Business,2,Business,False
118233,aa3c1066779bab073b8ce43106b3e44341e2e18bd7f56789e82e21df46bf57f9,2,Business,2,Business,False
118241,752874aeccce702fb314265c10206b524d7b612c659870a87742645ff5267bb2,1,Sports,2,Business,True
118243,3788269f8de5d43290b24c88c42c6174b840252c6730e89a7fabade8c7af5455,1,Sports,1,Sports,False
118249,6abcd8eea30dd9d03085424e46f1625f75a47fc2e038f50cfbf2928c20ab03ea,2,Business,2,Business,False
118276,05a407e8c196de567e0996f3691d7bac6dd5dbaf14b914f2ff35265bebe5be4e,3,Sci/Tech,3,Sci/Tech,False
118283,be0ef43d1f44be8e80550b47c6834a0ca79129ca129e0b97bd7781ed6c1d00ff,3,Sci/Tech,3,Sci/Tech,False
118298,5dd3f3078289d1aa2a97b747dd41aab917a166d99333a9d509a9bc7a55967726,2,Business,2,Business,False
118312,2d1ed12bee4afeca88bd83ebc1e7829fbc19e64dd75719fe272fbcb967a3b5c1,3,Sci/Tech,3,Sci/Tech,False
118315,46620780070d37eb7bc03f1b57bef0ab7b905861489e39e25ecfc72367253bfc,1,Sports,1,Sports,False
118325,e6cb197a9086e90e41ede2282872e54f9ca7631b5a0071c71fe095bbc05db003,0,World,0,World,False
118332,5a83d621fbaf89c4f2c4eb621d41fb3c24aa437fcb6be9bd525e45f5d7fb0b12,2,Business,3,Sci/Tech,True
118333,d12b5ed1d88a788514169d7be7c2e1235130acec13c552bc755d7883b287d726,2,Business,2,Business,False
118342,3cdf13c5138f6e076400364b99832fa3b6b6b1ac09bc9f5930f467496bfa891f,1,Sports,2,Business,True
118360,7f69ce0597fcf0a8824a20e7ddaae9bb088111d4b7c8145b3f95a1475340ca5b,2,Business,2,Business,False
118413,2fa430b67f7e7f5ebe3e08fd0204251132843e524aa0f6c20e1c889bb9d15cb3,0,World,0,World,False
118423,e88944787c2e0cf5631b783fa38bcb3ce794e840cd67722bb9e140c81d4a4b0e,3,Sci/Tech,3,Sci/Tech,False
118430,8cbea5113b04b0046a27bbbf7061c51f1c370f84486b7857c99117863898b1e1,0,World,0,World,False
118436,61723e275d3071ed3795d288a75083dbdf0095e77ab818074253c9cf18b91f9b,3,Sci/Tech,3,Sci/Tech,False
118451,8e4a9fea96ae003c6f4320b79bacaaa6ed4f9757a6b76c3231606294c3fd406e,1,Sports,1,Sports,False
118452,f85b74a2f7442af71f0318838d5bc30667bec6311619b01d3fd4b659d5351218,2,Business,2,Business,False
118460,c87e3aeaadef1fd56837f044d40cfaeda352264ed4105d1cc36c4828aa29aa43,1,Sports,1,Sports,False
118468,3deba7791acf95898a2f0d83809543a5d1a40a686b523976499772945edccb7d,1,Sports,1,Sports,False
118472,5277b5853a0fe4bef2bb01713bba7b3211beb31bd174027fc430545acbacb5d4,1,Sports,2,Business,True
118474,7e5820a3a9901d8eda4f8f85a69d35d9aca51cbda7d98fc9fc0b3c560186d487,0,World,0,World,False
118475,a46a6df0739b5d4503bab5fd788f2cfc9b1eb69df25b55185a2f122a52b3c190,0,World,0,World,False
118482,b5261944e75704e9af6291290102d02c375119b58af1578f8ce7af6c1410def5,1,Sports,1,Sports,False
118502,492b26f5b0eb58d5d980a0b2b561f4d6e5671cb0b96339d610e21c13cfcaede9,1,Sports,1,Sports,False
118533,f9258fed6c2b71f084a0d53d3292f2e325cabd7a66edff2f4e144fdfc5e0ec2c,1,Sports,1,Sports,False
118538,3df70d96e5e23abb4f865c3d56e5bf83a7f2ff8296a00d6dff73c6348ed9706b,1,Sports,1,Sports,False
118547,db957cf53f3cd4c84f76c019d5bba87bf10c4e41b5b7728200a424f9cbd50211,1,Sports,1,Sports,False
118554,613cd77ec46c3b0f1ca14f89a6713b98762ea9fe253048c4602fa3cdaac57771,1,Sports,2,Business,True
118575,17fb5493393e4635d13a3f8783a878be8e530b0978de74fd95612da4c268abc7,1,Sports,1,Sports,False
118581,6a033ed4378e12225ff82b76616e84d1dece1c6ed90dfc1692866c3a0db12200,2,Business,2,Business,False
118595,3e2a4c33f3fa31037724abc4565692a543723d6a9f57338ee43f73704f39942b,1,Sports,1,Sports,False
118602,dc4768ee3960aca0633400784e38e4254fe2c50419872ab576e4a2e5b1bff048,1,Sports,2,Business,True
118620,6cdf49a3083414310304b2c71901e62aee9b5afdeda0e81fc21c72b10172312c,1,Sports,1,Sports,False
118623,923374f45d5e35b97e838f877030197218114e09962d03adcc07a69e1b9a1789,0,World,0,World,False
118647,3a1fabf1acf8463154d67077bf057b29bc897325a8ad8050afa9de60d35c02ad,0,World,0,World,False
118667,313105185e9a01dba430e3373e0a7f8f69fdae844f2cd529056c3b23d04b5296,1,Sports,1,Sports,False
118668,f7fd1f3870322fecafdabdb72d5429786a2d01011118314f28f20686c1e73bab,0,World,0,World,False
118692,3522186ce971d55e060bef894e06527b1a0e2a7fb47033cc6b472a40a375880b,0,World,0,World,False
118696,e288657bca1f0d9a0d4b6332eb4e72dd49d9371a7c6dbe6b392729b552edc535,3,Sci/Tech,3,Sci/Tech,False
118723,475441e8b08c4e25a1d45ba33ad4911da15a5a723f1ccb632823f55fe9d0268e,1,Sports,1,Sports,False
118735,0e070899856e64c446a17ade6db2606d6a03d3897cf7b7ac86eebd40aeba1f12,3,Sci/Tech,0,World,True
118740,2a81112eae2f27bc857279d917db7c555bfc3ed78fa0c23f1baa164c3f945df6,1,Sports,1,Sports,False
118744,238d7f17a0d00ba0c1ae22846b3402f6f0d30963d43cf661dc1882ab6e2cc4cb,0,World,0,World,False
118753,b27929e7cbf0c43a88d24936291b323fc3cbc2fe331669ee1c88f5bb0f870213,3,Sci/Tech,0,World,True
118754,82e4f9697314c281a554655103d627902cbf6d8da28069b6e1b072c10ef84583,3,Sci/Tech,3,Sci/Tech,False
118772,d532646bd2cdfc7ee58c1d7adf7cc67ffd4e2e6b65c8bb2baa9a4c85eb31f9c2,0,World,0,World,False
118794,d1b6568c11e0c5e57c639990d2aa79486efb53836393946fa6001e89373bdee0,1,Sports,2,Business,True
118823,8f71e32d3e2f38f076375fcc9c51eb69ecfc8a55a43631f6e4e5b0de94e2b38d,0,World,0,World,False
118864,4db66625a86353d7dac0e604612b97a47fb8eda6dc7d1811e98a1d424315b2f1,3,Sci/Tech,3,Sci/Tech,False
118869,6159e7efd57a680d0c4364d178d03fecee3c2557db88612349f9948e7a48580a,2,Business,3,Sci/Tech,True
118887,0e16110b36d1646145484ddc0b5d735dff1186bfe7beb9dd4efcd84c0e2c6aee,0,World,0,World,False
118888,f63bdb31dddb7b7026406546e402b149a8de5831f7c67db58e53d224608ea03d,0,World,0,World,False
118890,34cf8483799bc3e49565b15d2207ed6aae3bdd9f5c558fd3b52211b2923553b1,0,World,0,World,False
118897,15e5cfefe0dffcde3ca1046e61e174d73bed141c8fbaf41bdfafbc78e73ee7be,2,Business,3,Sci/Tech,True
118898,69ca5556f069d485ac4e7ffde71936ac1e858b2ec6dc751b0301c7cc1450a961,2,Business,3,Sci/Tech,True
118905,90d936d4b70543001db593d512c1f3e9c6da467ec0cc750c1e88748fb930e632,3,Sci/Tech,3,Sci/Tech,False
118906,532249421526dd57fa1425055185c9451d8c68a42da9fea166fa269825bf2aaa,3,Sci/Tech,3,Sci/Tech,False
118933,9ae25ef883f9fbd7d264b52ad3a28f2c484d8c8a70adeb00e4c6840ab8bb45c2,2,Business,2,Business,False
118938,8d0725356800d6680fd0b69322ab3f4d62ffaeeb7c68b31fd7b36f494b1d6eff,3,Sci/Tech,0,World,True
118943,a486eb9269d27c42e272bccaff0d76ba21d8a8d363dfc32cd9c303b537ee8df6,3,Sci/Tech,3,Sci/Tech,False
118952,8c1810d80bc6b01763545beefa70ac7881e3bfe7b6c07d0affd1c404d9f9ddb9,0,World,1,Sports,True
118961,5079922346b74536cefa6c9585e8aad593dc3ea3b4ebd9d717bfa195976c8d60,2,Business,2,Business,False
118974,f3dc431457c14636469c0ce3bb11d1d6113c5ce81b7fa00235fcfb522bbbb31c,0,World,0,World,False
118978,4d110b2416df19bd56fcf061fbbaf9f6717116dd7042213785307a5b437dec73,0,World,1,Sports,True
118981,bb21f7a4e9d50f2f65d283d2de078108d6eb7f0f575dd4fd49a41cab86cb6e0b,0,World,0,World,False
118984,96614baaf46a74f9079c07f91decf075a8a1c23a649c0faa8378128b94dffbb3,0,World,1,Sports,True
118986,fd670bbe7975b1625db84d4af8f49e6098e1b9ee4f2982916d2869b860ccd991,0,World,0,World,False
118987,3e7c9605c495543b5fe9ada991d92c29de095224d6d83a3517b530704352ccf3,0,World,0,World,False
119010,72c832ab7a771dd4a37a3ff0281ffd3426f8e5d4c20f53f5615c843bc7b100ab,3,Sci/Tech,3,Sci/Tech,False
119012,ae9a81d9e8db89c513ad57ad2efdc0e9cbe0c87c2d1a8052b51d95c0d587b6de,3,Sci/Tech,3,Sci/Tech,False
119031,2e9ecaade4c750cf18c03e5286ad53cb1b68dad9f8f519e0f1bb986cf0d24c78,0,World,0,World,False
119033,b9003a32cb00f8158cb01844a994537e13a077a271d6de388f78aec9d21b9815,3,Sci/Tech,0,World,True
119059,7a60400c3df6761700012cc5cd2b73d42e3b7ce21feb29b942bdda2e06794473,2,Business,2,Business,False
119064,e16658a42f871bba89c40191da4a4aeb2d84b5db20c51899194db722d2cfe517,0,World,0,World,False
119076,1ccb868a8377effc7bf2d03ce516b3386c933b2d387534a6f139a3aec4af0776,2,Business,2,Business,False
119092,b2ac52f7aaefe7039bf65f90f471fea2dcaba5474e140f27c67c3523b6ff7d1a,3,Sci/Tech,3,Sci/Tech,False
119119,937c6c8840e05af3bff3bd02e5c48e9074e3789dd727b9263557a3b9aec90322,3,Sci/Tech,3,Sci/Tech,False
119129,060e3d798b1d180bace75214e568fe82239b7e46ad48f067384d79faa75a38bf,0,World,0,World,False
119131,1bd68332da7ee71784c6083bfcf864577e1581ec81076e4be862af922e0d2a5a,2,Business,2,Business,False
119132,2437348934865bc39456dd04e916ef77b158eada28c5b872685db499ca8aafe9,2,Business,2,Business,False
119136,be5f474d7b644892e684fa1b72a9d12787b830b7690046600895847036f8b00a,3,Sci/Tech,3,Sci/Tech,False
119143,10740b6a4c8dd3f4b57fab3458c2c1c477dd254cc565035709515df30f56fc05,1,Sports,1,Sports,False
119166,015acd16eee7e619cee80188a958d5df5c659a258f954850ab7424105c344da0,2,Business,3,Sci/Tech,True
119171,16c89bba110f792196de42f223a53a6265ebaaefa45e197a6895da8d8834f871,1,Sports,1,Sports,False
119181,9d775e2c91096a6e25c56d578be051a856b803d4fc0898dbc808bb12c6a610c9,2,Business,2,Business,False
119188,8ca45fe7d02817196bde657558f88dcc10e4d07028ca4607c16a9af8f29b6d47,3,Sci/Tech,3,Sci/Tech,False
119193,e2ddc604a6302cc4fbc75e11c1ba648c1780d7cda7bf8cbf9567e6fcc8807814,1,Sports,1,Sports,False
119199,f87b6f3bb7d9d0f7dc7d40063f0a2ccc3f2c7f92b82bfe6592b2b9fadf9a9686,3,Sci/Tech,3,Sci/Tech,False
119223,de7afdcd80f25e42d085fcc3367fbac3c1823a795ff0633cf95465405fb2fba5,3,Sci/Tech,3,Sci/Tech,False
119224,9c6ca847464c3953c5fc1bfcf73498d07c85649b0a7543d7775380019fb578c1,3,Sci/Tech,3,Sci/Tech,False
119239,96fa28a8144ae4d9508a27450bc8c0766addfecee16f317f3935b71948073334,2,Business,2,Business,False
119245,73f24c2e55fa2dca02a27e26e6f932986c1373a9e26a515c8249d04e5d0b5bfc,0,World,0,World,False
119272,5c8d9c0b7b545febc663f580f205bcf2d0ae0181f53c7333ed85da600a9a289a,2,Business,2,Business,False
119282,2c852c627fd61e423662b7f863e573f12c4e7124d87cc6b770ef39b5aa3209b9,3,Sci/Tech,3,Sci/Tech,False
119285,cb8001ce52fe1f5bddd02e6f13741bef33c7a5346fa2d7664f6d1a9e1a4d7e3e,3,Sci/Tech,3,Sci/Tech,False
119300,b9061897160e97ad7575e15067f5160d500633057eab021277f845b7e638fa0e,3,Sci/Tech,3,Sci/Tech,False
119301,d6fb632ec0a8e6d1fc03767c70136e27f68782c9d4963da3e1ae9ee2e0d8e103,1,Sports,1,Sports,False
119303,4701ca866d6134b02d513022cff0463270a0e75750a1009636ac4d0f80dee2fc,1,Sports,1,Sports,False
119315,8e58f60136871de6a547a5eae9c6bdec444665b1f1d4fd4c282fb7757857b309,3,Sci/Tech,3,Sci/Tech,False
119324,8766cdcc1f8a44e0abe73dcfdf6b65ffddaa759e83aae813b114aebd05b6ff63,2,Business,2,Business,False
119343,b6def35ce032c0f9f71ae4f62c5f219bad0afb9dc2658db007816c4eba465cef,2,Business,2,Business,False
119351,3b21e691200c6df4bdb934b451ca4bd81a3e08912334c1f9367195753a13c440,2,Business,2,Business,False
119356,4e0b3802be413ce64947740077cb86b393a39a00feb777099e6494bf1682e63f,3,Sci/Tech,0,World,True
119358,ba1f090ef16476d69002371be1b3c390a939432c0a7da066d170522425ead50c,3,Sci/Tech,3,Sci/Tech,False
119377,192dfa0ca2219ecc025dd2f7dfeaaa8fd78fe3716c817a8bfd6a210239908b94,1,Sports,2,Business,True
119388,6d4b6b85d34ea74e3c5547dfc1fe72a048315b3427d855b334a7d4c1bac961a1,1,Sports,2,Business,True
119424,2c5b3216bb6953ad5e4b73013888a16e826b7913d3cab3a94ce94a64e05d143b,2,Business,3,Sci/Tech,True
119441,e4c0633bc61210661f445f59786efb4b2f1de32d18702cb0e928f4a15f603800,3,Sci/Tech,3,Sci/Tech,False
119442,35037b99d2f5d1f2495cc4654405cba04a11bcc055a216dfef7e1154663f382a,3,Sci/Tech,3,Sci/Tech,False
119453,8229236697ba678847bd554f4476ff7ed680da48c1062a3e860a48b2f577596f,2,Business,2,Business,False
119467,03b4c1ff329c685275b221b3dd7484247dfd00eb9186c33fb509f247571e765a,3,Sci/Tech,3,Sci/Tech,False
119469,a4f3f7c82a1b5179fd19afc789c306b4a3a44e0391845e68fb0af7f3ade1f572,3,Sci/Tech,3,Sci/Tech,False
119472,e61c43961c10b3c3846a8a223fec3ce28092f207d86b020a037c193e8f33212d,1,Sports,1,Sports,False
119483,32575a415d539320ddd0071a1f3cf710b49da461a1ae87178aff2e6918cc5ab5,3,Sci/Tech,3,Sci/Tech,False
119490,fba6663f106961e58d1d7a4202697cbca749752c61294a4e1909e90ebaf16629,1,Sports,1,Sports,False
119491,1c8a78deee9d0ae632360a89d31d5dd44f44deeb8367e2a887fdd73f766929fa,0,World,0,World,False
119497,01c7567237ed914f9aa93533a3d04ee85a7575eb0505875d425aae61f05565fd,3,Sci/Tech,3,Sci/Tech,False
119505,030b28ec8ea78a2fdbd600c7c2e38b89cf7e00e95aaf0106e2f96cec486a56af,0,World,0,World,False
119510,697fe76d44d7b68e579ff8dcde2dfb4998d11cf6cdce08c81a5863f4299c25b6,2,Business,2,Business,False
119521,9f2ef83097cd52df8dda3d3582bbcf6687733c477f1cf90bfcdf40765b977206,3,Sci/Tech,3,Sci/Tech,False
119524,52bc92f506459745b9855b622202d8a4911f4e260c6514f71aab5030d599480e,3,Sci/Tech,0,World,True
119529,3406581622490e89b937f017790ce970312d480c0d0d8c0faef1ee5f4f54ad2a,3,Sci/Tech,3,Sci/Tech,False
119540,5a68b3fb188456729f8611f4f95f4f797726e3aef0b34d1da98887ef1f657d3e,1,Sports,1,Sports,False
119541,5584be271054617a8f08b26c28d997aa71bb75309229967a745b66f2ec678ae5,0,World,0,World,False
119557,4df316e6e2f630d33b8dc6ee4e6487d114531819960818b031ad22c962c7decd,0,World,0,World,False
119563,ab0b959eb742a88c5c89da788058a39193f18996cf642b04b54ebe460dce21ce,2,Business,2,Business,False
119570,9c9f335da003931671e48f1691381eadc96094688dedf12b8ee186f56358ca94,2,Business,2,Business,False
119577,69e0247047fe5c4475fd08b2f93ab0f56467eaebb2428b91824e578c266c1262,1,Sports,2,Business,True
119595,1f6d68f7d3caf36d5e24617fc31561933a36779501a675a13e091b2e7bc1bdd1,1,Sports,1,Sports,False
119597,a7cee8b23283583fa2a34731ab658c4120cc3b454e814118e506002f1863923f,0,World,0,World,False
119624,05fbb88cada4b7718f1cf6f909ca71a4fbe96431e0bdbd78ad717aa5aa40264d,1,Sports,1,Sports,False
119628,87468aaebb84bff3a5965835f28bc14ddd074c29057edba0e33ac11425cdd1ef,0,World,0,World,False
119648,59d6f22a75515a71369e29be0592825eff8ff8ad1c52f6626263e15da6bcfa8e,0,World,0,World,False
119655,6659362125a064f6686cb0cbc1055b47ef0a763043f10c8b0aed1fdbc0a7fcdb,1,Sports,1,Sports,False
119662,d9e25a337840bdbc5cfaaec431df190bb0b8a6141aa584e77a20311bb6692d0f,3,Sci/Tech,3,Sci/Tech,False
119671,1ae9d9c8c88b4a9d6afa52857ccbdc76302a4df393aa54f7df3068f7d360d952,2,Business,2,Business,False
119679,5554d84d8d1d77f70659026cdfb9ef13c655db49fd117b1d6b76fcb4430c348b,0,World,0,World,False
119692,907d34a4e86d4e317abc5c5302552f34bf6150328d77bf0ec8b9af3567da9734,1,Sports,1,Sports,False
119694,2865296b4b0e8f6ce1efffe01519ebb6cd8dafbecfd3aede6933729897ce6b51,1,Sports,2,Business,True
119710,2a4368c49a28726d75926251f52baad657701f7f2da8c2b45b5502be967b39c4,1,Sports,1,Sports,False
119722,42efb82df7ec8a227bf293893ae47ddb4f1932de7f31dce04c6fbf4ef6fcb65a,0,World,0,World,False
119727,c76f833dc8d893445b59d35c53bdd9358a09e3f23118f3bc8593a3ab82ea93d7,1,Sports,1,Sports,False
119741,cb24c1e837ddc3377750bb6270c154273e09a1640ea3689eafe238780d34ffb1,1,Sports,1,Sports,False
119745,798b7ab62ea1efb700b35ac8ff7a03176eb22274feac9f72f3526ff4754be690,2,Business,3,Sci/Tech,True
119794,f393ec2ca3b2c97a6ce11aa2ccef3a0470008dcf963fecae919847a0dea68f6e,1,Sports,2,Business,True
119798,91ca93ae08982bd2e532bd6f8c6f65301222f85995c5dcb24ff6b55d392f73a2,0,World,1,Sports,True
119800,447c8a43703211fe0d0aa531ae429ea768685ac1853c228d3ce64086f43e07da,2,Business,2,Business,False
119830,9f63339f84438c912c2f757138df970bd97b60ac2b5738f715885f2330b04346,1,Sports,1,Sports,False
119853,1792e6da6236e569e9169b6dd1871254b2a4faa9ac1b331fc690e4dffd5fce7c,1,Sports,1,Sports,False
119855,d386ba5ba11c145b283c41c9a1841cbdefde7751ac1e2fa6b7de8245f1e20252,0,World,0,World,False
119882,c435c54f21712c782d88049b160ee9963a9c577041f532d43c8f1b402dfffe64,1,Sports,1,Sports,False
119893,e1ed0484a491f028568b9b2bcfa7f03315fe899319a478d0270e5416cad67e59,1,Sports,1,Sports,False
119912,3dfcd6d919ed22c5de05e405b7547346a8fd625034a60c6a09ec6f4ca0319ddb,1,Sports,1,Sports,False
119917,1034ca682025e52bd99f770d3c93a3205d66c188c0b00a6ed5be63b56f95f1ea,1,Sports,1,Sports,False
119922,fcb47b1a4f7ca5b682ef1bc9244cf5c543e919323b124ae4f8b22150959551df,3,Sci/Tech,3,Sci/Tech,False
119930,7f22944903650e1ed9b4c70f39fff6f58c142b3a5157b030286f1cd504d59985,1,Sports,1,Sports,False
119950,8d2e2413e60a8409c706b9dfbbca6937d95db08977eb7f9d591548752b4e2023,3,Sci/Tech,3,Sci/Tech,False
119969,9fbc48c7fdc8b5d40c9e22c091fbff054c00c33f62d1f38a9a982fd4ad9d28e2,0,World,1,Sports,True
119971,e61657866b5b04175e005562ab4889328e7e54e04da848abb7d1389ea0e5386e,0,World,1,Sports,True
119990,7c8a4694d60727e0b2b0cb9e2109733ad190ef8a86c55bd5ebb0eb030cc0c432,0,World,0,World,False
119995,d76197048c0c3fb90d0bd435d347a715f11f5592fdd4cf16dfa3ea190e3e0eae,0,World,0,World,False
