source_index,clean_label,noisy_label,predicted_label,injected_label_error,cleanlab_flagged,label_quality_score
11,2,2,2,False,False,0.5047352170187811
14,2,3,2,True,True,0.1561330662940251
38,2,3,3,True,False,0.8459137076388477
44,2,2,2,False,False,0.3326843477881099
49,2,2,2,False,False,0.35315444425389053
56,2,2,3,False,True,0.22279031980877814
58,2,2,3,False,True,0.2126549000985076
62,2,2,2,False,False,0.28874685859470967
64,2,2,0,False,False,0.24692293989397918
65,2,2,3,False,False,0.32353214682751863
78,3,3,1,False,True,0.13116787844930994
122,3,3,3,False,False,0.8292579157256701
140,3,3,0,False,True,0.1713509608597076
143,3,3,2,False,True,0.29014224790678733
160,3,3,3,False,False,0.6957869775802707
165,3,3,3,False,False,0.5188736478131994
193,3,0,3,True,True,0.0802519594210972
199,3,3,3,False,False,0.5224413435995711
205,3,3,3,False,False,0.7653532986950623
206,3,0,3,True,True,0.23118450545580788
214,3,3,2,False,True,0.23797123652060748
221,3,0,3,True,True,0.13908900087173698
256,3,3,3,False,False,0.4109125289066423
259,3,3,0,False,True,0.19236540860194595
264,3,3,3,False,False,0.4643247981430286
268,3,3,3,False,False,0.3990937250590878
275,3,3,0,False,False,0.33804476035234077
279,3,3,3,False,False,0.3828602858062088
287,3,3,2,False,True,0.322790139532847
301,3,0,3,True,True,0.22221615447434725
318,3,3,3,False,False,0.5166413486648338
368,3,3,3,False,False,0.7923978446395318
378,3,3,3,False,False,0.7007881630887957
382,3,3,3,False,False,0.45133504755671394
385,3,3,3,False,False,0.6638549171559504
403,3,3,3,False,False,0.7317198250232744
406,3,3,3,False,False,0.4142259461089525
419,3,3,3,False,False,0.5574460169344502
487,1,1,1,False,False,0.48639264783683045
498,0,0,0,False,False,0.7576563487030054
526,0,0,1,False,False,0.2834044344964871
538,0,0,1,False,False,0.39437803814655964
544,2,2,2,False,False,0.37050164409513575
571,0,0,1,False,False,0.39662149702910915
591,1,1,1,False,False,0.5623532761762149
607,1,1,1,False,False,0.8482934811524687
633,1,2,1,True,True,0.1814788495510708
639,0,0,0,False,False,0.7060197980189132
652,1,2,1,True,True,0.09882350183247592
653,0,0,0,False,False,0.5301577106103628
659,0,0,0,False,False,0.4295064940513884
672,2,2,3,False,True,0.21340402270945225
719,0,0,0,False,False,0.4945194110066575
744,1,1,1,False,False,0.7040567568640302
749,1,1,1,False,False,0.7698305825345112
757,3,3,3,False,False,0.5486628705186806
790,3,3,2,False,True,0.2880859667396925
807,2,2,2,False,False,0.5194790132920505
823,2,2,2,False,False,0.5818339249223
835,3,0,3,True,True,0.11726134946001208
879,0,0,0,False,False,0.39455927495972376
918,3,3,0,False,True,0.17528065534423132
932,0,0,0,False,False,0.390326648057964
947,2,2,3,False,True,0.06167231928105553
957,3,3,3,False,False,0.5123110568242085
958,3,0,3,True,True,0.2067311051105701
984,0,0,1,False,True,0.17629327868738726
990,3,3,0,False,False,0.2989242602056427
998,3,3,2,False,True,0.22974068591228486
1000,3,3,3,False,False,0.5193375461387681
1013,0,0,0,False,False,0.6170505970581602
1014,0,1,1,True,False,0.6879892493523809
1050,1,1,1,False,False,0.5725931388206895
1062,3,3,3,False,False,0.6028722200339088
1072,2,3,2,True,True,0.2711455280578141
1073,3,3,3,False,False,0.5981405725825193
1095,0,0,0,False,False,0.6050103391012855
1098,3,3,3,False,False,0.77272502310109
1103,3,3,3,False,False,0.37446542904880764
1107,3,3,3,False,False,0.6610415428627631
1116,2,3,2,True,True,0.1589735266156446
1123,0,0,0,False,False,0.339746734091793
1157,3,3,3,False,False,0.4436140316813133
1164,1,1,1,False,False,0.7482417071241835
1166,3,3,3,False,False,0.485549004845164
1167,3,3,3,False,False,0.48211344058437106
1200,3,3,3,False,False,0.5884058218202591
1202,1,1,1,False,False,0.7780029432051642
1206,0,1,1,True,False,0.44703440174301234
1207,0,1,0,True,True,0.25202675289137816
1212,0,0,0,False,False,0.32174890183011606
1214,0,0,0,False,False,0.6616085926293227
1235,3,3,3,False,False,0.6953850337861834
1241,3,3,3,False,False,0.49279190349329294
1253,0,0,0,False,False,0.6674578055488419
1281,2,2,3,False,True,0.25961631145351605
1307,1,2,1,True,True,0.20374607205390716
1330,0,0,0,False,False,0.5500353104486652
1339,3,3,3,False,False,0.5449659788528475
1358,0,0,3,False,False,0.24536233752541595
1382,0,1,0,True,True,0.12566460354317285
1389,3,3,3,False,False,0.6526495725691243
1392,0,0,1,False,True,0.18694875818014978
1398,2,2,2,False,False,0.8357375735259536
1402,2,2,2,False,False,0.5682380393703377
1414,0,0,2,False,True,0.15165947043454492
1418,2,2,2,False,False,0.6063159554989693
1422,1,1,1,False,False,0.4665310050348387
1425,0,0,0,False,False,0.6366668607089082
1427,2,2,2,False,False,0.5457636371658054
1430,3,0,3,True,True,0.11384089380377076
1433,0,0,0,False,False,0.5888083902513999
1442,0,0,0,False,False,0.8795128708420367
1452,3,3,0,False,False,0.29468461389044365
1453,3,3,3,False,False,0.7968402140079649
1467,2,2,2,False,False,0.6572357540468423
1484,1,1,1,False,False,0.4196611825612099
1502,3,3,3,False,False,0.7072274687679713
1542,3,0,3,True,True,0.21338863322637583
1548,1,1,1,False,False,0.7637859077324453
1584,3,3,1,False,False,0.2850630005500867
1585,3,3,3,False,False,0.46166336133520947
1591,3,3,3,False,False,0.39076995801683917
1593,2,3,2,True,True,0.10844511229288767
1597,3,3,3,False,False,0.4970420819045766
1620,1,1,1,False,False,0.911230907453445
1632,3,0,3,True,True,0.17775059802697152
1634,1,1,1,False,False,0.7607579468953468
1636,0,0,0,False,False,0.38062585276973765
1645,2,2,2,False,False,0.48094361723004747
1668,2,2,2,False,False,0.5888891850841325
1673,3,3,3,False,False,0.764548928104496
1677,1,2,1,True,True,0.17032186795141194
1683,2,2,2,False,False,0.7058872189827364
1691,2,2,2,False,False,0.4251199049034152
1711,1,1,1,False,False,0.6821809018878622
1720,2,2,3,False,True,0.27432228862465097
1735,1,2,1,True,True,0.1281481888679547
1750,3,3,3,False,False,0.48488024091078524
1751,3,3,3,False,False,0.856941307442653
1763,1,1,1,False,False,0.6456288341478372
1778,1,1,1,False,False,0.6132095824215203
1783,0,0,0,False,False,0.4891217818489677
1798,0,0,0,False,False,0.8755746450369032
1802,3,3,3,False,False,0.5237322016565665
1805,0,0,0,False,False,0.3673906911595526
1808,1,1,1,False,False,0.6451839615089907
1822,1,2,1,True,True,0.16882353151481685
1826,3,3,3,False,False,0.608082160973288
1850,2,2,2,False,False,0.6653116331639318
1867,0,0,0,False,False,0.6477717599687399
1875,2,2,2,False,False,0.7198717118400079
1876,2,2,2,False,False,0.5768659337538834
1891,3,3,3,False,False,0.589536101811518
1895,1,1,1,False,False,0.7117267178327296
1938,0,1,1,True,False,0.6482667146303837
1992,0,0,0,False,False,0.7429027229631997
2035,2,2,2,False,False,0.9285465950461156
2045,3,3,2,False,True,0.31701937918902195
2074,0,0,0,False,False,0.6998185798313374
2077,3,0,3,True,True,0.1379471420675031
2090,3,3,3,False,False,0.5049226530496914
2098,3,3,3,False,False,0.5837031996616887
2106,0,0,0,False,False,0.5762822433533159
2111,2,2,2,False,False,0.5283363627533908
2112,2,2,2,False,False,0.5613631758830417
2118,3,3,3,False,False,0.5346448670579679
2123,0,0,0,False,False,0.6551900680996392
2131,0,0,1,False,True,0.22733506534649617
2137,0,0,0,False,False,0.5394874761527684
2165,2,2,2,False,False,0.6164965302272757
2167,0,0,1,False,False,0.4119871253924851
2187,1,1,3,False,False,0.29095995934866814
2196,2,2,2,False,False,0.6547335781595064
2206,1,1,1,False,False,0.7050711144166487
2207,1,1,1,False,False,0.7863896740703794
2233,1,1,1,False,False,0.42222244942391884
2237,1,1,2,False,False,0.31422403682981564
2247,2,2,2,False,False,0.48614112289724665
2252,1,2,1,True,True,0.2535854596445055
2253,1,1,3,False,False,0.3319437586379037
2267,2,2,2,False,False,0.49671806697026094
2269,3,3,3,False,False,0.33639439326517745
2270,1,1,1,False,False,0.5449331178841053
2275,1,1,1,False,False,0.5293724074776185
2278,0,0,0,False,False,0.6645531948601044
2291,1,1,1,False,False,0.562756082166549
2305,2,2,3,False,False,0.2859367358648705
2310,3,3,3,False,False,0.45691474461223097
2323,2,2,2,False,False,0.45799801369508064
2334,0,0,0,False,False,0.6906942729695668
2352,1,1,2,False,True,0.199375059360651
2378,1,1,1,False,False,0.5877969953484072
2391,2,3,2,True,True,0.21300136261202818
2407,0,1,0,True,True,0.19119271880388103
2416,3,3,3,False,False,0.6688388824106768
2426,1,1,1,False,False,0.4405481206196005
2432,0,1,0,True,True,0.2483534089231476
2440,1,1,1,False,False,0.6213176690032909
2444,1,1,1,False,False,0.504231590179292
2449,2,2,2,False,False,0.884617231575365
2471,2,2,2,False,False,0.47157194652608275
2494,3,3,3,False,False,0.6284825899510759
2517,3,3,3,False,False,0.5155811011671171
2525,2,2,0,False,False,0.3223906403549213
2543,3,0,3,True,True,0.19057670624979892
2547,0,0,0,False,False,0.6902013698877907
2551,0,0,2,False,True,0.1731203664597305
2553,3,3,2,False,True,0.27938923900024043
2600,3,3,3,False,False,0.5152199783371606
2601,3,3,2,False,True,0.3466429226737465
2604,3,3,3,False,False,0.435935536310344
2606,0,0,0,False,False,0.5684915430929552
2607,2,3,2,True,True,0.15866607087325962
2610,2,2,3,False,False,0.4144467467854187
2612,3,0,3,True,True,0.17326697555664536
2616,2,2,2,False,False,0.6650261361136116
2627,1,1,1,False,False,0.5748794020518379
2645,0,0,0,False,False,0.7920679008235513
2650,2,2,2,False,False,0.862842846612447
2658,2,3,2,True,True,0.10533021428207093
2661,0,1,1,True,False,0.5217114923312653
2699,3,3,3,False,False,0.5961868703035119
2718,1,1,1,False,False,0.5500397479924145
2727,0,0,0,False,False,0.6675496498011466
2732,1,2,1,True,True,0.2355242528203149
2744,2,2,2,False,False,0.5460514969525774
2752,1,1,1,False,False,0.6077184493609469
2769,2,2,3,False,True,0.20335956980778538
2783,2,2,2,False,False,0.3528003929758895
2797,2,3,2,True,True,0.2336733743346422
2799,2,2,2,False,False,0.6352796744692862
2826,2,2,2,False,False,0.5594843118347568
2836,0,1,1,True,False,0.3641884286669675
2837,1,1,2,False,True,0.24562840034468286
2851,3,3,3,False,False,0.573207119509952
2866,0,1,0,True,True,0.08595396269117231
2880,3,3,3,False,False,0.5871423556548594
2893,3,3,3,False,False,0.8368720884553086
2912,3,0,3,True,True,0.19397283916509755
2916,1,1,1,False,False,0.5659949835518977
2931,1,1,2,False,False,0.2734066350745794
2934,2,2,2,False,False,0.8077633239328432
2975,3,3,3,False,False,0.4838356041650051
2995,3,3,3,False,False,0.5434325071848881
3003,3,3,3,False,False,0.4086883605449412
3006,3,3,3,False,False,0.7994691122712817
3018,3,3,3,False,False,0.3394717796875885
3019,3,0,3,True,True,0.11816172325262843
3022,1,1,1,False,False,0.6310796919437214
3026,1,2,1,True,True,0.24105525968931862
3028,1,1,1,False,False,0.538074510235469
3031,0,0,0,False,False,0.27177775114350716
3036,0,0,0,False,False,0.4690070964445046
3040,0,0,0,False,False,0.8278737017006897
3045,0,0,0,False,False,0.6577078890156929
3079,2,2,2,False,False,0.7517097120949414
3080,3,3,3,False,False,0.5417519900029724
3094,0,0,0,False,False,0.8112099098448018
3111,3,3,3,False,False,0.6205229975137713
3121,3,3,3,False,False,0.3819965942765059
3137,0,0,0,False,False,0.5669179655746895
3177,1,1,1,False,False,0.5615039103253159
3183,1,1,1,False,False,0.7728735496407733
3191,2,3,2,True,True,0.27001862767748763
3198,2,2,2,False,False,0.3602877464926122
3207,0,0,0,False,False,0.7533171181545049
3214,3,3,3,False,False,0.5198010100711603
3257,1,1,1,False,False,0.6855666832982408
3259,3,3,3,False,False,0.5353951581097931
3270,2,2,2,False,False,0.5694368895357864
3301,3,3,3,False,False,0.3723407009832925
3307,0,1,0,True,True,0.15208422736741076
3310,3,3,1,False,True,0.1721139928518755
3340,3,3,3,False,False,0.5741033282178095
3350,1,1,1,False,False,0.6773825065921425
3359,3,3,3,False,False,0.7260439594442128
3374,0,1,0,True,True,0.21274646245014103
3380,2,3,2,True,True,0.14407830585693748
3407,0,0,0,False,False,0.5667746434660794
3451,2,2,2,False,False,0.6518487124694173
3455,3,3,3,False,False,0.5988251915602943
3461,0,0,0,False,False,0.601721370176309
3477,3,3,0,False,False,0.3658770778088551
3479,0,0,0,False,False,0.8380050070092141
3496,0,1,3,True,False,0.32060292194006484
3506,3,3,3,False,False,0.7303827106720052
3519,2,2,0,False,True,0.13443405434896732
3533,1,1,1,False,False,0.5916417846820315
3536,0,0,1,False,False,0.311136483440422
3542,0,0,0,False,False,0.5854202924186205
3557,1,2,1,True,True,0.19140843339158078
3563,2,3,2,True,True,0.27533775950271155
3572,2,2,2,False,False,0.7870278748209611
3577,0,0,0,False,False,0.6155550857216189
3585,2,3,2,True,True,0.26447003314099005
3593,1,1,1,False,False,0.553911373849845
3597,0,0,0,False,False,0.5445963226634115
3610,1,1,1,False,False,0.7782887116066628
3614,3,3,3,False,False,0.4307482915831458
3628,1,1,1,False,False,0.8485741219609858
3644,0,0,0,False,False,0.7950121083729926
3668,1,1,1,False,False,0.5543832706083889
3671,1,1,1,False,False,0.37421878679052006
3673,1,2,1,True,True,0.1714971990970175
3711,0,0,1,False,False,0.33622754740601296
3729,2,2,2,False,False,0.5951955267861776
3731,2,2,2,False,False,0.7573849329870108
3750,3,3,3,False,False,0.6534646047941343
3755,1,1,1,False,False,0.5267518662307739
3793,0,0,0,False,False,0.7346542621802793
3795,2,2,2,False,False,0.47695776026078207
3824,1,1,1,False,False,0.7158193804654689
3829,3,3,3,False,False,0.8046869436018315
3863,2,2,2,False,False,0.8359592853037188
3866,3,3,3,False,False,0.5597354369877423
3868,1,1,1,False,False,0.6564574491355742
3874,0,0,0,False,False,0.47180742808590737
3875,0,1,2,True,False,0.28856302115689936
3893,3,0,3,True,True,0.2279695251624478
3903,2,3,2,True,True,0.06821800279199984
3922,3,3,0,False,False,0.3175603982473388
3964,2,2,2,False,False,0.5919375561012113
4023,3,3,2,False,True,0.23538856960610902
4041,3,3,3,False,False,0.6706693893158346
4055,3,3,3,False,False,0.4040430179163516
4070,1,1,1,False,False,0.5817644589455582
4102,0,0,0,False,False,0.6627306940456295
4119,3,3,3,False,False,0.6068417136431191
4142,2,2,2,False,False,0.5444481902912397
4158,2,2,2,False,False,0.5579539047047238
4161,2,2,2,False,False,0.7183513501610654
4163,2,2,2,False,False,0.7518862244280899
4165,2,2,2,False,False,0.7936875470412276
4169,0,1,0,True,True,0.12366801456938713
4178,2,2,2,False,False,0.5290894337998158
4221,1,1,1,False,False,0.44339031529612777
4223,1,1,1,False,False,0.7697826842138582
4226,0,0,0,False,False,0.68062007933044
4232,0,1,0,True,True,0.12703374277507298
4238,3,3,3,False,False,0.5299318742899803
4250,3,3,3,False,False,0.8213596208711738
4253,3,3,3,False,False,0.6550902979517889
4262,2,2,2,False,False,0.4917936991161499
4269,1,1,1,False,False,0.6653654664551811
4304,1,2,1,True,False,0.33384865970592464
4314,2,3,3,True,False,0.48005423989649665
4342,1,1,1,False,False,0.4290980316966473
4355,1,1,1,False,False,0.37701722250477093
4364,2,2,2,False,False,0.40684306442021767
4392,0,0,0,False,False,0.9079541731886908
4408,3,0,3,True,True,0.11057343653684602
4409,3,3,3,False,False,0.387889044162469
4425,2,3,2,True,True,0.10132629240583749
4431,1,1,1,False,False,0.4302134991556703
4440,2,2,3,False,False,0.3717739800852466
4443,3,3,3,False,False,0.6164095525235882
4450,0,0,0,False,False,0.7168007312171587
4453,2,2,2,False,False,0.4690794021384739
4459,1,2,1,True,True,0.20721423956684423
4461,0,0,0,False,False,0.585104069148819
4466,2,2,2,False,False,0.7154937783086539
4470,1,1,1,False,False,0.7956529196705832
4471,1,1,1,False,False,0.5249069543067512
4474,0,0,0,False,False,0.3719856748079469
4477,2,3,2,True,True,0.20461583118112558
4481,2,2,2,False,False,0.689107002582592
4488,2,2,2,False,False,0.7060156583885696
4491,1,1,1,False,False,0.6507431450689167
4492,1,1,1,False,False,0.734554266521274
4493,1,1,1,False,False,0.5550264950247348
4512,2,2,2,False,False,0.5152748471308796
4517,1,1,1,False,False,0.4778748564229311
4538,1,1,1,False,False,0.5101011556632271
4546,2,2,2,False,False,0.3591668187763035
4555,2,2,2,False,False,0.6888984665913721
4569,3,3,3,False,False,0.5704429618372686
4576,1,1,1,False,False,0.5322318587176765
4580,0,0,0,False,False,0.47354199375218814
4587,0,0,1,False,True,0.0871897165631371
4606,0,0,1,False,True,0.14916319541340592
4608,2,2,2,False,False,0.4175770364394598
4624,1,1,1,False,False,0.6391816422626291
4628,0,0,0,False,False,0.48447806139415844
4641,2,2,2,False,False,0.5571359014124947
4664,2,2,2,False,False,0.7347494210212071
4674,3,3,3,False,False,0.5862796693878899
4675,3,3,2,False,True,0.31038646527055447
4677,1,1,1,False,False,0.5229775614322055
4678,1,2,1,True,True,0.1969609690739589
4698,3,0,3,True,True,0.21992821178440594
4702,2,2,2,False,False,0.5023262587530231
4712,0,1,0,True,True,0.34524256441745577
4724,1,2,1,True,True,0.3350508811357177
4741,2,2,2,False,False,0.6931104993428198
4747,1,1,1,False,False,0.40907056763449606
4748,1,2,1,True,True,0.3133494192335335
4767,3,0,1,True,True,0.12798425810922057
4783,1,2,1,True,True,0.22504847597038125
4810,2,2,3,False,True,0.08225640881353767
4823,0,0,1,False,True,0.08543443147717195
4826,3,0,3,True,True,0.1898412710830969
4829,2,2,2,False,False,0.5266174535290394
4834,2,2,2,False,False,0.819395688595675
4842,3,3,3,False,False,0.467951698382365
4852,0,0,0,False,False,0.6075223003354391
4895,1,1,1,False,False,0.7573964652410407
4896,1,1,1,False,False,0.5759969483996514
4898,1,1,1,False,False,0.8046978687734431
4900,1,2,1,True,True,0.24211532192654003
4902,1,1,1,False,False,0.4887639783506899
4938,3,3,3,False,False,0.7231611984076151
4955,1,1,1,False,False,0.7494697660585294
4968,3,3,3,False,False,0.4403521062496676
4971,1,2,1,True,True,0.23646014948585045
4975,2,2,2,False,False,0.43545430686451037
4979,2,3,2,True,True,0.18951997373966573
4986,1,1,1,False,False,0.7769843502063296
4990,0,1,0,True,True,0.1234971146630474
5002,2,2,2,False,False,0.6232155416864327
5022,0,0,1,False,False,0.3422091425071045
5026,2,2,2,False,False,0.717980451561554
5044,0,0,0,False,False,0.8571506158328371
5047,2,3,2,True,True,0.2752477710900444
5050,2,2,2,False,False,0.3932364297386409
5069,3,0,3,True,True,0.2238138177848188
5082,0,1,0,True,True,0.15257134440516132
5092,3,3,3,False,False,0.5719003542578175
5121,3,3,3,False,False,0.839623040047618
5122,1,1,1,False,False,0.5631055037237538
5127,3,0,3,True,True,0.1291515239870019
5130,0,0,2,False,True,0.2067271270539139
5132,2,2,2,False,False,0.39128683169110534
5151,3,3,3,False,False,0.7034504247517217
5157,3,0,3,True,True,0.11814534292777534
5174,3,3,3,False,False,0.33225739548751027
5188,0,0,0,False,False,0.7915577396284487
5195,0,0,1,False,True,0.09243714688379302
5200,1,1,1,False,False,0.3953340371522069
5218,3,3,3,False,False,0.5765339187958776
5222,0,0,0,False,False,0.46165454685835466
5235,3,3,1,False,False,0.21397899902750908
5246,2,2,3,False,True,0.16408881477024934
5256,2,2,2,False,False,0.5645586177122146
5275,0,0,1,False,True,0.09812360954335753
5279,3,3,3,False,False,0.48508098147975515
5287,2,2,0,False,False,0.23778224502467557
5313,3,3,3,False,False,0.40492107633776186
5331,3,3,3,False,False,0.33193610143669094
5338,3,3,0,False,False,0.3920092320278015
5348,2,2,2,False,False,0.7888193528900728
5364,1,1,1,False,False,0.6888122739763015
5366,0,0,0,False,False,0.36484002538752347
5369,1,1,1,False,False,0.7684194217328327
5377,1,2,1,True,True,0.10798077885845775
5387,0,0,0,False,False,0.378686381573506
5436,1,1,1,False,False,0.6509603755337289
5444,2,2,2,False,False,0.3708090134661348
5469,2,2,2,False,False,0.5273818834398784
5478,2,2,2,False,False,0.6223739147147346
5495,1,1,1,False,False,0.6378922980154301
5499,3,3,3,False,False,0.7066026480183762
5508,3,0,0,True,False,0.3263860552613028
5516,0,0,0,False,False,0.7951501748286275
5522,2,2,2,False,False,0.573152576832669
5534,1,1,1,False,False,0.474887847531927
5540,1,1,1,False,False,0.3853605699937848
5546,0,0,3,False,True,0.24093682023457125
5552,1,1,1,False,False,0.44120036453199635
5555,1,1,1,False,False,0.5158247667702587
5556,1,1,1,False,False,0.3910746629108824
5558,1,1,1,False,False,0.7315227845575993
5566,1,1,1,False,False,0.47941138137728806
5571,3,3,3,False,False,0.4378510907547932
5582,0,0,0,False,False,0.7848710269479069
5592,0,0,0,False,False,0.5001854768338845
5600,0,1,0,True,True,0.175914583212588
5601,0,0,0,False,False,0.4530729196917268
5607,3,3,3,False,False,0.4771646833716136
5612,1,2,1,True,True,0.1677354412307057
5614,1,2,1,True,True,0.26139490290483225
5627,0,1,0,True,True,0.10186778150739316
5628,0,0,0,False,False,0.6480270173629579
5631,2,2,2,False,False,0.5182702456648011
5632,2,2,0,False,True,0.13487090557102854
5637,2,3,2,True,True,0.31658511093983843
5643,3,3,3,False,False,0.6869052009539942
5661,1,2,1,True,True,0.27568745651293664
5677,0,0,0,False,False,0.4288039286739631
5682,0,0,0,False,False,0.7734046293024911
5684,3,0,3,True,True,0.20167226742825245
5685,1,2,1,True,True,0.23385838140205645
5693,2,2,2,False,False,0.7138139027011985
5694,2,3,2,True,True,0.35320049198579306
5698,3,3,3,False,False,0.7264599880640975
5710,0,0,0,False,False,0.5038196920247007
5722,1,1,1,False,False,0.6779546149836436
5728,0,0,0,False,False,0.857982400761072
5754,0,0,1,False,True,0.30037067951776236
5763,1,1,1,False,False,0.5029570243139676
5764,1,1,1,False,False,0.561301831938049
5765,1,2,1,True,True,0.1753560874908131
5777,2,2,1,False,True,0.18172826472488976
5785,1,1,1,False,False,0.5900073460849541
5802,3,3,3,False,False,0.5165528574816721
5808,0,0,0,False,False,0.5857427312485309
5817,1,1,1,False,False,0.5507472242744463
5827,1,1,1,False,False,0.5057931179834396
5833,0,0,0,False,False,0.5357146631449682
5840,0,0,0,False,False,0.6185046002770785
5846,2,2,2,False,False,0.325091794026927
5849,1,1,1,False,False,0.6579134275511309
5864,2,3,1,True,True,0.1278708918607907
5867,1,1,1,False,False,0.6590956928980691
5876,3,3,3,False,False,0.3904296636109002
5878,1,1,1,False,False,0.6647183870218306
5883,0,0,0,False,False,0.552543239841077
5886,2,2,0,False,True,0.20400404051513787
5904,2,3,2,True,True,0.2401594087488924
5941,2,2,2,False,False,0.3232495846036863
5958,3,3,3,False,False,0.6859314544207848
5963,1,2,1,True,True,0.21096185757626285
5974,1,2,1,True,True,0.1423127010845964
5977,0,0,2,False,True,0.14629853073674381
5987,1,1,1,False,False,0.6230849915110387
5994,2,2,2,False,False,0.47089135381972375
5997,3,3,3,False,False,0.7771629450734281
6015,0,0,0,False,False,0.696168377061656
6028,2,2,2,False,False,0.756731251250006
6034,1,1,1,False,False,0.5615480094616372
6046,2,2,2,False,False,0.41224072888259206
6053,1,1,1,False,False,0.5032098699474775
6062,0,0,0,False,False,0.5297816791799228
6079,3,3,3,False,False,0.3664490797965629
6085,3,3,3,False,False,0.5206099539115518
6088,1,1,1,False,False,0.62953076152735
6093,3,3,3,False,False,0.47175091522749013
6135,1,1,1,False,False,0.5400083140737506
6141,0,0,2,False,False,0.1856197029526139
6171,1,1,1,False,False,0.4407738936537423
6176,1,1,1,False,False,0.6993953915636021
6192,0,0,0,False,False,0.5817050177300952
6213,3,3,3,False,False,0.3418732338153919
6220,3,3,3,False,False,0.4027667270561356
6228,1,1,1,False,False,0.5381521740739635
6231,0,0,0,False,False,0.6961650137784496
6240,1,1,2,False,False,0.38714600969125024
6257,0,0,0,False,False,0.8260012661409561
6293,1,2,1,True,True,0.13877901480636007
6300,2,2,3,False,True,0.23865236888071611
6334,1,1,1,False,False,0.6633119488710274
6359,3,3,3,False,False,0.6725999386194552
6396,0,1,0,True,True,0.26251706772296185
6401,1,1,1,False,False,0.6238734201052101
6402,0,0,0,False,False,0.45992604136785803
6409,0,0,0,False,False,0.5667280087100566
6416,0,0,0,False,False,0.47250809373812214
6417,2,2,0,False,False,0.22025744677983625
6427,0,1,0,True,True,0.2754645427307928
6443,0,0,1,False,True,0.06178644272612583
6444,1,1,1,False,False,0.5428111587260959
6447,3,3,3,False,False,0.7293562965193552
6454,1,1,1,False,False,0.4964985433594834
6468,0,0,0,False,False,0.597157986844492
6476,1,1,1,False,False,0.7201062502593751
6479,0,0,0,False,False,0.5347349680143966
6495,2,2,2,False,False,0.42241210741358914
6496,1,2,1,True,True,0.1509242140736478
6508,0,0,0,False,False,0.4399957446742475
6522,1,1,1,False,False,0.43466737308597797
6523,1,1,1,False,False,0.641970444021883
6540,3,3,3,False,False,0.5219260489013661
6542,1,1,1,False,False,0.4827033137981369
6584,0,0,0,False,False,0.533018906282436
6588,1,2,1,True,True,0.1253007343379152
6597,3,3,3,False,False,0.40325515897261405
6611,1,2,1,True,True,0.0416212730856114
6613,0,0,0,False,False,0.5058045538427757
6617,1,1,1,False,False,0.578272358895346
6652,0,0,0,False,False,0.7728335407130159
6668,1,1,1,False,False,0.7147689873983816
6675,1,2,1,True,True,0.1315418800607365
6687,1,1,1,False,False,0.6856935894107856
6692,1,1,1,False,False,0.6678676878044263
6703,1,1,1,False,False,0.6536783434210802
6735,0,0,0,False,False,0.7566926843813528
6746,1,1,1,False,False,0.46932515521747
6788,0,1,0,True,True,0.1753971610570525
6795,1,1,1,False,False,0.6059707805119
6826,0,0,0,False,False,0.7622754565051033
6847,1,1,1,False,False,0.7813109935447344
6849,1,1,1,False,False,0.535776678599599
6858,2,2,2,False,False,0.5182876898226823
6864,1,2,1,True,True,0.27264013807000476
6871,3,0,1,True,True,0.19272155291372164
6875,2,2,2,False,False,0.39676505890484015
6878,1,2,1,True,True,0.08120452995056474
6886,1,1,1,False,False,0.774725733300423
6891,1,1,1,False,False,0.5031126906106029
6893,0,0,0,False,False,0.5488433825099936
6897,0,0,1,False,False,0.3973082266331599
6898,1,2,1,True,True,0.14510933227050804
6928,1,1,1,False,False,0.3299880961072278
6991,1,1,1,False,False,0.6195643041803978
7001,3,3,3,False,False,0.6273703550317961
7005,2,2,0,False,True,0.23139566104729703
7016,2,2,3,False,False,0.3969743689809179
7029,1,2,1,True,True,0.13054085721169378
7058,1,1,1,False,False,0.8442179042669489
7063,2,3,2,True,True,0.14683926953435478
7073,1,2,1,True,True,0.3302962670976241
7081,1,2,1,True,True,0.15174135700132935
7093,1,1,1,False,False,0.8195225600913504
7100,2,3,3,True,False,0.48938257022656967
7109,3,3,3,False,False,0.500892933793946
7170,1,1,1,False,False,0.6824111064461769
7182,1,1,1,False,False,0.5067765413546768
7199,2,2,3,False,False,0.3024046268968159
7216,0,0,0,False,False,0.8416498338451309
7231,1,1,1,False,False,0.45739159382692235
7243,1,1,1,False,False,0.860271230824045
7260,0,0,0,False,False,0.36779299680495864
7268,0,0,0,False,False,0.6479172658330357
7269,1,1,1,False,False,0.614440813811399
7284,1,1,1,False,False,0.67116774149731
7298,3,3,0,False,True,0.2641297282061235
7327,0,0,0,False,False,0.6302001838024045
7387,3,3,3,False,False,0.3587569172195078
7420,2,2,0,False,False,0.29612864262346916
7427,0,0,0,False,False,0.5756885891654152
7432,3,3,3,False,False,0.4340199080393026
7436,0,0,0,False,False,0.5670119585932111
7441,0,1,2,True,True,0.03467907013849787
7451,2,2,2,False,False,0.800612084738552
7476,0,0,2,False,False,0.2350702976598211
7479,2,2,2,False,False,0.44978869632893376
7499,0,0,0,False,False,0.5856508331948116
7533,3,0,2,True,True,0.15862589537577704
7551,2,2,2,False,False,0.41669167683157543
7610,0,0,2,False,True,0.0967045262590728
7613,2,2,2,False,False,0.6950669449683061
7629,1,1,1,False,False,0.2951776230812555
7637,3,3,3,False,False,0.5260810041182228
7649,3,0,3,True,False,0.20228048036364263
7669,2,2,2,False,False,0.42825836856075045
7674,3,3,3,False,False,0.767754061941674
7679,3,0,3,True,True,0.0803403593175283
7682,1,1,1,False,False,0.4694452251482792
7693,0,0,0,False,False,0.4032507931792927
7717,1,1,1,False,False,0.42182916422563727
7721,2,3,2,True,True,0.1735985691714299
7724,2,3,2,True,True,0.24469644065975793
7730,1,2,1,True,True,0.2037478153880632
7731,2,3,3,True,False,0.3621489094361548
7737,1,1,1,False,False,0.43780321966928093
7740,0,0,0,False,False,0.6187193159057293
7745,0,0,2,False,True,0.08307549125136164
7748,2,2,2,False,False,0.5757504745586984
7750,3,3,3,False,False,0.37322391398639637
7789,3,3,0,False,False,0.2500647804765552
7808,2,2,2,False,False,0.8294899020547088
7814,0,0,0,False,False,0.5573264167227008
7828,3,3,3,False,False,0.6685880270546157
7830,3,3,3,False,False,0.500875922162144
7835,2,2,2,False,False,0.7037124433528372
7840,2,2,2,False,False,0.3823951147621267
7844,2,3,2,True,True,0.1807376592576457
7845,3,3,3,False,False,0.7944786474282356
7870,3,3,3,False,False,0.8331209118299167
7877,2,2,2,False,False,0.8198858649553793
7901,3,3,2,False,True,0.3254870636551083
7914,2,2,2,False,False,0.4871368836557099
7938,2,3,2,True,True,0.18283647454805155
7941,3,3,2,False,True,0.24198428132037644
7958,3,3,3,False,False,0.6838392498672946
7962,3,3,2,False,True,0.16973709476784413
7965,3,3,3,False,False,0.82600459747561
7966,2,3,2,True,True,0.3201309467419916
7975,2,2,3,False,True,0.18525004213573276
7986,3,3,3,False,False,0.6277303692730164
7990,3,3,0,False,True,0.10244314488940397
7996,3,3,0,False,False,0.2959626552680297
7998,3,3,3,False,False,0.6328966183245828
8001,3,3,2,False,True,0.19699532880282514
8009,3,3,3,False,False,0.4610137106745775
8039,2,2,2,False,False,0.4045592395967832
8069,1,1,1,False,False,0.6551370282709804
8076,2,2,2,False,False,0.46630916773119946
8085,0,0,0,False,False,0.6939964822501805
8109,1,1,1,False,False,0.6962319216030539
8149,0,1,0,True,True,0.09241283472670841
8158,2,2,2,False,False,0.7213929846820167
8167,1,1,2,False,False,0.34062127270301923
8170,1,1,1,False,False,0.6069259272777596
8197,0,0,2,False,True,0.11586540629936391
8204,0,0,0,False,False,0.569981135498357
8211,1,1,1,False,False,0.5962873679487499
8222,3,3,3,False,False,0.7185863356580691
8246,0,0,0,False,False,0.6190888423025045
8257,0,1,0,True,True,0.11243830220079441
8286,0,0,0,False,False,0.7469962044429934
8295,2,3,2,True,True,0.14984174367497324
8296,2,2,3,False,True,0.20942927773998193
8308,3,3,3,False,False,0.6827892215022912
8326,2,2,3,False,True,0.2157127796992832
8327,3,3,3,False,False,0.4728218034653014
8350,2,2,3,False,False,0.25233585255131874
8412,2,2,0,False,False,0.32206816416569406
8417,3,3,3,False,False,0.4390998949753541
8448,3,3,2,False,True,0.34531976666727243
8457,1,1,1,False,False,0.4834125009907906
8458,0,0,0,False,False,0.4886545083831027
8467,2,2,2,False,False,0.4019242524122332
8472,1,1,1,False,False,0.7199627351192507
8482,2,2,2,False,False,0.8951019540763228
8487,2,2,2,False,False,0.3986277609359555
8494,0,0,0,False,False,0.7396786173070253
8507,0,0,0,False,False,0.8895350772465582
8512,1,1,1,False,False,0.5663852812498968
8513,1,1,1,False,False,0.48385259400742064
8535,2,2,2,False,False,0.7441194574490296
8563,0,0,0,False,False,0.4158196800453472
8565,3,3,3,False,False,0.48150691147907676
8585,0,0,0,False,False,0.4744423167264791
8587,0,1,0,True,True,0.25927468028160716
8617,0,0,3,False,True,0.2852828094573282
8623,2,2,2,False,False,0.4540024930729525
8629,2,2,2,False,False,0.4625980617043191
8639,2,2,2,False,False,0.42534679060131086
8642,1,1,1,False,False,0.5056383770748221
8644,1,1,1,False,False,0.593523109706986
8654,2,2,2,False,False,0.619756852785939
8657,2,2,2,False,False,0.4331179867464469
8670,1,2,1,True,True,0.15412219727378898
8674,2,2,2,False,False,0.5785594171621247
8697,2,2,2,False,False,0.6573256795492507
8712,0,0,1,False,False,0.2248046653793239
8715,3,0,3,True,True,0.14533816222580076
8733,1,1,1,False,False,0.3419259255919785
8735,1,1,1,False,False,0.47780983103267805
8748,0,0,0,False,False,0.6357065571128172
8752,0,1,0,True,True,0.29790237759394944
8759,0,0,0,False,False,0.5434306300337333
8761,2,2,2,False,False,0.8238090615435896
8764,2,2,2,False,False,0.7599545446608454
8773,1,2,1,True,True,0.22435014347511004
8778,2,2,2,False,False,0.571904794256899
8779,3,0,3,True,True,0.14848496175872752
8786,0,0,0,False,False,0.7997235252527869
8789,2,2,2,False,False,0.7243547790735443
8793,3,3,0,False,False,0.38460971581594505
8838,3,0,3,True,True,0.2204527755915626
8840,3,3,0,False,True,0.14218289663475925
8851,2,2,2,False,False,0.8849216697842125
8866,2,2,2,False,False,0.5550577038515204
8881,2,2,2,False,False,0.7722332891836803
8887,2,3,2,True,True,0.22267524092815721
8897,0,1,0,True,True,0.1344051299224972
8926,3,3,3,False,False,0.5207193320593809
8927,3,0,2,True,True,0.16937216515131742
8928,1,1,1,False,False,0.6096662399995572
8931,3,3,3,False,False,0.672837425042445
8941,2,2,2,False,False,0.668715375642971
8944,0,0,0,False,False,0.6664550514091975
8966,0,0,0,False,False,0.7154792070042888
8969,2,2,2,False,False,0.6489886447144187
8974,3,3,3,False,False,0.5090056833761548
8984,1,1,1,False,False,0.4299654127959744
8985,2,2,2,False,False,0.5194370675495905
9008,2,2,2,False,False,0.488121164201512
9015,2,2,2,False,False,0.316682180725513
9016,2,2,2,False,False,0.5199601621374764
9055,3,3,3,False,False,0.5196940450417059
9065,2,3,2,True,True,0.17405579523338635
9081,1,2,1,True,True,0.202290032519203
9083,3,3,3,False,False,0.4402942775737312
9085,2,2,2,False,False,0.5084263879632045
9093,0,1,0,True,True,0.15713760069750948
9104,2,3,2,True,True,0.1070020552135517
9110,3,3,3,False,False,0.550908306786566
9111,0,0,0,False,False,0.8988665695375874
9126,3,3,3,False,False,0.5213022782345315
9138,2,2,0,False,True,0.1538076150206146
9147,3,3,3,False,False,0.6177724868006627
9162,2,2,2,False,False,0.4782440069048325
9202,2,2,0,False,True,0.2266395998410116
9206,2,2,2,False,False,0.5436387525495815
9218,3,3,3,False,False,0.3572053228818723
9224,3,3,3,False,False,0.4284379208613166
9232,1,1,1,False,False,0.4835154142695162
9256,3,3,3,False,False,0.6845189160829965
9266,2,2,0,False,False,0.23334113016427224
9291,1,1,1,False,False,0.7010700296069846
9295,2,2,2,False,False,0.7547894166171877
9300,2,2,2,False,False,0.6570953415622471
9305,2,3,3,True,False,0.4176012179677135
9313,1,1,1,False,False,0.5163593198681043
9329,0,0,0,False,False,0.5205761338263234
9340,0,0,0,False,False,0.4041531358497649
9347,0,0,0,False,False,0.6939313299520884
9375,3,3,3,False,False,0.37234692619493404
9379,0,0,1,False,False,0.3483969314823972
9407,3,3,3,False,False,0.5069605461799228
9411,3,3,3,False,False,0.7421724826764243
9419,3,3,3,False,False,0.3567415202372408
9447,2,2,2,False,False,0.7920447364815627
9448,2,3,2,True,True,0.1030944523583933
9453,3,3,0,False,False,0.30373542138754067
9466,1,1,1,False,False,0.8000926689644458
9493,2,2,2,False,False,0.6702779008434918
9510,2,2,3,False,False,0.30014469160713003
9539,3,3,3,False,False,0.5187934861274383
9541,3,3,3,False,False,0.29394588972279945
9542,3,3,3,False,False,0.41768933051679963
9573,3,3,3,False,False,0.5178435185604009
9580,3,0,3,True,True,0.18025989093582623
9583,3,3,3,False,False,0.6033723001865957
9598,1,1,1,False,False,0.8322753837863727
9621,1,1,1,False,False,0.6507908224268119
9632,2,2,2,False,False,0.8130419944283606
9645,0,0,0,False,False,0.3712807169253631
9652,2,2,2,False,False,0.6225806464622681
9655,2,2,2,False,False,0.4683522239395801
9659,3,0,3,True,True,0.09430583528707069
9661,3,0,2,True,True,0.1476196270442258
9694,1,1,1,False,False,0.8346044618286449
9695,3,3,3,False,False,0.6387624692693409
9696,3,3,3,False,False,0.8295607776993603
9724,0,0,0,False,False,0.4888641808156119
9772,1,1,1,False,False,0.9187917546429062
9821,3,3,3,False,False,0.48943870291637903
9832,2,2,2,False,False,0.7584522124836807
9837,0,0,0,False,False,0.5185003779955251
9845,2,2,2,False,False,0.7051251520750343
9857,2,2,2,False,False,0.7765260369901328
9867,3,0,3,True,True,0.18984807453427407
9879,2,2,2,False,False,0.42741776035851226
9881,2,2,2,False,False,0.8381097167650233
9884,1,1,1,False,False,0.7311549122281379
9893,3,3,3,False,False,0.7402810865705319
9900,0,1,0,True,True,0.19462510749309803
9901,0,1,0,True,True,0.20735244116160753
9902,3,0,3,True,True,0.17920679439886728
9928,1,1,1,False,False,0.7305720210742886
9951,1,1,0,False,True,0.30010606884548696
9954,0,1,0,True,True,0.25667794179925535
9961,1,1,1,False,False,0.6648236570077837
9963,3,0,3,True,True,0.15207444639999484
9983,3,3,3,False,False,0.6089772083934505
9986,1,1,1,False,False,0.7369105823851336
9992,3,0,2,True,True,0.0933011916753053
10001,1,1,1,False,False,0.9063095380179889
10015,2,2,2,False,False,0.7904068349015079
10016,2,3,2,True,True,0.12055210887421135
10017,3,3,3,False,False,0.7861528744185002
10049,0,0,0,False,False,0.5416869585427585
10050,2,2,2,False,False,0.829818914142207
10051,0,0,0,False,False,0.5973247069394861
10064,1,1,1,False,False,0.4688332231736078
10068,3,3,3,False,False,0.4497127723544919
10073,3,3,3,False,False,0.607082791243875
10083,3,3,3,False,False,0.7873355884727943
10084,3,3,3,False,False,0.6003527398821996
10093,0,1,1,True,False,0.3397143490169769
10097,0,1,0,True,True,0.10921880736677134
10105,1,1,1,False,False,0.5713186028407541
10112,2,3,3,True,False,0.3390328098492009
10122,2,2,2,False,False,0.6397979713615768
10134,2,2,2,False,False,0.8285026076105452
10139,2,2,3,False,True,0.2382471924739657
10183,0,0,0,False,False,0.5101625612581695
10189,0,1,0,True,True,0.21280323031857218
10211,0,0,0,False,False,0.4127769183581139
10225,2,3,2,True,True,0.1780125352713797
10249,2,2,2,False,False,0.6569630458687669
10263,1,1,1,False,False,0.7420655008562423
10265,2,2,2,False,False,0.4673653210341512
10273,0,1,0,True,True,0.1608633664332014
10281,2,2,0,False,False,0.2723798006608335
10300,3,3,3,False,False,0.5576311089910605
10335,0,0,0,False,False,0.37769782585493683
10338,3,3,3,False,False,0.7019356066063387
10349,1,1,1,False,False,0.4089547003476904
10369,3,3,3,False,False,0.6825347794758966
10376,1,1,1,False,False,0.5643523693859477
10388,0,0,0,False,False,0.4918969529039855
10393,0,0,0,False,False,0.4664046877540485
10405,1,1,1,False,False,0.6378367776027603
10416,1,1,1,False,False,0.5470548383695762
10436,3,3,3,False,False,0.337454294789562
10441,2,2,2,False,False,0.7684729754344362
10444,1,1,1,False,False,0.6486591740871597
10458,1,1,1,False,False,0.5229963289255313
10465,2,2,1,False,True,0.14137442877192202
10473,2,2,3,False,True,0.10093313364938254
10475,2,2,2,False,False,0.5184464763094226
10476,2,3,2,True,True,0.3051009395164045
10485,0,0,0,False,False,0.4087663144106511
10506,3,3,3,False,False,0.6443658825183051
10525,0,1,0,True,True,0.10343769174657513
10538,3,3,3,False,False,0.4486274805605331
10543,2,2,2,False,False,0.7962016408903678
10568,2,2,2,False,False,0.8539846521762633
10602,3,3,2,False,True,0.3080975775892149
10607,2,2,2,False,False,0.3690299793076768
10615,0,0,0,False,False,0.6705008274694476
10617,0,0,2,False,False,0.25544370786562987
10650,2,3,2,True,True,0.22709527217927683
10666,3,3,3,False,False,0.5903704680417389
10668,3,0,3,True,True,0.06050029916547262
10676,0,1,0,True,True,0.2112501522673591
10705,1,1,1,False,False,0.6168877525095382
10736,2,2,2,False,False,0.801312239110679
10739,2,2,2,False,False,0.8366585588352279
10751,3,3,3,False,False,0.6371775156587597
10788,0,0,0,False,False,0.5583359412563261
10795,0,0,0,False,False,0.7021109726838349
10803,2,2,0,False,False,0.20188510363267093
10804,0,0,1,False,False,0.25576984720274754
10816,1,1,1,False,False,0.6453441384407954
10832,2,2,2,False,False,0.3388034551107048
10842,3,3,3,False,False,0.5063261071029771
10872,1,1,1,False,False,0.4707696349004823
10874,0,0,0,False,False,0.4518590647138663
10882,3,3,3,False,False,0.4726338741011483
10889,3,3,3,False,False,0.8324553301066735
10890,1,1,1,False,False,0.5332349353600762
10894,3,3,3,False,False,0.689003765995685
10908,2,2,3,False,True,0.1346926866906094
10918,2,2,2,False,False,0.40905741262979867
10925,0,0,0,False,False,0.72369293595154
10933,2,3,2,True,True,0.13543297206279314
10964,1,1,1,False,False,0.324161144038666
10977,3,3,3,False,False,0.40505686455402956
10989,0,0,0,False,False,0.4987955086456238
11006,3,0,3,True,True,0.1397518346445166
11034,3,0,3,True,True,0.21809862357277077
11039,2,2,2,False,False,0.7780879411897854
11041,2,2,2,False,False,0.63378260879801
11053,0,1,3,True,True,0.0936527377700852
11066,0,1,0,True,True,0.2130032468269013
11073,1,1,1,False,False,0.6549490247133746
11087,2,2,2,False,False,0.4578081389253846
11098,2,2,2,False,False,0.6268545681405177
11124,1,2,1,True,True,0.13135406307796488
11138,2,3,2,True,True,0.26700113065091857
11150,1,1,1,False,False,0.5918694950106175
11159,3,3,3,False,False,0.4388341674552579
11161,3,3,3,False,False,0.4223786667197873
11177,2,2,2,False,False,0.43782408038485543
11183,1,1,1,False,False,0.5967247620653957
11189,2,2,2,False,False,0.8475557960106904
11193,3,3,0,False,False,0.28441118203586974
11200,1,1,1,False,False,0.7495978720378929
11210,2,2,2,False,False,0.41589934398410605
11235,1,1,2,False,False,0.20893294957815453
11259,2,2,2,False,False,0.5442143591415154
11262,2,2,2,False,False,0.41536679152393474
11265,3,3,3,False,False,0.5494357679205659
11282,2,3,2,True,True,0.08766529802272453
11295,0,1,0,True,True,0.22199078629596564
11297,1,1,1,False,False,0.7367568496732826
11302,2,2,2,False,False,0.6079221710304025
11306,1,2,1,True,True,0.20422535437817568
11330,1,2,1,True,True,0.10411259938962264
11332,3,3,3,False,False,0.7698297262065724
11343,2,2,2,False,False,0.7887220843820595
11355,2,2,2,False,False,0.7352104549179032
11359,3,0,3,True,False,0.22053316307482104
11365,1,1,1,False,False,0.5025005120085895
11389,0,0,0,False,False,0.4342408428888523
11415,3,3,3,False,False,0.5387819324715074
11417,2,3,3,True,False,0.5045348941044694
11425,0,0,0,False,False,0.761695627744198
11430,3,0,3,True,True,0.1713906935412454
11452,0,0,0,False,False,0.3983394194384852
11455,0,0,0,False,False,0.7922335635673549
11483,2,3,2,True,True,0.207355363174208
11491,1,1,1,False,False,0.824763788245335
11505,3,3,1,False,False,0.21689570999065114
11513,1,1,1,False,False,0.4281543136309938
11518,0,0,0,False,False,0.5023480960953064
11519,2,2,2,False,False,0.37116277533231645
11528,3,3,3,False,False,0.7639290178804822
11558,0,0,0,False,False,0.5080103210415506
11574,2,2,3,False,True,0.17196820667812684
11585,2,3,2,True,True,0.26588630982719436
11589,1,2,2,True,False,0.33933454808591457
11591,0,0,0,False,False,0.7309779325755796
11592,0,0,0,False,False,0.7447368659469876
11625,2,2,2,False,False,0.5967141850182278
11640,0,0,2,False,False,0.26095177213885856
11642,2,3,2,True,True,0.28628684372899416
11645,0,1,0,True,True,0.27726150469684885
11649,0,0,0,False,False,0.5365456865181898
11651,3,3,3,False,False,0.4558549314796453
11654,3,0,3,True,True,0.13384545978538837
11655,0,0,0,False,False,0.6417108636252826
11664,3,3,3,False,False,0.8213355526887345
11676,1,1,1,False,False,0.47789742939612667
11681,0,0,0,False,False,0.6847259583877602
11704,1,1,1,False,False,0.6757412895711212
11726,1,1,1,False,False,0.45171246890459615
11732,2,2,3,False,False,0.34263147310798486
11733,3,3,3,False,False,0.5855781097563963
11741,2,2,3,False,True,0.2955464858361618
11791,0,0,0,False,False,0.6879989844175244
11800,2,2,2,False,False,0.5281261532464614
11812,3,3,0,False,False,0.2798587087066972
11813,3,0,3,True,True,0.2731899161888705
11821,0,0,0,False,False,0.7384266517183017
11844,0,1,0,True,True,0.10875259488580319
11859,0,0,0,False,False,0.847217463445855
11865,2,2,2,False,False,0.5683019457356245
11873,1,1,1,False,False,0.5460849423833568
11885,2,2,2,False,False,0.6597500042595056
11886,0,0,0,False,False,0.8205349196427
11891,3,3,3,False,False,0.6883823480251722
11906,0,1,0,True,True,0.07956887161272642
11914,3,0,2,True,True,0.08300825822871141
11942,1,2,1,True,True,0.14736159794288564
11949,1,1,1,False,False,0.4923110446080015
11976,2,2,2,False,False,0.7313898785003099
11985,0,0,0,False,False,0.5809003329167188
11996,3,3,3,False,False,0.32133486658728766
12023,0,0,0,False,False,0.5249719884591141
12025,1,2,1,True,True,0.21417871815578357
12027,0,0,0,False,False,0.6537552323248867
12036,2,3,0,True,False,0.33064612377043145
12064,2,2,3,False,False,0.2450400453180234
12074,1,1,1,False,False,0.6727687127076079
12084,0,0,0,False,False,0.6347019616451615
12103,2,2,2,False,False,0.41401979163646907
12163,3,0,0,True,False,0.5399988616734765
12166,0,0,0,False,False,0.6922469594630531
12172,3,3,3,False,False,0.5156654649697544
12181,1,1,1,False,False,0.7279817603833929
12207,1,2,1,True,True,0.16713394647262034
12219,2,2,2,False,False,0.6860948277022866
12235,2,3,2,True,True,0.28967920413478915
12249,0,0,0,False,False,0.4050307669906368
12281,3,0,3,True,True,0.16272837911087926
12297,1,1,1,False,False,0.6926765822984564
12302,1,1,1,False,False,0.636822325351457
12316,0,0,0,False,False,0.457416856319912
12331,0,0,0,False,False,0.7378488011996592
12349,1,1,1,False,False,0.8213831017003838
12350,0,1,0,True,True,0.1297602054189864
12353,1,2,1,True,True,0.20063295443031223
12390,0,0,0,False,False,0.7563335818628577
12410,0,0,0,False,False,0.5940468978656791
12419,1,1,1,False,False,0.7529204696431445
12439,3,3,2,False,True,0.35641129173069586
12448,0,0,0,False,False,0.6256375005608896
12459,1,1,1,False,False,0.7003108455166115
12461,2,2,3,False,True,0.23271431401163237
12465,2,3,3,True,False,0.41404839068571075
12475,2,2,2,False,False,0.4374100131113251
12511,1,1,1,False,False,0.3794928274411577
12513,0,0,0,False,False,0.7597396114034581
12529,1,1,1,False,False,0.5460558653514975
12534,0,0,0,False,False,0.41427966643776687
12556,3,3,3,False,False,0.5311890038052015
12564,3,3,3,False,False,0.44022253488085505
12565,3,3,3,False,False,0.48235091617938314
12570,0,0,0,False,False,0.6949577534483956
12573,3,3,3,False,False,0.30024872126411173
12588,2,2,3,False,True,0.16058344321186746
12600,0,0,0,False,False,0.47849058918512305
12625,0,1,0,True,True,0.2491068466556103
12628,3,3,3,False,False,0.5956778213095878
12656,1,2,1,True,True,0.3061842362020859
12664,1,1,1,False,False,0.6651313639767302
12666,0,0,0,False,False,0.7101940760833872
12667,3,0,3,True,True,0.11348935112939823
12672,2,2,2,False,False,0.41370119864490057
12706,1,2,1,True,True,0.26458307200778036
12709,2,2,1,False,True,0.2205424196257066
12713,1,1,1,False,False,0.7976792689315377
12727,1,1,1,False,False,0.6931713669364771
12730,1,1,1,False,False,0.3932868617715858
12731,1,1,1,False,False,0.6920955291912794
12749,2,2,3,False,False,0.2830586014223233
12780,1,1,3,False,False,0.26243027890746606
12784,1,2,1,True,True,0.17440806010825222
12803,1,1,1,False,False,0.8041347977833891
12814,0,0,0,False,False,0.6461099531102887
12819,1,1,1,False,False,0.7386958717542753
12825,0,0,0,False,False,0.7012784533514738
12838,1,1,1,False,False,0.4950291949175482
12841,0,0,0,False,False,0.4958365489744225
12864,3,3,3,False,False,0.6197836441733238
12869,1,1,1,False,False,0.45474867337688774
12875,3,3,3,False,False,0.6589389448696301
12888,1,1,1,False,False,0.5408637907215531
12931,0,0,0,False,False,0.6161584668997419
12942,1,1,1,False,False,0.4040495593232506
12946,3,3,3,False,False,0.722537290559308
12952,2,2,2,False,False,0.7631775310089802
12955,1,1,1,False,False,0.5370355219258134
12968,1,1,1,False,False,0.4837241783909825
12969,1,1,1,False,False,0.39220167790659477
12976,0,0,1,False,True,0.05549189538604491
13008,1,2,1,True,True,0.08902490045415311
13018,2,3,2,True,True,0.11295582861963022
13021,1,2,0,True,False,0.28094635631392295
13026,0,0,0,False,False,0.5430902055221949
13042,2,2,2,False,False,0.5621011277430851
13048,0,1,0,True,True,0.30839829029653015
13050,2,2,2,False,False,0.5334031183754984
13075,3,3,3,False,False,0.845341891305851
13077,0,1,1,True,False,0.4155279522827791
13085,0,1,0,True,True,0.36230609321655227
13105,1,2,1,True,True,0.1940495240961693
13107,1,2,1,True,True,0.20095739219645825
13109,0,0,0,False,False,0.7388090066419397
13119,1,2,1,True,True,0.20594838333896276
13122,1,1,1,False,False,0.46901350953008636
13125,0,0,0,False,False,0.33337664471263334
13128,1,1,1,False,False,0.7957853832942307
13130,0,0,0,False,False,0.7552947550996796
13133,0,0,0,False,False,0.7814621388087268
13148,2,2,2,False,False,0.4102435616167488
13168,0,0,0,False,False,0.6214386077243
13174,1,1,1,False,False,0.4391959115818183
13176,1,1,1,False,False,0.42068737514781274
13213,0,0,1,False,True,0.1461384761879381
13216,3,3,0,False,False,0.3177298101601882
13241,1,1,1,False,False,0.6915891490910459
13245,1,1,1,False,False,0.30498212437221905
13250,1,1,1,False,False,0.7898817211183752
13252,1,1,1,False,False,0.8777973812146044
13254,1,1,1,False,False,0.6972679138785814
13257,1,1,1,False,False,0.485672457287742
13270,1,1,1,False,False,0.5299908243658324
13274,0,0,0,False,False,0.7968900405641118
13277,1,1,1,False,False,0.7226399935650464
13279,3,3,3,False,False,0.590684865443845
13291,1,1,1,False,False,0.47404706228829085
13318,1,1,1,False,False,0.641619076061784
13338,3,3,3,False,False,0.6002901708494277
13349,1,1,1,False,False,0.8076800213440498
13365,0,0,0,False,False,0.8374955793972532
13372,1,1,1,False,False,0.672819142283253
13396,1,2,1,True,True,0.18688794565915712
13409,1,2,3,True,False,0.31433785650696916
13416,1,1,1,False,False,0.45494485099167614
13448,0,1,0,True,True,0.09673571412921135
13454,0,1,0,True,True,0.22189596479495582
13455,0,0,0,False,False,0.4986183888955403
13467,1,1,1,False,False,0.5188137406235408
13476,1,1,1,False,False,0.7157161822101039
13483,1,1,1,False,False,0.8114752114377444
13491,3,3,3,False,False,0.7356197322026616
13492,1,1,1,False,False,0.5687912091138764
13494,0,1,0,True,True,0.08441059174747144
13502,0,0,0,False,False,0.7896805403338987
13511,0,1,0,True,True,0.17190781856212475
13531,0,0,0,False,False,0.3971986694031038
13533,1,1,1,False,False,0.6981446118130017
13547,1,1,1,False,False,0.6498519133735216
13570,0,0,2,False,False,0.23996392190110855
13572,0,0,0,False,False,0.7790599239723256
13585,3,3,3,False,False,0.3611035918004799
13596,1,1,1,False,False,0.7365708979671894
13609,2,2,2,False,False,0.2849033320895334
13627,1,1,1,False,False,0.5498961198401939
13686,2,2,2,False,False,0.45603011664481213
13689,1,1,1,False,False,0.5781680586176351
13697,0,0,3,False,True,0.1767951769396312
13706,0,0,0,False,False,0.6991134884766924
13707,0,0,0,False,False,0.61004345083503
13726,0,0,1,False,False,0.38995301878496025
13727,0,0,0,False,False,0.7012663121271371
13743,1,1,1,False,False,0.41399354927871096
13747,2,2,0,False,False,0.34602367904886605
13757,3,3,3,False,False,0.4857323924188476
13775,0,1,0,True,True,0.3223164167943655
13776,0,0,0,False,False,0.48478992935689247
13779,0,0,0,False,False,0.7861735854913713
13782,2,2,2,False,False,0.5100407761866834
13786,1,1,1,False,False,0.5864752539146065
13795,0,0,0,False,False,0.6668956289856157
13814,0,0,0,False,False,0.30778098193658077
13851,1,1,1,False,False,0.5230484846743075
13863,0,0,0,False,False,0.7505998405917923
13864,0,0,0,False,False,0.4199671659161677
13865,2,2,0,False,True,0.16892949437239002
13889,1,2,2,True,False,0.3094466672189294
13945,1,1,1,False,False,0.6169128834712507
13949,0,0,0,False,False,0.7874433494716039
13950,0,0,0,False,False,0.6908881729073892
13951,0,1,0,True,True,0.11702041049616808
13952,1,1,1,False,False,0.752184906500259
13966,2,2,0,False,True,0.12933885188795405
13970,0,1,0,True,True,0.16738235399950296
13992,3,3,3,False,False,0.6568299604726718
14038,1,2,1,True,True,0.4049847423644261
14071,1,1,1,False,False,0.6614923447866002
14086,2,2,2,False,False,0.5910629047020358
14090,1,2,1,True,False,0.35518938671126576
14099,1,2,1,True,True,0.2528601580675529
14119,1,1,1,False,False,0.8137275790780273
14121,0,1,0,True,True,0.19440003825874497
14127,3,3,3,False,False,0.363670451502257
14129,1,1,1,False,False,0.6029587431992874
14130,0,0,0,False,False,0.5240882403638506
14137,2,3,2,True,True,0.10202058411100842
14171,0,1,0,True,True,0.24847809192028145
14172,1,2,1,True,True,0.24559382745457403
14175,0,0,0,False,False,0.575658650356145
14211,0,0,0,False,False,0.5765570186028627
14223,2,2,2,False,False,0.47392635410235545
14228,3,3,3,False,False,0.920187607827144
14237,2,2,3,False,True,0.2260307979760186
14241,2,2,1,False,True,0.23817321775192965
14250,1,1,1,False,False,0.6942062751676586
14260,1,1,1,False,False,0.732297978774234
14273,0,0,3,False,True,0.226969302371554
14290,0,0,0,False,False,0.5099528373442722
14298,0,1,0,True,True,0.08463213952341594
14299,1,1,1,False,False,0.6013239352270549
14301,0,0,0,False,False,0.792712613688374
14302,2,3,3,True,False,0.631750463020756
14319,1,1,1,False,False,0.5936793117086608
14328,0,0,1,False,True,0.23083294448203182
14340,0,0,0,False,False,0.7825027767917989
14341,0,0,0,False,False,0.692767351393504
14346,1,1,1,False,False,0.5384102953655476
14351,0,0,0,False,False,0.48128928761815115
14352,0,0,0,False,False,0.6402606123561804
14384,1,1,1,False,False,0.5976390690419472
14417,2,2,2,False,False,0.45212351587309013
14423,1,1,1,False,False,0.6657073801000337
14430,0,0,0,False,False,0.637008335749672
14443,0,0,2,False,False,0.2708526277567768
14445,1,1,1,False,False,0.7719899957686535
14461,1,1,1,False,False,0.5650957888658498
14468,2,2,2,False,False,0.7831845130516113
14477,0,0,0,False,False,0.5982894189029475
14513,1,1,1,False,False,0.6457857820288181
14515,3,0,2,True,False,0.200082206263393
14525,3,0,3,True,True,0.10958597753946538
14546,3,3,3,False,False,0.507578179914593
14552,2,2,2,False,False,0.7526059149304126
14590,2,2,2,False,False,0.5359405597944602
14617,2,2,2,False,False,0.5750458800942158
14636,2,2,2,False,False,0.5346945815409874
14637,2,2,2,False,False,0.515387032642816
14642,0,0,0,False,False,0.6294850840258918
14643,0,0,0,False,False,0.605686430549432
14661,2,2,2,False,False,0.4655475444558449
14662,2,3,2,True,True,0.17974223233968584
14679,3,0,3,True,True,0.17788682061147512
14688,0,0,2,False,True,0.09897678489042967
14713,2,3,2,True,True,0.13425190304020096
14714,2,2,2,False,False,0.8052956161019078
14728,0,1,0,True,True,0.11790831532329567
14735,2,3,2,True,True,0.3030871273950984
14751,0,0,0,False,False,0.7432694431590221
14766,0,0,0,False,False,0.7625825233212794
14768,2,2,2,False,False,0.7633106225672122
14771,3,3,3,False,False,0.6765552337567812
14774,3,0,3,True,True,0.10589949429269185
14775,2,2,2,False,False,0.3311237025425081
14791,1,1,1,False,False,0.5937403961283632
14796,0,1,0,True,True,0.15696933941482877
14802,3,3,0,False,False,0.3328847010620284
14820,0,1,1,True,False,0.3656518116866265
14829,3,3,3,False,False,0.45003158823847683
14845,3,0,3,True,False,0.25070665130394015
14869,1,1,1,False,False,0.667634627071535
14872,0,0,0,False,False,0.3721590322946489
14893,2,2,2,False,False,0.47591428143187975
14909,0,0,3,False,True,0.18416287034732506
14939,3,0,3,True,True,0.14830176565330414
14947,3,3,3,False,False,0.6564593100796263
14988,3,3,3,False,False,0.4242249833346865
14989,3,0,3,True,False,0.23240715255004643
15011,3,3,3,False,False,0.5848152233723196
15023,0,0,0,False,False,0.724452835268097
15028,2,2,2,False,False,0.34970542266099114
15037,2,2,2,False,False,0.4289468996866194
15048,1,1,1,False,False,0.5332451739471027
15053,0,0,0,False,False,0.6783438893568713
15058,3,3,3,False,False,0.5163903685579787
15073,1,1,1,False,False,0.7690998077472573
15093,1,1,1,False,False,0.5161595050982687
15108,2,2,2,False,False,0.601402993373846
15118,0,1,2,True,True,0.05392026017552247
15121,2,2,2,False,False,0.5257961876321363
15122,0,0,0,False,False,0.6371861184471221
15129,0,0,3,False,False,0.27173480229048125
15130,0,1,1,True,False,0.3106158675618105
15132,0,0,0,False,False,0.7804618376306584
15144,3,0,0,True,False,0.47695545827619784
15155,3,0,3,True,True,0.13153374389266223
15161,3,3,3,False,False,0.5805570653202163
15170,3,3,3,False,False,0.7352430390872616
15180,1,1,1,False,False,0.3814237513782509
15199,2,2,2,False,False,0.6218807598775588
15209,3,3,3,False,False,0.5841067171847844
15210,3,3,3,False,False,0.5589206782635902
15211,2,2,2,False,False,0.534118393331919
15223,2,2,2,False,False,0.5263025856618122
15226,2,2,2,False,False,0.5574880769724639
15229,2,2,3,False,True,0.24432821406707306
15262,1,1,1,False,False,0.4188232327998656
15272,0,1,0,True,True,0.06767489714549972
15282,1,1,1,False,False,0.5279073309476494
15285,1,1,1,False,False,0.6567653855536125
15305,0,0,0,False,False,0.6348296750055973
15309,2,3,2,True,True,0.1130689878044208
15321,1,2,1,True,True,0.23823092343654756
15323,3,3,3,False,False,0.7308560298263156
15331,3,3,3,False,False,0.6333475532165637
15334,1,2,1,True,True,0.19302824274186664
15346,3,3,0,False,False,0.2828350939550187
15381,3,3,3,False,False,0.6259754286995576
15394,0,0,0,False,False,0.34063286886514677
15414,1,1,1,False,False,0.9234119221218867
15452,3,3,3,False,False,0.6318810307981368
15456,3,3,3,False,False,0.775113300028528
15459,1,2,1,True,True,0.20564006623087644
15471,3,3,3,False,False,0.67749974219452
15503,3,3,3,False,False,0.4418761516915793
15506,1,2,1,True,True,0.1924455868776122
15509,2,2,2,False,False,0.5849208200877729
15519,3,3,3,False,False,0.7396272566099794
15524,3,3,3,False,False,0.831520565992702
15532,1,1,1,False,False,0.459764862446353
15548,3,3,3,False,False,0.7471110421822157
15567,2,2,2,False,False,0.39536938779902003
15568,2,2,2,False,False,0.4080912387877476
15593,0,0,1,False,True,0.10608268739940278
15597,1,1,1,False,False,0.6704488264632403
15623,1,1,1,False,False,0.6663962336493199
15628,0,1,0,True,True,0.17310390839369086
15630,3,3,2,False,True,0.2977956060233877
15635,3,3,3,False,False,0.37871761364355033
15637,3,3,3,False,False,0.3757998058162313
15638,2,2,3,False,False,0.3390097291770033
15655,1,1,1,False,False,0.6212753509605502
15658,3,3,3,False,False,0.49265351358702697
15698,3,3,3,False,False,0.4965477495781636
15705,3,3,3,False,False,0.7922707425910982
15734,3,3,3,False,False,0.6024646888476493
15763,3,3,2,False,True,0.4293324411542625
15778,1,1,1,False,False,0.880299701325111
15781,1,1,2,False,False,0.29917423220093836
15812,1,2,1,True,True,0.16074872392158499
15844,3,3,2,False,False,0.2969206039127905
15850,2,3,2,True,False,0.43385955762715517
15866,3,3,3,False,False,0.47846099896417427
15875,0,0,0,False,False,0.4837462854899262
15899,0,1,0,True,True,0.19697439754764046
15935,3,3,3,False,False,0.6650080090898104
15939,3,3,3,False,False,0.8387554433001799
15940,3,3,0,False,True,0.23894849735667562
15942,3,3,3,False,False,0.4846626218049707
15943,3,3,3,False,False,0.5502590097178888
15952,3,0,3,True,True,0.23949217698810926
15971,0,0,1,False,False,0.2715216328829536
15976,2,2,3,False,True,0.2668867362118019
15990,1,1,1,False,False,0.554740446025928
15994,3,3,3,False,False,0.6049756208576885
15999,2,2,2,False,False,0.5157025556132828
16007,3,3,3,False,False,0.4135570860932723
16034,1,1,3,False,False,0.25697630602799326
16045,1,1,1,False,False,0.6769939689534985
16055,3,3,3,False,False,0.3857606735586115
16056,0,0,0,False,False,0.7665522185941483
16078,0,1,0,True,True,0.20031861360016742
16086,1,1,1,False,False,0.6983260937814856
16090,1,1,1,False,False,0.6682804037198418
16101,3,3,3,False,False,0.6460127350137462
16117,2,2,2,False,False,0.43210855714033236
16118,2,2,2,False,False,0.5831346097124759
16144,1,1,0,False,False,0.2886268036581252
16147,1,1,1,False,False,0.718337732456197
16152,0,0,0,False,False,0.553989593216296
16155,0,0,0,False,False,0.4909048598643493
16166,0,0,0,False,False,0.3812702512475385
16186,1,1,1,False,False,0.5417130040599201
16190,1,1,1,False,False,0.3775398990753512
16196,2,3,2,True,True,0.11369215729601491
16212,3,0,0,True,False,0.40939243421558086
16244,1,1,1,False,False,0.4047164230944168
16261,2,2,2,False,False,0.5822244735344948
16266,0,0,0,False,False,0.6371504556946299
16269,0,0,1,False,False,0.2375650760415798
16290,3,3,3,False,False,0.5127638955337731
16326,3,3,3,False,False,0.5106485095577827
16329,3,3,3,False,False,0.6629094745919357
16331,3,3,3,False,False,0.7539880763747332
16346,3,3,3,False,False,0.6536116616415022
16353,0,0,0,False,False,0.8155625016538723
16357,0,1,0,True,True,0.2835743284710854
16400,3,3,3,False,False,0.5220523086340059
16450,3,0,3,True,False,0.3190647557175366
16464,0,1,0,True,True,0.16611112750293586
16473,1,1,1,False,False,0.5664264767987572
16484,0,1,2,True,True,0.1367380320907358
16485,2,2,3,False,False,0.36570169944002484
16500,0,0,0,False,False,0.3232704467183832
16515,3,3,3,False,False,0.40145928567753175
16518,3,3,0,False,False,0.25450212918263465
16519,1,1,1,False,False,0.7665802729273189
16526,2,3,2,True,True,0.3296251722920345
16537,3,3,3,False,False,0.5891112117034376
16555,3,3,3,False,False,0.6767432078407285
16569,3,3,3,False,False,0.45675456771738
16589,3,3,3,False,False,0.40303484349743907
16622,3,0,3,True,True,0.09914033032753221
16633,1,1,1,False,False,0.6916506106079574
16645,3,3,3,False,False,0.6552334452154225
16646,2,2,2,False,False,0.8409416703193289
16657,3,0,3,True,True,0.16295979993903312
16658,3,3,3,False,False,0.32605897118172755
16659,3,0,3,True,True,0.14624324062772381
16665,3,3,3,False,False,0.5217450882657731
16669,1,1,1,False,False,0.8045481928190388
16674,3,3,3,False,False,0.7165639785628279
16690,3,3,2,False,True,0.25074473248391826
16700,1,1,1,False,False,0.4460639830809265
16708,1,1,1,False,False,0.8460954773378215
16710,1,1,1,False,False,0.7175837875246447
16717,3,0,3,True,True,0.19440187378445034
16728,3,3,3,False,False,0.7428126988804181
16755,1,1,1,False,False,0.6038427063696513
16766,0,0,0,False,False,0.3414407539684815
16771,1,1,1,False,False,0.8177532295473168
16795,0,0,0,False,False,0.3018581487783661
16796,2,2,2,False,False,0.37850009001381935
16805,0,0,1,False,True,0.06547270812287846
16817,1,1,1,False,False,0.5143277091110713
16825,1,1,1,False,False,0.6938757364566247
16837,1,2,1,True,True,0.21198962102678962
16841,1,2,1,True,True,0.18620240817940084
16851,2,2,2,False,False,0.7907802098685064
16875,2,2,2,False,False,0.3378796129940909
16888,3,0,3,True,True,0.19108962758492232
16917,3,0,3,True,True,0.2628872482117077
16936,3,3,3,False,False,0.472149036199496
16946,0,1,0,True,True,0.18667462357553055
16977,0,0,0,False,False,0.8454256254320222
16983,0,0,3,False,True,0.14791457182418488
16994,0,0,0,False,False,0.4579971928871679
17013,3,0,3,True,True,0.1201370216277798
17016,1,2,1,True,True,0.2616694605812508
17037,3,3,3,False,False,0.39394052999012197
17039,1,1,1,False,False,0.6337776388191289
17041,1,1,1,False,False,0.6256150369289918
17060,1,1,1,False,False,0.5913403336079336
17072,0,0,0,False,False,0.7425803367179724
17079,3,0,3,True,True,0.20567127935005497
17086,3,3,2,False,True,0.24245973217574296
17092,3,3,3,False,False,0.419082964982357
17095,1,1,1,False,False,0.651486641696462
17107,0,0,0,False,False,0.6896383936632134
17114,0,1,0,True,True,0.2968971995736134
17125,2,2,2,False,False,0.6999963122750082
17139,0,0,0,False,False,0.533664790435726
17140,3,3,3,False,False,0.6764511622728224
17142,2,3,2,True,True,0.2864912898217364
17153,0,0,0,False,False,0.7712817934190981
17154,3,0,3,True,True,0.13352114153462696
17156,0,0,2,False,True,0.2719203089800816
17169,3,3,3,False,False,0.46214523373298755
17176,2,2,2,False,False,0.8291512277085581
17180,2,3,2,True,True,0.1486582046638951
17181,0,1,0,True,True,0.12472471037557796
17183,2,2,2,False,False,0.7074904280833632
17197,3,0,2,True,True,0.06796912256650582
17198,3,3,3,False,False,0.5399817784158346
17208,3,3,3,False,False,0.48220781294342746
17225,0,0,0,False,False,0.6722461270176522
17279,3,0,2,True,True,0.13060244586779646
17301,2,2,2,False,False,0.5269737892505042
17304,3,3,3,False,False,0.7009245120082034
17307,1,1,1,False,False,0.8307796877086125
17332,3,3,3,False,False,0.6058595650791639
17347,1,2,1,True,True,0.09243236085607054
17353,0,1,0,True,True,0.1957419239771709
17376,3,3,3,False,False,0.4783139813368812
17382,0,1,0,True,True,0.32764882663733846
17400,2,2,2,False,False,0.8843480305840903
17402,2,2,2,False,False,0.840240490981208
17414,2,2,2,False,False,0.3125060103132133
17439,2,2,2,False,False,0.4623911711537173
17440,0,0,2,False,False,0.172266633532077
17444,1,1,1,False,False,0.6733128964899736
17449,2,2,2,False,False,0.7624568727154657
17454,2,3,2,True,True,0.18037774875182663
17464,0,1,2,True,True,0.15849754419254714
17471,2,2,3,False,False,0.2609746089118837
17475,1,1,1,False,False,0.6085966875513635
17478,1,1,1,False,False,0.511756233339487
17485,0,0,0,False,False,0.6759435135643205
17503,1,1,1,False,False,0.6527940313066389
17507,0,1,0,True,True,0.12832618762854223
17537,3,3,2,False,True,0.37249743802997104
17539,3,3,3,False,False,0.6840948568117334
17545,3,3,3,False,False,0.5242495612122708
17546,3,3,3,False,False,0.6668780774139885
17556,3,0,3,True,True,0.2161728179623604
17557,3,3,3,False,False,0.5943984455773047
17561,0,1,0,True,False,0.3909090398188664
17574,0,0,0,False,False,0.5906011271842303
17594,3,3,3,False,False,0.6060245291196668
17619,2,2,0,False,True,0.16956362239058193
17632,2,3,2,True,True,0.266631159351404
17642,2,3,2,True,True,0.15439776106108158
17679,0,0,0,False,False,0.6640110665934642
17697,3,3,3,False,False,0.3587303672799238
17740,2,2,2,False,False,0.3997844951470488
17742,2,2,0,False,False,0.3279941678439864
17744,2,2,2,False,False,0.6734677627837248
17783,0,0,0,False,False,0.5177907761890054
17785,3,0,3,True,True,0.08400703222487697
17801,0,0,0,False,False,0.6045951069346023
17821,3,0,2,True,True,0.2001567480632111
17829,3,3,3,False,False,0.6033247234968254
17836,2,2,2,False,False,0.40642843973514203
17846,1,2,1,True,True,0.1865041068110833
17851,3,3,0,False,True,0.17157569375550064
17854,3,3,3,False,False,0.798789365437458
17866,0,0,0,False,False,0.6277990350601371
17877,2,2,3,False,True,0.3326247946948006
17889,0,0,0,False,False,0.419040927801422
17907,3,3,3,False,False,0.5852024414206445
17913,3,3,0,False,False,0.3377550543256187
17921,3,3,0,False,False,0.333764682951578
17949,1,1,2,False,True,0.17068644852512346
17955,0,0,0,False,False,0.532847784106966
17956,0,0,1,False,True,0.33252593742036796
17971,3,3,3,False,False,0.7735788770494844
17982,0,0,0,False,False,0.7535683430948151
18003,2,3,0,True,True,0.10864736761397695
18015,0,0,0,False,False,0.534593955649761
18063,3,3,3,False,False,0.4947944561757687
18079,1,1,1,False,False,0.7454323324349753
18084,2,2,2,False,False,0.7317103690016451
18116,1,1,1,False,False,0.43575590697169647
18129,3,3,3,False,False,0.7921870405371338
18130,3,3,3,False,False,0.4720571236371097
18145,1,1,1,False,False,0.6705073757131544
18154,0,0,0,False,False,0.6381297033678102
18162,2,3,2,True,True,0.19788604097259976
18172,2,2,0,False,False,0.24528781667310917
18176,1,1,2,False,False,0.36315957231110135
18196,1,1,1,False,False,0.6751357868511144
18244,0,0,0,False,False,0.5761840319253226
18251,0,0,0,False,False,0.45898191717153447
18314,3,3,3,False,False,0.46294582289457514
18337,1,1,1,False,False,0.56223886262675
18347,0,0,0,False,False,0.8563435366456489
18352,3,3,3,False,False,0.4603072432128742
18362,0,0,0,False,False,0.7692186734948069
18379,1,1,1,False,False,0.4933645078756238
18399,1,1,1,False,False,0.7520568693373458
18405,0,1,0,True,False,0.4039859621824869
18465,0,1,0,True,True,0.3314986029689267
18478,0,0,0,False,False,0.7607083062260185
18494,0,0,0,False,False,0.6250093596219939
18525,0,0,0,False,False,0.585364393398308
18543,0,0,0,False,False,0.6241955505699334
18560,1,1,1,False,False,0.4590198655832117
18625,1,1,1,False,False,0.8125011249438272
18645,2,2,3,False,True,0.2396791939420964
18651,3,3,3,False,False,0.6374495092146922
18654,1,1,1,False,False,0.5235589228221048
18669,1,1,1,False,False,0.5281033343794034
18687,3,3,3,False,False,0.8454155789721595
18699,1,1,1,False,False,0.784535758608586
18704,1,1,1,False,False,0.6249910931450651
18743,2,2,3,False,True,0.2227723400922561
18762,0,0,0,False,False,0.8065625018259595
18770,3,3,0,False,False,0.2586619219941193
18798,1,1,1,False,False,0.6206913350577479
18813,1,1,1,False,False,0.49654325148757544
18847,1,2,1,True,True,0.1668031972553813
18867,1,1,1,False,False,0.43728998576485684
18868,0,1,0,True,True,0.2720122367024384
18877,0,0,0,False,False,0.6055867510145979
18906,1,1,1,False,False,0.5049963397651299
18924,0,1,0,True,True,0.19195331094359916
18930,3,3,3,False,False,0.6570198798738136
18942,0,1,1,True,False,0.45379883786425473
18949,2,2,0,False,False,0.28470882780446655
18950,1,2,0,True,True,0.1435803483761669
18973,1,1,1,False,False,0.5680095575841336
18977,1,1,1,False,False,0.3647098975292023
18979,0,0,0,False,False,0.5472052475808103
18985,2,2,3,False,False,0.26887591838375263
18994,2,2,3,False,False,0.2759995194712491
19023,0,0,0,False,False,0.6888103325719966
19055,2,3,0,True,True,0.11206480411371826
19111,2,2,0,False,False,0.22431526453909667
19117,1,1,1,False,False,0.6413327140526374
19129,0,0,0,False,False,0.4489466879641983
19132,0,1,1,True,False,0.39676455109032766
19136,1,2,1,True,True,0.23465130075805216
19154,0,0,0,False,False,0.640749696405031
19165,0,0,1,False,False,0.24688125859535556
19178,0,0,0,False,False,0.6422481460230968
19179,0,1,0,True,True,0.10773530186939681
19183,3,3,2,False,True,0.2715042072989347
19184,1,1,1,False,False,0.4575520103233936
19192,2,2,2,False,False,0.5986742233485682
19203,0,1,0,True,True,0.14169189044693425
19238,3,0,3,True,True,0.20958582325017983
19254,0,0,0,False,False,0.4442223014374015
19273,3,3,3,False,False,0.492670556280065
19276,2,2,2,False,False,0.7401983058008387
19286,1,1,1,False,False,0.6001513801094848
19294,1,1,1,False,False,0.663469151462054
19299,3,3,3,False,False,0.5994869680868541
19308,1,1,1,False,False,0.6627033051111016
19337,2,2,3,False,False,0.2873397935124692
19338,1,2,1,True,True,0.11144519026922324
19356,3,0,3,True,True,0.06890370043352294
19380,0,0,0,False,False,0.5001247189352757
19391,1,2,1,True,True,0.2127851355574959
19402,0,0,0,False,False,0.5835403354843889
19413,0,0,0,False,False,0.6619745826933254
19439,2,2,3,False,False,0.30896262479962205
19504,1,2,1,True,True,0.19468506081005732
19530,2,2,3,False,True,0.26477898088380236
19533,0,1,1,True,False,0.3302527963339558
19537,2,2,2,False,False,0.5323069207097508
19539,1,1,1,False,False,0.6130937148883729
19542,1,1,1,False,False,0.4282515846407776
19550,1,1,1,False,False,0.38974400020773553
19552,1,1,1,False,False,0.6348207490577157
19573,3,0,3,True,True,0.16082870299440657
19577,0,0,0,False,False,0.6350220575020421
19588,0,0,0,False,False,0.6769425463884338
19597,1,1,1,False,False,0.7124968518345167
19629,0,0,0,False,False,0.502255711829534
19637,3,0,0,True,False,0.40601166879958017
19650,0,0,0,False,False,0.8276653577722813
19675,0,0,0,False,False,0.8123088464458041
19678,3,3,0,False,False,0.29654829548363004
19683,3,3,3,False,False,0.6248183940678858
19716,0,0,3,False,False,0.35281452485865383
19726,3,0,3,True,True,0.2121934198205336
19734,2,2,2,False,False,0.4419049438426937
19738,1,1,1,False,False,0.7718563306086684
19739,1,1,1,False,False,0.3966582969473164
19752,0,0,0,False,False,0.5319799968553
19762,1,2,1,True,True,0.21086175703675392
19775,0,0,0,False,False,0.6482211471330576
19783,1,1,1,False,False,0.6087226491493042
19807,2,2,2,False,False,0.5602624622902921
19809,1,1,1,False,False,0.9016762509098016
19816,1,1,1,False,False,0.3518003430354061
19822,2,3,0,True,True,0.14855944966210333
19838,1,1,1,False,False,0.6340814671270013
19877,0,0,0,False,False,0.6752257035659226
19886,3,3,3,False,False,0.46886118835623075
19916,0,0,0,False,False,0.7973889457745413
19917,0,1,0,True,True,0.0561901346938761
19920,0,0,0,False,False,0.6305991745787082
19934,2,2,2,False,False,0.5919438870165122
19955,0,0,0,False,False,0.5046651377653331
19969,0,0,0,False,False,0.4336998253660304
19976,0,1,0,True,True,0.1258561130798201
19984,1,1,1,False,False,0.3656568950723896
19989,0,0,2,False,True,0.16298381623655064
19992,2,2,2,False,False,0.5050069495337944
19998,0,0,3,False,True,0.17986377203989967
20008,3,3,1,False,True,0.16646665466113583
20009,3,3,3,False,False,0.6710632489645673
20017,1,1,1,False,False,0.6790248341735994
20024,0,0,1,False,True,0.12151679953393553
20052,0,1,0,True,True,0.2492126006610293
20074,3,3,3,False,False,0.6200605598491242
20091,1,2,1,True,True,0.23081069698367326
20092,1,1,1,False,False,0.634039367142064
20142,2,2,2,False,False,0.4154035404830157
20144,2,3,2,True,True,0.2440602689391287
20148,1,1,1,False,False,0.740909878480931
20151,1,2,1,True,True,0.24590940558269478
20170,0,0,2,False,False,0.2816661656610925
20198,2,3,2,True,True,0.23582773054953687
20227,1,2,1,True,True,0.170488422878704
20255,3,3,0,False,False,0.3562485205749465
20284,1,1,1,False,False,0.5280175670761517
20299,1,1,1,False,False,0.5277400204606665
20309,1,1,1,False,False,0.5113096634383145
20313,0,0,0,False,False,0.5365332399009733
20319,3,0,3,True,True,0.1143122177100271
20323,3,3,3,False,False,0.6878991664509587
20325,1,1,1,False,False,0.3153397434736996
20326,1,1,1,False,False,0.5963937124536202
20338,3,3,3,False,False,0.4993088240033878
20351,3,3,2,False,True,0.23867460804154036
20357,2,2,2,False,False,0.7143679654144256
20367,2,2,2,False,False,0.5222995758767301
20381,1,1,1,False,False,0.5772000934928211
20383,0,0,0,False,False,0.6549582421881291
20387,2,2,2,False,False,0.7507337893856447
20392,1,1,1,False,False,0.4870291941121862
20393,1,1,1,False,False,0.6440716879529419
20398,2,2,2,False,False,0.4187510339284409
20409,2,2,2,False,False,0.764772585496639
20449,2,2,2,False,False,0.28819616634809514
20455,2,3,1,True,True,0.13919747423478487
20458,1,1,1,False,False,0.34033041317076157
20461,1,1,1,False,False,0.6950096774538298
20494,2,3,2,True,True,0.19521527896982935
20496,2,2,2,False,False,0.5995349509737083
20505,2,2,2,False,False,0.5351396746427145
20516,3,3,3,False,False,0.40944074591080015
20524,1,1,2,False,False,0.3700751088951108
20571,0,0,0,False,False,0.5040343099545747
20576,0,0,0,False,False,0.6466967325416914
20579,0,0,3,False,True,0.17852921233412508
20594,1,1,1,False,False,0.7588205969870089
20611,3,3,3,False,False,0.6356469464391206
20642,3,0,3,True,True,0.14782436694403275
20681,3,0,3,True,True,0.2109197325954034
20684,2,3,2,True,True,0.20530846607719905
20694,0,0,0,False,False,0.6984488860749455
20726,3,3,3,False,False,0.8201924261368116
20770,0,0,0,False,False,0.572183105882217
20774,3,3,3,False,False,0.3286911917863904
20781,2,3,3,True,False,0.5331093477928902
20799,2,2,2,False,False,0.6784104372179157
20800,2,2,3,False,False,0.3415498912224547
20812,0,0,0,False,False,0.5246172079656773
20813,0,0,2,False,False,0.1972019034000497
20816,2,2,2,False,False,0.5776849713534604
20848,3,3,3,False,False,0.6979275880509899
20851,1,2,1,True,True,0.12161407977173222
20855,0,0,0,False,False,0.7068282419035765
20866,3,3,3,False,False,0.8232645577475555
20872,3,3,0,False,False,0.26040943224761726
20877,3,3,2,False,True,0.252008870079014
20883,0,0,0,False,False,0.8062493377952904
20893,1,1,1,False,False,0.854104082499
20902,3,3,3,False,False,0.8044551925328951
20915,2,2,2,False,False,0.4931533540023893
20935,0,0,0,False,False,0.3770114300705059
20970,3,3,3,False,False,0.576849745462284
20982,2,2,3,False,False,0.3236704182033801
20985,2,2,2,False,False,0.41848587251351693
21000,3,0,2,True,True,0.11361761013612467
21034,1,1,1,False,False,0.5471028540748116
21056,0,0,0,False,False,0.37123140077746203
21057,0,0,0,False,False,0.6950209129765165
21068,1,1,1,False,False,0.4772775379601175
21070,0,0,0,False,False,0.3789917055408927
21076,3,3,3,False,False,0.6793579437651099
21106,3,3,3,False,False,0.6156501995684186
21118,3,3,3,False,False,0.6553300732958102
21121,3,3,3,False,False,0.46016922317369024
21125,3,0,3,True,True,0.29989940054777203
21126,3,3,3,False,False,0.7442431428490636
21143,3,3,2,False,True,0.3673766638991993
21146,3,0,3,True,True,0.12283641493340638
21177,3,3,3,False,False,0.5354650491171107
21191,0,0,0,False,False,0.6960161609484523
21201,2,2,2,False,False,0.7600032501693484
21202,3,3,3,False,False,0.4290119081140634
21209,2,3,2,True,True,0.20035910880612054
21242,0,0,0,False,False,0.6175660930202219
21247,2,2,2,False,False,0.4081571618175685
21260,3,3,3,False,False,0.7013863640897012
21271,1,1,1,False,False,0.5003814280049654
21275,1,1,1,False,False,0.5972176359099292
21276,1,1,1,False,False,0.7850466469692741
21278,0,0,0,False,False,0.776177136811194
21297,0,1,0,True,True,0.13350248277507443
21300,2,2,2,False,False,0.6248047068135487
21307,2,2,2,False,False,0.6291658261226296
21312,0,0,0,False,False,0.43174329221794694
21321,0,1,0,True,True,0.12393186144999048
21329,3,3,3,False,False,0.5994617735892869
21339,2,2,2,False,False,0.5417791213281242
21371,0,0,0,False,False,0.37649016009573627
21388,3,3,3,False,False,0.7158601386444728
21401,3,3,3,False,False,0.6299802445096376
21405,2,2,2,False,False,0.5027302436172928
21464,1,1,1,False,False,0.6401263636668644
21472,0,0,0,False,False,0.7048777428886965
21513,0,0,0,False,False,0.828059735688015
21527,2,2,3,False,False,0.4500776486639047
21547,2,2,2,False,False,0.5633285135016369
21548,3,0,0,True,False,0.3452620573291321
21555,1,1,1,False,False,0.3651991461424523
21593,0,0,0,False,False,0.41323163889155545
21615,3,3,3,False,False,0.27118936725122156
21622,2,2,2,False,False,0.6881538357563725
21635,3,0,3,True,True,0.14688840476155324
21640,1,1,3,False,False,0.27086915346432233
21646,0,0,0,False,False,0.683838328614303
21655,2,2,2,False,False,0.655095876705616
21673,3,3,3,False,False,0.6211253792553234
21677,3,0,3,True,True,0.2165317683930279
21687,1,1,1,False,False,0.3708618455027689
21701,0,0,0,False,False,0.6116795569973404
21713,1,1,1,False,False,0.5775613910869928
21721,0,0,3,False,True,0.10596930845543774
21724,0,0,3,False,True,0.08466313527135289
21735,3,3,3,False,False,0.7425736338117696
21741,3,3,0,False,False,0.29720310217020407
21743,3,3,3,False,False,0.4761585428577756
21745,2,3,2,True,True,0.0792897415529439
21748,3,3,3,False,False,0.5855020795800995
21751,2,3,0,True,True,0.09830432509004006
21758,1,1,1,False,False,0.8361243632516783
21773,3,3,3,False,False,0.747297902091522
21809,3,0,3,True,True,0.25867438945549387
21828,3,3,3,False,False,0.7050798598211369
21830,3,3,0,False,False,0.26861251782978696
21833,2,2,2,False,False,0.44575394083208125
21851,1,1,1,False,False,0.4853407351560582
21862,3,3,3,False,False,0.6389743794090519
21870,1,1,1,False,False,0.816660478296708
21880,1,1,1,False,False,0.5565268845365482
21883,0,1,1,True,False,0.2806587435278631
21894,3,3,3,False,False,0.5563827486568402
21896,3,3,3,False,False,0.525918061607193
21897,3,3,2,False,True,0.18636562492269418
21916,3,0,3,True,True,0.1366590303389255
21920,3,3,3,False,False,0.624574994721105
21934,1,1,1,False,False,0.4357508245436077
21951,0,0,0,False,False,0.4815623488977107
21952,2,3,2,True,True,0.11516000498573249
21970,0,1,0,True,True,0.1184693326855395
21972,0,0,0,False,False,0.6231032338078474
21982,0,0,0,False,False,0.8652726161036919
21992,2,2,2,False,False,0.7177029266327233
22008,2,2,3,False,False,0.26402169244276485
22019,3,0,3,True,True,0.14702571303030282
22022,3,3,3,False,False,0.40847748422623614
22027,0,0,0,False,False,0.639911160003697
22035,3,0,3,True,True,0.10751190275781881
22045,1,1,1,False,False,0.7903356780559467
22052,3,0,3,True,True,0.10423533412442011
22089,2,2,2,False,False,0.6860351938102149
22094,2,3,2,True,True,0.18783134135696833
22107,0,0,0,False,False,0.5052716940908408
22112,0,0,0,False,False,0.6510870321555278
22116,0,0,2,False,True,0.1694528386721734
22125,2,2,2,False,False,0.567338537688359
22128,3,3,0,False,False,0.27874296538564186
22155,3,3,3,False,False,0.538777738294124
22174,0,0,0,False,False,0.4966265752788252
22202,3,0,3,True,False,0.3194978067285302
22204,3,3,3,False,False,0.43826789416980677
22207,2,2,2,False,False,0.34648631121822193
22210,0,0,0,False,False,0.5220629686765201
22221,3,3,3,False,False,0.4550768386755455
22233,3,3,3,False,False,0.446006398176171
22234,3,3,3,False,False,0.6007464341798485
22248,3,0,3,True,True,0.1255729755299324
22252,0,0,0,False,False,0.49546994630034386
22260,1,1,1,False,False,0.7973778965934861
22268,2,2,2,False,False,0.6871203757743758
22291,0,1,0,True,True,0.15568262375512987
22297,0,0,0,False,False,0.5961399320833958
22310,1,1,1,False,False,0.43647431783373386
22333,2,2,2,False,False,0.4697212656903045
22336,0,0,0,False,False,0.5692977051500244
22342,1,1,1,False,False,0.8322724243311911
22358,3,3,2,False,True,0.2525269006015205
22360,3,0,3,True,True,0.16731477567886358
22361,2,2,2,False,False,0.47777623086801524
22369,1,1,1,False,False,0.8782183981178037
22371,3,3,3,False,False,0.7454574035618675
22385,0,1,0,True,True,0.07543637511296206
22391,2,3,3,True,False,0.3693391136486016
22393,3,3,3,False,False,0.545413497161306
22407,1,1,1,False,False,0.33982634378944226
22413,2,3,2,True,True,0.11900495208139092
22422,3,3,3,False,False,0.7672372350836943
22427,3,0,3,True,True,0.1859561341352227
22441,0,0,0,False,False,0.727990215058344
22455,0,0,0,False,False,0.6211421655155702
22457,3,3,3,False,False,0.5762974225564246
22472,0,0,0,False,False,0.7027408975935708
22495,1,1,1,False,False,0.68308927596807
22527,0,0,0,False,False,0.7725823423871877
22532,3,3,3,False,False,0.3924689311336526
22553,1,1,1,False,False,0.662505080285196
22568,0,0,0,False,False,0.7176640468570693
22569,0,0,1,False,True,0.10017116917898351
22596,1,1,1,False,False,0.4710624214784653
22609,2,2,2,False,False,0.7526829670552835
22629,1,1,1,False,False,0.7338717034538573
22634,0,0,0,False,False,0.5572572876412025
22636,1,2,1,True,True,0.11756821678773556
22651,2,2,2,False,False,0.6155201538173546
22652,3,0,3,True,True,0.11335274419132901
22661,1,1,1,False,False,0.4450141553189915
22682,3,3,3,False,False,0.8551270515122691
22694,2,2,3,False,False,0.2583879584425327
22696,2,2,2,False,False,0.6363130810076086
22708,2,2,0,False,True,0.24924091850556515
22780,3,3,3,False,False,0.5174549429374293
22785,3,3,3,False,False,0.7281326076164301
22813,0,0,0,False,False,0.5782762591104511
22836,3,3,3,False,False,0.6967491487471656
22840,0,0,2,False,False,0.1913678226036509
22843,0,1,0,True,True,0.0864643904337169
22859,2,2,2,False,False,0.625526978113228
22864,3,3,3,False,False,0.41037229997586305
22869,3,3,3,False,False,0.5592780911628412
22888,1,1,1,False,False,0.3845572423861585
22890,1,1,1,False,False,0.4447810454470247
22900,0,0,1,False,True,0.2485669421705108
22908,3,0,3,True,True,0.1656439648413519
22910,3,3,3,False,False,0.4142077345503282
22914,2,2,2,False,False,0.6742887589332717
22915,2,3,2,True,True,0.1342561412076925
22917,2,2,2,False,False,0.5654835896643726
22932,3,3,3,False,False,0.3988604912326794
22934,2,3,2,True,True,0.044399000111048
22936,2,2,2,False,False,0.6196676341240642
22948,3,3,0,False,True,0.11549182378045535
22966,0,0,0,False,False,0.7797011451128705
22984,3,3,3,False,False,0.6478328234952203
23024,2,2,2,False,False,0.35301419835630515
23036,3,3,3,False,False,0.43400297129967413
23086,3,3,3,False,False,0.4563867363454901
23092,0,0,0,False,False,0.7223033083683837
23095,3,3,3,False,False,0.6007122200834473
23096,3,0,2,True,True,0.17656911109316065
23115,2,2,3,False,False,0.30351872834652915
23118,3,3,3,False,False,0.49200528128485677
23177,0,0,0,False,False,0.637152158461223
23179,1,1,1,False,False,0.7028184453727095
23197,1,1,1,False,False,0.29614887840461307
23209,1,1,1,False,False,0.6187022287525386
23223,2,2,2,False,False,0.6550825701234314
23230,3,3,3,False,False,0.40577998919619257
23266,3,3,1,False,False,0.35433685129789433
23321,3,3,3,False,False,0.5455990151479297
23332,2,2,2,False,False,0.5604819222005013
23342,1,1,1,False,False,0.8164403342201364
23355,2,2,3,False,True,0.14931029638311752
23366,1,1,1,False,False,0.7993232647638671
23367,1,1,1,False,False,0.6192447160572466
23379,1,1,1,False,False,0.8224053245460967
23380,1,1,1,False,False,0.6818139805826565
23382,1,1,1,False,False,0.7548189032365835
23386,2,2,2,False,False,0.5000460025845124
23404,2,2,3,False,False,0.28026661007395626
23411,3,3,3,False,False,0.6467096862762217
23417,2,2,2,False,False,0.5132333884849338
23432,0,0,0,False,False,0.5082941063531939
23440,0,0,2,False,False,0.2517538536240775
23447,3,3,3,False,False,0.3802772968162021
23465,1,2,1,True,True,0.21235832587211803
23482,3,3,0,False,False,0.2583129914386342
23483,3,3,3,False,False,0.3293079304203959
23492,1,1,1,False,False,0.7239628776022073
23498,1,2,1,True,True,0.12555765506635683
23504,1,1,1,False,False,0.5747929992699278
23509,1,1,1,False,False,0.7708578709637864
23515,0,0,1,False,False,0.34549003990246563
23522,2,3,2,True,True,0.23412758275315282
23530,1,2,1,True,True,0.0661486981927066
23549,1,1,3,False,False,0.25304837141849834
23586,3,3,3,False,False,0.690517534797866
23591,2,2,2,False,False,0.8504639603513815
23614,3,3,3,False,False,0.7189452909756782
23628,1,1,1,False,False,0.7244049199102777
23629,1,1,1,False,False,0.564075950897278
23650,0,0,0,False,False,0.7644057611586456
23651,2,2,2,False,False,0.5094055920619448
23670,0,0,2,False,False,0.2380187962492088
23672,3,3,3,False,False,0.8797573929406691
23673,3,0,3,True,True,0.18593733984132618
23714,0,0,0,False,False,0.4279148958268259
23731,3,3,3,False,False,0.5974028799164941
23784,1,1,1,False,False,0.5072856310772578
23787,1,1,1,False,False,0.6772675886743884
23801,2,2,0,False,False,0.24770541944568358
23808,0,0,0,False,False,0.6134566029855862
23815,3,0,3,True,True,0.19696670901708566
23819,0,0,0,False,False,0.5585389989995607
23823,2,2,2,False,False,0.6351656678662159
23829,3,0,3,True,True,0.18464786608046746
23867,1,2,1,True,True,0.1840478314645692
23870,1,1,1,False,False,0.511130074621697
23890,1,1,1,False,False,0.570494355895263
23898,1,1,1,False,False,0.5701222663521557
23903,3,0,3,True,True,0.11876373660381563
23904,1,1,1,False,False,0.7268582039939097
23906,0,0,0,False,False,0.32209141518881357
23908,0,0,0,False,False,0.5097902550210507
23938,0,0,0,False,False,0.8675164826189263
23942,2,2,3,False,False,0.27264931616010046
23963,0,0,0,False,False,0.6344877580008937
23966,3,3,3,False,False,0.709374133707006
23986,3,0,2,True,False,0.1959950520282845
23993,3,3,3,False,False,0.7634030777123124
24018,3,3,3,False,False,0.5957137151934085
24030,2,2,2,False,False,0.8625067007393105
24032,3,3,3,False,False,0.40785627172539796
24037,2,2,2,False,False,0.5870209809366627
24049,3,3,3,False,False,0.6682979188963702
24050,3,3,3,False,False,0.37500122953146675
24058,3,3,3,False,False,0.5028985972297146
24076,3,3,3,False,False,0.5631991494183775
24091,3,0,3,True,False,0.3426516815323289
24116,3,3,3,False,False,0.6638313667357384
24119,0,0,0,False,False,0.49870603252318596
24124,0,1,1,True,False,0.58600449349447
24135,3,3,3,False,False,0.5941131156995384
24140,3,3,3,False,False,0.44199813544070193
24157,0,0,0,False,False,0.7265633302935458
24158,0,0,0,False,False,0.5271288397142784
24161,3,3,3,False,False,0.33119134881889717
24164,2,2,2,False,False,0.8341838980657583
24175,3,3,3,False,False,0.5474839916719029
24199,1,1,1,False,False,0.35275227538907306
24233,0,0,0,False,False,0.8745265368296578
24256,3,0,3,True,True,0.2156671522379162
24259,0,0,2,False,True,0.22748583291225685
24266,0,0,0,False,False,0.39379912885820845
24268,0,0,0,False,False,0.3887933960028968
24273,1,1,1,False,False,0.622283744016128
24285,1,1,1,False,False,0.6346752717953025
24318,1,1,1,False,False,0.8288259511849263
24327,3,0,1,True,True,0.1349008124190512
24328,3,0,3,True,True,0.24248395787941773
24332,1,1,1,False,False,0.536547417667811
24343,0,0,0,False,False,0.6791394315306503
24347,0,0,0,False,False,0.8119137142005259
24378,1,1,1,False,False,0.5249474076250351
24400,1,2,1,True,True,0.09894372218945745
24403,0,0,0,False,False,0.40271553695881873
24421,2,2,2,False,False,0.4281814126051813
24426,3,3,1,False,False,0.3074480024909128
24428,1,1,1,False,False,0.7372719446664442
24447,2,2,2,False,False,0.6254456462305606
24487,0,0,0,False,False,0.35100575559837704
24500,0,0,3,False,True,0.1988846951069091
24501,1,2,1,True,True,0.10033582098897995
24506,1,1,1,False,False,0.8670320048237493
24510,1,2,1,True,True,0.2995801401481318
24513,0,0,0,False,False,0.8031255122034895
24517,1,2,1,True,True,0.1754666763334994
24528,3,3,3,False,False,0.6484052743452556
24534,1,1,1,False,False,0.7962157683920453
24553,0,0,0,False,False,0.41440878961833993
24559,1,1,1,False,False,0.8592496683028283
24585,2,2,2,False,False,0.5397183538800022
24602,2,3,2,True,True,0.2661835167187102
24604,3,3,3,False,False,0.5515836159663929
24615,2,2,2,False,False,0.5101701992880409
24616,1,1,1,False,False,0.5551952311331936
24641,3,3,2,False,True,0.29152899262619325
24647,1,1,1,False,False,0.4205735578712215
24673,0,0,0,False,False,0.5917755494419175
24678,1,1,1,False,False,0.5934475706826001
24690,0,0,3,False,True,0.07298583533884388
24710,0,0,0,False,False,0.4698048652608989
24726,0,0,0,False,False,0.7447018974880316
24749,1,1,1,False,False,0.7955826348700092
24800,0,1,0,True,True,0.40581780312005583
24802,0,0,0,False,False,0.44104884722445825
24813,0,1,0,True,True,0.3192590288905461
24822,1,1,1,False,False,0.6838080261167417
24824,0,0,0,False,False,0.6236996591519978
24830,0,0,0,False,False,0.5519818888571851
24878,2,2,1,False,True,0.20416705352804046
24883,0,0,0,False,False,0.5707577612529495
24891,2,2,2,False,False,0.48745328845838276
24901,1,1,1,False,False,0.7588349766903256
24904,2,2,2,False,False,0.898624247299135
24945,0,0,0,False,False,0.5929562519746635
24946,0,1,0,True,True,0.10118983233921464
24949,0,0,0,False,False,0.48623502587975287
24950,0,0,0,False,False,0.43795638464373954
24985,1,1,1,False,False,0.8985414104820152
24991,1,1,1,False,False,0.7388336048547078
25000,1,1,1,False,False,0.6890261608241353
25002,1,1,3,False,False,0.2973827506560206
25011,2,2,2,False,False,0.38952294618852706
25040,0,0,0,False,False,0.6361033278324405
25092,0,0,0,False,False,0.6137355165744841
25098,0,0,3,False,True,0.20321070574826597
25101,0,0,0,False,False,0.8633611772441533
25115,0,0,0,False,False,0.7075978408433704
25126,0,1,0,True,True,0.11012671497819046
25137,3,3,3,False,False,0.41173351642839423
25142,0,0,0,False,False,0.6646778208437082
25144,3,0,3,True,True,0.1670666678938967
25165,3,3,3,False,False,0.5785362443967131
25174,0,0,0,False,False,0.5964380182832377
25179,1,1,1,False,False,0.6484709581678566
25187,2,2,2,False,False,0.854137334941327
25212,0,0,1,False,False,0.23905377226144103
25245,1,1,2,False,False,0.3326819672105468
25252,2,2,2,False,False,0.45095457479866513
25253,3,3,1,False,False,0.16387879286179885
25265,2,2,2,False,False,0.6709501654436181
25280,1,1,1,False,False,0.8068084338639118
25287,0,0,0,False,False,0.6431827823038535
25323,0,0,0,False,False,0.43932479013947107
25330,2,2,2,False,False,0.6048657881715513
25331,1,1,1,False,False,0.7035525993757857
25337,1,1,1,False,False,0.8217034886816715
25342,1,2,1,True,True,0.18888997213879152
25353,1,2,1,True,True,0.22777354133410044
25365,3,0,3,True,True,0.10384960658035161
25389,0,0,0,False,False,0.43537800055701087
25436,1,1,1,False,False,0.44057637005540146
25439,2,2,2,False,False,0.7485891251319782
25445,2,2,2,False,False,0.7057743984565245
25479,1,1,1,False,False,0.7146912379429018
25489,2,2,2,False,False,0.425510701577385
25513,2,3,2,True,True,0.4043462616807923
25527,2,2,2,False,False,0.38260698551249883
25555,2,2,2,False,False,0.6605869880124615
25560,0,0,0,False,False,0.4285160086750658
25608,1,1,1,False,False,0.5578050638433191
25631,0,0,0,False,False,0.5948491345285618
25633,0,0,0,False,False,0.7241143785592278
25644,0,0,0,False,False,0.7509942515673859
25651,0,0,0,False,False,0.7367105584336355
25656,1,2,1,True,True,0.15424333901294354
25668,1,1,1,False,False,0.6520147366493408
25676,3,0,3,True,True,0.1473875705054445
25682,1,1,1,False,False,0.5125418528110051
25687,3,3,3,False,False,0.8094152323170544
25701,2,2,3,False,False,0.26830828618028146
25728,3,0,3,True,True,0.191579885570292
25736,0,0,0,False,False,0.7485164582230646
25741,2,2,2,False,False,0.6647050915638575
25749,3,3,3,False,False,0.31391610431486944
25754,3,3,3,False,False,0.7777442563261187
25765,3,3,3,False,False,0.6931037477059189
25775,2,3,2,True,True,0.11308642011712623
25780,2,2,2,False,False,0.46820201762095054
25804,2,3,2,True,True,0.2199448192580368
25819,0,0,0,False,False,0.4084641257589853
25862,0,0,0,False,False,0.8422310096680314
25880,1,1,1,False,False,0.5849757021620835
25889,0,1,0,True,True,0.2479764780076251
25913,3,3,3,False,False,0.5915143643405034
25960,2,2,3,False,True,0.1558669302075599
25961,2,3,2,True,True,0.3290693530367788
25963,3,3,3,False,False,0.48378601804939014
25971,3,3,3,False,False,0.4392242671215971
25988,2,2,2,False,False,0.5648678405601693
25997,0,0,0,False,False,0.32207529997712203
26012,2,2,2,False,False,0.6270024830494846
26026,2,2,2,False,False,0.6486367732204148
26032,0,0,0,False,False,0.7739263706768464
26035,3,0,3,True,True,0.07277122781013015
26038,3,3,3,False,False,0.657832767406893
26048,1,2,1,True,True,0.23393571724692322
26051,1,1,1,False,False,0.5149702960534409
26057,0,1,0,True,True,0.20497176613245197
26067,1,1,1,False,False,0.6676343853433319
26070,2,2,2,False,False,0.5123263347590697
26088,3,3,3,False,False,0.4982325570670967
26091,2,2,2,False,False,0.7183917061718921
26093,2,2,3,False,True,0.1891860044328349
26097,3,3,3,False,False,0.5943714060540026
26106,3,0,0,True,False,0.2947925343516179
26169,2,2,2,False,False,0.5527358638614398
26171,1,1,2,False,False,0.3025264297086006
26186,3,3,3,False,False,0.601841302968643
26192,3,0,3,True,True,0.19059420420846993
26200,0,0,0,False,False,0.42696149429264385
26220,2,2,2,False,False,0.5513947487632915
26231,3,3,3,False,False,0.8066371447455251
26242,0,0,0,False,False,0.8690065973042757
26256,3,3,3,False,False,0.8167955493567165
26263,0,0,3,False,True,0.16694915724117054
26266,0,0,0,False,False,0.5267929566521672
26276,1,2,1,True,True,0.1715960643389144
26295,3,0,3,True,True,0.06418131076629217
26302,3,0,3,True,True,0.1545577532763445
26332,1,1,1,False,False,0.34895312821042945
26334,2,2,2,False,False,0.5246595209309131
26339,0,0,0,False,False,0.5678508689236358
26349,0,0,0,False,False,0.6383178576024305
26364,0,0,0,False,False,0.5685961228352502
26371,1,1,1,False,False,0.6687756374325775
26376,0,0,1,False,True,0.1416846478618062
26388,2,3,0,True,False,0.23514658167976904
26406,0,0,0,False,False,0.7335554522176513
26443,2,2,2,False,False,0.6615426167412155
26446,1,1,1,False,False,0.550530217877432
26449,1,1,1,False,False,0.7084298649407081
26454,3,3,3,False,False,0.6400003720949424
26467,3,3,0,False,False,0.3171705896759625
26475,3,3,3,False,False,0.832568815640176
26476,3,0,3,True,True,0.2606486944126962
26492,0,0,0,False,False,0.8024621366264862
26497,0,1,0,True,True,0.09215943291291782
26516,0,0,0,False,False,0.7701345377474262
26519,0,0,0,False,False,0.8184502976464253
26543,2,2,2,False,False,0.5558236079157598
26557,3,0,3,True,True,0.16659065112019442
26592,3,0,3,True,True,0.1604217428826835
26604,2,2,2,False,False,0.8018570881363343
26644,2,2,2,False,False,0.6708316242221942
26654,2,2,2,False,False,0.4353649857707817
26677,2,2,2,False,False,0.43064844634618976
26734,2,2,2,False,False,0.34378625416282393
26746,3,3,3,False,False,0.4454906684573012
26757,3,3,3,False,False,0.4195724997676442
26765,3,3,2,False,True,0.19047098770613613
26766,2,2,2,False,False,0.6476521872106276
26774,2,3,2,True,True,0.24342974378816729
26792,3,3,3,False,False,0.54458498014829
26809,3,0,0,True,False,0.36001511964974786
26817,2,2,2,False,False,0.505536459540726
26823,2,2,2,False,False,0.5622536755617785
26843,1,1,1,False,False,0.716691401210051
26844,1,1,1,False,False,0.570385714233711
26851,0,0,0,False,False,0.5309699915648668
26858,0,0,0,False,False,0.406423649309873
26878,3,0,2,True,True,0.17495606386728654
26888,2,2,2,False,False,0.5294085816990657
26922,0,0,3,False,True,0.19480358970492315
26923,3,3,0,False,True,0.14674874574425348
26936,3,3,0,False,False,0.361537816207501
26957,3,3,3,False,False,0.5648805823924238
26960,1,1,1,False,False,0.7398442970215393
26969,2,2,2,False,False,0.6838997967731181
26985,2,2,2,False,False,0.5764812083314829
26991,0,0,0,False,False,0.46810748701840615
27002,2,3,2,True,True,0.22218595415121586
27007,2,2,2,False,False,0.8609486749285348
27009,2,2,2,False,False,0.864734057870669
27020,1,1,2,False,False,0.28536261205423763
27025,0,0,0,False,False,0.7093713988960105
27036,1,1,1,False,False,0.577950193948131
27067,0,0,1,False,True,0.21332842608692665
27072,3,3,3,False,False,0.6285167881770874
27084,0,0,0,False,False,0.46130436181469875
27092,1,1,1,False,False,0.5654777665574922
27102,1,1,1,False,False,0.6909220557933189
27115,3,3,3,False,False,0.8627339121273648
27122,1,1,1,False,False,0.6449559125783512
27132,2,3,2,True,True,0.2641880538052877
27135,2,2,2,False,False,0.45058406305230037
27154,0,1,0,True,True,0.1632307165852874
27176,2,3,3,True,False,0.4857263865198569
27181,3,3,3,False,False,0.7074389364020082
27182,3,3,3,False,False,0.659389797135645
27188,2,3,0,True,False,0.28721669325774596
27213,3,3,3,False,False,0.44384802132641554
27226,1,2,1,True,True,0.23152700497264422
27252,1,1,1,False,False,0.4424683395007814
27271,2,2,3,False,True,0.25480791077799636
27276,1,1,1,False,False,0.5375938954494875
27292,1,2,1,True,True,0.2106405426667595
27300,1,1,1,False,False,0.6124855272918427
27323,0,0,0,False,False,0.8074039539409933
27324,0,0,0,False,False,0.37974419551740257
27360,2,2,2,False,False,0.8633800691731743
27392,3,3,3,False,False,0.6931120034961348
27399,3,0,3,True,True,0.21056511224439833
27412,2,2,3,False,True,0.18806578837565105
27416,3,3,3,False,False,0.6644807318925204
27425,2,3,2,True,True,0.27913768315480364
27430,2,3,2,True,True,0.32511543530756587
27442,2,3,2,True,True,0.2565256692657488
27448,0,1,0,True,True,0.05492598672407941
27450,3,0,3,True,False,0.32418527079802834
27481,3,3,3,False,False,0.5614322346581708
27486,0,1,0,True,True,0.16287000814747782
27500,0,0,0,False,False,0.7400410553572523
27524,1,1,1,False,False,0.702520699521167
27530,3,3,3,False,False,0.7490463257379126
27561,3,0,2,True,True,0.14102831492249013
27562,3,0,3,True,True,0.0814527968354671
27567,2,2,2,False,False,0.8015549801420018
27570,1,1,1,False,False,0.6962608875621339
27580,0,0,0,False,False,0.7155935510608966
27582,3,3,3,False,False,0.5734727841812697
27618,3,0,3,True,True,0.2873820930654728
27620,1,1,1,False,False,0.8389885150133781
27642,2,2,2,False,False,0.7041342937424729
27645,3,3,3,False,False,0.6767911711972527
27646,3,3,3,False,False,0.41854933629861496
27653,0,0,0,False,False,0.3546497281641642
27684,0,1,0,True,True,0.22286419628005202
27698,3,3,3,False,False,0.5299462783660039
27705,2,2,2,False,False,0.6662823732739234
27711,2,2,2,False,False,0.7773633912448219
27723,0,0,1,False,False,0.35314576879969467
27741,2,3,0,True,False,0.24810550575208737
27756,3,3,3,False,False,0.6650171924855374
27759,0,0,0,False,False,0.8209544430846099
27768,3,3,3,False,False,0.6237543665208516
27807,0,1,0,True,True,0.11722041613389905
27810,1,2,2,True,False,0.37179159869863126
27827,1,1,1,False,False,0.7158917330756329
27854,2,3,2,True,True,0.12547400545174298
27858,2,2,2,False,False,0.7314557321871458
27860,3,3,3,False,False,0.6496190773707472
27861,3,3,3,False,False,0.7380280710419093
27877,3,3,3,False,False,0.7516228472525333
27895,1,2,1,True,True,0.14706716092049316
27903,2,2,2,False,False,0.6874405735120896
27920,0,1,3,True,True,0.13010517797349933
27921,0,0,0,False,False,0.7259783130975795
27926,2,3,2,True,False,0.29332109179572374
27931,3,3,3,False,False,0.5154043035256868
27950,0,0,0,False,False,0.5801179606968987
27959,0,0,0,False,False,0.4939230384302051
27971,3,3,0,False,False,0.20123010942668154
27992,0,0,0,False,False,0.40272119323168015
27999,1,1,1,False,False,0.6965487912495546
28000,0,0,1,False,False,0.355029398550391
28039,2,3,1,True,True,0.15690556822261076
28044,1,1,1,False,False,0.6145660863466577
28071,1,1,1,False,False,0.7903561410561358
28074,1,1,1,False,False,0.6642074737124244
28088,3,3,3,False,False,0.6749601537332777
28108,2,3,2,True,True,0.23694628510108967
28111,2,2,2,False,False,0.46829970587112935
28113,0,1,3,True,True,0.061687676611605596
28122,1,1,1,False,False,0.63601455758345
28130,1,1,1,False,False,0.6377625758233092
28134,0,0,0,False,False,0.6518032587558102
28136,2,2,2,False,False,0.5991389493375601
28159,2,2,3,False,False,0.32269743429766834
28166,2,2,2,False,False,0.5112996440917101
28184,3,3,3,False,False,0.6907723278344102
28208,0,0,0,False,False,0.7872334791548663
28214,1,1,1,False,False,0.4917336726336654
28223,3,3,3,False,False,0.572893736192259
28245,1,1,1,False,False,0.8084734650489247
28246,0,0,0,False,False,0.49008087282238977
28255,3,3,3,False,False,0.2948360318166267
28261,2,2,2,False,False,0.478608287123573
28266,2,2,2,False,False,0.46764721943783566
28277,0,0,0,False,False,0.6866236855628091
28289,2,2,2,False,False,0.7937089982767506
28291,3,3,3,False,False,0.3786436157485623
28292,2,3,2,True,True,0.17592663162959843
28294,2,3,2,True,True,0.252416771079111
28300,3,3,3,False,False,0.6203751608513595
28336,0,0,2,False,False,0.21992081494342758
28351,1,2,1,True,True,0.22381127944741713
28352,1,1,1,False,False,0.5590938942942775
28353,1,1,1,False,False,0.816361008897251
28364,2,2,2,False,False,0.8611053875060092
28370,0,0,0,False,False,0.64776197150952
28374,3,3,0,False,True,0.18741812023495155
28380,2,2,2,False,False,0.31292277447120176
28436,0,0,2,False,False,0.2750781523245762
28448,2,3,3,True,False,0.5038576600762988
28458,1,1,1,False,False,0.8191882746063356
28465,1,1,1,False,False,0.6240337044769305
28476,3,3,3,False,False,0.5258408505045181
28487,3,0,3,True,True,0.0818638645969998
28491,0,1,0,True,True,0.14222145521668153
28512,1,1,1,False,False,0.6593497900809778
28518,1,1,1,False,False,0.3979405779449631
28523,2,2,3,False,True,0.21496122330692685
28546,3,3,0,False,True,0.22938143528665225
28553,1,2,1,True,True,0.17134531674279876
28555,2,2,2,False,False,0.4981982434084786
28556,2,2,3,False,True,0.18617974310030952
28565,3,3,3,False,False,0.6011636737542193
28586,1,1,1,False,False,0.6631442744481566
28593,0,0,0,False,False,0.7503892688528938
28600,3,3,0,False,True,0.24536768983555762
28613,0,0,0,False,False,0.6376792676485614
28622,1,1,1,False,False,0.43510265906303175
28626,0,1,0,True,True,0.1521317938238739
28630,3,0,3,True,True,0.17410460880859405
28656,0,1,0,True,True,0.15215566240165268
28670,1,1,1,False,False,0.5037397366499621
28675,2,2,2,False,False,0.5849051201140834
28684,0,1,0,True,True,0.39952022204305254
28710,1,1,1,False,False,0.7758790766214391
28725,3,3,0,False,False,0.2722481245818038
28729,2,2,3,False,True,0.20672326951063935
28730,3,0,3,True,True,0.2320016771344146
28731,2,2,2,False,False,0.5696173379417817
28733,3,3,3,False,False,0.40899328509846633
28747,0,0,0,False,False,0.6175706334141307
28753,3,3,3,False,False,0.3930263037541636
28757,0,0,0,False,False,0.35509772163237413
28803,3,3,3,False,False,0.7511178747371628
28805,3,3,3,False,False,0.46721267962760105
28806,1,1,1,False,False,0.6344449782335507
28810,1,1,1,False,False,0.49599097272734444
28827,3,3,3,False,False,0.5550785623349338
28880,3,3,3,False,False,0.8246862905822534
28890,2,3,2,True,True,0.23254600015833993
28916,0,0,2,False,False,0.31122662348820584
28953,3,3,1,False,False,0.3215635382159362
28959,1,1,1,False,False,0.7028194097781236
28961,0,0,2,False,False,0.2823262129698668
28962,0,0,0,False,False,0.5409251247253727
28963,0,1,0,True,True,0.3388864627905268
28992,0,0,0,False,False,0.4015690059061819
28998,2,2,2,False,False,0.590472188851622
29002,0,0,0,False,False,0.7400024483005438
29003,1,1,1,False,False,0.7250564621244414
29006,3,0,3,True,True,0.1787577710653633
29023,0,0,0,False,False,0.7982855309886127
29025,0,0,0,False,False,0.4549090426584897
29034,0,0,0,False,False,0.7190770381274877
29056,2,2,2,False,False,0.4722854595875803
29067,0,0,0,False,False,0.5847016256872607
29082,1,1,1,False,False,0.8132713013005152
29089,2,2,2,False,False,0.35168542998680336
29100,3,3,3,False,False,0.4613382688402874
29103,1,1,1,False,False,0.4492931383553675
29105,0,0,3,False,False,0.33935535646421117
29111,3,3,3,False,False,0.5861482841255711
29118,1,1,2,False,False,0.38872134092931654
29119,1,1,1,False,False,0.4811447275182334
29122,1,1,3,False,True,0.20417855227382153
29152,1,2,1,True,True,0.06880472491150773
29174,0,0,1,False,True,0.07813562832608728
29199,2,2,3,False,False,0.3145603648204272
29206,0,0,0,False,False,0.6272043887368086
29209,1,1,1,False,False,0.7519854567699522
29233,1,1,1,False,False,0.6282064502304886
29253,2,2,2,False,False,0.4014544311159277
29261,1,2,1,True,True,0.18222899590650732
29315,1,1,1,False,False,0.5626292065543621
29316,3,3,3,False,False,0.28693241148761905
29333,0,0,0,False,False,0.663663164895722
29337,1,1,1,False,False,0.5550386167577461
29361,0,1,0,True,True,0.19937670768636137
29362,0,0,0,False,False,0.8547586811962654
29372,2,2,2,False,False,0.6227599012835493
29389,0,1,0,True,True,0.1968523291411406
29397,2,2,2,False,False,0.3962116651939724
29406,0,0,0,False,False,0.6249032100125261
29425,1,1,1,False,False,0.7241459114189421
29440,1,1,1,False,False,0.678173147687669
29447,3,3,3,False,False,0.8450574624989651
29456,2,2,3,False,False,0.31045944126608616
29459,1,2,1,True,True,0.19401601605396993
29485,0,0,0,False,False,0.6853211702464042
29489,1,1,1,False,False,0.880049710105796
29491,1,1,1,False,False,0.4532655242933467
29508,2,3,2,True,True,0.2425993349710688
29509,2,2,3,False,False,0.28287125238297367
29557,1,1,1,False,False,0.39578665961609527
29558,0,0,0,False,False,0.652887500503224
29569,2,2,0,False,False,0.3542495011430143
29595,3,3,3,False,False,0.7188630849117303
29617,0,0,0,False,False,0.841668708835426
29622,2,3,2,True,True,0.21960514322242902
29630,3,3,3,False,False,0.4888247270062106
29637,2,3,2,True,True,0.0870085613575871
29654,1,1,1,False,False,0.4875505928756017
29660,2,2,2,False,False,0.3775857062474898
29663,3,3,3,False,False,0.6057140186489034
29671,0,1,1,True,False,0.5373953516409318
29682,2,3,2,True,True,0.16758933995031403
29707,1,1,1,False,False,0.6009292001157628
29716,2,2,2,False,False,0.7191592308461868
29718,0,0,0,False,False,0.4469108622313662
29732,2,2,2,False,False,0.5278979934465148
29735,3,3,3,False,False,0.5018664173043966
29746,1,1,1,False,False,0.5955562392998792
29751,3,3,3,False,False,0.3971768993775732
29761,2,2,2,False,False,0.7649345729597048
29768,0,0,0,False,False,0.6301737273925678
29792,1,1,1,False,False,0.6487632653132044
29796,0,1,0,True,True,0.20041984606847385
29876,0,0,2,False,False,0.21852336864722083
29879,2,3,2,True,True,0.061913228029678254
29885,3,3,2,False,True,0.23829801174425055
29890,0,0,2,False,True,0.0573174220035474
29894,2,2,2,False,False,0.4867837748632272
29901,3,3,3,False,False,0.5865180707926082
29917,3,3,1,False,False,0.27273990450328933
29925,2,2,2,False,False,0.5108786570240123
29928,0,0,0,False,False,0.791656893287653
29935,3,0,3,True,True,0.15020724778833747
29941,0,0,0,False,False,0.5847184783521658
29953,0,0,0,False,False,0.7693064207811257
29957,2,2,2,False,False,0.7653408862633162
30001,2,2,2,False,False,0.5068926237010302
30008,3,3,3,False,False,0.5997420155546722
30031,3,0,2,True,True,0.15316217663035062
30042,2,2,2,False,False,0.6522390953711799
30044,3,3,3,False,False,0.45328809096212597
30045,3,3,3,False,False,0.48410323895929835
30064,3,0,3,True,True,0.05844594419089143
30067,3,3,3,False,False,0.6094725662417583
30077,2,2,2,False,False,0.7027749176028002
30086,2,2,3,False,False,0.4129669145734287
30112,2,2,2,False,False,0.6269816271185105
30118,3,3,3,False,False,0.8388856047038737
30141,3,3,3,False,False,0.5532143140813538
30144,1,2,1,True,True,0.2592413195722034
30163,3,3,3,False,False,0.7270685360156202
30164,3,3,3,False,False,0.7861279706046355
30185,0,0,0,False,False,0.720228282820968
30188,2,2,2,False,False,0.32151364966277485
30197,0,0,0,False,False,0.5815057643763328
30199,1,1,1,False,False,0.5001401825676037
30201,2,2,2,False,False,0.7696229194989649
30228,1,1,1,False,False,0.4863701787289767
30243,2,2,2,False,False,0.6094020658066125
30250,3,3,3,False,False,0.6781043407408965
30260,3,0,0,True,False,0.3554933090644575
30279,1,2,1,True,True,0.16966903998628458
30336,0,0,1,False,True,0.02185951219422496
30339,3,3,3,False,False,0.3978858593066946
30366,0,0,0,False,False,0.5025448333291903
30380,0,0,0,False,False,0.5214091063722807
30422,1,1,1,False,False,0.7616820931231583
30432,0,0,0,False,False,0.5794159756854884
30447,0,0,0,False,False,0.3046374600018124
30472,0,0,0,False,False,0.8954329641707076
30473,2,3,2,True,True,0.13240715568453865
30482,1,1,1,False,False,0.7808500407233255
30496,2,2,2,False,False,0.6021968055113343
30499,1,1,1,False,False,0.5509307582263386
30504,0,0,0,False,False,0.7122807039217599
30509,3,3,3,False,False,0.5308408127179911
30510,1,1,1,False,False,0.6572279180993073
30515,2,2,2,False,False,0.4437997637096202
30517,3,3,3,False,False,0.49656892410179004
30527,0,0,0,False,False,0.5601666497133139
30544,2,2,2,False,False,0.8388638556230608
30584,3,3,2,False,True,0.37903990287023664
30607,1,1,1,False,False,0.3412492653612324
30625,0,0,0,False,False,0.6817475821371506
30626,3,3,3,False,False,0.5234780976701836
30631,3,3,0,False,True,0.10077975168347796
30636,1,1,1,False,False,0.6451679299364733
30668,0,1,2,True,True,0.17930976996780765
30704,1,1,1,False,False,0.5672649142853358
30741,3,3,3,False,False,0.55529737179278
30762,2,2,3,False,True,0.188401523995026
30763,0,1,0,True,True,0.18376155984446316
30765,0,0,0,False,False,0.8434061662187998
30783,3,3,3,False,False,0.4819617292828561
30786,3,3,2,False,False,0.2952427907381566
30805,3,0,3,True,False,0.2552624701654616
30841,3,0,3,True,True,0.24152768569244099
30845,2,2,2,False,False,0.516079062492369
30859,0,1,0,True,True,0.16742319623208587
30878,2,2,3,False,True,0.12753934823932808
30882,1,1,1,False,False,0.672192407433994
30887,0,0,0,False,False,0.9017036653200126
30909,0,1,1,True,False,0.4081018126633831
30910,0,0,0,False,False,0.6467234651822847
30913,2,2,2,False,False,0.6226498071380718
30959,2,2,2,False,False,0.7625045429503575
30991,2,2,2,False,False,0.6387054052346874
30994,2,2,2,False,False,0.3969348197301364
30995,3,3,3,False,False,0.3871718907713112
31016,3,3,2,False,True,0.2742767966928978
31071,2,3,2,True,True,0.22651306031161297
31076,2,3,3,True,False,0.4485209244983944
31082,3,3,3,False,False,0.4535913661611255
31112,3,3,0,False,True,0.18070504417304048
31114,2,3,2,True,True,0.25848393546566056
31118,2,2,1,False,False,0.2518454800299749
31144,2,2,3,False,True,0.2708512209852589
31145,2,2,2,False,False,0.6549680860381366
31150,1,2,1,True,True,0.18868482290621746
31155,0,0,0,False,False,0.4965849881282935
31159,1,1,1,False,False,0.5155146751193025
31176,2,2,3,False,True,0.23325283234322525
31194,1,1,1,False,False,0.47722926018182765
31230,1,1,1,False,False,0.4536299681876287
31239,3,3,3,False,False,0.7620045226783646
31249,3,0,2,True,False,0.2190825830199499
31280,0,0,0,False,False,0.349857837784742
31311,3,3,3,False,False,0.7257118941102031
31322,2,3,2,True,True,0.22756049120240301
31326,3,3,3,False,False,0.6397981777984906
31362,0,0,1,False,True,0.1315662476038693
31364,3,3,3,False,False,0.3669817526567573
31391,0,0,0,False,False,0.4688837714681423
31394,2,2,2,False,False,0.3833962072831791
31400,0,1,0,True,False,0.4463898602752705
31407,1,2,1,True,True,0.22831556798965422
31414,0,0,0,False,False,0.8028106312342226
31417,0,0,2,False,False,0.22214537062067544
31421,1,1,1,False,False,0.6054343979764203
31440,1,1,1,False,False,0.44824245650119515
31493,1,1,2,False,False,0.4192120416731055
31495,1,1,1,False,False,0.5913938691911137
31507,2,2,2,False,False,0.6269834502980711
31511,1,2,1,True,True,0.15701123342171497
31520,1,1,1,False,False,0.39024820396668236
31547,1,2,1,True,True,0.11645885870077588
31560,2,2,2,False,False,0.5881747863742005
31568,1,1,1,False,False,0.5623623821095856
31572,0,0,1,False,True,0.08169617354159203
31586,2,2,2,False,False,0.48299103638076285
31595,1,1,1,False,False,0.5279256431752508
31609,0,0,0,False,False,0.4855096291063913
31633,1,2,1,True,True,0.23360067488689193
31637,0,0,0,False,False,0.5269396557316566
31641,2,2,2,False,False,0.5921991017414376
31660,1,1,1,False,False,0.4526886244540589
31673,3,0,3,True,True,0.26605916499198023
31687,2,3,2,True,True,0.18646036609533453
31689,1,2,1,True,True,0.1733449451771249
31690,1,1,1,False,False,0.466589313903057
31700,1,1,1,False,False,0.7317103610321815
31711,0,0,0,False,False,0.5180084830317713
31747,2,2,2,False,False,0.5747745989488533
31754,1,2,1,True,True,0.0707711897080468
31760,1,2,1,True,True,0.087573447453594
31769,2,3,2,True,True,0.25503538256256697
31772,1,1,1,False,False,0.5613237622413242
31774,1,1,1,False,False,0.5915773155070374
31786,3,3,3,False,False,0.7290855462385734
31820,3,3,3,False,False,0.7685122236076447
31830,0,0,0,False,False,0.7489005856756019
31842,0,0,0,False,False,0.6719063835988843
31843,0,1,0,True,True,0.2138355548661372
31845,0,0,0,False,False,0.8603984256987199
31854,3,0,3,True,False,0.3082354621399465
31860,1,1,1,False,False,0.43964640461582616
31864,0,0,1,False,True,0.14266633727863887
31886,0,1,0,True,True,0.19979339515035588
31890,0,1,0,True,True,0.2212032231403568
31898,1,1,1,False,False,0.6223240286615406
31910,2,2,2,False,False,0.7610939398407987
31935,0,0,1,False,True,0.1430091683197327
31945,1,1,1,False,False,0.6820054090377266
31957,2,3,2,True,True,0.2661908463806575
31970,1,1,1,False,False,0.6984703791130108
31984,0,0,0,False,False,0.41432065819333286
32004,0,0,0,False,False,0.7400753633029673
32010,3,3,0,False,True,0.17881209823462965
32012,0,0,0,False,False,0.47573159302912404
32031,0,1,0,True,True,0.17523349616955952
32035,0,0,0,False,False,0.5031131378289037
32050,1,1,1,False,False,0.735294093909483
32087,0,0,1,False,True,0.08633442287580892
32092,1,2,1,True,True,0.21630484837186859
32113,0,1,0,True,True,0.15084846650915437
32167,0,0,0,False,False,0.617033081483341
32172,3,3,3,False,False,0.6284224823514389
32177,0,0,0,False,False,0.4319973636424307
32182,1,1,1,False,False,0.6666505314028833
32219,1,1,1,False,False,0.9035319024927426
32247,0,0,0,False,False,0.5731100150340196
32267,1,1,1,False,False,0.7538365130589413
32269,0,1,0,True,True,0.110168933507939
32278,1,1,1,False,False,0.525414749609897
32280,1,1,1,False,False,0.7151042026660983
32302,2,2,3,False,False,0.24822154350329312
32329,1,1,0,False,True,0.26252901243693105
32367,0,0,0,False,False,0.44433961749998735
32377,2,2,2,False,False,0.40419803128710263
32385,0,0,1,False,False,0.2984647213852918
32392,2,2,3,False,True,0.20059044561095749
32399,3,3,3,False,False,0.4591591308252347
32417,3,3,3,False,False,0.5649386717161755
32426,0,0,0,False,False,0.6819630637507952
32438,0,0,0,False,False,0.6907160037529307
32451,1,1,1,False,False,0.6042872012337828
32456,1,1,1,False,False,0.5138819116356936
32459,1,1,1,False,False,0.6012926639562292
32469,1,2,1,True,False,0.3462789927817535
32472,3,3,1,False,True,0.14781196394491056
32480,0,0,0,False,False,0.7901269405264634
32486,0,1,0,True,True,0.2232963339570421
32512,3,3,0,False,True,0.14642836010692556
32525,1,1,1,False,False,0.6334595063404116
32549,3,3,3,False,False,0.8716697955904288
32554,1,1,1,False,False,0.5335329334878681
32568,0,0,0,False,False,0.6995902690361673
32593,1,1,1,False,False,0.5940838004647262
32600,0,0,0,False,False,0.3892664959382309
32603,0,0,0,False,False,0.5015265982033906
32612,1,1,1,False,False,0.774196742195674
32617,1,2,1,True,True,0.17033226465750254
32619,2,3,2,True,True,0.16837191548331473
32666,1,1,1,False,False,0.6589893095236149
32681,0,0,0,False,False,0.514309786243947
32710,0,1,0,True,True,0.21524334193855518
32720,3,3,2,False,True,0.24475602643508518
32732,0,1,0,True,True,0.10985065868059687
32743,2,2,2,False,False,0.6213347090615345
32761,0,0,0,False,False,0.6486230538191611
32765,0,0,0,False,False,0.4549875009916337
32774,1,1,1,False,False,0.6336574044104867
32780,0,0,0,False,False,0.6847421525898825
32785,3,3,3,False,False,0.5139932275275234
32789,3,3,3,False,False,0.4874329997693045
32793,3,3,3,False,False,0.5386469586840026
32820,1,1,1,False,False,0.7132786251140675
32821,0,1,0,True,True,0.3177882347605306
32832,0,0,1,False,False,0.25802413435031624
32855,0,1,0,True,True,0.17528819852358496
32867,2,2,2,False,False,0.6682049561795695
32885,2,3,0,True,False,0.27592887514972086
32887,0,0,0,False,False,0.6990193831979195
32910,3,0,3,True,True,0.20368788385640763
32930,0,0,0,False,False,0.6212938039829896
32956,2,2,2,False,False,0.4573555818815655
32957,2,2,2,False,False,0.46721334978633755
32975,1,1,1,False,False,0.5119386448399984
32978,3,3,3,False,False,0.5760290278936777
32981,0,0,1,False,False,0.3672070961288658
32988,1,1,1,False,False,0.6950016895415329
32990,0,0,0,False,False,0.7687894705253435
33000,1,2,1,True,True,0.13284665648143842
33003,1,1,1,False,False,0.792687188382923
33032,0,0,0,False,False,0.41594100171653603
33036,0,0,0,False,False,0.7365712797012328
33038,2,2,2,False,False,0.5867163487343868
33050,1,1,1,False,False,0.5720048268375612
33056,1,1,1,False,False,0.6195504002284485
33079,3,0,2,True,False,0.16831667214719978
33083,0,0,3,False,True,0.1453835183243872
33117,3,3,3,False,False,0.4746688823288378
33125,1,2,1,True,True,0.3203849731458283
33157,3,3,3,False,False,0.42844797861856826
33168,0,0,0,False,False,0.7805649357432682
33173,2,2,3,False,False,0.3899231773343391
33177,3,3,3,False,False,0.6954065006378386
33182,3,3,3,False,False,0.4155324324897375
33184,1,1,1,False,False,0.5514283895107386
33186,1,2,1,True,True,0.1481817335630143
33193,0,0,0,False,False,0.6901530354496771
33203,2,2,2,False,False,0.6633530397140691
33216,2,3,2,True,True,0.21439848659747518
33217,1,1,1,False,False,0.586865080506911
33227,1,1,1,False,False,0.4239946953542232
33238,1,1,1,False,False,0.8249326785656704
33256,1,2,1,True,True,0.26873470050423626
33281,2,2,3,False,False,0.2985332520399982
33286,2,2,3,False,True,0.12998468613279496
33289,3,3,3,False,False,0.46931495539865986
33292,3,3,3,False,False,0.7665483980354153
33294,2,2,2,False,False,0.4589615197748565
33297,2,2,2,False,False,0.44439957843488725
33303,2,3,2,True,True,0.32995844674742597
33332,0,0,0,False,False,0.862412332922707
33341,3,3,3,False,False,0.4224475701463381
33363,3,0,3,True,True,0.17657894344607833
33371,3,0,3,True,False,0.33380473509202213
33384,3,3,3,False,False,0.5062996417534457
33386,2,2,3,False,True,0.24091052762687445
33387,2,3,2,True,True,0.20882302062871447
33395,0,1,0,True,False,0.4009097136313753
33397,0,0,1,False,False,0.26528397878148874
33429,2,3,2,True,True,0.26826002784096936
33435,1,2,1,True,True,0.27343385547088445
33443,0,0,0,False,False,0.6606564036401984
33447,1,2,1,True,True,0.07463315891015704
33452,2,2,2,False,False,0.788560656866272
33466,2,2,3,False,True,0.23402776238097342
33498,0,1,0,True,True,0.13422402583267365
33503,2,2,1,False,True,0.28853822853652444
33511,2,3,2,True,True,0.24423790737458295
33534,0,0,1,False,False,0.3886330146530956
33553,1,1,1,False,False,0.4838321411290473
33562,3,3,0,False,False,0.37472144626357473
33582,0,0,0,False,False,0.46231977643808847
33593,3,3,3,False,False,0.6623399536038879
33612,3,3,3,False,False,0.4020407740849611
33616,0,0,0,False,False,0.781330692825705
33618,0,0,0,False,False,0.8888832580887783
33619,0,0,0,False,False,0.5063580716071495
33625,3,3,3,False,False,0.5759698969963933
33642,2,2,2,False,False,0.47308241600765544
33643,2,2,3,False,True,0.309298286181229
33646,2,3,2,True,True,0.15486140772841286
33668,1,2,1,True,True,0.08990837473820146
33671,0,1,0,True,True,0.12424512871053264
33680,0,1,0,True,True,0.19587766245274243
33691,2,3,2,True,True,0.274429783278979
33697,3,3,3,False,False,0.40710187524553465
33705,1,2,0,True,True,0.19283528607332295
33714,2,2,2,False,False,0.6234863044347583
33721,1,1,1,False,False,0.4064605920228573
33725,2,3,2,True,True,0.20950144403764057
33729,2,2,2,False,False,0.635121359860189
33734,2,2,3,False,True,0.23101421386248608
33738,3,3,3,False,False,0.45789679013802065
33739,1,1,2,False,False,0.3536774505931868
33762,1,1,1,False,False,0.6511481067841612
33766,0,1,0,True,True,0.11043087822683631
33781,0,0,1,False,True,0.075507784896729
33786,3,3,3,False,False,0.6842893064158716
33787,1,1,1,False,False,0.7259972300041219
33793,2,2,2,False,False,0.5477268543130936
33816,2,2,2,False,False,0.6189270750726416
33820,1,1,1,False,False,0.565179555244169
33833,0,0,0,False,False,0.5903316932600383
33835,2,3,3,True,False,0.4514766234855289
33839,1,1,1,False,False,0.46622412689410164
33859,3,3,3,False,False,0.7499775433080113
33869,0,1,0,True,True,0.12234119733853768
33927,3,3,3,False,False,0.7289202773859156
33931,3,3,3,False,False,0.7407281279990164
33936,3,3,3,False,False,0.3475179512443643
33954,3,3,3,False,False,0.6611387554716549
33976,0,0,0,False,False,0.3899903675064791
34046,3,3,3,False,False,0.632189628300967
34048,3,0,3,True,True,0.09962549317171919
34049,3,3,3,False,False,0.5520198953534372
34054,3,0,3,True,True,0.16390074351213327
34071,2,2,2,False,False,0.43435631511843165
34098,0,0,0,False,False,0.43845525672977387
34105,0,0,0,False,False,0.4172313125774538
34139,1,1,1,False,False,0.9052534019754193
34155,2,3,2,True,True,0.1555306942584128
34180,1,1,1,False,False,0.6386829416349161
34185,1,1,1,False,False,0.8887785558132227
34197,3,3,3,False,False,0.5323229066690537
34210,1,1,1,False,False,0.6348312067262425
34223,1,1,1,False,False,0.7933487891463362
34237,1,1,1,False,False,0.5077662675501438
34244,2,2,2,False,False,0.3640907954124805
34247,1,1,1,False,False,0.5967572768865751
34267,2,3,2,True,True,0.28093810504642436
34269,1,1,1,False,False,0.41495034130040054
34274,3,3,3,False,False,0.7227227042287057
34285,2,2,2,False,False,0.48632454072755266
34288,2,2,2,False,False,0.8355902605275837
34292,1,1,1,False,False,0.7897084606199319
34319,1,1,1,False,False,0.3545927972358625
34322,3,0,3,True,True,0.21018951807370306
34331,2,2,2,False,False,0.5077447201349156
34338,1,2,1,True,True,0.14697506046821754
34350,0,0,2,False,False,0.2656818046249146
34359,2,2,2,False,False,0.5261267675999752
34380,1,1,1,False,False,0.6581332461724736
34394,3,3,3,False,False,0.7400385954656498
34395,3,3,3,False,False,0.2995410450795277
34425,1,1,1,False,False,0.4336759751320652
34432,2,2,3,False,False,0.2835971306273774
34436,2,2,2,False,False,0.8959462004521532
34442,0,0,0,False,False,0.6839910863273025
34446,3,3,1,False,True,0.11018440927469732
34462,0,1,0,True,True,0.14487208453961983
34466,2,3,2,True,True,0.20255767899419633
34467,0,0,0,False,False,0.6234776760957051
34472,1,1,1,False,False,0.7513939000863176
34489,0,0,0,False,False,0.4466259716464103
34490,0,0,0,False,False,0.6563144254345383
34492,2,2,3,False,False,0.27342616604561415
34498,0,0,0,False,False,0.33270071657778655
34517,2,2,3,False,True,0.22905164227651947
34542,0,0,0,False,False,0.8418859134986176
34562,3,3,3,False,False,0.3738413624440123
34567,3,0,3,True,True,0.17199466504151517
34569,3,3,3,False,False,0.8732316553886026
34577,2,3,3,True,False,0.6040561897694179
34580,3,0,3,True,True,0.1567219488037169
34606,1,2,1,True,True,0.1517473638083411
34609,3,3,3,False,False,0.392488656001786
34627,0,0,0,False,False,0.629597375307689
34660,0,1,0,True,True,0.2974605057387678
34671,2,2,2,False,False,0.5641010446104282
34694,2,3,2,True,True,0.2082477915656109
34706,0,0,0,False,False,0.4571579773276337
34707,3,3,3,False,False,0.41516934493978613
34712,2,2,2,False,False,0.4676729717097458
34734,3,3,3,False,False,0.6625590554070065
34766,0,1,0,True,True,0.18678264021194854
34772,3,3,3,False,False,0.3762116120353241
34786,2,2,3,False,False,0.37738340498693035
34797,2,2,2,False,False,0.9231466961049423
34810,1,1,1,False,False,0.453928636031187
34831,2,2,2,False,False,0.3669811361882505
34837,1,1,1,False,False,0.3274519840474038
34839,0,1,0,True,True,0.13299809640098775
34855,0,1,0,True,True,0.29152532580843715
34862,0,0,0,False,False,0.7428274041087687
34888,3,0,3,True,True,0.22410107688969758
34904,1,1,1,False,False,0.5804973543158783
34910,1,2,2,True,False,0.44437614748196647
34918,0,1,0,True,True,0.17932004987326508
34919,3,3,3,False,False,0.48192964375681135
34945,0,1,0,True,True,0.1684932880024139
34947,3,3,3,False,False,0.6293936303188774
34959,2,3,2,True,True,0.323474354049297
34967,0,1,2,True,True,0.15151924733021543
34992,1,1,1,False,False,0.6356952952194216
34994,0,0,0,False,False,0.3922422336843118
35009,2,2,2,False,False,0.724130892790115
35014,1,2,1,True,True,0.18479510876042268
35025,3,0,3,True,True,0.26757691688386065
35036,0,0,1,False,False,0.35728453489027867
35043,2,2,3,False,False,0.2943202515650599
35065,3,3,3,False,False,0.35731668427217894
35066,3,3,3,False,False,0.4540273993675621
35073,2,3,2,True,True,0.29136773880964756
35098,0,1,3,True,True,0.12470435604030007
35111,3,3,3,False,False,0.4885513719269435
35151,0,0,0,False,False,0.5403828629714267
35157,1,1,1,False,False,0.6196101554124436
35172,3,3,3,False,False,0.7120235784914175
35177,3,0,3,True,True,0.18938765548886766
35178,0,0,0,False,False,0.7432030064758008
35187,0,0,0,False,False,0.6449758987701891
35192,3,3,3,False,False,0.7527493041569628
35218,3,3,3,False,False,0.5498609239559192
35247,0,1,0,True,True,0.19401160092138908
35267,3,3,3,False,False,0.5314371520260049
35285,1,1,1,False,False,0.8918477980503736
35293,3,0,3,True,True,0.09101329448207067
35294,1,1,1,False,False,0.8439183526984108
35302,2,2,2,False,False,0.7316541889081151
35303,1,1,1,False,False,0.5056888579596336
35331,3,3,3,False,False,0.6028380523060718
35332,3,3,3,False,False,0.5706160477223836
35339,2,2,2,False,False,0.5637568916557961
35344,0,0,2,False,True,0.1657552353220583
35348,1,2,1,True,True,0.2789853831009615
35352,2,2,2,False,False,0.7487296072368531
35367,0,0,0,False,False,0.6949902278851289
35372,3,0,3,True,True,0.10244064957131048
35374,0,0,0,False,False,0.6219945553433693
35385,0,1,0,True,True,0.19631537890500428
35399,3,3,3,False,False,0.7213918206876369
35402,3,3,0,False,True,0.21094346976081585
35411,0,0,0,False,False,0.44821929232103125
35415,3,3,0,False,False,0.37865484796848026
35417,3,0,3,True,True,0.2565176839755692
35443,0,0,0,False,False,0.7429897378286124
35446,0,0,3,False,True,0.1755675257196072
35448,3,3,3,False,False,0.636086234923941
35453,3,3,3,False,False,0.687398488574052
35465,2,2,2,False,False,0.5913286245651308
35478,1,1,1,False,False,0.7033669501221965
35479,1,1,1,False,False,0.7936476933032142
35489,1,1,1,False,False,0.4935730778529912
35504,1,1,1,False,False,0.6507357169322409
35505,1,1,3,False,False,0.24230287508920342
35526,2,2,2,False,False,0.4149004381757832
35536,0,0,0,False,False,0.3980149173479945
35538,3,0,3,True,True,0.2041758515364828
35546,2,2,2,False,False,0.7886435859642313
35564,2,3,2,True,True,0.0845923223491174
35580,1,2,1,True,True,0.0924175002623637
35584,3,3,3,False,False,0.5334132494998213
35619,3,3,3,False,False,0.6652365884149118
35620,3,3,3,False,False,0.6160029725996399
35655,0,0,0,False,False,0.39958885184357373
35671,0,1,1,True,False,0.31259958120495773
35672,0,1,2,True,True,0.052267895475570515
35691,3,3,3,False,False,0.7517515299433858
35692,3,3,3,False,False,0.5467575239923956
35710,3,3,3,False,False,0.7008181387366541
35717,2,2,2,False,False,0.8392499650234077
35719,0,0,3,False,False,0.28885297867201737
35725,3,0,3,True,True,0.1561558394997638
35728,0,1,0,True,True,0.17669285968475912
35730,0,0,0,False,False,0.6745264777842261
35743,3,3,3,False,False,0.725999939895114
35747,0,0,0,False,False,0.7512201445900105
35749,2,3,2,True,True,0.17187125606269846
35752,3,3,3,False,False,0.6136484313052207
35755,1,1,1,False,False,0.801396805113738
35776,2,2,2,False,False,0.8351352619013397
35782,2,2,2,False,False,0.6696341653598579
35784,2,2,3,False,True,0.24718851496528754
35785,0,0,0,False,False,0.6020939260800737
35786,0,0,0,False,False,0.8152135306741229
35794,3,3,3,False,False,0.6953509971496006
35800,2,2,2,False,False,0.8126561726570496
35825,0,0,0,False,False,0.5829616932570577
35834,0,0,0,False,False,0.539606567379548
35844,3,0,3,True,True,0.19080367149168653
35855,1,1,1,False,False,0.39330759959901623
35858,2,2,2,False,False,0.8303290965972554
35865,3,0,2,True,True,0.10263614662132702
35876,2,3,2,True,True,0.2960050729900585
35880,3,3,3,False,False,0.3621560073976728
35882,3,3,3,False,False,0.7809175995955306
35884,0,0,1,False,False,0.21600247183900514
35952,3,3,3,False,False,0.3904813838289959
35964,2,3,2,True,True,0.3024856918037993
35970,2,3,2,True,True,0.056279975108195664
35983,3,3,3,False,False,0.3611190348606619
35993,0,0,1,False,True,0.21661803370947147
36005,0,0,0,False,False,0.5265400560144546
36045,3,3,3,False,False,0.4002957893448776
36048,2,2,2,False,False,0.5101980433696002
36049,2,2,2,False,False,0.7402560511249741
36058,0,0,0,False,False,0.7962192723163815
36079,3,0,0,True,False,0.6170910536502685
36085,3,3,3,False,False,0.4035725396237842
36087,1,1,1,False,False,0.8376561125714138
36108,3,3,3,False,False,0.47344975088612196
36134,2,2,2,False,False,0.8895344318025035
36147,1,1,1,False,False,0.5809990428089881
36150,0,0,0,False,False,0.7786086185964545
36162,1,2,1,True,True,0.18689932729578584
36164,1,2,1,True,True,0.19978027634929363
36165,1,1,1,False,False,0.3804178058114159
36172,0,0,0,False,False,0.5927299624536567
36186,2,2,2,False,False,0.39057946087430084
36192,3,3,3,False,False,0.5168596637976178
36225,0,0,0,False,False,0.7973125485471169
36226,2,2,3,False,True,0.13635666874808866
36241,0,0,0,False,False,0.5844925161142557
36253,3,3,3,False,False,0.6997106495012749
36258,1,1,1,False,False,0.8070227162044038
36275,3,3,3,False,False,0.613264105109491
36287,0,0,0,False,False,0.6211797390651845
36295,2,2,2,False,False,0.48436779760344484
36304,1,1,1,False,False,0.8014494974415326
36306,1,1,1,False,False,0.803876641060561
36332,2,2,2,False,False,0.4749168154798543
36333,2,3,2,True,True,0.317234592117498
36336,1,1,1,False,False,0.6485502824847994
36339,3,3,3,False,False,0.5502773212458781
36340,0,0,0,False,False,0.7714262913233345
36368,2,3,2,True,True,0.24298971688483284
36372,3,3,3,False,False,0.42348110546653844
36374,1,1,2,False,True,0.2059732025284946
36377,2,2,0,False,False,0.36168641955688285
36406,0,1,0,True,True,0.12805061891952402
36419,0,0,0,False,False,0.4805403309543547
36426,0,0,1,False,True,0.1487026172141664
36457,2,3,2,True,True,0.2765333030006267
36490,3,3,3,False,False,0.6512566725448776
36498,3,3,3,False,False,0.6458453628342685
36529,2,2,2,False,False,0.5329887167211577
36537,1,1,1,False,False,0.59912666691189
36549,0,0,0,False,False,0.3635020569940421
36561,2,3,2,True,True,0.22064315450606614
36594,0,0,0,False,False,0.6546716075211028
36595,2,2,2,False,False,0.7350544779135639
36616,1,1,1,False,False,0.6437989760433562
36625,2,2,2,False,False,0.533170912376353
36627,2,2,2,False,False,0.6031402901707598
36647,3,3,3,False,False,0.6287973099302885
36648,1,1,0,False,False,0.32763926976432206
36664,0,0,0,False,False,0.7527082084324104
36670,1,1,1,False,False,0.5959406154490748
36723,3,3,3,False,False,0.34844510287428293
36744,1,2,1,True,True,0.1763148769693062
36753,2,2,3,False,False,0.3648254540689468
36786,0,0,0,False,False,0.6997083258379531
36798,0,1,0,True,True,0.2135632246847093
36828,1,2,1,True,True,0.24139831255334368
36831,1,1,1,False,False,0.8033273936062394
36837,1,1,1,False,False,0.6183663009767075
36840,1,1,2,False,False,0.3112041526933884
36841,2,2,2,False,False,0.8043279861998017
36844,3,0,3,True,True,0.2038686086566971
36852,0,0,0,False,False,0.46383613795371276
36855,0,1,0,True,True,0.2637667368732496
36862,3,3,3,False,False,0.7380152514924271
36872,2,2,3,False,False,0.4092154592708536
36891,1,1,1,False,False,0.7679824745379862
36897,2,2,2,False,False,0.404859758927201
36899,0,0,0,False,False,0.5511597841802561
36920,0,0,0,False,False,0.5322414351135251
36935,0,0,0,False,False,0.5147124540277194
36943,3,3,3,False,False,0.34290677452429885
36946,2,3,2,True,True,0.27173580597857283
36968,3,3,3,False,False,0.45507337168346945
36981,3,3,3,False,False,0.6504215091715679
36983,1,1,1,False,False,0.5597995180136087
36985,1,1,1,False,False,0.423344323005509
36990,3,0,3,True,True,0.11761971751081615
36991,2,2,3,False,True,0.23878769098216604
37003,2,2,2,False,False,0.5527947452330312
37030,3,0,3,True,True,0.17674565901113184
37044,0,0,0,False,False,0.8616736597661515
37048,2,2,2,False,False,0.6547295903357271
37051,3,3,3,False,False,0.39158201538522813
37063,0,0,0,False,False,0.5299122865008336
37069,2,3,2,True,True,0.21421796270406096
37075,3,3,3,False,False,0.5311375499349493
37101,3,3,3,False,False,0.7244373422684065
37107,0,0,1,False,False,0.29322123976306824
37121,0,0,0,False,False,0.3009052107413817
37129,2,3,2,True,True,0.3219470080063103
37130,2,2,2,False,False,0.6482982272948314
37137,2,2,2,False,False,0.5999525471537287
37140,3,3,3,False,False,0.7399655835627607
37178,1,1,1,False,False,0.4544516707355579
37198,2,2,2,False,False,0.4544885186379017
37213,2,2,2,False,False,0.49824286871451473
37222,3,3,3,False,False,0.7085006557305472
37228,1,1,1,False,False,0.6255961992464717
37233,2,2,2,False,False,0.8307615293688508
37235,2,2,2,False,False,0.916191207641929
37237,2,2,2,False,False,0.5682457624334726
37254,1,1,1,False,False,0.5978650443623353
37269,3,0,3,True,True,0.3115918152447907
37274,3,3,2,False,True,0.2729032706902035
37275,3,3,3,False,False,0.43463474724163637
37278,0,0,0,False,False,0.7501403638850516
37283,0,0,0,False,False,0.6657150760908019
37293,3,3,3,False,False,0.6109198356513983
37297,3,3,3,False,False,0.5749298067978024
37314,2,2,2,False,False,0.8373651377465524
37331,2,2,2,False,False,0.5022837742793737
37354,2,2,2,False,False,0.46229911065409224
37357,1,1,1,False,False,0.41506679689796605
37361,1,1,1,False,False,0.44910499195112086
37379,0,0,0,False,False,0.6217577412328286
37401,2,3,2,True,True,0.10055609343391116
37410,3,3,0,False,False,0.283800165631733
37454,0,1,0,True,True,0.16750965427763184
37461,3,0,3,True,True,0.1824893536525614
37477,0,0,0,False,False,0.9261275380997578
37504,3,0,3,True,False,0.29646996130877806
37507,3,3,3,False,False,0.5122837588036285
37539,1,2,1,True,True,0.18986301600000713
37541,1,1,1,False,False,0.6491872750656837
37556,0,0,0,False,False,0.5507221515930997
37559,0,0,0,False,False,0.7818338555372953
37564,3,3,3,False,False,0.5094893149640071
37569,1,1,1,False,False,0.6111185679875958
37575,3,3,3,False,False,0.533856078492811
37587,3,3,3,False,False,0.7055654624343015
37592,1,1,1,False,False,0.5148381189316914
37604,0,0,3,False,True,0.15646763063529745
37607,1,1,1,False,False,0.8986054722581572
37623,3,3,0,False,False,0.2384923096333316
37632,0,1,0,True,True,0.1293764821528851
37650,2,3,2,True,True,0.23788073070755567
37659,0,0,0,False,False,0.6824261654944824
37663,2,2,2,False,False,0.6116087748215739
37674,2,2,2,False,False,0.5267843542548539
37723,1,1,1,False,False,0.7789156742656004
37741,2,2,3,False,True,0.261942208124484
37744,0,0,0,False,False,0.5509224369088659
37746,2,2,2,False,False,0.7523590707129584
37761,2,3,2,True,True,0.17629035639981708
37762,2,2,3,False,False,0.34878422692121336
37768,3,3,2,False,True,0.3752241636333196
37774,0,0,0,False,False,0.5372164525090313
37779,3,3,3,False,False,0.40165037281871546
37792,0,1,0,True,True,0.1826263583050547
37807,0,0,0,False,False,0.33465444316906245
37815,1,1,1,False,False,0.7766008934140822
37825,1,1,1,False,False,0.6879771049777562
37826,0,0,0,False,False,0.4936606521957711
37831,0,0,0,False,False,0.5339906448660195
37834,2,2,2,False,False,0.5572182555435478
37858,2,2,2,False,False,0.44418879019111374
37859,2,2,2,False,False,0.6946250133056213
37861,2,2,1,False,False,0.2728256610502376
37880,3,3,3,False,False,0.8146627909051884
37885,2,2,3,False,False,0.29765079987329257
37888,1,2,0,True,False,0.24963191130355739
37900,3,3,3,False,False,0.5058338387502546
37912,2,2,3,False,False,0.3084586358570914
37914,2,2,2,False,False,0.6737986697047146
37920,2,3,2,True,True,0.16889244459530275
37943,0,0,0,False,False,0.47279051857237264
37953,3,3,3,False,False,0.6258974423698568
37976,0,0,0,False,False,0.36843824998302044
37999,0,0,0,False,False,0.5826593996851672
38007,1,1,1,False,False,0.5620946684106154
38017,0,0,0,False,False,0.6919316567052716
38022,0,0,0,False,False,0.5571234084623791
38024,0,0,0,False,False,0.28559069813440807
38041,1,1,1,False,False,0.6010772400414823
38057,1,1,1,False,False,0.4170972573489716
38071,3,3,3,False,False,0.45221956863693025
38073,0,0,0,False,False,0.3432337588917944
38091,2,2,2,False,False,0.4151904155691653
38101,2,3,2,True,True,0.1601042657206645
38105,3,3,3,False,False,0.6728434084207929
38106,3,3,3,False,False,0.6253176416560803
38108,0,0,0,False,False,0.6399995511234358
38132,1,1,1,False,False,0.5606170028974982
38137,0,0,1,False,True,0.17527819816940654
38141,0,0,1,False,True,0.10939527683307537
38155,3,3,3,False,False,0.5755782824754698
38172,0,0,0,False,False,0.6671538599539664
38174,0,0,0,False,False,0.6581744762313756
38191,2,2,2,False,False,0.6795862880456056
38195,3,3,3,False,False,0.5015079454639586
38207,2,3,2,True,True,0.3752920678930201
38225,2,3,2,True,True,0.1068145466624952
38226,0,1,0,True,True,0.3397542635584381
38233,0,0,0,False,False,0.38757396779940706
38238,2,3,2,True,True,0.18776871988695581
38258,0,1,0,True,True,0.2785201415955717
38279,3,3,3,False,False,0.5182390450632658
38311,3,0,1,True,False,0.271746459374823
38324,2,2,2,False,False,0.6743812711559636
38329,2,2,2,False,False,0.8528435025982039
38345,2,2,2,False,False,0.8065252408104642
38348,2,2,2,False,False,0.399867849220046
38355,2,2,2,False,False,0.42364093289130345
38360,1,2,1,True,True,0.19421155645767793
38367,2,2,2,False,False,0.3951515763279336
38379,0,0,0,False,False,0.743297512263754
38382,0,0,0,False,False,0.5456253679948972
38399,1,2,1,True,True,0.12810389764320673
38404,2,2,2,False,False,0.6769677411104243
38427,0,1,1,True,False,0.3784068595037244
38431,3,3,3,False,False,0.5674410500191974
38434,1,1,1,False,False,0.6570636421687904
38446,2,2,3,False,False,0.4102810077393352
38450,1,2,1,True,True,0.210460071010838
38456,0,0,0,False,False,0.4819977752077605
38479,0,0,1,False,False,0.24683932820795038
38500,2,3,2,True,True,0.2985134703813869
38527,3,3,3,False,False,0.6946878661986671
38544,1,2,1,True,True,0.31884382251326654
38551,2,3,2,True,True,0.11365288530140827
38553,1,1,1,False,False,0.5801151132495842
38556,3,3,0,False,False,0.33993193907104835
38568,0,0,0,False,False,0.327623738785243
38581,3,3,3,False,False,0.4787330893680845
38582,1,1,1,False,False,0.7296765199624285
38608,1,1,1,False,False,0.6397631426001802
38618,3,3,3,False,False,0.6604769412820649
38624,0,0,0,False,False,0.794372546369147
38628,0,0,2,False,True,0.06392824171201655
38633,3,0,3,True,True,0.2442043243635559
38634,2,2,2,False,False,0.7017547882689018
38645,3,3,3,False,False,0.3835874688882507
38670,0,0,0,False,False,0.6019249553364262
38677,2,2,2,False,False,0.7531387397121632
38681,3,3,3,False,False,0.728115475863721
38683,3,0,3,True,True,0.15040605667319348
38709,0,0,0,False,False,0.49320595704525133
38711,0,0,0,False,False,0.6953639660400208
38732,3,0,3,True,True,0.13590781486108966
38758,2,2,2,False,False,0.7601230545735362
38759,2,2,2,False,False,0.36928361070497734
38762,1,1,1,False,False,0.722203604334683
38763,0,0,0,False,False,0.593548589497952
38764,3,3,3,False,False,0.7069872143704874
38779,2,2,2,False,False,0.597730935869714
38799,2,2,2,False,False,0.4174385024721555
38831,3,3,0,False,False,0.40383517449880907
38835,1,1,1,False,False,0.7774726631127574
38860,1,2,1,True,True,0.15886386708731867
38867,0,0,0,False,False,0.40143492135125086
38893,3,3,3,False,False,0.6206451467862121
38894,2,2,3,False,True,0.07402660406955631
38899,1,1,1,False,False,0.4351106227588218
38908,0,0,0,False,False,0.7004910194332343
38913,0,1,1,True,False,0.47635647246589236
38919,3,3,2,False,False,0.30761553049849766
38926,2,2,2,False,False,0.5176724359364575
38991,1,1,1,False,False,0.7298271377445951
38996,2,2,2,False,False,0.6017599273393881
39006,2,2,0,False,False,0.2848158660393707
39013,1,1,1,False,False,0.8311682853861176
39027,0,0,0,False,False,0.6201123549611206
39049,0,0,1,False,True,0.05790326682325278
39057,1,1,1,False,False,0.7790969547205938
39073,2,2,2,False,False,0.7131110628031854
39077,1,1,1,False,False,0.7325666530727333
39109,1,1,1,False,False,0.8449892045649104
39121,2,2,2,False,False,0.4736888010370663
39129,0,0,0,False,False,0.6846992187843658
39131,0,0,1,False,True,0.09061144679534591
39136,2,3,2,True,True,0.15254761782344728
39161,0,0,3,False,False,0.2487041498536048
39191,2,2,2,False,False,0.3781158018153558
39217,0,0,0,False,False,0.440310812512299
39230,2,3,2,True,True,0.1104603686883608
39234,2,2,2,False,False,0.2886823321160508
39257,0,0,0,False,False,0.5695272794662255
39266,0,0,0,False,False,0.8936438984668592
39267,3,3,3,False,False,0.36733987096213927
39289,0,0,0,False,False,0.6463417355661568
39291,1,1,1,False,False,0.7306820987281104
39303,1,1,2,False,True,0.12545442794895828
39305,1,1,1,False,False,0.7280039319642968
39313,1,1,1,False,False,0.7595198504326044
39319,3,0,3,True,True,0.12134750674961543
39341,0,0,0,False,False,0.7731079871026327
39351,1,2,1,True,True,0.1466621315579964
39367,0,0,0,False,False,0.5103866322729761
39373,1,1,1,False,False,0.4848271420942195
39403,2,2,2,False,False,0.708409373048667
39410,0,0,1,False,False,0.368453385098711
39417,1,2,1,True,True,0.1877139801544325
39418,1,1,1,False,False,0.7899232901514621
39420,0,0,0,False,False,0.648190922534248
39442,1,1,1,False,False,0.554859417775388
39448,1,1,1,False,False,0.5905414876322809
39452,0,0,0,False,False,0.6868066739718267
39464,1,2,1,True,True,0.20546452101591364
39473,1,1,1,False,False,0.3532122144830414
39475,1,1,1,False,False,0.6212049285187192
39495,0,0,0,False,False,0.7674642143017135
39497,0,1,0,True,True,0.24766876575410654
39524,3,0,3,True,True,0.15786509934622953
39530,0,0,0,False,False,0.5116735438814982
39531,0,0,0,False,False,0.596158915201996
39544,0,0,2,False,True,0.2651174737750957
39555,1,2,1,True,True,0.124579813217387
39597,1,1,1,False,False,0.7446928118800841
39614,0,1,0,True,True,0.21950019105467938
39634,1,1,1,False,False,0.7219969737438767
39643,2,2,2,False,False,0.38399145189369654
39653,0,0,0,False,False,0.37964381246813333
39664,1,1,1,False,False,0.7713905276781667
39666,3,0,3,True,True,0.11915401109801724
39687,1,1,1,False,False,0.7210368308468719
39688,1,1,1,False,False,0.7579796589124329
39713,1,1,1,False,False,0.4175383795875357
39714,1,2,1,True,True,0.1945380823977645
39715,0,0,1,False,False,0.26583548078625857
39730,3,3,3,False,False,0.4319459678342875
39749,0,0,0,False,False,0.6376509393693576
39752,2,2,2,False,False,0.5652150681689987
39776,2,2,0,False,False,0.27050062235372174
39799,0,0,3,False,False,0.2663849123501113
39806,1,1,1,False,False,0.5290130041432796
39826,0,0,0,False,False,0.8278181096629579
39838,0,0,0,False,False,0.6411740695800744
39870,0,1,0,True,False,0.2989480051591066
39871,1,1,1,False,False,0.5369221350590475
39893,0,0,0,False,False,0.6022590016698893
39903,2,2,2,False,False,0.5826262566382486
39917,0,0,0,False,False,0.7995561708233545
39927,1,2,1,True,True,0.23913420312941022
39945,1,1,1,False,False,0.774586552489347
39958,1,1,1,False,False,0.7954851909789353
39988,3,3,3,False,False,0.30649968039391806
39989,3,3,3,False,False,0.7732559088954323
39998,0,1,1,True,False,0.461592452148994
39999,2,2,3,False,True,0.18500401444065293
40022,0,1,0,True,True,0.11975628572506632
40024,0,0,0,False,False,0.5333780965074543
40025,0,0,1,False,True,0.05929748757441564
40030,0,0,0,False,False,0.7738013120509781
40039,0,0,0,False,False,0.6911449635552956
40044,0,0,2,False,False,0.2575071602749327
40066,1,1,1,False,False,0.5221639069885977
40075,0,1,0,True,True,0.14997956600652318
40094,0,0,0,False,False,0.6819412594228501
40115,3,3,3,False,False,0.6036581236986786
40151,2,2,2,False,False,0.6372082412894751
40154,1,1,1,False,False,0.7285531834608837
40164,0,1,1,True,False,0.7366838459606557
40179,1,1,1,False,False,0.5762524713566918
40180,1,1,1,False,False,0.5331576259426686
40188,1,1,1,False,False,0.3513153230530658
40225,1,2,1,True,True,0.09568670479959025
40227,0,0,0,False,False,0.49070689485694147
40242,1,1,1,False,False,0.6296007243760315
40265,1,1,1,False,False,0.5641438600276972
40267,1,1,1,False,False,0.6595117847813827
40277,0,0,0,False,False,0.5762296942877294
40289,3,3,3,False,False,0.3557276690393945
40330,1,2,1,True,True,0.24308580840291028
40334,1,1,1,False,False,0.5742633564450417
40343,2,2,2,False,False,0.7412084351896243
40348,1,1,1,False,False,0.7294340867433116
40352,1,2,1,True,False,0.26283403501991776
40353,2,3,2,True,True,0.23905446843961775
40391,0,0,0,False,False,0.31614855296796823
40407,1,1,1,False,False,0.4319990511453876
40408,1,2,1,True,True,0.19204944118694747
40410,3,3,3,False,False,0.40825636648315
40425,2,2,2,False,False,0.8508049776681359
40435,0,0,0,False,False,0.45294042161496473
40446,0,0,0,False,False,0.6029327667662323
40448,2,2,2,False,False,0.6518944307609797
40450,3,3,3,False,False,0.5325790542010574
40470,0,0,0,False,False,0.4829655345887839
40475,0,0,0,False,False,0.7617951219509049
40478,2,2,2,False,False,0.6923221860172649
40479,2,2,0,False,True,0.161026180978016
40493,1,1,1,False,False,0.5745703363836748
40502,3,3,3,False,False,0.4100079707913664
40504,1,1,1,False,False,0.6930412784252353
40506,0,0,0,False,False,0.6752475097963044
40535,2,2,2,False,False,0.6435478083633266
40538,1,1,1,False,False,0.4641261509261061
40541,1,2,1,True,True,0.24428804438756674
40545,0,0,0,False,False,0.8073106778648372
40560,1,1,1,False,False,0.42189380763260914
40573,3,3,3,False,False,0.6387171015570381
40590,3,3,3,False,False,0.7721414813869035
40593,1,1,1,False,False,0.8066319521084239
40605,0,0,0,False,False,0.5382408840919951
40619,0,0,0,False,False,0.658562840195486
40622,2,2,0,False,False,0.24138893063288738
40623,2,2,2,False,False,0.3138932012704681
40645,3,3,3,False,False,0.43990378444102834
40658,1,2,1,True,True,0.38438290370800965
40659,0,0,1,False,False,0.24327283116007895
40678,2,3,2,True,True,0.18536582508284785
40681,3,3,3,False,False,0.7397634933886824
40682,3,3,3,False,False,0.4723798556665176
40697,3,0,3,True,False,0.3368831905436771
40707,0,1,2,True,True,0.08827662645908914
40725,2,2,2,False,False,0.8285198620101771
40731,3,0,0,True,False,0.3251360270433188
40745,2,2,2,False,False,0.6384771819417858
40752,3,3,3,False,False,0.5669333447654924
40760,0,0,0,False,False,0.5920391786147216
40764,2,2,3,False,True,0.21874212460102344
40773,1,1,1,False,False,0.403090678002908
40792,0,0,0,False,False,0.7769891531587575
40794,3,0,3,True,True,0.22960281970719498
40809,3,3,3,False,False,0.7100871323464318
40832,2,2,2,False,False,0.564599253911079
40839,0,1,0,True,False,0.30311363077066894
40843,2,3,2,True,True,0.15002539965019288
40871,3,3,3,False,False,0.6987023000676027
40881,2,2,2,False,False,0.745378266150551
40886,3,0,3,True,True,0.155809386256025
40898,3,3,3,False,False,0.8019895726515975
40907,3,3,3,False,False,0.39807827820727554
40920,2,2,3,False,True,0.21533891237520839
40925,3,3,3,False,False,0.6978480078653765
40929,3,3,3,False,False,0.7063014258490273
40933,3,3,0,False,False,0.2831739490862793
40935,1,1,1,False,False,0.4414621251968202
40944,0,1,0,True,True,0.15987801534554635
40953,0,0,0,False,False,0.3485466157642361
40954,0,0,2,False,True,0.09162670686111912
40958,0,0,0,False,False,0.7397022112410869
40969,2,2,2,False,False,0.5418526791856498
40984,2,3,0,True,False,0.260055166928167
41009,0,0,0,False,False,0.3586526418884244
41019,3,0,3,True,True,0.2474897224140466
41029,3,3,3,False,False,0.5317819938987496
41045,0,1,0,True,True,0.15347669217683907
41046,0,1,0,True,True,0.16748533762275356
41053,3,3,3,False,False,0.677586696194284
41058,3,3,3,False,False,0.2794938262367745
41060,2,3,2,True,True,0.3074991835357682
41062,3,3,3,False,False,0.45854750912057946
41104,2,3,2,True,True,0.1161577061843051
41118,2,3,3,True,False,0.3703528979874955
41119,2,2,3,False,True,0.23902147425297973
41177,3,3,3,False,False,0.6765083818180359
41215,2,2,2,False,False,0.8267476380548736
41235,3,0,3,True,True,0.15883146852756375
41274,3,3,3,False,False,0.3366102012872624
41275,3,0,3,True,True,0.13897571171864478
41285,3,3,3,False,False,0.46850211136309083
41293,0,0,0,False,False,0.4511613382700191
41312,1,1,1,False,False,0.7418390564858663
41313,3,3,3,False,False,0.6069463613108521
41327,0,1,0,True,True,0.12904762434468947
41336,0,0,0,False,False,0.43591439664276505
41339,2,2,2,False,False,0.7771899896767661
41346,2,2,3,False,True,0.10909581864535879
41351,2,2,3,False,True,0.23389459806411775
41354,3,3,3,False,False,0.6700889662879166
41367,0,1,2,True,True,0.033007864844597536
41368,0,0,0,False,False,0.6583009981862538
41373,2,2,2,False,False,0.5491204862222164
41392,2,2,2,False,False,0.6118601115862518
41412,0,0,0,False,False,0.6490475214076068
41429,3,3,3,False,False,0.33013591204675014
41431,3,3,3,False,False,0.45174063664553055
41433,3,3,3,False,False,0.6822495439419605
41435,1,1,2,False,False,0.36029087118152014
41458,2,3,2,True,True,0.15512432888739625
41482,3,3,3,False,False,0.6992956957733737
41491,0,0,0,False,False,0.49156399760397324
41493,0,0,0,False,False,0.6118146684613648
41495,2,3,2,True,True,0.15978519413167774
41499,0,0,2,False,True,0.08691884658926875
41501,3,3,3,False,False,0.5116493786439787
41508,3,3,3,False,False,0.6471608544682714
41546,2,2,3,False,True,0.16397361134662822
41551,0,0,0,False,False,0.6629372996620299
41605,3,3,3,False,False,0.38789909192265165
41608,0,0,0,False,False,0.7199247877476387
41630,1,1,1,False,False,0.6965788363109549
41643,1,1,1,False,False,0.5919917736416294
41657,1,2,3,True,True,0.18582046215628423
41670,3,3,3,False,False,0.6034213829228746
41674,1,1,1,False,False,0.4003370599118015
41692,3,3,3,False,False,0.5624444286321506
41709,3,3,0,False,True,0.24522361303353313
41712,2,2,2,False,False,0.47647768480588104
41722,0,0,0,False,False,0.6712447486425064
41734,1,1,1,False,False,0.48420991328605945
41737,1,2,1,True,True,0.1413969155892848
41741,2,2,3,False,False,0.35352083046255584
41743,2,2,2,False,False,0.4457644231731961
41795,1,1,1,False,False,0.416549429430266
41806,3,3,0,False,True,0.19082767779969984
41816,2,3,2,True,True,0.24897121536162706
41870,3,3,3,False,False,0.7564643205283694
41871,0,0,0,False,False,0.8032827003423056
41895,2,2,3,False,False,0.3240122892613292
41900,0,0,1,False,False,0.192588217330556
41912,1,1,1,False,False,0.5470776968056158
41932,3,3,3,False,False,0.720520664780077
41939,3,3,0,False,False,0.32385576627983437
41952,2,2,2,False,False,0.3401556852083128
41955,0,0,0,False,False,0.7553963744377399
41957,2,2,2,False,False,0.5206528762111
41961,1,2,1,True,True,0.23173931267710118
41965,2,2,2,False,False,0.5588822260042492
41970,1,1,1,False,False,0.7900409280031635
41979,3,3,3,False,False,0.555414716271309
41981,1,1,1,False,False,0.5971060695647806
41990,1,1,1,False,False,0.6790478043895113
42002,0,0,0,False,False,0.3884044725007543
42018,1,1,1,False,False,0.38202301015298
42030,2,2,0,False,False,0.2919220583358018
42031,2,2,0,False,True,0.2368543713789589
42067,3,3,3,False,False,0.35025748012421287
42087,1,1,1,False,False,0.4933995300578516
42096,1,1,1,False,False,0.5061491914375728
42105,3,3,3,False,False,0.6483317428033739
42110,2,2,2,False,False,0.8114427008567475
42126,1,1,1,False,False,0.40603363228418926
42131,3,3,3,False,False,0.5938027181112354
42137,1,1,1,False,False,0.4242835204554658
42192,0,0,2,False,True,0.10706914539787482
42207,2,2,2,False,False,0.8751016151116755
42211,3,3,3,False,False,0.589849662472958
42226,0,0,0,False,False,0.6271344031871078
42244,3,3,3,False,False,0.5486950954355386
42250,2,2,2,False,False,0.5014731567094084
42270,0,0,0,False,False,0.4298872192267994
42272,0,0,0,False,False,0.41353829676605686
42291,1,1,1,False,False,0.4675393363132533
42294,3,3,3,False,False,0.703687798874642
42306,3,0,3,True,False,0.2595900676076725
42309,0,0,0,False,False,0.8031777264839338
42311,0,1,0,True,True,0.11334821611061041
42312,0,0,0,False,False,0.5832727383851203
42320,2,2,2,False,False,0.7421928357599811
42327,1,1,1,False,False,0.6597112189750479
42355,2,2,2,False,False,0.8193892524365259
42361,2,2,2,False,False,0.6535513691123437
42364,2,2,3,False,True,0.11760519770262712
42397,3,3,3,False,False,0.6328639839264528
42399,1,2,1,True,True,0.11169515362796682
42412,2,2,2,False,False,0.5686319731153716
42415,1,1,1,False,False,0.5506453502490178
42432,2,2,2,False,False,0.5551613234575061
42452,3,3,3,False,False,0.7545157431146662
42476,2,2,2,False,False,0.8378840306283637
42487,3,0,3,True,True,0.1020819492451459
42489,3,3,3,False,False,0.7161823726708294
42499,0,1,0,True,True,0.17963018688397375
42500,0,1,0,True,True,0.14460508802849284
42504,0,0,1,False,True,0.10991219829179887
42506,0,0,3,False,True,0.193341303039842
42511,0,0,0,False,False,0.5155226426862334
42517,2,2,2,False,False,0.6038753778764285
42537,3,3,3,False,False,0.8005431116456166
42541,3,3,3,False,False,0.6094221929111814
42542,3,3,3,False,False,0.6817732207432265
42546,3,3,3,False,False,0.5758772512685073
42562,3,0,3,True,True,0.22380652415424895
42569,0,0,0,False,False,0.6434760815895466
42575,1,2,1,True,True,0.32463038587678855
42610,1,1,1,False,False,0.7797216341335967
42612,0,0,0,False,False,0.5803620135238577
42617,2,2,2,False,False,0.6150324253342208
42628,3,0,2,True,True,0.16750174699149933
42639,3,0,3,True,True,0.23684316692083113
42641,3,0,3,True,True,0.13137583953236276
42656,1,1,1,False,False,0.4124716042347083
42663,2,3,2,True,True,0.10238186562408719
42667,2,2,2,False,False,0.6766638638314193
42673,3,0,3,True,True,0.1595245015600683
42684,3,0,3,True,True,0.1729307980258021
42687,3,0,3,True,True,0.11080082272878863
42693,2,2,2,False,False,0.5864808399813052
42713,0,0,1,False,True,0.24455400466609334
42721,2,2,2,False,False,0.8205579684460682
42722,2,3,3,True,False,0.62435662090997
42726,3,3,3,False,False,0.35845751348817
42750,2,2,2,False,False,0.6377324782055352
42757,0,0,0,False,False,0.37572244484692785
42776,1,2,1,True,False,0.2789657131445931
42795,2,3,3,True,False,0.7171876537242207
42796,2,2,2,False,False,0.8030043136705215
42801,0,0,3,False,False,0.3347332457316497
42805,3,3,3,False,False,0.6942693067440531
42810,0,0,0,False,False,0.6500307589533324
42828,3,0,3,True,True,0.23314891151551742
42831,1,2,1,True,True,0.15056064354322982
42834,1,1,1,False,False,0.6382842614641772
42835,1,1,1,False,False,0.8588962207200932
42845,3,3,3,False,False,0.5264352200530777
42846,1,1,1,False,False,0.8254664843379211
42850,2,2,2,False,False,0.6115253250590146
42856,1,2,1,True,True,0.18666199223475274
42870,2,2,2,False,False,0.553435651484982
42880,1,1,1,False,False,0.7553070207541445
42882,0,0,1,False,False,0.21611041292533734
42884,2,3,2,True,True,0.18623314182157585
42897,2,2,2,False,False,0.611061511021378
42903,3,3,3,False,False,0.46363037025776743
42910,2,2,2,False,False,0.4994535246547813
42914,3,0,3,True,True,0.18772151949671378
42920,3,3,3,False,False,0.5901847323786577
42923,3,0,3,True,True,0.2982867862027161
42931,2,2,2,False,False,0.5859911042252731
42950,0,0,0,False,False,0.7496401327980826
42952,3,0,0,True,False,0.3255663796564396
42958,0,0,0,False,False,0.8313815828216635
42960,0,0,0,False,False,0.5793254350421781
42964,0,0,0,False,False,0.7822836153020368
42985,1,2,1,True,True,0.19767065729699682
42988,1,1,1,False,False,0.6608131284640825
43022,0,0,0,False,False,0.34821426905021347
43027,0,1,0,True,True,0.2474206754980149
43037,1,1,1,False,False,0.6014214637846187
43042,3,3,3,False,False,0.7287962183569532
43057,1,1,1,False,False,0.8359701659356145
43058,1,1,1,False,False,0.7540158939846615
43064,0,0,0,False,False,0.4307125908196196
43075,3,0,3,True,True,0.12411911753658456
43079,3,3,0,False,True,0.19242018735314684
43089,1,1,1,False,False,0.690538905510882
43101,0,0,0,False,False,0.795040675286357
43110,3,3,3,False,False,0.5308247953494172
43113,1,1,1,False,False,0.39361656096119857
43118,1,1,1,False,False,0.5147717383014314
43119,0,0,0,False,False,0.6383099244092246
43120,2,3,2,True,True,0.20941304098766506
43136,3,0,0,True,False,0.3927164274210586
43176,2,2,2,False,False,0.7412731013707304
43179,2,2,2,False,False,0.7062338814741774
43180,2,3,2,True,True,0.18570129922181694
43203,0,0,0,False,False,0.2956509496931375
43204,2,2,3,False,True,0.15974551303346393
43227,0,0,0,False,False,0.32886039126511984
43234,2,2,2,False,False,0.5137588709118697
43235,1,1,1,False,False,0.5165236798276924
43236,1,1,1,False,False,0.5675995747700835
43289,2,2,2,False,False,0.44113408596987513
43296,0,0,0,False,False,0.6759399684178565
43321,1,1,1,False,False,0.8340580419683217
43337,1,1,1,False,False,0.6119548958447644
43343,0,1,0,True,True,0.058248910022664184
43361,1,1,1,False,False,0.7660887991195398
43378,2,2,2,False,False,0.6580372224708786
43384,1,1,1,False,False,0.41433918004269693
43385,3,3,3,False,False,0.51804602196575
43391,2,3,1,True,False,0.1878733805690627
43394,2,2,3,False,True,0.14169663222158016
43404,3,3,3,False,False,0.48687995454444616
43418,0,1,0,True,True,0.24454935111808598
43421,0,0,0,False,False,0.598307255597282
43424,0,0,2,False,True,0.1395555834131754
43427,0,0,0,False,False,0.6091448291223956
43453,0,0,0,False,False,0.768854218422746
43456,2,3,2,True,True,0.246257425721515
43461,2,3,3,True,False,0.7856818397310967
43490,1,1,1,False,False,0.7219155450292956
43492,1,1,1,False,False,0.6427657834962742
43516,0,0,0,False,False,0.705902705569479
43528,1,2,1,True,True,0.1898786399231056
43531,1,1,1,False,False,0.5155472901174005
43556,0,0,0,False,False,0.6342238426284306
43572,0,0,0,False,False,0.5118415909923517
43575,0,1,0,True,True,0.10913655117132168
43586,0,0,0,False,False,0.5694424783789535
43624,3,0,3,True,False,0.3158290541858588
43631,1,1,1,False,False,0.7120657345278467
43641,3,3,3,False,False,0.651482847428031
43645,3,3,2,False,True,0.3242011830876943
43658,0,0,0,False,False,0.403664947765663
43662,2,2,2,False,False,0.8974182784096608
43668,1,1,1,False,False,0.5337360754245073
43688,2,2,2,False,False,0.5258828395029911
43698,2,2,2,False,False,0.47246945496474674
43701,3,3,3,False,False,0.701407322700549
43723,3,3,3,False,False,0.713804004490981
43762,0,1,0,True,True,0.17252644911651266
43763,0,1,2,True,True,0.1678496109001562
43764,3,3,3,False,False,0.6119107857601301
43771,0,0,0,False,False,0.8260217915335852
43784,2,2,2,False,False,0.4267049887264655
43786,2,2,2,False,False,0.6230854111429986
43791,2,2,2,False,False,0.6386025700005149
43794,3,3,2,False,False,0.3844214825091823
43802,0,1,0,True,True,0.11977532958180576
43807,2,2,2,False,False,0.47968548315206033
43830,2,2,2,False,False,0.5672714268397266
43834,3,0,3,True,True,0.08579429155656178
43836,0,0,0,False,False,0.6349057165781279
43839,0,1,0,True,True,0.1481352421018498
43869,1,1,1,False,False,0.6736087449035524
43871,2,3,2,True,True,0.08264439774266848
43897,2,2,2,False,False,0.6911980283546538
43908,1,1,1,False,False,0.4747506212677201
43910,1,1,1,False,False,0.45527928343668606
43911,0,0,0,False,False,0.6400826700778665
43912,3,3,3,False,False,0.4000873551066858
43915,3,3,3,False,False,0.47768651012800406
43926,3,3,3,False,False,0.673575633813927
43931,3,3,3,False,False,0.7489252411431774
43937,2,3,2,True,True,0.2948575185844904
43975,0,0,0,False,False,0.3051121132201467
44005,2,3,2,True,True,0.10392551330191667
44012,0,0,0,False,False,0.5992260129054279
44023,2,2,2,False,False,0.31925447984942046
44048,2,2,2,False,False,0.6622825414876014
44055,3,3,3,False,False,0.7495091750294831
44072,1,1,1,False,False,0.7196966005992664
44076,1,2,1,True,True,0.19156232168118517
44081,3,3,3,False,False,0.5882838774219273
44082,3,0,3,True,True,0.09224692637678883
44096,3,3,3,False,False,0.419545682455115
44118,3,3,3,False,False,0.5709965733483091
44124,1,1,0,False,True,0.307943666753387
44141,1,1,1,False,False,0.5431911795039279
44161,3,3,2,False,True,0.32425555101140724
44166,3,3,0,False,False,0.3239194554046789
44177,3,3,3,False,False,0.4992752130950494
44205,1,1,1,False,False,0.7465933900768793
44208,0,0,0,False,False,0.5147818062332903
44209,3,3,2,False,True,0.3583041841478861
44210,3,0,3,True,False,0.3422638426946175
44229,0,0,0,False,False,0.6054374975666447
44233,0,0,0,False,False,0.47811759888849475
44234,0,0,1,False,True,0.05183915311267492
44261,2,2,2,False,False,0.47925428588600666
44267,1,1,1,False,False,0.7980468253236492
44268,0,0,0,False,False,0.4987771907603282
44271,2,3,2,True,True,0.1371311183344842
44278,3,3,2,False,True,0.3346602510104931
44327,1,1,1,False,False,0.7102876551423299
44351,3,3,3,False,False,0.56998344690248
44352,3,3,2,False,True,0.17988128497692796
44355,3,3,3,False,False,0.3423899328654908
44380,0,0,0,False,False,0.5201671674863102
44398,0,0,0,False,False,0.6256760224921918
44404,1,1,1,False,False,0.47881971147337793
44413,0,0,0,False,False,0.2994657710695724
44420,0,1,0,True,True,0.18542045962061413
44456,2,2,3,False,True,0.3232665074064987
44458,2,2,2,False,False,0.6646591289709493
44470,0,0,0,False,False,0.4530782060313895
44474,3,3,3,False,False,0.6650272016638391
44476,3,3,3,False,False,0.6121752870523285
44483,2,2,2,False,False,0.6845822722554472
44499,2,2,2,False,False,0.4831029458239966
44522,1,1,3,False,False,0.23486456901864775
44543,1,1,1,False,False,0.678884739678692
44568,1,1,1,False,False,0.7026516632359333
44600,0,0,0,False,False,0.6064127731404751
44622,1,1,1,False,False,0.6193592417883397
44630,2,2,2,False,False,0.5075790854564515
44636,2,2,2,False,False,0.7142630341275654
44659,0,0,0,False,False,0.6806230167153192
44660,1,1,1,False,False,0.5964657732628464
44677,1,2,1,True,True,0.18834659843436083
44679,1,2,1,True,True,0.21256421524844843
44697,2,2,3,False,True,0.27360277106240877
44738,2,2,2,False,False,0.7659928697747143
44740,0,1,0,True,True,0.13915707210559242
44761,2,2,3,False,True,0.27632426907335844
44784,0,0,3,False,True,0.2952880034882937
44791,0,0,0,False,False,0.6343612638392073
44799,3,3,0,False,True,0.15710575192648035
44816,0,1,0,True,True,0.1705338574104603
44819,1,1,1,False,False,0.5778453451626242
44820,1,1,1,False,False,0.38123483302795724
44858,1,1,1,False,False,0.43549017451304395
44873,0,0,0,False,False,0.7551783325735285
44888,0,0,0,False,False,0.49918727845064353
44890,0,0,0,False,False,0.7311460060805699
44903,1,1,1,False,False,0.7648377664579403
44906,0,0,0,False,False,0.328249991428206
44913,3,0,3,True,False,0.3476342073228488
44916,3,3,3,False,False,0.49042510142920254
44923,3,0,3,True,True,0.11447548063158001
44925,2,2,3,False,True,0.1074976865241906
44946,2,2,2,False,False,0.8639047254491878
44973,0,0,0,False,False,0.40822058991202326
44976,2,2,2,False,False,0.5291996682807917
44977,2,3,2,True,True,0.28923115877582367
44981,3,3,3,False,False,0.8209186616557274
44986,0,1,0,True,True,0.23584318955779618
44997,2,2,2,False,False,0.7173084638680866
45012,3,3,3,False,False,0.6068782946891476
45046,2,2,2,False,False,0.39122489940822547
45063,0,0,0,False,False,0.7017338004298801
45066,0,0,1,False,False,0.2556345398539156
45074,3,3,3,False,False,0.5320561119504781
45083,3,3,3,False,False,0.7819829710191487
45091,1,1,1,False,False,0.4937010562703748
45100,3,3,3,False,False,0.4430122523965568
45103,3,0,3,True,True,0.22534654548321023
45121,2,2,2,False,False,0.7136944202104327
45130,1,1,2,False,False,0.36521748278825034
45147,1,2,1,True,True,0.13807019819350647
45156,3,0,3,True,True,0.20220190815894115
45172,3,3,0,False,False,0.31271718636892204
45176,0,0,0,False,False,0.5777674291398369
45206,3,3,3,False,False,0.6414440580553777
45210,3,0,3,True,True,0.08164412809460073
45211,1,1,1,False,False,0.5150917879599645
45226,3,3,3,False,False,0.41673157345281575
45228,3,3,3,False,False,0.5077831988479833
45232,2,2,2,False,False,0.4411606932381196
45241,2,3,2,True,True,0.17682632673834633
45254,1,1,1,False,False,0.4335584710961254
45273,2,2,2,False,False,0.43358430995792896
45275,3,3,3,False,False,0.6913099434456728
45322,3,3,3,False,False,0.6376702545100263
45325,2,2,2,False,False,0.4071738681681661
45330,3,3,0,False,True,0.249932087282026
45331,1,2,1,True,True,0.13166379092561806
45348,0,0,2,False,True,0.038436953527798294
45351,2,3,2,True,True,0.1456325791757235
45371,1,1,1,False,False,0.7293376530748132
45374,2,2,2,False,False,0.6950355100938597
45383,2,2,2,False,False,0.801035524941884
45392,2,2,2,False,False,0.5107359261765362
45395,2,3,3,True,False,0.4435198430666915
45397,3,3,3,False,False,0.5239113362332967
45422,2,2,2,False,False,0.5829956314939999
45423,2,3,2,True,True,0.19499022022808185
45424,3,3,3,False,False,0.5831483983920555
45431,0,1,0,True,True,0.19319335864653875
45453,1,2,1,True,True,0.23310489153172836
45459,0,0,0,False,False,0.9140417579098783
45464,1,2,1,True,True,0.2960918510911935
45483,3,3,3,False,False,0.5473348314118796
45486,3,0,3,True,True,0.20214470274172622
45492,1,2,1,True,True,0.16921743343998752
45499,0,0,0,False,False,0.3892024605132625
45502,2,2,2,False,False,0.5913034997167215
45529,3,0,3,True,True,0.2552436772300307
45542,2,2,0,False,True,0.027181758785733364
45545,2,2,2,False,False,0.696949638875194
45547,2,2,3,False,False,0.31814232262472214
45548,2,3,2,True,True,0.07752551240563428
45556,3,3,3,False,False,0.41697850953413673
45573,0,1,0,True,True,0.1479936539714828
45584,3,3,3,False,False,0.7004777852910351
45586,3,3,1,False,True,0.08666331908270565
45609,2,2,2,False,False,0.5177395302258576
45638,3,0,3,True,True,0.2511718316506345
45642,0,0,0,False,False,0.5623871670642832
45645,0,0,0,False,False,0.7563392170666029
45659,3,0,3,True,True,0.2028321744276012
45670,0,1,0,True,True,0.24870785190255032
45676,2,2,2,False,False,0.559873143130353
45697,3,0,3,True,True,0.13505812889538904
45698,0,1,0,True,True,0.1061096417386585
45707,3,3,3,False,False,0.5289831810045507
45716,0,1,0,True,True,0.26989489461552546
45722,1,1,1,False,False,0.6717779603519732
45725,2,2,2,False,False,0.4899099086820391
45726,2,2,0,False,True,0.13958811222666329
45728,0,0,0,False,False,0.5928163925754435
45745,3,3,3,False,False,0.7447549874117926
45753,2,2,3,False,False,0.279415322540669
45754,2,2,2,False,False,0.44948526792611615
45755,3,3,3,False,False,0.521685063341494
45757,1,2,1,True,True,0.08464789005101887
45770,1,2,1,True,True,0.22454020988381942
45771,0,0,0,False,False,0.5167822706988676
45795,2,2,3,False,False,0.22604158048321013
45797,2,2,2,False,False,0.4010579483285259
45810,0,0,0,False,False,0.8579314040999767
45825,2,2,2,False,False,0.4917097262005317
45826,2,2,3,False,False,0.42065712233636254
45852,0,0,0,False,False,0.5361828719408185
45872,3,3,1,False,True,0.2489653919219855
45874,1,1,1,False,False,0.4600947836798478
45896,1,1,1,False,False,0.6336546019719032
45897,1,1,1,False,False,0.8380666594757328
45900,0,0,0,False,False,0.598972119688147
45910,2,3,3,True,False,0.31898049225572417
45923,0,0,0,False,False,0.6432836036131486
45926,1,1,1,False,False,0.8172666065998668
45941,3,0,3,True,True,0.05021071362004132
45946,3,3,3,False,False,0.7485079796188102
45950,1,1,1,False,False,0.6968404132759988
45960,2,2,2,False,False,0.44192671843667963
45962,3,3,3,False,False,0.504783506943994
45981,1,1,1,False,False,0.6371438078139584
45992,0,0,0,False,False,0.5878283706902728
45996,0,0,3,False,True,0.22169985926201904
46003,3,3,2,False,True,0.2611133647536955
46009,1,1,1,False,False,0.7671195155896322
46025,2,2,2,False,False,0.5099656722360358
46028,1,1,1,False,False,0.7261684548138573
46030,1,1,1,False,False,0.6238568037969443
46040,1,2,1,True,True,0.21108946723390634
46101,3,3,3,False,False,0.4688420802787128
46104,1,1,1,False,False,0.8247406417246456
46105,0,1,0,True,True,0.12033295848125732
46131,1,1,0,False,True,0.22614327579404947
46153,0,0,0,False,False,0.46625971820760187
46155,2,3,3,True,False,0.47325261189948453
46156,2,3,2,True,True,0.12242100336426831
46178,1,1,2,False,True,0.17662340268893242
46179,1,1,1,False,False,0.6740953669642202
46182,1,1,1,False,False,0.7163899989170058
46193,1,1,1,False,False,0.67239833479495
46209,3,0,3,True,True,0.26344093193304574
46238,0,1,3,True,True,0.21649771077335592
46261,0,0,0,False,False,0.6959885752997975
46287,2,2,3,False,False,0.3378476660824544
46292,3,3,3,False,False,0.6481188303276986
46302,0,0,0,False,False,0.5262294224476347
46337,1,1,2,False,False,0.2572007416079532
46346,1,1,1,False,False,0.7600806223534164
46364,0,0,1,False,False,0.37927052156286545
46392,3,0,3,True,True,0.16627471983728878
46394,3,3,3,False,False,0.6495090314610866
46401,3,3,3,False,False,0.42556747270991113
46405,0,0,0,False,False,0.7204958888804804
46430,1,1,1,False,False,0.8706440173919938
46455,2,2,2,False,False,0.7378400228505797
46464,3,0,3,True,True,0.27683560641258137
46465,3,3,3,False,False,0.7809299177868292
46476,0,1,0,True,True,0.09207276211972953
46507,2,2,3,False,False,0.32477693926499646
46551,3,0,3,True,True,0.15320031793001623
46590,0,0,2,False,True,0.07936314272134394
46612,0,0,0,False,False,0.5122495293916768
46619,2,2,2,False,False,0.5505809912300179
46658,0,1,0,True,True,0.25766469122462893
46663,3,3,3,False,False,0.42858897436868426
46670,3,3,3,False,False,0.47970535290713545
46685,2,3,3,True,False,0.7222372803495305
46693,3,3,3,False,False,0.5760525037609342
46697,2,2,2,False,False,0.8516267784921886
46706,2,2,3,False,False,0.3906446717135757
46715,3,0,2,True,False,0.19567468807742644
46720,2,3,2,True,True,0.33169145601468486
46734,3,3,3,False,False,0.47155467745467206
46738,0,1,0,True,True,0.328007959342021
46762,3,3,3,False,False,0.38125310941907037
46770,1,1,1,False,False,0.39847350951420807
46776,0,0,0,False,False,0.4160220544460368
46778,0,1,0,True,True,0.15504132168205137
46784,1,2,1,True,True,0.2863128288968811
46787,2,2,3,False,True,0.13839112108129223
46801,0,0,0,False,False,0.8940349792351432
46822,3,3,3,False,False,0.397880321146516
46850,2,2,2,False,False,0.3454291161671736
46855,1,1,1,False,False,0.5008698968066609
46859,0,0,0,False,False,0.36564267857636784
46886,2,2,2,False,False,0.8667712103285723
46891,3,3,3,False,False,0.5417761875401816
46924,3,3,3,False,False,0.32880561109002704
46936,2,2,2,False,False,0.48765119776917804
46946,3,3,3,False,False,0.4001270737690966
46948,3,3,0,False,False,0.3085893861211654
46950,2,3,2,True,True,0.2591001218565349
46956,2,2,2,False,False,0.6785609351951839
46965,3,3,3,False,False,0.45732605288489625
46974,3,3,3,False,False,0.3125596807609205
47009,2,2,2,False,False,0.4427955815587998
47020,3,3,3,False,False,0.6254296058095343
47029,0,0,3,False,True,0.21630392621473815
47033,2,2,2,False,False,0.6942711817342703
47048,1,1,1,False,False,0.7880694866066076
47050,1,1,1,False,False,0.5210400086981036
47056,2,3,0,True,True,0.1938115915863536
47063,1,1,1,False,False,0.64872628299177
47067,1,2,1,True,True,0.11653522331366567
47069,0,0,0,False,False,0.5452585159209683
47070,0,0,0,False,False,0.43025069623982126
47072,0,0,3,False,True,0.1742026118360133
47081,2,3,2,True,True,0.2561574851729458
47085,2,2,2,False,False,0.43601326696656084
47093,0,0,0,False,False,0.7033294779812462
47096,3,3,3,False,False,0.5028501294970475
47114,2,2,2,False,False,0.39143771084006074
47127,2,2,2,False,False,0.5043372507044452
47134,0,1,0,True,True,0.1572960342613471
47137,1,1,1,False,False,0.597015954302846
47139,2,3,2,True,True,0.11306617253502461
47164,1,1,1,False,False,0.7670272104317009
47171,3,3,0,False,False,0.32666904651833434
47183,3,3,0,False,False,0.2827525145803179
47187,0,0,0,False,False,0.5802033527613971
47194,2,2,2,False,False,0.5058458926793122
47198,1,1,1,False,False,0.5304541195479998
47227,1,2,1,True,True,0.053239990314709204
47250,3,3,3,False,False,0.623160000189064
47255,1,1,1,False,False,0.4622414866358337
47259,2,2,2,False,False,0.45093507152182477
47282,2,2,2,False,False,0.39548823960535295
47284,0,0,0,False,False,0.3822995472606655
47302,1,1,1,False,False,0.36253398496532097
47303,1,1,1,False,False,0.766050597393941
47310,2,2,2,False,False,0.7323222518812723
47323,1,1,1,False,False,0.6462023697263165
47342,1,1,1,False,False,0.5762381676141934
47347,2,3,3,True,False,0.474911758110893
47372,0,0,0,False,False,0.7201470373318398
47376,0,0,0,False,False,0.8151192188140456
47389,1,1,1,False,False,0.7749604976639818
47406,1,1,1,False,False,0.5929947483577817
47414,1,1,1,False,False,0.45791022223368827
47416,1,1,1,False,False,0.5983593561479982
47435,1,2,1,True,True,0.1610545852845188
47439,1,1,1,False,False,0.7026706843848627
47462,1,1,1,False,False,0.58932723762511
47480,0,0,0,False,False,0.575088574525314
47492,0,0,0,False,False,0.5375387452234845
47510,1,1,1,False,False,0.5603922611211506
47533,0,0,0,False,False,0.7752695752623961
47537,0,0,1,False,True,0.2676138914829713
47538,0,0,0,False,False,0.6343686878310479
47541,1,1,1,False,False,0.5679472951168503
47550,1,1,1,False,False,0.4906718225568486
47568,0,0,0,False,False,0.5819299179470546
47585,2,2,3,False,False,0.4120038053723354
47595,0,0,0,False,False,0.6124719971855328
47604,0,0,0,False,False,0.537761911853269
47634,0,1,0,True,True,0.14810502058954814
47648,1,1,1,False,False,0.6070565904304688
47663,1,1,1,False,False,0.7173059518327163
47687,0,0,1,False,False,0.3920785290346077
47696,0,1,0,True,True,0.17266695691559167
47703,0,0,0,False,False,0.682877762959114
47712,1,1,1,False,False,0.7350249183349249
47714,1,2,1,True,True,0.08863507476563627
47717,0,0,0,False,False,0.5499188083048647
47723,1,1,1,False,False,0.7715573388425916
47733,0,0,0,False,False,0.7158369754134316
47735,3,0,3,True,True,0.1264127052939838
47740,0,0,0,False,False,0.5430850221888388
47744,1,2,1,True,True,0.14317569649608436
47766,0,1,0,True,True,0.10299170858155234
47777,1,1,1,False,False,0.7461721312369379
47779,2,2,2,False,False,0.3653665695307993
47783,1,1,1,False,False,0.6355805796805132
47794,0,1,0,True,True,0.13914916862325377
47816,1,1,1,False,False,0.7848363738217788
47818,1,1,1,False,False,0.5380302442938814
47826,1,1,1,False,False,0.5682303980784682
47827,1,1,1,False,False,0.8757142462268992
47829,1,2,1,True,True,0.09113652380670438
47834,1,1,1,False,False,0.7908005831734186
47849,1,1,1,False,False,0.7213259176519846
47873,3,3,3,False,False,0.471312429815334
47876,0,0,2,False,False,0.23448438247190684
47889,1,1,1,False,False,0.617876610030634
47915,0,0,0,False,False,0.5520761180226993
47924,3,3,0,False,False,0.30155786353248826
47957,1,2,1,True,True,0.10519606414793124
47959,1,2,1,True,True,0.09223658864313372
47961,0,0,0,False,False,0.6028022901368513
47977,1,1,2,False,False,0.3612912947881516
48049,1,1,1,False,False,0.5341503449368746
48102,1,1,1,False,False,0.748924304979604
48105,1,1,1,False,False,0.7740627926793894
48109,1,1,1,False,False,0.4821613576756879
48113,2,2,2,False,False,0.42207669016928756
48119,0,1,0,True,True,0.13758258801735254
48120,0,1,1,True,False,0.3722654294338429
48141,2,2,2,False,False,0.6169523585819722
48153,1,2,1,True,True,0.07650432078154694
48157,0,0,0,False,False,0.3705133538355681
48161,3,3,3,False,False,0.4386904058262547
48164,0,0,0,False,False,0.7460698032435211
48169,0,0,0,False,False,0.6254238777975416
48174,0,0,2,False,True,0.22799138901434982
48194,0,1,0,True,True,0.14683004283741483
48220,0,0,0,False,False,0.4507945034955594
48222,0,0,1,False,False,0.3272751075138332
48245,0,0,0,False,False,0.5420574295967839
48275,0,0,0,False,False,0.5458986168474614
48276,0,0,0,False,False,0.9018521408437767
48283,0,0,0,False,False,0.7223006408158351
48287,1,2,1,True,True,0.17131875527166845
48288,0,0,0,False,False,0.7284125039383872
48297,3,3,3,False,False,0.5905067081329606
48310,1,1,1,False,False,0.5299721088310109
48316,0,1,0,True,True,0.2559586408745938
48320,1,1,2,False,False,0.2714146878492177
48330,2,2,0,False,True,0.1921132779814868
48337,2,2,2,False,False,0.843511769995844
48343,0,0,0,False,False,0.6613953840063842
48344,2,3,2,True,True,0.3003753777654372
48345,0,1,0,True,True,0.12894654132574318
48348,0,1,0,True,True,0.12593622243043678
48353,0,0,0,False,False,0.7123046510556261
48360,1,1,2,False,False,0.3195717247208722
48367,1,1,1,False,False,0.5551779047006976
48377,0,0,1,False,True,0.0992406711305926
48389,3,3,3,False,False,0.34468203657401375
48403,3,3,3,False,False,0.5907001674224899
48418,0,0,0,False,False,0.7656557936563579
48419,0,0,0,False,False,0.3508892296821269
48440,1,1,1,False,False,0.6138516715352266
48445,2,3,2,True,True,0.1435483846696353
48446,1,1,1,False,False,0.7771518188669908
48477,2,3,2,True,True,0.24606337925623903
48485,1,1,1,False,False,0.6962215130549044
48514,1,2,1,True,True,0.14059138638714452
48518,0,1,1,True,False,0.56576330236748
48535,0,0,0,False,False,0.7644283950937034
48541,1,1,1,False,False,0.5101629013969614
48547,1,2,1,True,True,0.14577288606231503
48552,1,1,1,False,False,0.4286998170918945
48556,2,2,3,False,False,0.25937866495677525
48557,3,3,3,False,False,0.5847528533727383
48558,1,1,1,False,False,0.8014743948593408
48566,1,2,1,True,True,0.09879669675582313
48570,2,2,2,False,False,0.6509786075046415
48590,0,1,2,True,True,0.059712385777487886
48610,0,0,0,False,False,0.4009805790279567
48638,2,3,1,True,True,0.1260005343241664
48639,2,2,3,False,False,0.25347231718146135
48649,0,0,0,False,False,0.7689485677399446
48652,0,0,1,False,True,0.19054964717373743
48676,3,3,3,False,False,0.6909405356562651
48687,2,2,3,False,False,0.3068856820596965
48689,0,0,0,False,False,0.6507037493254187
48699,2,2,2,False,False,0.6183620943250412
48737,1,1,1,False,False,0.6206355737811033
48744,2,2,2,False,False,0.7103198029304192
48756,0,1,0,True,True,0.2717060328789531
48763,0,0,0,False,False,0.5936188621495337
48776,3,3,0,False,False,0.21084356858035216
48780,0,0,0,False,False,0.6140634145659924
48812,2,2,2,False,False,0.5547871495848536
48813,3,3,3,False,False,0.4544703556457282
48815,3,3,3,False,False,0.6860198841446585
48823,2,2,2,False,False,0.4690900581084285
48837,2,3,3,True,False,0.41402788338819935
48841,2,2,3,False,True,0.17455639403703432
48849,0,0,0,False,False,0.7046926032442686
48851,0,1,1,True,False,0.48492498266606926
48858,0,0,1,False,False,0.32933747858355494
48863,0,0,0,False,False,0.6394829583433075
48881,1,1,1,False,False,0.6680746790361323
48888,0,0,0,False,False,0.502018966706966
48919,0,0,0,False,False,0.607552983326644
48944,3,3,1,False,False,0.31267091415756815
48948,3,3,3,False,False,0.4327637794230416
48975,3,0,3,True,True,0.2914290911547275
48978,3,0,3,True,True,0.1401754255157023
48989,3,3,3,False,False,0.7333233026590051
49009,2,3,2,True,True,0.17162431036523831
49023,1,1,1,False,False,0.7876815318437533
49037,2,2,2,False,False,0.4986688151443227
49039,2,2,2,False,False,0.32772703540900655
49056,0,1,0,True,True,0.1045124657226298
49069,1,1,1,False,False,0.7674195260341115
49092,0,0,0,False,False,0.6806042942315215
49097,3,3,3,False,False,0.29245777841275356
49099,2,3,2,True,True,0.07563626200109946
49114,2,2,2,False,False,0.3471661450672806
49131,3,3,3,False,False,0.5206489132536227
49139,3,0,3,True,True,0.2178751206176374
49149,3,3,3,False,False,0.5079183120398713
49155,2,2,2,False,False,0.638983163575633
49162,3,3,3,False,False,0.38641707973160067
49163,0,0,0,False,False,0.37464629052833004
49169,3,3,3,False,False,0.3922677287413235
49177,0,0,0,False,False,0.5853670297549292
49192,1,1,1,False,False,0.4564177604757491
49208,1,2,2,True,False,0.4052596032460958
49215,2,2,2,False,False,0.51990771686616
49232,3,3,3,False,False,0.4371852232088145
49236,1,1,1,False,False,0.8459727949909102
49262,1,1,1,False,False,0.5912195102338816
49281,3,0,0,True,False,0.38980052875864474
49283,3,3,3,False,False,0.34434056634089066
49285,3,3,3,False,False,0.7837759207934512
49297,1,2,1,True,True,0.25802030354604016
49318,2,2,2,False,False,0.44659385253948664
49347,2,2,2,False,False,0.8849872507013328
49356,2,2,2,False,False,0.6705468058852817
49359,3,3,3,False,False,0.5824732192759149
49365,2,2,2,False,False,0.714288260533539
49404,2,2,2,False,False,0.45141618876374945
49410,1,1,1,False,False,0.7964975945355185
49413,1,1,1,False,False,0.4867871212803062
49421,2,2,2,False,False,0.8297602466090044
49432,2,2,2,False,False,0.5338921680752665
49442,3,3,3,False,False,0.6245198744780381
49448,1,2,1,True,True,0.15648877515457507
49511,3,3,3,False,False,0.5095424344634911
49522,3,3,0,False,False,0.20956220326167374
49539,2,2,2,False,False,0.39506181255780964
49565,1,1,1,False,False,0.5588202381904118
49569,0,1,0,True,True,0.14598443021708085
49572,0,1,0,True,True,0.15351768502130686
49580,3,0,3,True,True,0.14674061467643756
49583,1,2,1,True,True,0.12466727291196843
49584,1,1,1,False,False,0.5206026379558041
49587,1,1,1,False,False,0.5881303608656181
49605,0,1,0,True,True,0.38204927325747434
49623,2,2,2,False,False,0.7518929736796041
49651,3,3,3,False,False,0.5994701754011542
49653,3,3,3,False,False,0.8058024260208658
49661,1,1,1,False,False,0.38489269677258114
49670,2,2,2,False,False,0.49817731039031704
49690,1,1,1,False,False,0.36912546670605717
49691,0,0,0,False,False,0.616842858654876
49697,3,3,3,False,False,0.3972213433012119
49707,2,2,2,False,False,0.43100063100188807
49742,3,0,3,True,True,0.19271703271037924
49786,2,2,0,False,False,0.3004215904264697
49798,0,0,0,False,False,0.8802548644194962
49800,0,0,0,False,False,0.49444885724308485
49803,0,0,2,False,False,0.14574571866874922
49806,3,3,3,False,False,0.708938106940569
49812,3,3,3,False,False,0.656432349745491
49813,3,3,3,False,False,0.5533332091259914
49840,0,0,0,False,False,0.6341197106497907
49860,2,2,3,False,True,0.24634478506376314
49872,2,2,2,False,False,0.5858161428169518
49876,0,0,1,False,False,0.31677075011303635
49899,1,2,1,True,True,0.1143473407730347
49905,1,2,1,True,True,0.11315098707936981
49932,1,1,1,False,False,0.4487823682567881
49949,2,2,2,False,False,0.4389857300999828
49959,0,0,0,False,False,0.5413771651230523
49968,1,2,1,True,True,0.24536149639998484
49973,3,3,3,False,False,0.3797073783149903
49989,2,2,2,False,False,0.6110750375332128
50001,0,1,0,True,True,0.1669198394551771
50002,3,3,3,False,False,0.6843768369797609
50007,2,2,2,False,False,0.5477233139618414
50023,2,3,2,True,True,0.3338904235816459
50026,2,2,2,False,False,0.33187181627996154
50031,1,1,1,False,False,0.49274461159895677
50060,3,3,0,False,False,0.2838691639881626
50067,1,1,1,False,False,0.5008588372084902
50086,0,0,0,False,False,0.448637401018832
50089,1,2,2,True,False,0.45335801291775646
50095,3,3,3,False,False,0.8518532190430785
50125,1,2,1,True,True,0.12900670359695707
50138,0,0,0,False,False,0.48461333785717403
50144,0,0,0,False,False,0.682020161990879
50147,2,2,2,False,False,0.34234349986593127
50149,2,2,2,False,False,0.6014035063038856
50152,2,3,2,True,True,0.3788291263010846
50165,2,2,2,False,False,0.4980751069417137
50166,3,0,3,True,True,0.15048209942255125
50171,1,1,1,False,False,0.5886811605193139
50176,3,3,3,False,False,0.7434028156277968
50178,3,0,3,True,True,0.24859243690783991
50181,0,1,3,True,False,0.2234957628926414
50193,1,1,1,False,False,0.5536199890031795
50208,1,1,1,False,False,0.7515567329763005
50225,3,3,3,False,False,0.6378926432262606
50230,1,2,1,True,True,0.18401556519646925
50231,2,2,3,False,False,0.31136477070963114
50239,0,0,0,False,False,0.660301130879126
50248,0,0,0,False,False,0.4757479108765383
50257,1,1,1,False,False,0.7999890885533385
50265,3,3,3,False,False,0.42957023223314444
50266,3,3,0,False,False,0.3923717384628855
50278,3,0,0,True,False,0.3453487914966231
50285,1,2,1,True,True,0.2645209205839977
50295,1,1,1,False,False,0.6847541795860765
50297,2,2,2,False,False,0.5192114512576165
50314,0,0,0,False,False,0.7732037603190449
50334,3,3,3,False,False,0.49406941422738976
50341,3,3,3,False,False,0.6645404450898335
50342,2,3,1,True,True,0.12974487449555216
50343,2,2,2,False,False,0.6564557648332048
50358,0,1,0,True,True,0.26886419186928084
50362,3,3,2,False,True,0.3136245587665712
50373,1,2,1,True,True,0.18298842304797364
50415,0,0,0,False,False,0.6542557077519693
50422,0,0,0,False,False,0.4955428304794764
50429,2,2,2,False,False,0.6837801226236365
50440,0,0,0,False,False,0.6027084034083167
50474,2,3,2,True,True,0.09748397818056896
50476,2,2,3,False,True,0.14415676827120524
50493,0,0,0,False,False,0.4331582501763634
50503,2,2,2,False,False,0.3880234625667137
50533,2,2,2,False,False,0.671074657628762
50538,2,2,3,False,False,0.3076195396850321
50540,2,2,2,False,False,0.5414627013496044
50541,2,2,2,False,False,0.5683655587123608
50551,0,0,0,False,False,0.4553272987220689
50581,3,3,3,False,False,0.6824272243759189
50601,3,3,3,False,False,0.6441041716956265
50627,2,2,2,False,False,0.8358941645092158
50630,3,3,2,False,True,0.3073398993944709
50662,3,3,3,False,False,0.7106531421682779
50676,3,3,3,False,False,0.7526891963973691
50680,1,2,1,True,True,0.14838312070372583
50688,1,1,1,False,False,0.6935283684813771
50692,0,0,0,False,False,0.4637247655005746
50719,1,1,1,False,False,0.5188094687462838
50737,2,2,2,False,False,0.7812281270493284
50742,2,3,2,True,True,0.31369549107687006
50753,3,3,3,False,False,0.3430673316056016
50768,3,3,3,False,False,0.47727788480228805
50771,3,3,3,False,False,0.6046373078872936
50806,2,3,2,True,True,0.30018662252535117
50808,2,3,2,True,True,0.19260545643659938
50818,3,3,3,False,False,0.39834999490766443
50846,2,2,2,False,False,0.5296723658757027
50849,2,2,2,False,False,0.39542903637101917
50869,1,2,1,True,True,0.1824326968325049
50873,3,0,3,True,True,0.07576155746459622
50888,3,3,3,False,False,0.6052017478022644
50893,2,3,2,True,True,0.11167164124975994
50899,1,1,1,False,False,0.6247424921063717
50902,0,0,0,False,False,0.6700792317286693
50904,1,2,1,True,True,0.10539114899345611
50915,2,2,0,False,False,0.27936607754272735
50929,3,3,0,False,True,0.2401600823838272
50941,3,3,3,False,False,0.4774747820337093
50955,1,2,1,True,True,0.1376390862792425
50968,3,3,3,False,False,0.6628499901380019
50971,3,3,3,False,False,0.4764294737733747
50982,2,2,2,False,False,0.4537232007471504
51012,0,0,0,False,False,0.7318565222949731
51018,2,2,2,False,False,0.5376964385420929
51021,3,3,3,False,False,0.33300742029909586
51022,1,1,1,False,False,0.5225991119906968
51047,3,3,3,False,False,0.8193531733035971
51061,0,0,2,False,False,0.29688336812600685
51072,1,1,1,False,False,0.6006321287067746
51077,1,1,1,False,False,0.7073996069855788
51111,3,3,3,False,False,0.7519136613000534
51114,1,1,1,False,False,0.5986818087466556
51121,3,0,3,True,True,0.17062827270358003
51123,2,2,0,False,True,0.18861087741890303
51127,1,1,1,False,False,0.6306525695452441
51133,3,3,3,False,False,0.47052275430824597
51143,3,3,0,False,True,0.15145188548331667
51158,3,0,3,True,True,0.1027539362819876
51166,2,2,2,False,False,0.30464495396323826
51175,1,2,1,True,True,0.28912988108648685
51194,2,2,2,False,False,0.48619217239565654
51195,3,3,3,False,False,0.4442241132314183
51203,3,3,3,False,False,0.54995806832387
51239,1,1,1,False,False,0.6517311137341638
51250,2,2,2,False,False,0.7458894572747254
51251,1,2,1,True,True,0.27846214089078886
51252,1,1,1,False,False,0.6038028037457122
51272,1,1,1,False,False,0.39408890128776886
51273,1,1,1,False,False,0.5184360081290839
51277,1,1,1,False,False,0.7097734714844522
51283,3,3,1,False,False,0.2195654040446397
51303,2,2,2,False,False,0.5357666489104036
51304,2,2,2,False,False,0.7449038104714124
51306,2,3,3,True,False,0.4695464526035249
51317,0,0,0,False,False,0.41596921991125785
51332,2,2,2,False,False,0.6367100244235664
51336,1,1,1,False,False,0.3659291444770956
51349,0,0,0,False,False,0.5896320186285273
51350,0,0,0,False,False,0.48005222869998887
51351,0,0,0,False,False,0.4423691811696988
51358,1,1,1,False,False,0.8256975302220998
51359,1,2,1,True,True,0.17482114544512517
51371,3,3,0,False,True,0.1651162150096057
51396,2,2,2,False,False,0.5436315697062377
51399,2,2,2,False,False,0.4777307978637628
51405,1,1,1,False,False,0.6026845685192511
51409,0,0,1,False,False,0.34758518225795887
51413,2,2,2,False,False,0.5691571685991419
51418,0,0,0,False,False,0.4892445249835818
51432,2,2,2,False,False,0.4721427278790747
51435,3,3,2,False,True,0.27580407580674
51436,3,3,3,False,False,0.696821298349096
51452,2,2,2,False,False,0.42075370616748176
51453,1,1,1,False,False,0.7579764400519197
51477,2,2,0,False,True,0.09762923985486799
51479,2,2,3,False,True,0.04505736251096237
51492,1,1,1,False,False,0.6688197048778612
51506,2,2,2,False,False,0.540196362548127
51515,1,1,1,False,False,0.611533693790768
51525,0,0,0,False,False,0.5983413934220592
51538,1,1,1,False,False,0.6629132226732739
51546,1,2,1,True,True,0.1488267510913538
51550,3,3,3,False,False,0.48495346363062125
51555,3,3,3,False,False,0.32030169161519784
51560,0,0,0,False,False,0.7447603513345233
51570,2,2,2,False,False,0.8130763880392291
51576,2,2,2,False,False,0.4640017249414686
51579,0,0,0,False,False,0.4974417061741786
51598,1,1,1,False,False,0.7242260168367155
51604,1,1,1,False,False,0.6331312967853597
51607,3,3,3,False,False,0.6091858955816322
51610,3,3,3,False,False,0.3750861112634823
51638,1,1,1,False,False,0.7004409129421144
51645,1,2,1,True,True,0.2731825764468643
51659,1,2,1,True,True,0.10940230743506561
51708,1,1,1,False,False,0.4579202215588985
51723,2,2,2,False,False,0.39777840391873615
51743,2,2,2,False,False,0.43668132133706644
51748,2,2,2,False,False,0.5491138014035865
51751,2,2,3,False,True,0.12971454344062489
51754,3,3,0,False,False,0.1754643861379319
51756,1,1,2,False,False,0.28838230314452
51764,3,3,3,False,False,0.6464234686566211
51774,3,3,3,False,False,0.7386603745934259
51790,3,3,2,False,True,0.45833151001105704
51799,3,3,3,False,False,0.7832957773267476
51803,1,1,1,False,False,0.7279165392079822
51805,3,3,3,False,False,0.7404555198479362
51807,0,0,0,False,False,0.6586776172478903
51820,2,2,2,False,False,0.567696013386084
51830,3,3,3,False,False,0.662575654265742
51837,3,3,3,False,False,0.6890915131758103
51856,2,2,2,False,False,0.5767201656842268
51863,0,0,0,False,False,0.5078544506975123
51865,1,1,1,False,False,0.3322616155587253
51876,1,1,1,False,False,0.7310868486209501
51881,2,2,2,False,False,0.545766230142438
51884,3,3,3,False,False,0.7183243205810966
51886,2,3,2,True,True,0.3360654704021214
51925,2,2,2,False,False,0.3925789807044112
51937,3,3,3,False,False,0.7516709432777637
51952,2,3,3,True,False,0.448969044088023
51962,1,1,1,False,False,0.6786764145284564
51970,3,3,3,False,False,0.5786157322912322
51976,3,3,3,False,False,0.8117363225957676
51987,2,2,2,False,False,0.6545961630892865
52007,1,1,1,False,False,0.6348106286010791
52018,3,3,3,False,False,0.4121623335798321
52023,2,3,3,True,False,0.4810685832291107
52025,1,2,1,True,True,0.1770217022370862
52055,2,2,2,False,False,0.4412070340401455
52076,2,2,2,False,False,0.46189206415386974
52080,1,1,1,False,False,0.6396134070386308
52098,2,3,2,True,False,0.3529106101056265
52103,3,0,3,True,True,0.09696170494419602
52104,1,1,1,False,False,0.6378863204245881
52113,3,3,3,False,False,0.8528815310700798
52114,3,0,3,True,True,0.18211769141339712
52132,2,2,2,False,False,0.48608893178432994
52136,3,3,0,False,False,0.18966237878094955
52146,2,2,2,False,False,0.3342151309071448
52177,3,3,3,False,False,0.5645882953351278
52185,2,2,3,False,True,0.1393389559787546
52192,0,0,0,False,False,0.4558202544837989
52200,2,2,0,False,True,0.17916423872368073
52206,1,2,1,True,True,0.23259125867974056
52209,1,1,1,False,False,0.5136113084349632
52211,0,1,0,True,True,0.1571034185651668
52252,0,0,0,False,False,0.615286806099185
52259,3,0,3,True,True,0.16697101342744536
52272,3,3,3,False,False,0.4352036128912966
52285,2,3,2,True,True,0.14671456404256855
52327,0,0,0,False,False,0.8404452756765908
52341,0,0,0,False,False,0.6411431733021823
52360,1,1,1,False,False,0.40583119164770887
52365,1,1,1,False,False,0.37350583076872784
52370,2,2,2,False,False,0.4797811634715503
52373,0,0,0,False,False,0.7129565012639175
52374,3,3,3,False,False,0.5427575971531867
52376,3,0,3,True,False,0.2264773531839144
52386,1,1,1,False,False,0.7119673719113667
52388,1,1,1,False,False,0.3111820496124914
52391,0,0,0,False,False,0.6886892743816126
52399,2,2,2,False,False,0.6145388488922734
52402,3,3,3,False,False,0.7214665340306673
52418,3,3,0,False,False,0.27434655000493063
52422,2,2,2,False,False,0.5499412515588628
52435,0,1,1,True,False,0.3292826807186551
52484,0,0,0,False,False,0.7499267195318952
52507,2,2,2,False,False,0.7430836118311853
52525,2,2,2,False,False,0.4425958279451723
52533,0,0,0,False,False,0.7801309146895417
52554,0,0,0,False,False,0.8143055252864667
52558,0,0,1,False,True,0.07428967857174026
52576,0,0,0,False,False,0.7803247217080233
52585,2,3,2,True,True,0.18288142130460613
52611,2,2,3,False,False,0.40688806223939067
52615,1,1,1,False,False,0.49000989485436747
52626,3,3,3,False,False,0.5024855876931982
52631,2,2,2,False,False,0.49931538371844114
52634,1,1,1,False,False,0.8252092474911761
52645,1,1,1,False,False,0.6376442739339142
52660,2,2,2,False,False,0.5864000662541152
52672,2,3,0,True,True,0.22130944267652872
52679,0,0,0,False,False,0.7451744850690551
52680,0,0,0,False,False,0.6356716019102326
52681,0,0,0,False,False,0.5935332374637036
52691,2,2,2,False,False,0.8288558316926633
52694,2,3,2,True,True,0.35624424599922677
52726,0,0,0,False,False,0.48416159255954155
52730,2,2,3,False,True,0.22042553234261653
52739,2,2,2,False,False,0.5414529515456841
52763,0,0,0,False,False,0.6830816801538201
52778,2,2,2,False,False,0.4945668460727108
52815,3,3,3,False,False,0.6291499203897785
52816,3,3,3,False,False,0.41268222248432535
52826,0,0,0,False,False,0.45394091233854433
52839,2,2,1,False,True,0.19666148566459427
52844,1,1,1,False,False,0.4047126485369845
52848,0,0,0,False,False,0.7951957166587852
52851,1,2,1,True,True,0.051538784232333976
52871,2,2,0,False,False,0.33431249061146046
52874,3,3,3,False,False,0.4327617502495863
52882,0,0,0,False,False,0.5367172510998279
52900,1,1,1,False,False,0.6456591126953314
52903,1,1,2,False,False,0.21627330421442903
52923,0,0,0,False,False,0.7641451598240827
52936,2,2,3,False,False,0.3570127074020035
52952,2,2,2,False,False,0.5339519553624067
52976,2,2,2,False,False,0.7237269054186997
52984,2,2,2,False,False,0.8295830711384099
52991,1,1,1,False,False,0.6278033987506939
53004,0,0,2,False,False,0.22332313496573447
53011,2,2,2,False,False,0.5238407148598908
53017,2,2,2,False,False,0.6157793195706459
53030,2,2,2,False,False,0.47652924455535955
53041,3,3,3,False,False,0.3915003277337661
53043,1,1,1,False,False,0.8254297723902361
53056,0,0,0,False,False,0.715362286053951
53085,1,1,1,False,False,0.8414513334365158
53090,2,2,2,False,False,0.873886323783608
53102,1,1,1,False,False,0.5787742908316433
53110,3,3,3,False,False,0.6187993047335372
53113,3,3,3,False,False,0.47481300428103584
53115,1,1,1,False,False,0.3968687125021822
53117,3,3,3,False,False,0.6278887478062387
53159,2,2,3,False,False,0.28982738510335376
53166,1,1,1,False,False,0.5425643231539374
53168,1,1,1,False,False,0.5114478826281164
53190,2,2,2,False,False,0.6544514864329449
53193,2,2,2,False,False,0.6229482779740694
53196,3,3,3,False,False,0.6338464962609682
53208,2,2,2,False,False,0.4318893394282602
53236,2,3,2,True,True,0.12375257889548022
53242,3,3,3,False,False,0.6261779472776962
53243,3,3,3,False,False,0.46155974488543305
53266,3,3,3,False,False,0.5947231241757089
53272,1,1,1,False,False,0.6562991204187806
53273,3,3,3,False,False,0.3817582023023693
53278,2,2,3,False,True,0.2820867418530087
53282,1,1,1,False,False,0.5887385570517035
53284,2,3,3,True,False,0.6535676242064234
53293,3,3,3,False,False,0.5032940643047127
53320,0,1,0,True,True,0.20833522767585133
53330,3,3,3,False,False,0.6514480078107929
53352,2,2,2,False,False,0.4876530703402847
53377,3,0,1,True,False,0.2580022035883195
53392,2,2,2,False,False,0.5437957095222173
53403,3,3,3,False,False,0.561084145440266
53415,2,2,2,False,False,0.5601508483235889
53423,3,0,3,True,True,0.1301404944828749
53431,3,3,3,False,False,0.3811544162716418
53469,3,3,3,False,False,0.5162779136137408
53473,1,2,1,True,True,0.2179645489791758
53487,1,1,1,False,False,0.4805032673314909
53497,0,1,0,True,True,0.16951425625994954
53516,3,3,3,False,False,0.6521545572560705
53575,3,3,3,False,False,0.5043103789761485
53589,2,2,2,False,False,0.4650192974895398
53598,1,1,1,False,False,0.5028281998196289
53617,3,3,3,False,False,0.5070604489615179
53634,2,3,2,True,True,0.28682447495236923
53636,2,2,2,False,False,0.7310924620375093
53637,3,3,3,False,False,0.3670839215059335
53639,3,3,3,False,False,0.6323756276272984
53664,3,3,3,False,False,0.4367274432439937
53672,2,2,2,False,False,0.6205237636695857
53692,3,3,3,False,False,0.32156321311255914
53695,2,3,2,True,True,0.17299860262025968
53732,1,1,1,False,False,0.6887926595371852
53762,2,2,3,False,False,0.34567659665572587
53764,1,1,1,False,False,0.6402543345494114
53771,0,0,0,False,False,0.4802290023614682
53786,2,2,2,False,False,0.6251067754436131
53817,1,1,1,False,False,0.838058554416561
53822,3,3,1,False,False,0.22182329116596028
53852,2,2,2,False,False,0.5219991263606847
53862,2,2,2,False,False,0.5878833907526162
53879,2,2,2,False,False,0.4430321912719681
53890,1,1,1,False,False,0.2999857016846195
53911,1,2,1,True,True,0.362493532965252
53923,2,2,3,False,True,0.35934139433147533
53939,0,0,0,False,False,0.6632097673938916
53970,2,2,2,False,False,0.739064716435544
53973,2,2,2,False,False,0.6033203672696559
53974,2,2,2,False,False,0.7478367137871114
53978,1,2,1,True,True,0.32360420264624457
53999,2,2,2,False,False,0.34377079521615655
54009,3,3,3,False,False,0.639271641924752
54026,2,2,2,False,False,0.41951636615188165
54028,2,3,3,True,False,0.3936553943792386
54059,0,0,0,False,False,0.3121947266700085
54084,1,1,1,False,False,0.48253409836926864
54146,3,3,3,False,False,0.4939591308517287
54148,1,1,1,False,False,0.5395018628745177
54155,0,0,0,False,False,0.5519339552402621
54168,2,2,2,False,False,0.6757558716496602
54171,3,3,3,False,False,0.4756655937353653
54184,1,1,1,False,False,0.4672439579623519
54195,3,3,3,False,False,0.5586719029195671
54202,0,0,0,False,False,0.48372150350928284
54204,2,2,2,False,False,0.6048966205450756
54207,1,1,1,False,False,0.5392579669944012
54214,2,2,2,False,False,0.7341557826536399
54224,0,1,0,True,True,0.2528351770548234
54225,2,2,2,False,False,0.7163124370178189
54227,3,3,3,False,False,0.5117459262352794
54230,0,0,0,False,False,0.5277503864555317
54234,0,0,0,False,False,0.7938573536730548
54238,1,2,1,True,True,0.3345255604679024
54248,0,0,3,False,True,0.24645423138069292
54259,2,2,2,False,False,0.44798190905802665
54271,3,3,3,False,False,0.5696380070693987
54287,2,2,2,False,False,0.7615413078299538
54290,2,2,2,False,False,0.4607759754320808
54310,2,2,2,False,False,0.4478420400269961
54331,2,2,2,False,False,0.7677639235864445
54353,3,3,1,False,False,0.16228794781285194
54423,2,3,2,True,True,0.14659530631137238
54440,3,3,3,False,False,0.5644218580984751
54447,3,3,3,False,False,0.36126572001467533
54453,3,0,3,True,True,0.14229688659251577
54456,1,1,1,False,False,0.4351478111991787
54465,0,0,3,False,True,0.21535112403174575
54470,0,0,0,False,False,0.4703527763242191
54476,3,3,3,False,False,0.6267204719623811
54481,1,1,1,False,False,0.43513723417376166
54482,0,0,0,False,False,0.906979723488269
54491,2,2,2,False,False,0.7119321527126757
54503,1,1,1,False,False,0.38396747567816153
54525,0,0,0,False,False,0.44453370107091655
54530,3,0,3,True,True,0.15158109814700008
54546,3,3,3,False,False,0.5179440478132974
54579,3,3,2,False,True,0.3508702213652816
54590,2,2,3,False,True,0.2389586501242435
54597,1,1,1,False,False,0.7186285190233052
54599,0,0,0,False,False,0.5147614844316148
54609,2,2,2,False,False,0.5174197102410003
54629,3,3,3,False,False,0.8045825909336564
54635,3,3,3,False,False,0.7465836673676474
54644,0,0,0,False,False,0.3682781620283248
54662,2,2,3,False,True,0.27585821223016616
54666,3,0,3,True,False,0.30017572029241196
54675,1,1,1,False,False,0.4782013202880158
54699,1,1,1,False,False,0.6778187364919571
54701,3,3,3,False,False,0.4559561707393848
54728,3,0,3,True,True,0.21340259838398012
54732,3,3,3,False,False,0.4367920053507935
54733,3,3,1,False,False,0.2038037570890478
54737,1,1,1,False,False,0.5037863026087277
54744,3,3,3,False,False,0.6583912160410615
54777,0,0,0,False,False,0.9214907410294778
54797,2,2,2,False,False,0.6416477809161802
54806,3,3,3,False,False,0.8120825675089389
54807,3,3,3,False,False,0.7145011397859582
54826,3,3,3,False,False,0.5278823847638324
54828,2,2,2,False,False,0.8921916273090907
54842,1,1,1,False,False,0.4027402075097606
54848,0,0,0,False,False,0.5641418341296427
54850,0,0,0,False,False,0.3967704754397797
54866,1,1,1,False,False,0.6482458214785913
54874,1,1,1,False,False,0.5156993738921326
54883,2,2,2,False,False,0.4618950105378076
54891,3,0,3,True,True,0.0816807694706598
54907,1,1,1,False,False,0.5422106340682029
54915,3,3,3,False,False,0.4544557523045649
54929,0,1,0,True,True,0.23156920137417666
54935,3,0,3,True,True,0.17260446827390913
54957,1,1,1,False,False,0.5268548259283338
54972,1,2,2,True,False,0.44045935341702175
54979,0,1,0,True,True,0.2649000258483596
54987,3,3,3,False,False,0.5773331394775257
54998,2,2,2,False,False,0.6235622247899166
55001,1,1,1,False,False,0.5719683988009775
55007,0,1,0,True,True,0.21109886717468995
55010,3,3,3,False,False,0.35776159037657623
55032,3,3,0,False,False,0.26655825479223155
55034,3,0,3,True,True,0.12352055544978315
55066,0,0,0,False,False,0.40796551251345275
55078,2,2,2,False,False,0.6657049179131227
55102,1,2,1,True,True,0.15390734290757255
55133,0,0,0,False,False,0.44041840843135266
55136,0,0,2,False,False,0.2700671371061369
55139,0,0,0,False,False,0.7215041690624827
55159,3,0,3,True,True,0.1052514131325229
55161,1,1,1,False,False,0.6281228304704692
55165,0,1,0,True,True,0.2316645484582606
55183,2,3,2,True,True,0.25000540904536817
55195,1,2,1,True,True,0.27692188018498354
55213,3,3,3,False,False,0.7790125225104663
55222,1,1,1,False,False,0.9050548068370204
55233,1,2,1,True,True,0.29634812731669896
55242,2,2,2,False,False,0.5670055446195758
55250,1,1,1,False,False,0.5388780276376648
55269,1,1,1,False,False,0.33493342073549687
55288,1,1,1,False,False,0.6278432428080318
55293,1,2,1,True,True,0.19307611361907537
55310,0,1,0,True,True,0.141096194115382
55312,0,1,0,True,True,0.06026925192279744
55331,3,3,3,False,False,0.47785801833808444
55335,0,1,0,True,True,0.2212735756261432
55339,2,2,2,False,False,0.36022805331526003
55342,3,3,3,False,False,0.8103928076599772
55351,1,1,1,False,False,0.5427665499104425
55356,1,1,1,False,False,0.3410364195323371
55358,3,0,3,True,False,0.2517441886091491
55361,3,3,3,False,False,0.7402958679302352
55362,3,0,3,True,True,0.21372494216947205
55372,3,3,3,False,False,0.6364691025703402
55389,0,1,0,True,True,0.18470898361475954
55397,0,0,0,False,False,0.6398674286672138
55400,2,2,2,False,False,0.6805527903714972
55434,2,2,2,False,False,0.7784515331324546
55436,2,3,2,True,True,0.1367141504349002
55453,0,0,0,False,False,0.6119196954048023
55466,1,2,1,True,True,0.19511082946650907
55476,0,1,0,True,True,0.32819278524477696
55498,3,3,3,False,False,0.512924727477272
55518,1,1,1,False,False,0.48873320277682647
55554,1,1,1,False,False,0.9212334781699052
55556,1,2,1,True,True,0.2645298847869637
55561,2,2,3,False,False,0.3147737308542363
55580,0,0,0,False,False,0.8677895583831872
55582,0,0,0,False,False,0.7782160938045013
55595,0,0,0,False,False,0.7272234145521732
55603,0,0,0,False,False,0.6862294570423921
55607,0,0,0,False,False,0.6506328217539459
55628,1,2,1,True,True,0.17880964106182554
55668,0,0,0,False,False,0.47041308529612397
55671,0,0,1,False,True,0.07791893101323986
55685,1,2,1,True,True,0.14869525940429185
55692,1,1,1,False,False,0.8156677150416567
55694,1,1,1,False,False,0.7724454527928389
55697,2,2,3,False,True,0.2230965626708917
55718,0,0,0,False,False,0.5058293229231683
55722,3,3,3,False,False,0.45687686049622567
55733,0,0,0,False,False,0.7265824924839613
55762,0,0,0,False,False,0.38981887891543304
55766,0,0,0,False,False,0.45344747037222183
55775,0,1,1,True,False,0.49744327409554895
55784,1,1,1,False,False,0.6344153396167233
55791,1,2,1,True,True,0.15299136220919535
55792,0,0,0,False,False,0.7505516018704101
55795,2,2,2,False,False,0.7696805397563276
55803,2,2,2,False,False,0.4326284343978121
55819,0,0,0,False,False,0.723500282021912
55837,0,0,0,False,False,0.673215503807968
55867,1,1,1,False,False,0.4309294368325384
55869,0,1,0,True,True,0.3217494621648161
55872,1,1,1,False,False,0.7944318296353614
55893,1,1,1,False,False,0.4970923770343025
55896,1,1,1,False,False,0.5473202814832796
55902,0,1,0,True,True,0.08157082629723625
55926,3,0,3,True,True,0.15553855000813022
55930,1,1,1,False,False,0.773390526296245
55944,1,1,1,False,False,0.8285327951994148
55963,2,2,2,False,False,0.6116765818020942
55981,0,1,1,True,False,0.5455703161411298
55991,1,1,1,False,False,0.7158682907136782
55999,2,3,3,True,False,0.4420320613950981
56001,0,0,0,False,False,0.6091040926211531
56013,2,2,2,False,False,0.3016201508431271
56027,2,2,3,False,True,0.21166925909501522
56031,0,1,0,True,True,0.1466059993079751
56049,0,0,0,False,False,0.5532908340633164
56059,1,2,1,True,True,0.061201954677582694
56063,0,0,0,False,False,0.5228656859147521
56067,0,0,0,False,False,0.62960911816647
56110,3,3,3,False,False,0.7767829814770678
56156,2,2,2,False,False,0.3609349754575392
56161,1,2,1,True,True,0.22272645124884233
56168,3,3,3,False,False,0.586048370169238
56177,0,0,0,False,False,0.4568573167143311
56192,1,1,1,False,False,0.7090164501024723
56201,1,1,1,False,False,0.7603242115640604
56208,0,0,0,False,False,0.5618380957128413
56219,0,0,1,False,False,0.28776907818325076
56227,2,3,2,True,True,0.1601934442524028
56229,1,2,1,True,True,0.19938339132366772
56234,0,0,0,False,False,0.6835882721946522
56236,2,2,2,False,False,0.6009870369608431
56237,3,3,3,False,False,0.4563588053132394
56250,0,0,0,False,False,0.738631899369804
56263,0,0,0,False,False,0.7231911012368166
56267,1,1,1,False,False,0.5533137023646986
56270,0,0,0,False,False,0.7922825327054783
56281,1,1,1,False,False,0.7249163817589276
56282,2,2,2,False,False,0.3478504262102142
56283,1,1,1,False,False,0.5461278070562031
56284,1,1,1,False,False,0.5108446622071546
56290,0,0,0,False,False,0.8386118880417373
56306,0,0,0,False,False,0.550973890098272
56316,1,1,1,False,False,0.7993912990656128
56317,1,1,1,False,False,0.7391703625498707
56323,1,1,1,False,False,0.6517844278497997
56329,2,2,2,False,False,0.7706155486612388
56330,2,2,2,False,False,0.529438946461845
56337,2,3,2,True,True,0.16757827141847134
56359,0,0,0,False,False,0.7630910423825111
56368,1,1,1,False,False,0.7352248492362605
56383,1,1,1,False,False,0.7021413500795395
56390,0,1,0,True,True,0.2056728239108004
56402,1,1,1,False,False,0.5948721528122207
56409,1,2,1,True,True,0.25061642063760986
56418,2,2,3,False,True,0.24019300649530773
56455,1,1,1,False,False,0.5608058309063186
56478,1,2,1,True,True,0.1541655820789524
56487,3,0,3,True,True,0.16471240595504366
56493,1,1,1,False,False,0.9087425794046571
56497,0,1,0,True,True,0.10912210665614802
56498,0,0,0,False,False,0.7486275499899729
56500,0,0,0,False,False,0.7737651396103535
56524,3,3,3,False,False,0.6109642507026708
56532,3,3,3,False,False,0.35615326888821686
56540,2,2,2,False,False,0.678253837289399
56543,0,0,0,False,False,0.621032753693737
56544,0,0,0,False,False,0.44462781392127587
56573,0,0,1,False,True,0.07129836258796896
56589,0,0,1,False,True,0.071714791961338
56611,2,2,2,False,False,0.5075595017559922
56624,0,0,0,False,False,0.41826007503263757
56636,0,1,1,True,False,0.425953656709475
56665,0,1,0,True,False,0.2825782481250696
56673,0,0,0,False,False,0.8089537859312512
56679,1,1,1,False,False,0.7238571183536711
56686,2,2,2,False,False,0.41407053226374163
56689,2,3,3,True,False,0.47297792242665926
56718,3,3,1,False,True,0.17314403105304943
56720,1,1,1,False,False,0.7885865970601696
56722,1,1,1,False,False,0.6998725775009023
56727,3,3,0,False,True,0.16492055604729694
56732,1,1,1,False,False,0.7177936287230503
56754,2,2,2,False,False,0.5531385346889148
56761,0,1,0,True,True,0.2630088069997146
56766,0,0,0,False,False,0.5555169790558545
56782,1,1,1,False,False,0.7854975298438903
56784,1,1,1,False,False,0.7443783169322188
56787,1,1,1,False,False,0.5807638354132122
56815,1,1,1,False,False,0.49346529782158893
56824,3,3,3,False,False,0.6808175070930619
56845,3,3,0,False,False,0.30349550661908214
56846,3,3,3,False,False,0.5967709467343706
56852,2,2,2,False,False,0.6306376948590668
56853,3,3,3,False,False,0.5462299204737984
56870,1,1,1,False,False,0.631690048169898
56881,1,1,0,False,True,0.21467648187212324
56884,1,1,1,False,False,0.3080582987602517
56893,2,3,2,True,True,0.10061363640855304
56897,1,2,1,True,True,0.16741272334637994
56904,1,1,1,False,False,0.7052792705843008
56905,1,1,1,False,False,0.7255078861523576
56909,3,3,3,False,False,0.513767653058508
56915,3,3,3,False,False,0.5498505925348068
56918,0,0,1,False,False,0.3544445158885269
56921,2,2,2,False,False,0.6725519508455047
56949,1,1,1,False,False,0.8255926786819372
56966,0,0,0,False,False,0.9096964822351314
56985,3,3,3,False,False,0.5910472275962985
56996,1,1,1,False,False,0.5662476956250124
57004,0,0,0,False,False,0.7333197289964383
57026,3,3,3,False,False,0.7995781077213682
57058,3,3,1,False,False,0.3098521325739609
57060,1,1,1,False,False,0.7279834616944695
57061,1,1,1,False,False,0.5550471778182726
57072,2,3,2,True,True,0.11426768523093736
57075,3,3,0,False,True,0.21936567604440227
57080,0,0,0,False,False,0.5007543481064725
57090,2,2,2,False,False,0.7526680830466428
57102,1,1,1,False,False,0.5918806393767159
57116,3,3,3,False,False,0.3342755653542756
57131,1,1,1,False,False,0.7374641534205988
57142,1,1,1,False,False,0.3943990620073261
57146,0,0,0,False,False,0.5905376048724555
57154,2,2,3,False,False,0.39726206946901665
57170,2,2,0,False,False,0.33683530316699284
57186,1,1,2,False,True,0.15160244109421672
57194,3,3,3,False,False,0.7227039446543831
57196,0,0,0,False,False,0.8049751412774053
57197,0,0,0,False,False,0.636059816834066
57225,0,0,2,False,True,0.12048434254063206
57273,2,2,2,False,False,0.5343393197621306
57284,2,3,2,True,True,0.19903226112193906
57287,2,2,2,False,False,0.6190049420552038
57304,0,0,0,False,False,0.3615072463426928
57305,0,0,2,False,True,0.14682899139753286
57310,3,0,2,True,True,0.11855791921872125
57329,0,0,0,False,False,0.44684394571889036
57354,3,3,3,False,False,0.6207440099597918
57374,2,2,3,False,True,0.319080651597681
57394,0,0,0,False,False,0.6698081140391359
57400,3,0,3,True,True,0.19753474674995752
57409,1,1,1,False,False,0.7635031117217558
57425,1,1,1,False,False,0.7649870690975084
57427,1,1,1,False,False,0.6558403393387993
57437,3,3,3,False,False,0.34732202521066163
57443,3,3,3,False,False,0.6128595781982872
57467,3,0,2,True,True,0.10850463088390142
57471,3,0,3,True,True,0.1581195380869054
57496,2,2,2,False,False,0.8950774436693918
57510,2,3,2,True,True,0.06602762780102711
57513,2,2,2,False,False,0.8322742293616654
57540,2,3,2,True,True,0.22681588525590712
57556,2,2,2,False,False,0.667212275816162
57577,1,2,1,True,True,0.2100351101505219
57588,1,1,1,False,False,0.7039982530486776
57590,0,0,0,False,False,0.32559517622931317
57591,0,0,1,False,False,0.2894028412954298
57601,3,3,3,False,False,0.6441836847404577
57606,0,0,0,False,False,0.4101732369504676
57608,0,0,0,False,False,0.6424180047036745
57618,2,2,2,False,False,0.7347902796935069
57630,3,3,3,False,False,0.7655863328482554
57632,2,2,2,False,False,0.7077338811970896
57636,0,0,0,False,False,0.417710892238886
57644,1,1,1,False,False,0.5290515626048345
57649,0,0,0,False,False,0.5075757885533646
57654,2,3,3,True,False,0.3769968923280429
57665,2,3,2,True,True,0.2208282039069271
57683,0,0,0,False,False,0.6271439538095713
57689,1,1,1,False,False,0.47988685834186856
57696,2,2,2,False,False,0.5791323148327039
57711,2,2,3,False,True,0.26562887153767567
57714,3,3,3,False,False,0.644353487456309
57716,1,2,1,True,True,0.11544590132835536
57720,0,1,2,True,False,0.25869839887475865
57726,2,2,2,False,False,0.410996334229631
57804,3,3,3,False,False,0.6748328851156842
57820,2,2,2,False,False,0.5463751544852754
57822,1,1,1,False,False,0.6526278796361655
57826,0,1,0,True,True,0.0750897172456892
57849,1,1,1,False,False,0.7330014056424525
57851,0,0,0,False,False,0.4797558653942499
57860,2,3,2,True,True,0.2649022108601073
57868,1,1,1,False,False,0.6687085511527086
57876,1,1,1,False,False,0.7873817636837329
57892,2,2,2,False,False,0.6420150854145698
57896,3,3,3,False,False,0.6346415304673152
57901,2,2,3,False,True,0.20916252026286994
57927,1,2,1,True,True,0.05843576568608783
57931,1,2,1,True,True,0.16700954551745373
57939,2,2,2,False,False,0.8120611010334864
57941,3,0,3,True,True,0.18626228383372137
57948,0,0,0,False,False,0.7715060271919422
57955,0,1,0,True,True,0.14617263146259935
57959,2,2,2,False,False,0.4468992829998428
57965,2,3,3,True,False,0.5670658881703948
57979,0,0,0,False,False,0.6851693636609832
57982,0,0,0,False,False,0.635668463471846
58027,0,0,0,False,False,0.7953145223610064
58053,1,1,1,False,False,0.5251693593580394
58058,2,2,2,False,False,0.6959630249182729
58065,0,0,0,False,False,0.6141653228551606
58079,0,0,0,False,False,0.7761831055725009
58084,2,2,3,False,True,0.26489582365518083
58086,3,3,3,False,False,0.6120154357505293
58113,0,0,0,False,False,0.6848562511100115
58114,2,2,2,False,False,0.7552340889610054
58117,3,3,3,False,False,0.6757035989216251
58129,2,2,2,False,False,0.47029563216043313
58137,1,1,1,False,False,0.664767481037288
58172,2,3,2,True,True,0.21936153441392775
58173,2,2,3,False,True,0.20072417566783113
58176,2,2,2,False,False,0.5363490329719283
58177,2,2,2,False,False,0.7141445148435779
58190,1,1,1,False,False,0.4912593046030078
58225,2,2,2,False,False,0.695353190011055
58227,2,2,2,False,False,0.6180497277102172
58242,2,2,2,False,False,0.6357451071911296
58247,2,2,2,False,False,0.7344971198441116
58322,2,2,3,False,True,0.14068860531339206
58348,0,0,0,False,False,0.5610850691943428
58354,2,2,2,False,False,0.4986553408963441
58374,3,3,3,False,False,0.4261676164780659
58384,1,1,1,False,False,0.4657463854614153
58405,2,2,2,False,False,0.547709286179281
58421,0,0,0,False,False,0.6080015390598219
58470,0,0,0,False,False,0.3065885127754333
58486,3,3,3,False,False,0.583524884119479
58493,3,3,0,False,False,0.26176889393892544
58494,3,3,3,False,False,0.6440220356614258
58528,3,3,3,False,False,0.539350403142089
58531,3,3,3,False,False,0.6397451654953004
58543,3,3,3,False,False,0.629762075565214
58558,3,0,3,True,True,0.19602560575537786
58560,2,2,3,False,True,0.14740451507563274
58567,1,1,1,False,False,0.748124434961736
58581,0,1,0,True,True,0.15823486648673957
58587,2,2,2,False,False,0.5733806672619641
58610,0,0,0,False,False,0.7485635820350581
58621,3,3,3,False,False,0.6236146318486714
58643,2,2,2,False,False,0.549565260556718
58651,2,2,2,False,False,0.6627422807387336
58657,3,3,3,False,False,0.3884731737133438
58671,1,1,1,False,False,0.5578493108413977
58673,1,1,1,False,False,0.6823318002196459
58678,0,1,0,True,True,0.27213084062408
58691,3,0,0,True,False,0.40034300325490707
58698,2,2,3,False,True,0.28165410789670975
58706,0,0,0,False,False,0.5464240647961266
58708,3,3,3,False,False,0.6673198384995502
58756,2,2,3,False,True,0.2524991679310147
58760,0,1,2,True,True,0.09412804553161573
58761,0,0,0,False,False,0.4644010167401352
58766,3,3,3,False,False,0.5553589066450657
58768,3,3,3,False,False,0.4442321624193873
58775,3,0,3,True,True,0.22646701754468826
58794,3,3,3,False,False,0.4703906172766677
58809,2,2,2,False,False,0.373629897511577
58829,3,0,3,True,True,0.13215176007204624
58842,3,3,3,False,False,0.5663554544083166
58856,2,2,2,False,False,0.5486653279672045
58866,2,2,2,False,False,0.3919293615994772
58869,2,2,2,False,False,0.4188397690894063
58882,1,2,1,True,True,0.15352334874317305
58883,1,1,1,False,False,0.7856225393138964
58904,0,0,1,False,True,0.14635609976398326
58908,0,0,0,False,False,0.6399781913530939
58909,1,2,1,True,True,0.19420502444382806
58930,3,3,3,False,False,0.36006950706476104
58935,0,0,0,False,False,0.5466072959689545
58938,3,3,3,False,False,0.6936796820425833
58954,1,1,1,False,False,0.5699832199904289
58989,2,2,0,False,True,0.08870686389788435
58993,0,0,0,False,False,0.49074182854660825
58999,2,2,2,False,False,0.5192248347164855
59036,0,0,0,False,False,0.6032212100366005
59048,1,1,1,False,False,0.45291596571856674
59061,2,2,3,False,False,0.33640294685726846
59101,3,3,3,False,False,0.5319741686331768
59113,1,1,1,False,False,0.5207948725635122
59134,0,0,0,False,False,0.7312829380416911
59146,3,0,3,True,True,0.17078165059571243
59168,2,3,2,True,True,0.3071974375589595
59177,3,3,3,False,False,0.558247161385788
59199,3,0,3,True,True,0.15844307527562693
59203,3,3,3,False,False,0.46704183542380445
59309,0,0,2,False,False,0.2623904738830507
59317,3,0,3,True,True,0.15994091535131716
59319,3,3,3,False,False,0.3283001417967119
59329,3,3,3,False,False,0.7363494895438983
59334,2,2,2,False,False,0.751741519154323
59357,1,1,1,False,False,0.5893582865395495
59381,2,2,2,False,False,0.7205230227643259
59388,2,2,2,False,False,0.3488902853651148
59394,0,0,0,False,False,0.409697025548749
59395,0,0,2,False,False,0.38881723845008714
59400,3,3,3,False,False,0.5572798837876021
59414,2,3,3,True,False,0.5557368773740524
59417,3,3,3,False,False,0.3952421011927023
59424,3,3,3,False,False,0.743269777362961
59427,1,1,1,False,False,0.6662054818994462
59434,3,3,3,False,False,0.6112360616458207
59453,0,0,0,False,False,0.5439773057783084
59469,1,1,1,False,False,0.505771239209873
59474,3,3,3,False,False,0.4600638678256192
59481,2,2,3,False,True,0.2012208077767673
59482,3,3,3,False,False,0.6338815869328764
59487,0,1,0,True,True,0.22563589814564491
59493,3,3,3,False,False,0.4393798485357533
59498,2,2,3,False,True,0.2913216911328396
59502,3,0,3,True,True,0.09753888292374126
59518,0,0,0,False,False,0.7821547733173474
59519,0,0,0,False,False,0.6386915366198714
59532,3,3,0,False,True,0.2095091538088917
59538,2,2,2,False,False,0.5487934795830375
59551,0,0,0,False,False,0.6326692452677909
59560,2,2,2,False,False,0.6797586103684308
59565,3,3,3,False,False,0.47118064690267847
59573,3,3,3,False,False,0.5450464286649581
59574,3,3,3,False,False,0.6878036970667608
59576,0,1,0,True,True,0.0825345487516468
59587,2,2,2,False,False,0.45043236388228564
59610,1,1,1,False,False,0.6656559129252078
59612,0,1,0,True,True,0.15983524890687334
59620,2,2,2,False,False,0.3934202824808269
59621,1,1,1,False,False,0.6978590256433314
59622,1,2,1,True,True,0.1123352936316179
59637,1,1,1,False,False,0.7382195198855236
59640,2,2,2,False,False,0.7175954510167135
59678,2,2,3,False,True,0.2858530981839319
59701,2,2,2,False,False,0.4828642459923415
59711,3,3,3,False,False,0.4058546183131572
59715,1,2,1,True,True,0.20824030270372082
59720,0,0,0,False,False,0.3614624739739547
59722,2,2,2,False,False,0.508971614269334
59729,3,3,2,False,True,0.3831308166629441
59732,3,0,3,True,False,0.24594917446076717
59740,3,3,3,False,False,0.35307697648160624
59796,3,3,3,False,False,0.7068359041519028
59807,2,2,2,False,False,0.8189128202848015
59815,3,3,3,False,False,0.7109858272767853
59822,1,1,1,False,False,0.5407905852506827
59842,2,2,2,False,False,0.7265091406016227
59864,3,3,1,False,False,0.28105553647890547
59869,0,1,0,True,True,0.16443157066344016
59871,2,2,2,False,False,0.5525034059338613
59884,0,0,0,False,False,0.7310819386486167
59889,2,2,3,False,True,0.16861948472989938
59895,3,3,3,False,False,0.6629122007669281
59899,0,1,3,True,False,0.2873321801504017
59915,2,2,3,False,False,0.36808214779754117
59923,2,3,2,True,True,0.3774416349769738
59965,1,1,1,False,False,0.6183378468214491
59980,1,1,1,False,False,0.5008728137588472
59997,3,3,3,False,False,0.37672780686111706
60026,2,2,3,False,False,0.2872745528268709
60036,2,2,2,False,False,0.6506165115438438
60041,2,3,2,True,True,0.2888369535845166
60044,0,0,0,False,False,0.6858481234969241
60071,2,2,3,False,True,0.2953385399398439
60074,1,2,1,True,True,0.21446713536678666
60122,0,0,0,False,False,0.7428719385667963
60123,0,1,0,True,True,0.15735759949743305
60130,2,2,2,False,False,0.6782166015687936
60135,0,0,0,False,False,0.37973950328547745
60158,3,0,3,True,True,0.18448676292934185
60173,2,2,2,False,False,0.5415892864951243
60206,2,2,2,False,False,0.33535277110333506
60212,2,2,2,False,False,0.6051642208927074
60213,0,0,0,False,False,0.708452134831338
60214,2,2,3,False,False,0.318470379679991
60257,1,1,2,False,True,0.19559384848652295
60273,1,1,1,False,False,0.6040903744876529
60280,1,1,1,False,False,0.6686648588040779
60289,1,1,1,False,False,0.4904847345288076
60290,1,2,1,True,True,0.23619007574450665
60291,1,2,1,True,False,0.35030798292069
60299,3,3,3,False,False,0.41804504840175505
60309,2,3,3,True,False,0.7449733686107666
60311,2,3,3,True,False,0.4238368047798429
60318,3,3,3,False,False,0.8108439393965949
60333,3,3,3,False,False,0.6631126344197039
60334,3,3,3,False,False,0.5974779398692344
60351,2,2,3,False,True,0.32129925733420395
60387,0,0,0,False,False,0.5747086483866077
60397,0,1,0,True,True,0.15709218643834022
60399,2,2,2,False,False,0.7189428741924676
60413,3,3,3,False,False,0.510688282110417
60414,1,1,1,False,False,0.5450577936583964
60415,1,2,1,True,True,0.2227910136324034
60430,2,2,2,False,False,0.6150676974648721
60437,0,0,2,False,True,0.21516276754526806
60446,3,3,3,False,False,0.8142855958054794
60483,3,3,2,False,True,0.28819025880845456
60488,3,3,3,False,False,0.6497921751270697
60490,3,3,3,False,False,0.606713926464986
60491,0,0,0,False,False,0.6262089958737082
60498,3,3,3,False,False,0.4675668005681003
60534,3,3,3,False,False,0.8135713316073597
60593,1,1,1,False,False,0.4043505629750841
60602,0,0,0,False,False,0.837305608769546
60603,2,2,2,False,False,0.4498994298079271
60624,0,0,0,False,False,0.72405066154204
60658,3,3,3,False,False,0.5018518708500233
60683,0,0,0,False,False,0.5196703627349617
60692,3,0,3,True,True,0.11236768804794553
60708,1,1,1,False,False,0.5894703777935978
60711,3,0,3,True,True,0.1591622003697687
60713,3,3,3,False,False,0.8329156305973963
60715,2,2,2,False,False,0.6855541731267719
60739,1,1,1,False,False,0.5540604973494215
60748,2,2,2,False,False,0.6025822905531678
60760,0,0,0,False,False,0.8425595498723595
60771,0,0,1,False,True,0.04751080089424672
60774,3,3,3,False,False,0.49914785305570686
60785,2,2,2,False,False,0.6827789442619029
60799,1,1,1,False,False,0.849156918003942
60803,1,1,1,False,False,0.6258230112621508
60816,3,3,3,False,False,0.7675772401544009
60820,2,2,2,False,False,0.6006881956861595
60829,1,2,1,True,True,0.15999802182496467
60837,3,3,3,False,False,0.5760867836675538
60840,3,3,3,False,False,0.5450686852130424
60883,3,0,3,True,True,0.13143197653537797
60885,0,1,0,True,True,0.11232989396078578
60886,0,0,0,False,False,0.6823005220706349
60887,0,0,3,False,True,0.23983364162387508
60904,2,2,2,False,False,0.8020222652881873
60918,3,3,3,False,False,0.4711919529539321
60940,1,1,1,False,False,0.7120479035162685
60950,2,2,2,False,False,0.4864093960803007
60952,2,3,2,True,True,0.14107317156768667
60958,2,2,2,False,False,0.4037733670721684
60965,1,1,1,False,False,0.7336018352722724
60969,1,1,1,False,False,0.4546273184447038
60988,2,2,2,False,False,0.7236629377567073
60989,0,1,0,True,False,0.37591351338931717
61008,2,2,3,False,False,0.28452439244497735
61043,0,0,0,False,False,0.48592197318632335
61044,0,0,1,False,False,0.2927894609732884
61055,1,1,2,False,False,0.27493994849168396
61087,0,0,0,False,False,0.779877697456434
61101,2,3,2,True,True,0.10240940261499347
61102,2,2,2,False,False,0.46493338538539636
61108,3,3,3,False,False,0.6103184967292266
61135,3,0,3,True,True,0.22232721470017222
61137,1,2,1,True,True,0.31350431944911533
61139,2,2,2,False,False,0.7250798691436781
61163,3,0,3,True,False,0.34037848049636976
61168,0,0,0,False,False,0.5688566597071898
61184,3,3,3,False,False,0.7611440035189798
61190,1,2,1,True,True,0.21913134175527493
61209,1,2,3,True,False,0.22589874715289998
61221,3,0,3,True,True,0.17720170611084854
61239,2,2,3,False,True,0.10565406433606006
61253,0,1,0,True,True,0.1252099278414557
61259,2,2,3,False,True,0.22874129850365799
61266,1,1,1,False,False,0.6202485307982483
61274,2,2,0,False,False,0.30283558881674993
61290,1,1,1,False,False,0.8582809960445754
61296,2,2,2,False,False,0.6840259669846188
61301,1,2,1,True,True,0.059099197794788505
61304,1,1,1,False,False,0.6137828106780605
61305,2,3,2,True,True,0.184609175400725
61320,0,0,0,False,False,0.5526041290071219
61324,3,3,3,False,False,0.42939772532215637
61341,3,0,3,True,True,0.15445765232684755
61344,0,0,0,False,False,0.5244365230353969
61370,3,3,3,False,False,0.5956195687598071
61392,0,0,0,False,False,0.7355181899457959
61394,0,0,0,False,False,0.44364175274199935
61398,3,3,3,False,False,0.3994916008951975
61414,2,2,3,False,True,0.11374413047678161
61437,2,2,2,False,False,0.7058122049331451
61464,2,3,0,True,False,0.278264425275703
61483,2,2,2,False,False,0.7596958555438623
61484,2,3,2,True,True,0.24556388299297635
61485,2,2,2,False,False,0.7268103535129552
61495,3,3,3,False,False,0.6683357650863139
61539,0,1,0,True,True,0.22623196445636728
61555,0,0,0,False,False,0.5232628061558371
61566,0,0,0,False,False,0.6410528843343414
61570,0,0,0,False,False,0.6456022254625223
61577,2,2,2,False,False,0.3821048238621721
61601,3,3,3,False,False,0.487268009439338
61605,3,3,3,False,False,0.43183643872768557
61618,1,1,2,False,False,0.39126715648807464
61663,0,0,0,False,False,0.5487387757443779
61679,3,3,3,False,False,0.49549617783309363
61680,1,1,1,False,False,0.8699279136908851
61692,2,2,3,False,False,0.4085392923626134
61695,2,2,2,False,False,0.4408070644740208
61709,0,0,0,False,False,0.5182823800881665
61714,2,2,2,False,False,0.6440106631981596
61734,1,1,1,False,False,0.5699280226518717
61742,3,0,1,True,True,0.19835869875957726
61747,3,3,3,False,False,0.6903375669308505
61750,3,3,3,False,False,0.3893431645453835
61759,2,2,2,False,False,0.8719546345903093
61763,2,3,2,True,True,0.10961824216558412
61767,2,3,3,True,False,0.3886358286244225
61770,2,2,2,False,False,0.38383402852870413
61771,3,3,3,False,False,0.31971052231357916
61797,3,3,3,False,False,0.48074978186990636
61798,3,3,3,False,False,0.44730896581652363
61809,1,1,1,False,False,0.5786929133433978
61813,3,3,3,False,False,0.43037282050214554
61819,3,3,3,False,False,0.6987128837058829
61824,3,0,3,True,True,0.23181231147439013
61845,3,3,3,False,False,0.5088259574985862
61860,2,2,2,False,False,0.700446264449815
61899,0,0,0,False,False,0.6350876812752252
61945,2,2,3,False,True,0.11783404518478505
61947,3,3,0,False,False,0.24408102075159746
61954,2,3,2,True,True,0.23079746699872067
61959,2,2,2,False,False,0.5249207369561866
61990,3,3,3,False,False,0.5287499956481354
61994,1,1,1,False,False,0.616282677548946
62001,3,3,3,False,False,0.46942736148750597
62008,0,0,1,False,False,0.27440048782880794
62009,0,0,0,False,False,0.588417852656113
62019,0,0,3,False,False,0.26734068783373277
62023,2,2,2,False,False,0.7178961943668731
62029,3,3,3,False,False,0.6410060625138458
62034,1,2,1,True,False,0.3403558674230022
62036,1,1,1,False,False,0.48068578381725874
62040,0,1,0,True,True,0.259373391174976
62046,3,3,1,False,False,0.35100877264557756
62060,0,0,0,False,False,0.9017043912399041
62088,1,1,1,False,False,0.33511112486112604
62089,2,2,2,False,False,0.7043808799679298
62093,0,0,0,False,False,0.5150499553468755
62095,1,1,1,False,False,0.6939638144074356
62097,1,1,3,False,False,0.19504031560889382
62098,0,0,0,False,False,0.5243099167196783
62101,1,1,1,False,False,0.29992928514896894
62127,0,0,0,False,False,0.6553713070577002
62131,2,2,2,False,False,0.6030338721983477
62136,2,2,2,False,False,0.7573550123451396
62154,1,1,1,False,False,0.7766644559369054
62158,2,2,2,False,False,0.42284422145179784
62162,1,1,1,False,False,0.6986100935005222
62175,0,0,3,False,False,0.3041772212829607
62185,0,0,0,False,False,0.5839231360484892
62198,1,1,1,False,False,0.7024102559005851
62203,0,0,0,False,False,0.3472640790714193
62206,0,0,0,False,False,0.4780169180799071
62244,0,0,0,False,False,0.7866821963355111
62286,3,3,3,False,False,0.4599857984227357
62342,2,2,2,False,False,0.788775123409879
62357,2,3,2,True,False,0.3500738615544271
62370,2,2,2,False,False,0.5723526472097311
62371,1,1,1,False,False,0.8135898224708465
62390,3,0,0,True,False,0.541433335283845
62406,0,0,1,False,False,0.23221719204613678
62410,2,3,2,True,True,0.2734521723080698
62420,0,0,1,False,False,0.28592524240353184
62428,1,2,1,True,True,0.2415764827959829
62445,1,1,1,False,False,0.5707274747612872
62509,0,1,0,True,True,0.0703541837626417
62518,2,2,2,False,False,0.5278560322447462
62529,1,1,1,False,False,0.6314595237138289
62531,0,0,0,False,False,0.45277833659114497
62535,3,3,3,False,False,0.5546536709132538
62559,2,3,2,True,True,0.20837101989738702
62566,3,3,3,False,False,0.7782384520598418
62571,3,0,3,True,True,0.15913563802459518
62590,0,0,0,False,False,0.41378104492982565
62595,2,2,3,False,True,0.14532919614634834
62600,0,0,0,False,False,0.3879696648574817
62621,2,2,0,False,True,0.1168306258988343
62623,0,0,0,False,False,0.5877783455849226
62628,2,2,2,False,False,0.33158079747479546
62633,2,2,2,False,False,0.2837847902736017
62650,1,1,1,False,False,0.6364575031324257
62652,2,2,2,False,False,0.41257612016301626
62675,1,1,1,False,False,0.6919445818278551
62681,1,1,1,False,False,0.7416940962169921
62692,1,1,1,False,False,0.7066498512668757
62701,3,3,3,False,False,0.47084600137782356
62705,2,2,2,False,False,0.5475638485470378
62708,2,2,1,False,True,0.2159402667424651
62725,1,1,1,False,False,0.5088819294985887
62745,0,0,0,False,False,0.7752010000849814
62757,0,0,0,False,False,0.8717134848169751
62768,3,3,3,False,False,0.7825747729558284
62776,0,0,0,False,False,0.8437716872745211
62788,3,3,3,False,False,0.6172075833039443
62797,0,0,0,False,False,0.5888385200240102
62800,3,3,3,False,False,0.7127236980890564
62806,0,0,0,False,False,0.44600610606268853
62814,0,0,0,False,False,0.6038926104723704
62846,2,2,2,False,False,0.686481998824987
62853,0,0,0,False,False,0.7209836387679011
62860,0,0,1,False,True,0.17738896673947696
62865,3,0,3,True,False,0.2997052338332215
62893,2,2,2,False,False,0.5931657400825442
62941,1,1,1,False,False,0.6561870570253193
62947,2,3,2,True,True,0.17546444820818852
62963,0,0,1,False,False,0.36523252519618604
62984,0,0,0,False,False,0.732554109918266
62988,0,0,0,False,False,0.6967521295303953
62999,1,1,1,False,False,0.7438105868634234
63002,3,3,3,False,False,0.4450360030575342
63003,3,3,1,False,False,0.24717201130722571
63044,2,2,2,False,False,0.8089615595863946
63055,1,1,1,False,False,0.5887922012898187
63067,2,3,2,True,True,0.13053841032135907
63069,2,3,3,True,False,0.42104771627224413
63071,3,3,3,False,False,0.5989152353713276
63104,2,2,2,False,False,0.6232415509358658
63117,2,2,2,False,False,0.7579057655940115
63126,0,0,0,False,False,0.7833880887038706
63154,1,1,1,False,False,0.6444318781212847
63156,1,1,1,False,False,0.6452822071041746
63185,2,2,2,False,False,0.5762491259296194
63190,3,0,3,True,True,0.13363276419988462
63202,3,3,3,False,False,0.6179090484241654
63209,0,0,1,False,False,0.4245648021739434
63216,0,1,0,True,True,0.2938600823383785
63220,0,1,0,True,False,0.28419203384728636
63241,2,3,2,True,True,0.12996968887966381
63248,1,1,1,False,False,0.4393590483590006
63263,2,2,2,False,False,0.423946205647128
63269,2,2,1,False,True,0.17053604449922152
63272,0,0,0,False,False,0.7996211076103142
63290,1,1,1,False,False,0.511441705931411
63303,1,1,1,False,False,0.7133410095258885
63310,1,1,1,False,False,0.6986074747472343
63312,1,1,1,False,False,0.5305597934320218
63317,1,1,1,False,False,0.6112133256229667
63330,2,3,2,True,True,0.2276171098723719
63331,1,1,1,False,False,0.5833562244825757
63372,1,1,1,False,False,0.5614525926861057
63373,1,1,1,False,False,0.6717008579588197
63376,2,2,2,False,False,0.7779819860420173
63378,2,2,2,False,False,0.6079025712614725
63399,0,0,0,False,False,0.7987573060082225
63402,0,0,0,False,False,0.8047443771499081
63403,0,0,0,False,False,0.4227182935361497
63407,0,0,0,False,False,0.7088018578842958
63421,3,3,3,False,False,0.46410807299503437
63423,1,1,1,False,False,0.48982923889128693
63454,3,3,3,False,False,0.7179551736388694
63462,1,2,1,True,True,0.21846569889313328
63480,2,2,2,False,False,0.6122090920069061
63482,3,3,3,False,False,0.3982334618479355
63494,1,2,1,True,True,0.17746962396202226
63498,3,3,3,False,False,0.5177729889774538
63499,3,3,0,False,False,0.32402666851112283
63500,0,0,0,False,False,0.7222798990206918
63504,1,2,1,True,True,0.09561876018665869
63505,1,1,1,False,False,0.6180257848476421
63530,2,2,2,False,False,0.5439018656663926
63532,2,2,2,False,False,0.5024339762785262
63538,1,1,1,False,False,0.561066047962516
63539,1,1,1,False,False,0.6155020374333993
63541,0,1,0,True,True,0.2202953819215995
63544,0,0,0,False,False,0.8154984906205837
63550,0,0,0,False,False,0.315094467140778
63567,2,2,2,False,False,0.6289397474218592
63579,3,3,3,False,False,0.7811634738676277
63590,3,3,3,False,False,0.530602614629011
63593,0,0,0,False,False,0.4728899615106121
63618,1,1,1,False,False,0.45398499886776267
63627,0,1,0,True,True,0.1165779072528032
63630,2,2,2,False,False,0.8543118345066647
63671,2,3,2,True,True,0.21259529598392274
63673,3,3,3,False,False,0.5348644725303817
63694,1,1,1,False,False,0.40634732274568036
63717,1,1,1,False,False,0.6887375230133952
63718,1,1,1,False,False,0.7549664022501861
63739,3,0,3,True,False,0.1755929509331595
63744,0,0,0,False,False,0.8179898250316503
63746,0,0,0,False,False,0.47031765721189184
63766,0,0,0,False,False,0.7275954118538865
63789,3,3,2,False,False,0.3770572423500107
63793,0,0,0,False,False,0.5454296187677097
63797,0,0,0,False,False,0.5724075727636998
63829,0,0,1,False,False,0.25430652513638685
63832,2,3,3,True,False,0.7111902572051332
63833,2,2,2,False,False,0.637854940320152
63834,2,2,2,False,False,0.6439423393816841
63838,1,1,1,False,False,0.4728480082250827
63851,0,1,0,True,True,0.09126791555517468
63852,2,2,2,False,False,0.39333174753924105
63874,1,1,1,False,False,0.4982081564854949
63879,1,1,1,False,False,0.7569234882082541
63888,2,2,2,False,False,0.379613744299117
63909,3,3,3,False,False,0.8183752221659827
63922,3,3,3,False,False,0.7047444005435022
63969,0,1,0,True,True,0.1529479432280406
63977,2,2,2,False,False,0.5950530530761328
63986,3,0,3,True,True,0.117341020147951
63992,1,1,1,False,False,0.375610603715202
63993,1,1,1,False,False,0.5545028673642017
63994,1,2,2,True,False,0.4142005282734016
64007,3,3,3,False,False,0.5527167682925194
64032,2,2,2,False,False,0.464637756209037
64036,2,3,2,True,True,0.3254625502500665
64054,2,2,1,False,True,0.2510887501548302
64067,3,3,3,False,False,0.41138796346027473
64075,3,3,0,False,False,0.3237754989256397
64084,1,2,1,True,True,0.30051623204317934
64086,3,3,3,False,False,0.5151493693960799
64093,3,0,3,True,True,0.12721487406043433
64098,3,0,3,True,True,0.2536498254854185
64099,3,3,3,False,False,0.6179566217529933
64104,0,0,0,False,False,0.8595616743131926
64124,0,0,0,False,False,0.4308155043770939
64125,0,0,0,False,False,0.6398421294448616
64140,0,1,0,True,True,0.2578562503360401
64175,3,3,3,False,False,0.6497960987990838
64181,1,1,1,False,False,0.429866300917374
64196,3,3,3,False,False,0.6586868907472051
64197,1,1,1,False,False,0.4497001822650204
64198,1,1,1,False,False,0.7249298651819236
64217,0,0,0,False,False,0.5459085832487944
64234,3,3,3,False,False,0.46745286527581786
64243,2,2,2,False,False,0.6382203982228448
64245,2,3,2,True,True,0.28697699095757967
64276,1,1,1,False,False,0.3933542747154793
64287,3,3,3,False,False,0.679937721251341
64288,3,3,2,False,True,0.43618013379874704
64294,0,1,0,True,True,0.18176563204245078
64305,1,1,1,False,False,0.4729884257130893
64309,0,1,0,True,True,0.14812868943477092
64343,0,0,1,False,False,0.3252108834163261
64348,2,2,2,False,False,0.4333825256383702
64353,3,3,3,False,False,0.5955312146699744
64369,1,1,1,False,False,0.5667234002439762
64381,1,1,1,False,False,0.6858965928588151
64393,2,2,2,False,False,0.499809363356093
64421,1,2,1,True,True,0.06338626350270259
64451,3,3,3,False,False,0.7634120632231581
64500,2,2,2,False,False,0.5443804512036712
64505,2,3,2,True,True,0.2056284269451941
64509,0,0,2,False,True,0.15617705910291899
64523,2,2,2,False,False,0.523164263120826
64545,1,1,1,False,False,0.29510015851368293
64558,1,1,1,False,False,0.45200702153633016
64592,1,1,1,False,False,0.6933586596182718
64595,0,1,0,True,True,0.19094980792547372
64603,3,3,3,False,False,0.6404298686359144
64613,2,2,2,False,False,0.546140288040647
64620,0,0,0,False,False,0.7580443154217704
64623,3,3,3,False,False,0.3883920214662827
64634,3,3,0,False,False,0.2645447386950845
64637,2,3,2,True,True,0.25910515968899994
64643,0,0,0,False,False,0.6974544154173434
64647,0,0,0,False,False,0.699541095261112
64649,3,3,0,False,False,0.2753668212721824
64667,3,3,3,False,False,0.4573664671946944
64685,0,0,2,False,True,0.08764299208818088
64686,3,3,0,False,False,0.23767375277896322
64718,0,0,2,False,True,0.12928308807060512
64724,2,2,2,False,False,0.5875375259945004
64743,0,0,0,False,False,0.7934463899556082
64755,3,3,3,False,False,0.74376547461009
64768,3,3,3,False,False,0.6466591994016759
64805,1,2,1,True,True,0.04093531773491307
64808,0,1,0,True,True,0.1367502823189497
64815,1,1,1,False,False,0.4151418490595274
64816,1,1,1,False,False,0.46682290676702004
64824,2,2,2,False,False,0.852990161201993
64832,2,2,2,False,False,0.6315849680136008
64834,0,0,0,False,False,0.6492945877232629
64874,1,1,1,False,False,0.5180372426894445
64889,2,2,2,False,False,0.7301919140647544
64900,3,3,3,False,False,0.6627059301509329
64919,3,3,2,False,True,0.23717657957756796
64922,3,3,3,False,False,0.3424639974414241
64925,2,2,2,False,False,0.6477669677440643
64931,0,0,0,False,False,0.497851156754645
64935,0,0,0,False,False,0.6145366409943639
64945,2,2,2,False,False,0.7004960355510648
64948,2,2,2,False,False,0.5674082368065159
64998,0,0,2,False,False,0.30015984961283815
65000,2,2,2,False,False,0.7533549018453413
65008,0,0,0,False,False,0.5832314069022964
65045,0,1,0,True,True,0.18044337612816744
65062,1,1,1,False,False,0.5820164498216654
65066,3,3,3,False,False,0.45205579906341464
65084,0,0,0,False,False,0.6267282542877157
65089,2,2,2,False,False,0.5369248335026262
65094,3,3,3,False,False,0.6800794654028728
65096,1,1,3,False,False,0.2709592422923911
65146,2,2,2,False,False,0.5999674054384415
65192,2,2,2,False,False,0.5621142102445358
65193,2,3,2,True,True,0.3287645870220377
65195,3,3,3,False,False,0.516571246407823
65200,2,2,2,False,False,0.7584300860501758
65204,2,2,2,False,False,0.6818462077678528
65221,0,0,0,False,False,0.49962080931044894
65228,3,3,3,False,False,0.30323169474070943
65230,0,1,0,True,True,0.13435655874174543
65250,2,2,2,False,False,0.3293822566542714
65265,2,2,2,False,False,0.34071531843599556
65266,3,3,3,False,False,0.806161415463823
65268,1,1,1,False,False,0.5140403596560229
65282,1,1,1,False,False,0.7418825609243495
65304,3,3,3,False,False,0.8026327903660417
65315,1,1,1,False,False,0.5614392512256997
65316,0,0,0,False,False,0.6165215556896956
65325,3,3,3,False,False,0.6479689203471602
65334,1,1,1,False,False,0.73440594545631
65373,2,2,3,False,True,0.21421713099152337
65378,0,0,0,False,False,0.43817719485631956
65398,1,2,1,True,True,0.28331524802983576
65402,1,1,1,False,False,0.6566966220755094
65429,2,2,2,False,False,0.6499271677801988
65483,1,1,1,False,False,0.44770049544129975
65493,1,1,1,False,False,0.8008348401852723
65521,3,3,3,False,False,0.3480235729865375
65523,3,0,3,True,False,0.31369905683262683
65525,3,3,3,False,False,0.40332527843069127
65534,1,1,1,False,False,0.8689578673091672
65543,2,3,2,True,True,0.24468527298839493
65578,2,3,3,True,False,0.37016481513042204
65592,2,2,2,False,False,0.8135541779197482
65629,3,3,3,False,False,0.8347456703170197
65631,1,1,1,False,False,0.926866476392999
65640,1,2,1,True,True,0.05501606072151729
65641,3,3,3,False,False,0.3225402954706116
65654,1,1,1,False,False,0.44303481555812674
65679,2,2,2,False,False,0.7299270831925806
65694,2,3,3,True,False,0.6346485541183219
65723,0,0,0,False,False,0.8430991415984483
65743,0,1,0,True,True,0.0794120333582036
65748,3,3,3,False,False,0.45716964182535574
65765,3,3,0,False,False,0.23724228533746106
65773,3,3,0,False,True,0.18598354826433602
65780,1,1,1,False,False,0.5534643412016854
65795,1,2,1,True,True,0.13563702014282455
65807,2,2,1,False,False,0.284128154115556
65816,2,2,2,False,False,0.7956660405029953
65827,0,0,0,False,False,0.5007272653430768
65832,3,3,3,False,False,0.4365808269274236
65844,3,3,3,False,False,0.6519454482243164
65851,3,3,3,False,False,0.77776168732943
65855,3,3,3,False,False,0.6906229027021428
65860,2,3,2,True,True,0.1603420450108689
65879,3,3,3,False,False,0.6087709333992362
65910,3,3,3,False,False,0.8736633197959397
65918,0,0,1,False,True,0.1848699144140957
65921,2,2,2,False,False,0.799802627700907
65924,2,2,2,False,False,0.682866303523942
65930,0,1,0,True,True,0.18054085936865025
65936,1,1,1,False,False,0.34869017965874916
65940,2,2,2,False,False,0.4507249289586588
65947,3,3,3,False,False,0.6238512644506047
65963,3,3,3,False,False,0.4695015258905579
65967,0,0,0,False,False,0.7573501312523667
65968,0,1,0,True,True,0.30616821597580707
65970,3,3,3,False,False,0.5670063209179279
65974,0,0,0,False,False,0.7792874749881147
65987,3,3,3,False,False,0.3796236326248988
66003,1,1,1,False,False,0.5953311912476111
66007,0,0,0,False,False,0.49408844840783517
66083,1,2,1,True,True,0.2625331996523978
66109,0,0,0,False,False,0.7889407735261968
66111,2,2,2,False,False,0.5771011421987877
66112,2,2,2,False,False,0.7809093896709858
66132,2,2,2,False,False,0.5800838370733149
66133,3,3,3,False,False,0.3865692865342294
66136,0,0,0,False,False,0.7920502515134055
66145,2,3,1,True,True,0.12673000094570114
66197,2,2,2,False,False,0.8420988035142178
66198,2,2,2,False,False,0.838924201035281
66225,0,0,0,False,False,0.5954813114221654
66228,0,0,0,False,False,0.6982599138686473
66232,3,0,3,True,True,0.17581070800064102
66240,2,3,2,True,False,0.30623298029358437
66255,2,2,2,False,False,0.8978512389056941
66265,2,3,2,True,True,0.233174776694765
66284,0,0,0,False,False,0.7077838635645135
66289,1,1,1,False,False,0.6113211389355865
66291,2,2,2,False,False,0.5389935030137175
66301,0,0,0,False,False,0.5510037525141838
66332,2,2,2,False,False,0.6122625358313312
66343,1,1,1,False,False,0.654366928754983
66383,3,3,3,False,False,0.50758404749692
66393,0,1,0,True,True,0.16147440512238667
66394,1,1,1,False,False,0.6480415805720166
66395,3,3,2,False,True,0.3472366886304787
66396,3,3,3,False,False,0.43928774813874627
66402,0,0,0,False,False,0.8044745135548632
66409,2,2,0,False,False,0.2524069396089405
66414,0,0,0,False,False,0.6277319619144451
66416,3,3,1,False,False,0.28399676850702066
66419,3,3,3,False,False,0.6123720982685098
66440,1,1,1,False,False,0.5139214556577563
66453,2,2,2,False,False,0.6114862969115549
66464,0,0,2,False,False,0.21741912354674856
66485,3,3,3,False,False,0.6589093611678939
66486,1,2,1,True,True,0.1799525727777907
66521,3,3,3,False,False,0.5229669903890884
66536,2,3,3,True,False,0.47120456831736013
66544,3,3,3,False,False,0.5229238237209396
66563,1,2,1,True,True,0.2871909885076831
66571,2,3,0,True,False,0.22783679750850244
66575,3,3,3,False,False,0.7105279361721208
66585,1,1,1,False,False,0.8761989698112956
66589,2,2,2,False,False,0.713219863871019
66599,3,3,3,False,False,0.7042216971410143
66602,1,2,1,True,True,0.2043365562927166
66605,2,2,2,False,False,0.5698690388909103
66606,0,0,0,False,False,0.6589913168518193
66631,1,1,1,False,False,0.7226318247936997
66632,1,2,1,True,True,0.15893063527852222
66636,0,0,0,False,False,0.7048638285242357
66639,0,0,0,False,False,0.3427477092966911
66653,2,2,2,False,False,0.6882010218412694
66655,0,0,0,False,False,0.699824658185304
66678,1,1,1,False,False,0.4704507543550554
66686,2,2,2,False,False,0.8664515484806358
66692,0,0,0,False,False,0.6455568834132752
66713,1,1,1,False,False,0.5752669263720208
66722,2,2,2,False,False,0.337788178816581
66732,3,0,3,True,False,0.3334249984255725
66734,3,3,0,False,False,0.28573520111287326
66753,3,3,3,False,False,0.8045491703430232
66760,2,3,2,True,True,0.17310544893938967
66761,2,2,2,False,False,0.682285040312979
66799,1,1,1,False,False,0.5306784338500474
66820,0,0,0,False,False,0.8130106032624309
66826,1,1,2,False,False,0.3136059409541793
66830,0,0,0,False,False,0.5305461194696032
66849,1,1,2,False,True,0.19021022958612852
66870,3,3,2,False,True,0.29785683274204855
66871,2,2,2,False,False,0.3809851432600131
66874,2,2,2,False,False,0.6173977701388151
66886,3,3,3,False,False,0.4327720496667053
66890,0,0,0,False,False,0.7160857646798839
66893,1,2,0,True,True,0.08558777620119393
66894,1,1,1,False,False,0.8031222850996561
66913,1,2,1,True,True,0.2115795102872308
66927,1,1,1,False,False,0.531340602367053
66935,0,1,0,True,True,0.20932464155242253
66942,1,1,1,False,False,0.6235090737023142
66944,0,1,0,True,True,0.24582430688156626
66949,1,1,3,False,False,0.30435268602852567
66970,2,2,2,False,False,0.7171472642075685
66992,2,2,3,False,False,0.3098571742010824
66994,2,2,0,False,True,0.18623865993679725
67023,2,2,2,False,False,0.5308131619211042
67033,1,1,1,False,False,0.5733305700963525
67035,1,2,3,True,True,0.07521211937106936
67037,0,0,0,False,False,0.532807422649569
67049,2,2,2,False,False,0.5341067886199601
67050,2,2,2,False,False,0.6872990619943944
67073,0,1,0,True,True,0.06788140004805081
67076,3,3,0,False,False,0.26407623767865224
67079,1,1,1,False,False,0.5842939169325462
67091,3,3,3,False,False,0.6210205778476136
67092,1,1,1,False,False,0.576354756709358
67096,1,1,1,False,False,0.48514242451913975
67098,2,2,2,False,False,0.9042063996211779
67111,1,1,1,False,False,0.4120802712297537
67144,3,3,3,False,False,0.4914243138286818
67162,1,1,1,False,False,0.521465345334922
67174,0,0,0,False,False,0.6356053179930576
67210,0,0,0,False,False,0.7762571754253966
67231,2,2,2,False,False,0.6913414596318249
67250,3,0,3,True,True,0.1322498759461812
67267,3,0,3,True,True,0.12777776313818562
67282,2,2,2,False,False,0.8100034820958317
67290,0,0,0,False,False,0.7715718692242944
67317,2,3,2,True,True,0.14728153021792645
67318,2,2,2,False,False,0.40078740835736776
67345,0,0,0,False,False,0.30994294224979657
67355,2,2,2,False,False,0.7173158951313586
67368,0,1,0,True,True,0.04118443201961112
67375,0,0,1,False,True,0.2513862412366467
67382,2,2,2,False,False,0.8810005387440487
67425,2,3,2,True,True,0.20636889696880006
67428,2,2,2,False,False,0.381539771437272
67438,3,3,2,False,True,0.33862788614610934
67440,1,1,1,False,False,0.8711603781477724
67451,3,3,3,False,False,0.5418299554802597
67455,1,1,1,False,False,0.6184749119268219
67489,0,0,1,False,False,0.3601504938386014
67491,0,0,0,False,False,0.653514764130404
67515,1,1,1,False,False,0.5261225211817817
67538,1,2,1,True,True,0.14169637555817965
67562,3,3,3,False,False,0.766936347286483
67572,0,0,0,False,False,0.39695467858785244
67586,2,2,3,False,True,0.24503028730363685
67620,3,0,3,True,True,0.20211291066530152
67626,2,3,2,True,True,0.0980674874523168
67628,3,3,3,False,False,0.7774972336092582
67633,2,2,2,False,False,0.5211082197817671
67635,2,2,2,False,False,0.8377367292901027
67638,3,3,3,False,False,0.5168717939078029
67686,1,1,1,False,False,0.743485638207343
67687,1,1,1,False,False,0.6271848402510655
67695,3,0,3,True,True,0.11652496783184055
67700,1,1,1,False,False,0.8084176782887207
67701,0,0,0,False,False,0.6680810781893899
67706,3,3,3,False,False,0.39662463403524356
67717,0,1,0,True,True,0.22760087383208458
67726,0,0,0,False,False,0.585639437381157
67732,3,0,3,True,True,0.20264296964026726
67736,2,2,2,False,False,0.7383250785205728
67748,2,2,2,False,False,0.4320876317639133
67768,3,3,3,False,False,0.5810482089997698
67781,1,1,1,False,False,0.5206880818080101
67787,2,2,2,False,False,0.5317299479479012
67792,2,2,2,False,False,0.8878815670179567
67816,0,0,0,False,False,0.7538308019091887
67830,1,1,1,False,False,0.7381323814986643
67831,2,2,2,False,False,0.5421369342230257
67839,2,2,2,False,False,0.6106495431777026
67846,0,0,1,False,False,0.2782318603382343
67894,0,0,0,False,False,0.5733276690648581
67910,1,2,1,True,True,0.12547242648191567
67916,1,2,1,True,True,0.3013283829793087
67924,3,3,3,False,False,0.31434473421366455
67926,0,0,0,False,False,0.6943157140617336
67964,1,1,1,False,False,0.42887655699176674
68008,0,0,0,False,False,0.7083775648770558
68009,0,0,0,False,False,0.6228480213984929
68023,2,2,2,False,False,0.7266760345221328
68024,0,0,0,False,False,0.29698855729281615
68031,0,0,0,False,False,0.7884771685767419
68051,2,2,2,False,False,0.33773158325835595
68053,0,1,0,True,True,0.12242956359813602
68069,1,1,1,False,False,0.5366990930828769
68080,2,2,3,False,False,0.32952272593559534
68116,2,2,2,False,False,0.43372292388709877
68120,1,1,1,False,False,0.554853590300147
68121,1,1,1,False,False,0.7055970639478713
68128,3,3,3,False,False,0.5554610743406152
68141,0,0,0,False,False,0.7444954140760012
68149,1,1,1,False,False,0.8630090351562532
68161,3,0,3,True,True,0.23084768346434384
68166,3,3,3,False,False,0.6725158027055019
68219,1,2,1,True,True,0.22156033099130767
68235,0,1,0,True,True,0.10204167404662132
68240,1,1,1,False,False,0.5632244080460892
68248,0,0,0,False,False,0.8230689024835047
68254,3,3,3,False,False,0.6234804056487792
68255,3,3,3,False,False,0.6611758289410643
68258,0,0,0,False,False,0.5362101145189491
68261,0,1,0,True,True,0.17208400235837024
68262,2,2,2,False,False,0.41837905043399093
68268,3,3,3,False,False,0.6345839165434353
68280,1,1,1,False,False,0.712414939553936
68281,0,1,0,True,True,0.20271685065908576
68292,3,0,3,True,True,0.20370325569349745
68310,1,2,1,True,True,0.21632765180837482
68314,1,1,1,False,False,0.6833369736727327
68318,2,3,2,True,True,0.17190289504824818
68321,3,3,1,False,False,0.2766595792202715
68323,1,1,1,False,False,0.7346049803464711
68329,1,1,1,False,False,0.5612760589119237
68364,2,2,2,False,False,0.4123245759169927
68378,1,1,1,False,False,0.5060885187533092
68391,2,2,2,False,False,0.48001047840242345
68392,1,2,1,True,True,0.07896130621895686
68400,1,1,0,False,True,0.23168732537317227
68411,0,0,0,False,False,0.6767441565592074
68428,0,1,0,True,True,0.1464490329321443
68442,1,1,1,False,False,0.634321233505037
68444,0,0,0,False,False,0.38348382519489943
68449,1,2,1,True,True,0.11942058341736198
68467,1,1,1,False,False,0.46462242156014466
68471,2,2,2,False,False,0.42202824017936563
68472,2,2,2,False,False,0.4680334170529389
68473,2,2,2,False,False,0.3573326673438601
68477,3,0,3,True,True,0.1187963586137263
68480,0,0,0,False,False,0.6785184345601584
68481,0,0,0,False,False,0.7419633606814462
68483,0,0,1,False,False,0.26845345775098683
68485,0,0,2,False,False,0.20047446647983028
68500,3,3,3,False,False,0.4512660772976765
68523,1,2,1,True,True,0.1769063035271537
68539,1,1,1,False,False,0.6477905064613105
68545,1,1,1,False,False,0.51483884817909
68546,0,0,0,False,False,0.5413317156231117
68557,3,3,0,False,True,0.23217474463556007
68560,2,2,2,False,False,0.6791325980028722
68561,2,2,2,False,False,0.640563732838805
68596,3,3,3,False,False,0.5915989044908514
68606,2,2,2,False,False,0.6458428520245226
68608,0,0,0,False,False,0.4593715343408073
68624,2,2,3,False,True,0.2724093085640104
68639,0,1,0,True,True,0.1093334987602614
68664,3,0,0,True,False,0.5368774801046957
68676,2,2,2,False,False,0.48581662978517837
68677,2,2,0,False,True,0.2129061188552398
68692,2,2,2,False,False,0.3404103877992874
68695,1,1,1,False,False,0.6916342741604855
68699,3,0,2,True,True,0.03721900498537329
68708,3,3,3,False,False,0.838539204490739
68722,3,3,2,False,True,0.27945925005988753
68738,3,0,3,True,True,0.17085640645138594
68740,0,0,0,False,False,0.43220093221020084
68750,3,3,3,False,False,0.6802038156558855
68754,1,1,1,False,False,0.5123502028077879
68755,1,1,3,False,False,0.24533371280738953
68762,1,2,1,True,True,0.20658736092616894
68774,3,3,3,False,False,0.5302287330750158
68779,0,0,0,False,False,0.6505491447996509
68780,0,0,2,False,False,0.27633647806892775
68801,2,2,2,False,False,0.6928944236968118
68805,1,1,1,False,False,0.5321191317492445
68806,1,1,1,False,False,0.5022529978193208
68815,3,0,3,True,True,0.2729979075860094
68839,2,2,2,False,False,0.8513657898016587
68859,2,2,2,False,False,0.8417470137508927
68870,3,0,3,True,True,0.14600408783568947
68871,2,2,3,False,True,0.25348472981899434
68878,2,2,2,False,False,0.5516339051660224
68886,0,0,0,False,False,0.4959101161544656
68889,0,0,0,False,False,0.5889763858501611
68913,1,2,1,True,True,0.18105021193118773
68928,2,3,2,True,True,0.2136867873754399
68946,3,3,2,False,True,0.38498869607309594
68957,2,2,2,False,False,0.5212673325092853
68962,0,0,0,False,False,0.8283251137665635
69002,1,1,1,False,False,0.6708065647544121
69027,1,2,1,True,True,0.20255938806235177
69053,3,0,3,True,True,0.17408740182539503
69058,0,1,0,True,True,0.20451522186226864
69061,0,0,0,False,False,0.5667518570880168
69067,3,3,3,False,False,0.5794235091660848
69074,1,1,1,False,False,0.5305894501365508
69092,1,1,1,False,False,0.47069278289659205
69096,3,0,3,True,True,0.25437756247676285
69101,3,3,3,False,False,0.7121624201421697
69117,3,0,3,True,True,0.15241718906200127
69126,2,3,2,True,True,0.32865885845144677
69173,3,3,3,False,False,0.5904442508495823
69176,3,3,2,False,True,0.379849270251986
69178,3,3,2,False,True,0.30327070754717905
69179,3,0,3,True,True,0.1277642990221829
69185,2,2,2,False,False,0.563751974183931
69195,0,0,0,False,False,0.5898291389890907
69199,0,0,0,False,False,0.5581696315417048
69221,3,3,3,False,False,0.3780172868786955
69245,0,1,1,True,False,0.35812905090705005
69273,1,1,1,False,False,0.6884026890141036
69277,0,0,0,False,False,0.3721300886453781
69280,0,0,0,False,False,0.5752588777729782
69281,0,0,0,False,False,0.5897809173933078
69290,1,1,0,False,True,0.3021608181605286
69293,0,0,0,False,False,0.4163628224312574
69297,3,0,3,True,False,0.2784937415163425
69301,3,3,3,False,False,0.6108244393932919
69308,3,3,3,False,False,0.7261916031391067
69316,3,3,3,False,False,0.7174047163805364
69358,2,2,3,False,True,0.27612389803442244
69364,3,3,3,False,False,0.4201681280580721
69373,1,1,1,False,False,0.4158629860335516
69379,0,0,0,False,False,0.4556236911849319
69384,0,0,0,False,False,0.8688825314593837
69394,0,1,0,True,True,0.26455201089494945
69397,2,2,2,False,False,0.5594637180353947
69401,2,2,2,False,False,0.5044206780628976
69404,2,2,1,False,True,0.2836083960440967
69418,0,0,0,False,False,0.4933436713786306
69427,3,3,3,False,False,0.41107799832729736
69461,2,2,2,False,False,0.6680898960271593
69486,0,0,0,False,False,0.7585571434397697
69487,3,3,2,False,True,0.20867610605604522
69507,3,3,0,False,False,0.30911729098535434
69524,1,2,1,True,True,0.16219890908593512
69573,3,3,3,False,False,0.5082327956357385
69579,1,1,1,False,False,0.6114663636765268
69586,2,3,2,True,True,0.15104252203700486
69628,1,1,1,False,False,0.7152326376357534
69629,0,0,0,False,False,0.7475174915078738
69631,0,0,0,False,False,0.741831458977731
69632,2,3,2,True,True,0.19628999203981393
69636,0,1,0,True,True,0.2405368367951956
69639,0,0,0,False,False,0.7517226117211431
69648,0,0,1,False,False,0.36302622930742856
69709,2,2,0,False,True,0.21710987487009564
69715,0,0,0,False,False,0.7680815939770136
69720,1,1,1,False,False,0.7565996051103083
69742,1,1,1,False,False,0.598621201793487
69745,0,0,0,False,False,0.473226144385841
69748,1,1,1,False,False,0.5820667526836678
69755,1,2,1,True,True,0.14809486636178087
69817,0,0,0,False,False,0.6865613222018171
69819,0,0,0,False,False,0.6898869039297965
69826,1,1,1,False,False,0.5056729241290238
69827,0,1,0,True,True,0.16116577789353034
69857,0,0,0,False,False,0.5806001668286983
69867,1,2,1,True,True,0.07696913733971354
69874,0,1,0,True,True,0.11889334463274522
69901,1,1,3,False,False,0.2400354261605014
69902,3,3,3,False,False,0.4249593481549711
69903,1,1,1,False,False,0.8183728686027818
69913,2,2,3,False,True,0.25576039589838306
69918,0,1,0,True,True,0.15782524158375144
69936,1,1,2,False,False,0.32547868872544733
69943,0,0,0,False,False,0.48260142322946475
69965,3,0,1,True,False,0.2547106633939765
69969,2,2,2,False,False,0.5953487026542832
69972,1,1,0,False,True,0.2467129323279892
69989,3,3,3,False,False,0.4651612313205846
70008,1,1,1,False,False,0.47335751132821713
70018,1,1,1,False,False,0.6952772818001886
70032,2,2,2,False,False,0.35102269235943684
70039,3,3,3,False,False,0.4154891152304573
70046,0,1,0,True,True,0.228643419746167
70047,3,3,3,False,False,0.4671449156907725
70051,0,0,0,False,False,0.8277335872834414
70054,1,2,1,True,True,0.1858283499801699
70071,3,3,3,False,False,0.4669754094629645
70093,1,1,1,False,False,0.6788522352490999
70112,1,1,1,False,False,0.5834593040941749
70136,2,2,2,False,False,0.5734366146599528
70142,1,1,1,False,False,0.6619975463925615
70145,0,0,0,False,False,0.512496487412382
70154,0,1,0,True,True,0.3213645693653229
70173,2,2,0,False,True,0.034535801032392476
70175,0,0,0,False,False,0.3901426812661129
70176,0,0,0,False,False,0.677721847166429
70193,0,0,0,False,False,0.7176064594326677
70205,1,1,1,False,False,0.5474777980691308
70213,3,0,3,True,True,0.3260033584771129
70214,1,2,1,True,True,0.08693862485069041
70219,0,1,1,True,False,0.46277335754359405
70224,1,2,1,True,True,0.13801985453455515
70237,2,2,3,False,True,0.2509975388657497
70263,0,0,0,False,False,0.4456155584699787
70267,0,0,0,False,False,0.5247025513288281
70270,1,1,1,False,False,0.5889019976667034
70279,1,1,2,False,False,0.2695354229558625
70299,1,1,1,False,False,0.8141373584846148
70306,1,1,1,False,False,0.6547826382318125
70315,0,1,0,True,True,0.24699624855025445
70337,1,1,1,False,False,0.7803679576429646
70340,1,1,1,False,False,0.7781467746824057
70341,1,1,1,False,False,0.45855655424756964
70356,1,1,1,False,False,0.6339826549963129
70390,2,2,2,False,False,0.5413276520598709
70404,1,1,1,False,False,0.8802816154617575
70454,1,2,1,True,True,0.15010012733811492
70457,0,0,0,False,False,0.4575071595535564
70469,1,1,1,False,False,0.5162923437221316
70495,0,0,0,False,False,0.7385681597492789
70503,2,3,2,True,True,0.12349651214978578
70505,3,3,3,False,False,0.3559722328488294
70511,1,1,1,False,False,0.8364691764378716
70520,1,1,1,False,False,0.7916043050233408
70536,3,3,3,False,False,0.6128641060590302
70542,1,1,1,False,False,0.6973466214138375
70559,0,0,0,False,False,0.5197777498435389
70590,2,2,2,False,False,0.5986958237844952
70604,0,0,0,False,False,0.4884986339946286
70608,1,1,1,False,False,0.7521667939811743
70614,3,3,3,False,False,0.6245922317686144
70628,1,1,1,False,False,0.8711401657709812
70632,1,1,1,False,False,0.4685941346532347
70637,3,3,3,False,False,0.42744688958830956
70697,2,3,3,True,False,0.5238103322541228
70707,3,0,3,True,True,0.20836439755609623
70708,1,2,1,True,True,0.12675716624151162
70733,0,0,0,False,False,0.7460511875262629
70739,3,3,3,False,False,0.5024885857065009
70774,1,2,1,True,True,0.21481311042994933
70799,1,1,1,False,False,0.8288276178529037
70802,2,3,3,True,False,0.3208721541473282
70806,1,1,1,False,False,0.822857089262067
70820,1,2,1,True,True,0.10124805002059474
70833,2,2,2,False,False,0.46979176053412314
70844,3,0,3,True,True,0.173468246283524
70874,1,1,1,False,False,0.34054423097043157
70882,0,1,0,True,True,0.240730267977827
70889,0,1,0,True,True,0.2390734018328607
70890,0,0,0,False,False,0.4770784353544397
70898,1,1,1,False,False,0.6179622069796998
70903,2,2,2,False,False,0.3904900073155844
70923,3,3,3,False,False,0.42643544869012856
70931,2,3,2,True,True,0.21092218364822793
70932,3,3,3,False,False,0.6244275866642128
70942,1,2,1,True,True,0.10333969614416043
70950,0,0,0,False,False,0.8301990201711119
70960,1,1,1,False,False,0.8405571088982592
70961,2,2,3,False,True,0.18250883178387534
70979,0,0,0,False,False,0.6204406721131708
70997,1,1,1,False,False,0.6873708837806717
71001,2,2,2,False,False,0.6717302525492235
71015,3,3,3,False,False,0.6638888535969238
71031,2,2,1,False,False,0.2893854929994461
71035,3,3,3,False,False,0.4596163526882844
71076,0,0,2,False,False,0.2396298343043995
71083,0,1,0,True,True,0.18529739023483924
71098,2,2,2,False,False,0.6179783165298257
71113,0,0,0,False,False,0.41024917789061677
71125,1,1,1,False,False,0.6723665888817756
71161,0,0,0,False,False,0.6992321867629728
71163,0,0,0,False,False,0.4484342246078563
71188,3,3,1,False,False,0.2810968397946486
71192,3,3,0,False,True,0.19291101242694306
71194,2,2,2,False,False,0.3969440963578828
71199,1,1,1,False,False,0.7874256086654047
71209,2,3,2,True,True,0.291371526568961
71210,2,3,2,True,True,0.15647597023911622
71213,0,1,0,True,False,0.4123669488575526
71244,1,2,1,True,True,0.11617740584184759
71266,1,1,1,False,False,0.5345177911979835
71277,3,3,2,False,True,0.33027237782400043
71294,3,3,3,False,False,0.45366169640941734
71311,3,3,3,False,False,0.7490613770261385
71329,2,2,2,False,False,0.6014886332429038
71344,3,3,3,False,False,0.39581101932541896
71345,3,3,3,False,False,0.6188553941447551
71367,2,3,2,True,True,0.25381055911427
71395,2,2,2,False,False,0.7695592145907495
71403,3,3,3,False,False,0.5693650597027607
71410,2,2,2,False,False,0.6275439262945088
71420,0,0,1,False,False,0.36197124859380636
71430,3,3,3,False,False,0.6816377968949175
71438,2,2,2,False,False,0.7368422908977602
71489,3,3,3,False,False,0.4988100773395927
71506,2,2,2,False,False,0.7061779603893095
71510,3,3,3,False,False,0.28958015721652025
71537,1,1,1,False,False,0.5202344869733069
71557,3,0,3,True,True,0.08969001116607218
71564,0,0,0,False,False,0.7931483004951217
71569,2,2,2,False,False,0.7136942915387465
71573,3,3,3,False,False,0.5632406350372268
71578,0,1,0,True,True,0.27397569368938385
71583,2,2,2,False,False,0.7694528880553526
71586,3,3,3,False,False,0.7853693327185931
71587,2,2,2,False,False,0.5570253001185725
71628,2,2,2,False,False,0.5572386965821349
71634,3,0,3,True,False,0.2950369648855137
71676,2,3,2,True,True,0.20367908321025718
71682,3,3,0,False,True,0.1404818016110632
71687,0,0,0,False,False,0.6224555694733631
71694,0,0,0,False,False,0.7332895125297741
71722,2,3,2,True,True,0.12674096024055892
71753,1,1,1,False,False,0.4180321167516591
71765,0,0,0,False,False,0.5754817087452793
71808,3,3,3,False,False,0.8632048444192209
71811,3,3,3,False,False,0.5000665986884834
71823,1,1,1,False,False,0.5590162415350777
71853,1,1,1,False,False,0.6287721298385598
71883,0,1,0,True,True,0.06790674510363383
71893,3,3,3,False,False,0.7113499144853737
71894,0,0,0,False,False,0.5708090715601999
71909,0,0,0,False,False,0.4906081481281513
71915,3,3,3,False,False,0.6213858372296044
71922,2,2,0,False,False,0.380569670278188
71934,0,0,0,False,False,0.7093153011723782
71937,0,1,0,True,True,0.18808118974181862
72000,0,1,0,True,True,0.09525255647574708
72005,2,2,2,False,False,0.7923050138279529
72006,2,2,2,False,False,0.7018065552182794
72015,0,0,0,False,False,0.5875851915118934
72017,1,2,1,True,True,0.0934103855108282
72042,1,1,1,False,False,0.695616843235027
72053,3,0,3,True,True,0.22578409274537095
72054,1,1,1,False,False,0.5146781342459423
72055,1,1,1,False,False,0.4528336748280199
72069,0,0,0,False,False,0.4995875310620112
72094,3,3,3,False,False,0.7592625243036782
72114,3,3,3,False,False,0.35773592151074507
72118,2,2,2,False,False,0.680187569419219
72125,1,2,1,True,True,0.09082110112059139
72127,1,1,1,False,False,0.3898537305816775
72149,3,3,3,False,False,0.7911587715210032
72162,0,0,0,False,False,0.6885933837179024
72173,1,1,1,False,False,0.39637516466903433
72179,1,1,1,False,False,0.34823714981900217
72180,1,1,1,False,False,0.5424713796489152
72187,3,3,3,False,False,0.39270800979738263
72191,3,3,3,False,False,0.7196811541302038
72237,2,2,0,False,False,0.29118795020795013
72239,1,1,1,False,False,0.6632974468495227
72241,3,3,3,False,False,0.8541085423695107
72254,3,3,3,False,False,0.5903166031815108
72258,2,2,2,False,False,0.8404665275299887
72278,0,0,0,False,False,0.6819103585853851
72283,0,0,2,False,True,0.13574467607590965
72309,1,1,1,False,False,0.6954874320026428
72320,0,0,0,False,False,0.5113949866109129
72321,2,2,2,False,False,0.605269294606384
72341,2,2,2,False,False,0.7411865996407485
72348,1,1,1,False,False,0.6276288152015264
72354,1,2,1,True,True,0.19745779162694094
72359,1,1,1,False,False,0.6354050486962408
72360,0,0,0,False,False,0.4784122332118148
72363,3,3,3,False,False,0.61806933053527
72384,1,1,1,False,False,0.6346546836664618
72386,0,0,2,False,True,0.15562260731694777
72387,0,0,0,False,False,0.8554986904454188
72396,2,3,2,True,False,0.3227347243836307
72404,2,2,2,False,False,0.4123766036079752
72419,0,0,0,False,False,0.5928366698340297
72425,2,2,3,False,True,0.22201699691700424
72472,0,0,0,False,False,0.47078817561650277
72480,2,3,2,True,True,0.202664341174148
72486,1,1,1,False,False,0.7457851083420726
72493,2,3,2,True,True,0.2872419041813862
72503,0,1,0,True,True,0.27413668336387154
72519,2,2,2,False,False,0.6388677717756608
72535,0,0,0,False,False,0.8161071864970468
72542,1,2,1,True,True,0.23426377889335057
72560,1,1,1,False,False,0.5896532074669707
72562,1,1,1,False,False,0.8916590946622722
72577,3,3,3,False,False,0.6272508194091464
72581,0,1,0,True,True,0.11089928049171632
72592,2,2,2,False,False,0.6686116645460763
72606,0,1,0,True,True,0.07915361969829107
72612,3,3,3,False,False,0.5125776578094382
72631,1,1,1,False,False,0.5781711470830553
72648,1,2,1,True,True,0.19783525126548446
72667,2,2,2,False,False,0.7891207131132608
72673,0,0,0,False,False,0.7478672765475104
72680,1,1,1,False,False,0.6679081089676349
72690,1,1,1,False,False,0.558002678737205
72691,0,0,0,False,False,0.792235917329579
72703,0,0,0,False,False,0.725880693980868
72711,3,0,3,True,True,0.22167569238929877
72726,2,2,2,False,False,0.6555331582638211
72734,3,3,2,False,True,0.29919226608743094
72737,0,0,0,False,False,0.8264243910224778
72768,1,1,1,False,False,0.7641392119081211
72773,1,1,1,False,False,0.8065809637311521
72820,1,1,0,False,True,0.19366169532209612
72828,2,2,2,False,False,0.7757979656327022
72836,2,2,2,False,False,0.6132249884487397
72848,2,2,2,False,False,0.4925071747355926
72896,2,2,2,False,False,0.8936748941726615
72897,2,2,2,False,False,0.8171365526710166
72905,0,0,0,False,False,0.4388373021817379
72920,0,0,0,False,False,0.8636719061245842
72936,1,1,1,False,False,0.5006862878240974
72938,0,0,0,False,False,0.6010883242121211
72939,0,0,0,False,False,0.6395850775784809
72953,2,2,2,False,False,0.7956635574316144
72958,0,0,0,False,False,0.6997870539580019
72966,2,3,2,True,True,0.10468465453261933
72986,0,1,2,True,True,0.05556465380415534
72990,3,3,3,False,False,0.3259055750607986
73011,2,2,3,False,True,0.302639316803451
73014,2,2,2,False,False,0.5088634289868168
73059,2,2,2,False,False,0.49156275962736273
73080,2,2,2,False,False,0.33523987059541827
73095,2,3,2,True,True,0.13278110399672338
73103,3,3,3,False,False,0.6635147767342815
73107,1,1,1,False,False,0.3969219352611112
73118,2,2,2,False,False,0.8501582936683766
73123,2,3,2,True,True,0.16126416423656062
73136,1,1,1,False,False,0.8162687915610356
73162,2,2,3,False,False,0.2796569786384506
73163,0,0,0,False,False,0.794727202664936
73169,0,0,0,False,False,0.48465249850302833
73182,2,3,2,True,True,0.21377689606103548
73183,2,2,3,False,True,0.09840178051549067
73185,3,0,3,True,True,0.10002945095183502
73228,0,0,0,False,False,0.5289303187700289
73244,0,0,2,False,False,0.24997530293173462
73256,3,3,3,False,False,0.35916464494736783
73261,2,3,2,True,True,0.1684476918233635
73270,3,3,3,False,False,0.7624511082122525
73275,3,3,3,False,False,0.7754715050679039
73285,1,1,1,False,False,0.7608184203666267
73287,0,0,0,False,False,0.7585072736322798
73309,2,2,2,False,False,0.7510609418442497
73331,3,3,0,False,False,0.39863383723592155
73356,1,1,1,False,False,0.5521571080742576
73358,1,1,1,False,False,0.7396986937623478
73359,1,1,1,False,False,0.6027328229211986
73384,3,3,3,False,False,0.64625503139394
73389,0,0,0,False,False,0.5431982608067665
73399,3,3,3,False,False,0.759592170005683
73401,3,3,3,False,False,0.7140045035726345
73411,1,1,2,False,False,0.3374223347464434
73418,2,2,2,False,False,0.6042568102308726
73421,2,3,2,True,True,0.15694828116598375
73436,0,0,0,False,False,0.5093139929605243
73444,3,0,3,True,True,0.1775337905243482
73449,0,0,0,False,False,0.6022237169868727
73492,2,3,2,True,True,0.31846020941128783
73519,1,1,1,False,False,0.7047392529671697
73534,2,2,2,False,False,0.5631387459121088
73536,2,2,3,False,False,0.33751988409570705
73557,3,3,3,False,False,0.7190221780532994
73579,3,3,3,False,False,0.3856452899997854
73584,1,1,1,False,False,0.5579384548175444
73587,0,1,2,True,True,0.20143809268319307
73592,2,2,2,False,False,0.6757251215939057
73594,3,3,0,False,True,0.23658013898816926
73620,3,3,1,False,False,0.1505278589615894
73639,1,1,1,False,False,0.604579897322275
73640,0,1,0,True,True,0.2512700851201086
73643,3,3,3,False,False,0.6746247139091017
73645,2,3,2,True,True,0.37826756757385716
73658,0,0,0,False,False,0.41913847583168296
73675,2,3,3,True,False,0.5685546127369006
73680,2,3,2,True,True,0.20713474293190662
73698,1,1,1,False,False,0.6465643949035056
73704,3,3,3,False,False,0.7450674284342547
73705,2,3,2,True,True,0.20623747418064267
73714,2,2,2,False,False,0.437450699742309
73720,3,3,3,False,False,0.7537354342943838
73723,0,0,0,False,False,0.7090147298855187
73743,3,3,3,False,False,0.4515597401404171
73818,0,1,0,True,True,0.3728987556242248
73844,2,2,3,False,False,0.2567516823675462
73861,1,1,1,False,False,0.38093329805961157
73862,1,1,1,False,False,0.6084660199486107
73870,2,2,2,False,False,0.5562237406236598
73882,3,3,3,False,False,0.7011090524273382
73895,3,0,3,True,True,0.2511302912401244
73915,1,1,1,False,False,0.8894474147089906
73931,0,0,0,False,False,0.4924447517043452
73956,0,0,0,False,False,0.6593978560649576
73978,3,3,3,False,False,0.4484115984783244
74015,0,0,0,False,False,0.5213612426646291
74040,3,3,3,False,False,0.6352913126377583
74046,0,0,0,False,False,0.7131917827082206
74053,2,2,2,False,False,0.8834568621400154
74059,1,2,1,True,True,0.27591940407314375
74073,3,3,0,False,True,0.2200219539873315
74077,1,1,1,False,False,0.33903190711311104
74080,0,0,0,False,False,0.6839715294384437
74084,1,2,1,True,True,0.17929970717383584
74086,1,2,1,True,True,0.2504732590714078
74106,1,1,1,False,False,0.3742494728195629
74151,1,1,3,False,False,0.2693142282229663
74217,3,3,0,False,True,0.15136599508209245
74241,2,2,2,False,False,0.6556489832043277
74251,2,3,2,True,True,0.2436946358278252
74266,3,3,0,False,False,0.20609960773583386
74275,2,2,2,False,False,0.48600376507543264
74280,2,2,3,False,False,0.38758825577321127
74298,0,0,0,False,False,0.6603442581991739
74300,1,1,1,False,False,0.5584784885913074
74312,0,0,0,False,False,0.3704827858430645
74317,3,3,2,False,True,0.3496461623588167
74332,2,2,2,False,False,0.45820963471565196
74388,2,2,2,False,False,0.644009987175555
74389,2,2,2,False,False,0.6342039457333354
74406,0,0,0,False,False,0.5433269004277992
74407,3,3,0,False,True,0.10542607096975656
74410,3,0,3,True,True,0.17193712133576833
74414,2,2,2,False,False,0.6052411875911654
74416,2,2,2,False,False,0.6601347770917696
74425,3,3,3,False,False,0.7890111948866437
74436,3,3,3,False,False,0.5503758546861356
74449,0,0,1,False,False,0.3082788345213773
74454,3,3,3,False,False,0.8261873529487628
74472,1,1,1,False,False,0.5082193695699834
74474,3,3,3,False,False,0.4417266439540869
74483,1,1,1,False,False,0.805840374291952
74504,2,3,2,True,True,0.15161000159145843
74524,0,0,0,False,False,0.5321561421454695
74528,3,0,3,True,True,0.10264436652717346
74540,2,3,2,True,True,0.17904517123903158
74561,2,3,2,True,True,0.1843665768888054
74566,2,2,2,False,False,0.7328728122947146
74579,2,2,2,False,False,0.37058089742415184
74583,2,2,2,False,False,0.5665660074481209
74586,2,2,3,False,True,0.12974095859400053
74590,0,0,0,False,False,0.441789496780863
74592,3,3,3,False,False,0.612516165682536
74618,1,1,1,False,False,0.762361177496031
74625,0,0,0,False,False,0.6155146621018152
74633,3,3,3,False,False,0.3707988319287912
74636,3,3,3,False,False,0.6951894386261728
74637,2,2,2,False,False,0.8052501940840241
74664,2,3,2,True,True,0.20658683638437036
74665,3,3,3,False,False,0.36124684095740334
74676,2,3,3,True,False,0.4511057127710011
74688,3,3,3,False,False,0.47489527711631335
74722,3,3,3,False,False,0.4147223347266023
74727,3,3,3,False,False,0.5243961973881858
74757,1,2,1,True,True,0.12089976963924241
74788,3,0,3,True,True,0.1978037816418623
74803,1,1,1,False,False,0.67252277806826
74820,1,1,1,False,False,0.687715304330128
74846,2,2,2,False,False,0.550280310329497
74878,3,3,3,False,False,0.41483190918001117
74891,3,3,3,False,False,0.7032366011073587
74919,1,1,1,False,False,0.9059232569372263
74931,2,3,2,True,True,0.19700003835562657
74934,2,2,3,False,False,0.3200756333086489
74936,3,3,3,False,False,0.5802552638536322
74950,3,3,3,False,False,0.7201619623871187
74966,0,1,0,True,True,0.29325838855374964
74970,0,0,0,False,False,0.6759533460083919
74996,3,3,3,False,False,0.5941631070200089
75019,0,0,0,False,False,0.7234473904457521
75038,3,3,2,False,True,0.33002067198837187
75057,3,3,0,False,False,0.2110445473087992
75064,1,1,1,False,False,0.48050550229978606
75074,1,1,1,False,False,0.5527601718517354
75090,3,3,3,False,False,0.6849193650124064
75121,1,2,1,True,True,0.24979981788106537
75122,0,0,0,False,False,0.49965276784487356
75128,3,0,3,True,True,0.08671984051185036
75130,3,3,3,False,False,0.5612621447481476
75145,3,3,3,False,False,0.514717734594317
75160,0,0,0,False,False,0.7150274267020489
75194,3,3,3,False,False,0.6203147308747714
75215,1,1,1,False,False,0.5435645997766803
75222,1,1,1,False,False,0.3692620191529136
75226,0,0,0,False,False,0.7988003652151099
75236,2,2,2,False,False,0.5100377541576699
75249,0,1,1,True,False,0.42742622598667995
75266,1,1,1,False,False,0.6688596339155466
75302,0,0,1,False,True,0.03084305367719538
75303,3,3,3,False,False,0.6400198459362325
75325,1,1,1,False,False,0.5662998290758381
75347,3,3,3,False,False,0.48873976471768193
75348,1,1,1,False,False,0.5431413010630763
75350,0,0,0,False,False,0.6149829680659559
75355,0,0,0,False,False,0.7689240427057804
75358,2,2,2,False,False,0.3611536683995864
75363,1,2,1,True,True,0.12365580303401902
75370,3,3,3,False,False,0.4777952714433041
75376,3,0,0,True,False,0.3552928025017035
75387,0,0,0,False,False,0.8389726544694034
75400,2,2,2,False,False,0.4638253522761888
75408,0,1,0,True,True,0.17373867870884274
75417,2,2,2,False,False,0.561969111291206
75430,1,1,1,False,False,0.5332960620096195
75444,0,0,0,False,False,0.4024895500725767
75476,2,2,2,False,False,0.48732800770485674
75521,2,2,3,False,False,0.3588877709663524
75522,1,2,1,True,True,0.12604020599530785
75527,1,1,1,False,False,0.5570661511104658
75532,0,0,3,False,True,0.1953596249521709
75545,1,1,1,False,False,0.32617644302797527
75569,0,0,0,False,False,0.585833340161027
75615,3,3,3,False,False,0.5142109259626623
75618,2,2,2,False,False,0.4746566029475969
75621,2,2,3,False,True,0.2561855627902997
75631,0,0,0,False,False,0.4702508357564946
75633,0,1,0,True,True,0.10047141425019604
75638,1,1,1,False,False,0.6214506944724392
75646,3,3,3,False,False,0.7259722489668042
75659,2,3,2,True,True,0.21398071527653817
75693,3,3,3,False,False,0.7887508701963077
75695,2,2,2,False,False,0.6225812459123111
75723,1,1,1,False,False,0.822830321908091
75751,2,2,2,False,False,0.729651380409142
75775,0,0,0,False,False,0.630931442187969
75797,1,1,1,False,False,0.6325249655033648
75800,2,2,3,False,True,0.09732878694393163
75813,2,3,2,True,True,0.25633780950578405
75856,2,2,2,False,False,0.4833622222844877
75870,2,2,2,False,False,0.4525602905009377
75881,2,2,2,False,False,0.4206907956182495
75896,1,1,1,False,False,0.7678480426703567
75903,2,2,2,False,False,0.7883845520281484
75929,0,0,0,False,False,0.8095300044407197
75945,2,3,2,True,True,0.14239549917345795
75946,2,2,2,False,False,0.8735312023500931
75963,3,3,3,False,False,0.534302046958277
75981,3,3,3,False,False,0.5862394903273719
75992,3,0,3,True,True,0.11225220524110258
75994,3,3,3,False,False,0.57182442215613
76015,3,0,3,True,True,0.12066147446849299
76017,3,0,3,True,True,0.1752009457238749
76044,3,0,3,True,True,0.16201025083808943
76045,2,2,2,False,False,0.7230323751338973
76059,2,2,2,False,False,0.560409630268811
76068,3,0,0,True,False,0.4470035426156061
76071,0,0,3,False,True,0.3181199795712246
76082,0,0,0,False,False,0.5230282811624254
76087,2,2,2,False,False,0.5511365498320535
76088,2,3,2,True,True,0.17057434981286648
76097,1,1,1,False,False,0.5568744490396308
76100,3,0,3,True,True,0.11589639248209385
76104,0,0,0,False,False,0.8091597429013945
76123,1,1,1,False,False,0.4437206643940612
76139,1,1,1,False,False,0.47321721572337316
76142,1,2,1,True,True,0.13367592501602005
76175,1,2,1,True,True,0.19629232084553194
76178,0,0,2,False,True,0.23057654617781906
76186,3,3,3,False,False,0.7021877623541742
76215,0,1,0,True,True,0.16812639340065708
76233,1,2,2,True,False,0.4303824376866434
76265,3,3,3,False,False,0.8091931621982746
76266,1,1,1,False,False,0.5316836380921128
76287,1,1,1,False,False,0.6989695164483999
76301,1,2,1,True,True,0.1735753630929519
76325,1,1,1,False,False,0.5590056001844375
76344,3,3,3,False,False,0.6995695951261912
76364,2,2,2,False,False,0.48735927555894953
76366,2,3,2,True,True,0.08752271013751291
76369,0,0,1,False,False,0.31678878531733695
76376,0,0,0,False,False,0.7257412930774609
76392,3,3,3,False,False,0.8070437470509982
76396,0,1,0,True,True,0.29472279548475927
76397,0,1,0,True,True,0.17392824777519808
76398,2,2,2,False,False,0.5454099134985301
76400,2,2,2,False,False,0.4610455440257091
76402,1,1,1,False,False,0.6144829677341732
76406,0,0,0,False,False,0.5681102127453104
76440,1,1,1,False,False,0.42638756892187424
76480,3,3,3,False,False,0.46812860624838243
76487,1,1,1,False,False,0.5363770958571269
76508,1,1,1,False,False,0.4934385692660701
76537,2,2,2,False,False,0.6331728887052936
76571,2,2,2,False,False,0.6975022523788736
76580,1,1,1,False,False,0.4493910458364374
76604,0,0,0,False,False,0.6078066324755537
76608,0,0,0,False,False,0.7538074158016524
76624,2,2,2,False,False,0.6715454696238511
76625,2,2,3,False,True,0.2676540876828711
76626,1,1,1,False,False,0.42995685438260195
76633,1,1,1,False,False,0.48329496977527
76665,3,0,3,True,True,0.23061829491052022
76669,2,2,2,False,False,0.37662957898400934
76672,3,3,3,False,False,0.618409918867073
76681,3,0,3,True,True,0.19317269866191863
76697,1,2,1,True,True,0.267698897104784
76698,1,1,1,False,False,0.552594025931538
76734,0,0,0,False,False,0.5263080341409018
76743,2,2,2,False,False,0.6040015366223147
76747,1,1,1,False,False,0.6156805497292411
76766,0,0,0,False,False,0.5521593822866426
76771,3,3,3,False,False,0.5655522692444502
76777,0,0,0,False,False,0.6587113675000531
76799,2,2,2,False,False,0.6017322459913135
76820,3,0,1,True,False,0.1703640180953937
76822,1,1,1,False,False,0.5121107592483357
76828,0,0,0,False,False,0.3426000013401501
76847,0,0,0,False,False,0.375433218045854
76873,0,1,0,True,True,0.1804381092834198
76889,2,2,2,False,False,0.44333640195576873
76899,1,2,1,True,True,0.1687223807131632
76908,1,1,1,False,False,0.6246823660282655
76942,3,3,0,False,False,0.2807783618613101
76946,0,0,0,False,False,0.8601748492261883
76970,3,0,3,True,True,0.12005552770217356
76991,2,2,2,False,False,0.5330843576989758
76994,3,0,3,True,False,0.31637399929770565
76998,1,1,1,False,False,0.6868829241616152
77017,2,3,2,True,True,0.1968388737910481
77066,3,3,3,False,False,0.5895830517091025
77069,2,2,2,False,False,0.9274918457161311
77097,2,2,3,False,False,0.3709421643694515
77101,1,2,1,True,True,0.24615059546334533
77109,1,2,1,True,True,0.19276585125041984
77123,1,1,1,False,False,0.7840428009772288
77146,1,2,1,True,True,0.15275710609112192
77147,1,2,1,True,True,0.2007700376293809
77164,2,2,2,False,False,0.5126073101869237
77169,1,1,1,False,False,0.7383166778339931
77198,3,3,3,False,False,0.5310090567436315
77231,0,0,0,False,False,0.7831583831432668
77258,3,3,3,False,False,0.6458378522808907
77269,0,0,2,False,True,0.176349762671328
77276,1,1,1,False,False,0.6991850657735692
77283,2,3,2,True,True,0.26603564432108834
77284,2,2,2,False,False,0.566595080209731
77291,0,0,0,False,False,0.7043681989552334
77292,0,0,0,False,False,0.44649447366472517
77309,3,3,3,False,False,0.7193815163757166
77313,0,0,0,False,False,0.7558841763941946
77318,3,3,3,False,False,0.4092409757015582
77324,1,1,1,False,False,0.6225808325962181
77347,1,1,1,False,False,0.605184723756379
77365,0,0,2,False,False,0.2219393933563664
77396,2,2,2,False,False,0.47041115934409966
77397,1,1,1,False,False,0.6172803826268083
77398,2,2,2,False,False,0.7500016443538053
77467,1,1,1,False,False,0.4832728184658201
77477,2,2,3,False,True,0.32221070637910204
77501,0,0,0,False,False,0.4058099778424281
77514,2,2,2,False,False,0.6106813192781102
77537,0,0,0,False,False,0.6067715701567231
77557,0,0,0,False,False,0.42249449690651414
77588,1,1,1,False,False,0.7439396419646523
77606,3,3,3,False,False,0.620052474852196
77614,3,0,3,True,True,0.18794124943554677
77618,2,2,2,False,False,0.6705442440659245
77619,3,3,0,False,False,0.39717383026930275
77625,1,1,1,False,False,0.7459295369818848
77636,2,2,2,False,False,0.795025021018106
77667,1,1,1,False,False,0.5090549759499419
77669,0,1,0,True,True,0.11160245489643575
77676,3,3,3,False,False,0.6138342222233025
77679,2,2,2,False,False,0.7244579249843183
77698,3,3,3,False,False,0.5525861495053632
77707,0,0,0,False,False,0.4638097771580157
77729,1,1,1,False,False,0.7856985774845042
77737,3,3,3,False,False,0.7497123719428908
77741,2,2,2,False,False,0.6548842302872846
77742,1,1,1,False,False,0.5442380173762338
77756,2,2,2,False,False,0.5033310600718895
77780,2,2,1,False,False,0.264269355247291
77800,0,0,0,False,False,0.5853334703836093
77823,3,3,3,False,False,0.44351655224733816
77834,3,0,3,True,False,0.3895138276038669
77844,2,2,3,False,False,0.30984107765576097
77856,3,3,3,False,False,0.5416721874456386
77866,2,2,2,False,False,0.5851325198566256
77887,1,1,1,False,False,0.41680046737747073
77912,0,0,0,False,False,0.6966644043720479
77913,0,0,0,False,False,0.5009244693948823
77922,2,3,2,True,True,0.16115524358236624
77928,1,1,1,False,False,0.46942951221366475
77937,2,2,2,False,False,0.5642976108396199
77952,1,1,1,False,False,0.6148239983407238
77970,0,0,0,False,False,0.5487532829823811
77979,0,0,0,False,False,0.4477402449770865
77982,2,3,3,True,False,0.35475956016612764
78007,1,1,1,False,False,0.7439265662486161
78008,1,1,1,False,False,0.5987690053121161
78022,0,0,0,False,False,0.32602870533323486
78024,3,3,3,False,False,0.669371985003851
78032,0,1,0,True,True,0.21167817582585555
78081,3,3,3,False,False,0.3677874104125865
78088,0,1,0,True,True,0.2100882824097621
78093,1,1,1,False,False,0.4518334356735428
78111,0,0,0,False,False,0.6646332199440296
78112,3,3,1,False,False,0.2869281392095526
78132,1,2,1,True,True,0.14393348578719004
78166,3,3,3,False,False,0.4824268278185019
78169,0,0,0,False,False,0.6859480383674371
78175,2,2,0,False,False,0.25003569290057964
78185,1,1,1,False,False,0.6093169140170807
78187,3,3,3,False,False,0.35500142024620446
78200,1,2,1,True,True,0.19999565331591976
78209,1,1,2,False,False,0.3701581710337177
78211,1,1,1,False,False,0.3796150794941625
78213,2,3,3,True,False,0.37253404360808384
78225,0,0,0,False,False,0.6574965947762191
78226,3,3,3,False,False,0.7472539155683756
78236,1,1,1,False,False,0.5983291701389802
78246,2,2,2,False,False,0.6668622278276012
78253,0,1,0,True,True,0.12143420230608538
78254,0,0,0,False,False,0.7079538502979286
78262,1,1,1,False,False,0.6329015274700855
78269,2,2,0,False,False,0.31110608523334937
78310,1,1,1,False,False,0.7084944297656669
78315,0,1,0,True,True,0.18578055803500684
78327,1,2,1,True,True,0.08581532280110922
78365,0,0,0,False,False,0.6214386531029776
78367,1,1,1,False,False,0.6392534312292172
78390,2,2,2,False,False,0.6499925773576496
78394,1,1,1,False,False,0.5546750227999956
78415,0,1,0,True,True,0.18395414618484265
78416,2,2,2,False,False,0.39887103909951405
78420,0,1,0,True,True,0.2047996620643526
78424,0,0,0,False,False,0.6835898361740652
78436,2,2,2,False,False,0.36257660754811766
78456,3,3,3,False,False,0.5128788161127101
78458,3,3,3,False,False,0.5069755998994303
78471,1,1,1,False,False,0.6232231392602979
78479,0,0,0,False,False,0.7917647315638985
78488,3,3,3,False,False,0.8115092130768621
78489,0,0,0,False,False,0.546805231309819
78505,1,1,1,False,False,0.6634068386374105
78511,1,1,1,False,False,0.5969913869368179
78524,0,0,0,False,False,0.4543371342174025
78542,0,0,0,False,False,0.8726627221104302
78554,0,1,0,True,True,0.42752832149645914
78564,2,2,2,False,False,0.36192147890466736
78575,1,2,1,True,True,0.17505841315334036
78587,1,2,1,True,True,0.13981592084426783
78595,3,3,3,False,False,0.5668252859112226
78614,1,1,1,False,False,0.718714968216409
78639,3,0,3,True,False,0.1760648644470408
78652,1,1,1,False,False,0.28923107299907913
78687,0,1,0,True,True,0.11690822280668811
78728,3,3,3,False,False,0.780042493135131
78748,1,2,1,True,True,0.043964065106564885
78752,3,0,3,True,False,0.23176371171519966
78753,3,3,3,False,False,0.5648794383133291
78761,0,1,0,True,True,0.2503372953395725
78793,1,1,3,False,True,0.1590044260622848
78795,0,1,0,True,True,0.22034621137013014
78796,0,0,0,False,False,0.7524001403419687
78797,2,2,2,False,False,0.742203052541304
78818,0,1,0,True,True,0.11199506590349621
78833,0,0,0,False,False,0.686057962144925
78841,2,2,2,False,False,0.47349008230049366
78846,1,2,1,True,True,0.22192228091568778
78860,2,2,2,False,False,0.691803660294122
78881,0,0,0,False,False,0.43717799888296827
78888,0,0,0,False,False,0.36174377389110374
78906,0,0,0,False,False,0.7338543741461264
78926,0,1,0,True,True,0.10314952073487316
78945,0,0,0,False,False,0.3155242987443713
78966,0,0,0,False,False,0.7929149878962718
78980,2,2,3,False,False,0.3687184471895008
78999,3,3,0,False,False,0.2720833708932846
79002,3,3,3,False,False,0.689122606904852
79009,0,0,2,False,True,0.18036824856846584
79014,2,2,2,False,False,0.5631982753953302
79015,2,2,2,False,False,0.5934890541904679
79020,1,1,1,False,False,0.8407238848739752
79026,3,3,3,False,False,0.7669723110625626
79044,0,0,0,False,False,0.6315256604856719
79050,1,1,1,False,False,0.7043644944602168
79059,0,0,0,False,False,0.6487319912825131
79061,2,3,3,True,False,0.4945451285401152
79097,1,1,1,False,False,0.7078601728340025
79108,2,2,2,False,False,0.6389932415527512
79118,0,0,0,False,False,0.6335199896373156
79129,3,3,3,False,False,0.6843966886374648
79132,1,1,1,False,False,0.6826646284700627
79136,2,2,2,False,False,0.5288391226576432
79157,3,3,3,False,False,0.6804020673759664
79161,0,0,0,False,False,0.4869452876207719
79191,2,2,3,False,True,0.34877656719543887
79196,1,2,1,True,True,0.15015895004810628
79199,0,0,0,False,False,0.8742010240979314
79207,2,2,2,False,False,0.607804468950143
79216,0,0,0,False,False,0.4973234410051547
79243,1,1,1,False,False,0.49433472265474526
79276,3,3,3,False,False,0.35466844910569356
79280,0,0,0,False,False,0.5875685235747237
79290,1,1,1,False,False,0.7180456665953644
79307,2,2,2,False,False,0.5912007117034928
79325,1,2,1,True,True,0.09355663850406856
79329,0,0,0,False,False,0.6262313948394723
79337,2,2,2,False,False,0.5964170558288674
79343,3,3,3,False,False,0.6401559579027459
79356,3,3,3,False,False,0.36042498554423263
79425,1,1,1,False,False,0.7795936630897534
79427,2,2,2,False,False,0.5490656262589174
79465,3,0,0,True,False,0.367601590629266
79472,3,3,3,False,False,0.5380123336741606
79481,1,1,1,False,False,0.55935127624814
79496,2,2,2,False,False,0.6619548710321143
79502,3,3,3,False,False,0.7112051518072917
79509,1,1,1,False,False,0.6988696300564488
79512,0,0,0,False,False,0.5200947989851262
79513,3,0,3,True,True,0.15096916956148784
79517,1,1,1,False,False,0.6749262018727189
79526,0,0,0,False,False,0.3890186244271659
79555,0,0,0,False,False,0.592484724020481
79565,0,0,0,False,False,0.496200249891571
79580,2,3,3,True,False,0.40146429624294033
79583,2,2,2,False,False,0.6170042891213661
79596,0,0,0,False,False,0.6593556362860942
79625,2,2,2,False,False,0.7291611407519552
79650,2,2,0,False,True,0.159638860245401
79652,1,1,1,False,False,0.4688097030709309
79659,2,2,2,False,False,0.6324597980602407
79668,2,2,2,False,False,0.7369426884625039
79671,1,2,1,True,True,0.1675773509885839
79673,0,0,0,False,False,0.5865160106985869
79705,1,1,1,False,False,0.5770641009888874
79708,1,2,1,True,True,0.21133843203761338
79721,1,1,1,False,False,0.48556724495148296
79732,1,1,1,False,False,0.5509720643331658
79733,0,0,0,False,False,0.827151397196902
79738,1,1,1,False,False,0.7203185837102999
79744,3,3,3,False,False,0.29169297013244566
79796,0,1,0,True,True,0.3134495846980619
79804,2,2,2,False,False,0.5061599396300557
79808,3,3,3,False,False,0.6057066003013382
79851,0,1,0,True,True,0.09408972065589981
79854,1,1,1,False,False,0.3721785899320705
79926,1,2,1,True,True,0.21962584493838763
79948,2,2,2,False,False,0.8960793161519065
79954,0,0,0,False,False,0.6517574334861655
79958,2,2,2,False,False,0.6582901283709173
79980,3,3,3,False,False,0.4101422651998265
79986,2,2,2,False,False,0.5654831023052377
79991,1,1,1,False,False,0.8409355936506061
80023,3,3,3,False,False,0.5115056387130574
80052,1,1,1,False,False,0.7779963203949016
80058,2,3,0,True,True,0.20365155362391785
80063,0,1,0,True,True,0.17985187994952156
80075,1,1,1,False,False,0.5556499455853021
80094,0,0,0,False,False,0.3689398747280532
80111,2,3,2,True,True,0.22407094981656347
80137,0,0,0,False,False,0.4559145755168778
80139,0,0,0,False,False,0.3931076884253356
80142,1,1,1,False,False,0.4547492636059603
80163,2,2,2,False,False,0.70699857679793
80169,1,1,1,False,False,0.4390601241970258
80171,2,2,2,False,False,0.7581733423283997
80177,1,1,1,False,False,0.4856024913756537
80178,0,0,0,False,False,0.6828381899375565
80187,3,0,3,True,True,0.17963306949120383
80192,2,2,2,False,False,0.31374034037679743
80244,0,0,0,False,False,0.6481440545890322
80255,1,1,1,False,False,0.7503042970684293
80258,2,2,2,False,False,0.6039816661689511
80262,1,1,2,False,True,0.17550188691794086
80273,1,1,1,False,False,0.6882944641373651
80278,2,2,2,False,False,0.7113020933130523
80290,0,0,0,False,False,0.8452278693684583
80303,2,2,2,False,False,0.43965295563933543
80321,3,3,0,False,False,0.26444651036872385
80325,1,1,1,False,False,0.7656632585259001
80327,1,1,1,False,False,0.7113362320082987
80332,1,1,1,False,False,0.44929280190510384
80345,1,1,1,False,False,0.6649251594516484
80356,3,3,3,False,False,0.500166809784624
80411,0,0,0,False,False,0.49244288000182224
80416,2,2,2,False,False,0.5527290947512464
80417,2,3,2,True,True,0.26823747295055317
80437,2,3,2,True,True,0.17009687446843366
80439,2,2,2,False,False,0.33885970420960543
80457,2,3,2,True,True,0.2793365271033389
80472,1,2,1,True,True,0.23631953751518084
80479,0,0,0,False,False,0.5702940139588244
80483,0,0,1,False,False,0.29227722500978104
80551,2,2,3,False,False,0.3019339396000414
80585,2,2,3,False,False,0.39870398424212367
80595,1,1,1,False,False,0.6228424178418805
80615,3,3,3,False,False,0.7048787632521792
80646,3,0,3,True,True,0.17894661867203282
80652,2,2,2,False,False,0.5657819413701929
80661,0,0,0,False,False,0.5395759425430575
80684,2,2,2,False,False,0.36131238721570225
80686,3,3,3,False,False,0.44661452444778066
80692,2,2,0,False,False,0.2860635532238341
80726,1,1,1,False,False,0.7089623205640156
80733,3,3,3,False,False,0.6144361316830586
80736,1,1,1,False,False,0.5868067150032004
80743,0,1,0,True,True,0.21189163336668349
80762,1,1,1,False,False,0.5762623259925146
80764,0,0,0,False,False,0.5412205469606427
80772,1,1,1,False,False,0.5279555580409708
80778,2,2,2,False,False,0.36763043742743123
80780,3,3,3,False,False,0.4640175411555778
80790,3,3,0,False,False,0.2939899772608321
80791,1,1,1,False,False,0.5826719838485418
80798,3,3,3,False,False,0.47577806790057636
80802,0,0,0,False,False,0.6718787462125498
80804,0,1,0,True,True,0.2743200170963802
80810,1,1,1,False,False,0.7601501647149091
80832,3,3,3,False,False,0.7156086092079846
80835,1,2,1,True,True,0.21181617413308576
80864,3,3,3,False,False,0.3343363624580179
80865,3,0,3,True,True,0.25233977637411764
80867,1,2,1,True,True,0.07368410034220517
80870,0,1,0,True,True,0.11951602271535164
80912,2,2,2,False,False,0.7083987323161532
80914,3,0,0,True,False,0.432389392815942
80937,3,3,3,False,False,0.5895857618031157
80945,2,2,2,False,False,0.42504026275876716
80983,1,1,2,False,False,0.40479096903075135
81004,0,0,0,False,False,0.6153846762687831
81031,1,2,1,True,True,0.1992360433342441
81051,2,2,2,False,False,0.5400900928036328
81059,2,2,2,False,False,0.5376819029781911
81061,2,2,2,False,False,0.5613338945591924
81082,3,3,3,False,False,0.4368768837049432
81085,1,1,1,False,False,0.682990322987661
81087,1,2,1,True,True,0.11144074044330518
81089,1,1,1,False,False,0.36611369243240377
81104,3,3,3,False,False,0.6420106707194869
81115,2,2,2,False,False,0.6754463559805484
81119,0,0,0,False,False,0.5188234098576093
81122,2,2,2,False,False,0.8656442090137372
81134,1,1,1,False,False,0.7474719800243007
81149,3,3,3,False,False,0.7262524786086465
81158,0,0,0,False,False,0.5338167017277469
81164,2,2,2,False,False,0.7797840345493279
81197,3,3,3,False,False,0.4089324721427679
81208,1,1,1,False,False,0.4570651887620347
81211,1,1,1,False,False,0.8315060967740268
81212,0,0,0,False,False,0.7152390880651043
81231,1,1,1,False,False,0.36016418597639827
81234,2,3,2,True,True,0.1986799913273093
81241,0,0,0,False,False,0.8459735272658973
81281,2,2,2,False,False,0.4078320938138163
81303,0,0,0,False,False,0.6154717884631362
81305,2,2,2,False,False,0.7472189106851027
81308,2,2,2,False,False,0.6814018912165136
81310,1,1,1,False,False,0.5687940838508391
81324,1,1,1,False,False,0.712007089782175
81332,3,3,3,False,False,0.7632913130207916
81338,1,1,1,False,False,0.7724899151992066
81339,1,1,1,False,False,0.6005768461033222
81343,1,2,2,True,False,0.32614804405525305
81358,3,3,3,False,False,0.6427035462138566
81363,1,2,1,True,True,0.3251906539518853
81364,1,1,1,False,False,0.5593932332340955
81386,2,3,2,True,True,0.20228236669395502
81396,0,1,0,True,True,0.17855347237243094
81399,2,2,2,False,False,0.5570546341222493
81416,1,1,2,False,True,0.2579705924761814
81438,3,3,3,False,False,0.5814063014807114
81462,2,2,2,False,False,0.33855158531707813
81480,0,0,0,False,False,0.8424056246779364
81484,3,3,3,False,False,0.6045811502694001
81492,2,2,2,False,False,0.7595158517237898
81496,2,3,3,True,False,0.36203584526335114
81526,2,2,2,False,False,0.6458775926343859
81571,3,3,3,False,False,0.7465468569049051
81583,3,3,3,False,False,0.7807860287143409
81589,0,1,0,True,True,0.05756466099873413
81590,2,2,2,False,False,0.6941042065504621
81596,3,3,3,False,False,0.6889362099370044
81607,3,0,3,True,True,0.16592439657346675
81618,0,1,0,True,True,0.06291762040673425
81646,2,2,2,False,False,0.5752376206011556
81648,2,2,1,False,True,0.2311728338853253
81650,0,1,0,True,True,0.19886441391355222
81655,3,3,3,False,False,0.6811992269154877
81663,2,2,3,False,True,0.26648426037618433
81667,3,3,3,False,False,0.4735578836518566
81686,1,1,1,False,False,0.5009277831637591
81712,1,1,1,False,False,0.4262956604961189
81718,2,2,2,False,False,0.4089322956205935
81744,0,0,0,False,False,0.8914229583119299
81746,0,0,0,False,False,0.6878767359101696
81760,1,1,1,False,False,0.6246456371088045
81775,1,2,1,True,True,0.18066757586570859
81782,3,3,3,False,False,0.5893952207001151
81795,0,0,0,False,False,0.4788397623494651
81798,0,0,0,False,False,0.5609234322460117
81824,1,1,1,False,False,0.7310273961316043
81868,1,1,2,False,False,0.3114614844500597
81874,0,0,0,False,False,0.4716938808529453
81886,3,3,3,False,False,0.595043012088669
81890,3,3,3,False,False,0.5710675886277707
81904,1,1,1,False,False,0.7841361345087486
81910,3,0,3,True,True,0.20907345816712358
81933,3,0,3,True,True,0.16570313000283926
81937,3,3,3,False,False,0.6829703723088644
81960,0,0,0,False,False,0.3475438788361518
81982,3,3,0,False,False,0.2989514079772524
82025,1,1,1,False,False,0.7021745940287645
82047,1,1,1,False,False,0.6974039130077273
82072,3,0,3,True,True,0.17595102943388724
82081,2,2,3,False,True,0.2920270432651217
82099,3,3,3,False,False,0.6379971472585763
82101,2,2,2,False,False,0.381649984493487
82123,3,3,3,False,False,0.6332743689969347
82131,3,3,3,False,False,0.3367019865658864
82151,1,1,1,False,False,0.6331074071364267
82178,3,0,3,True,True,0.14235652104877333
82200,3,3,3,False,False,0.5913977340410206
82201,0,0,0,False,False,0.4010020689099294
82205,3,0,3,True,False,0.34134379843599366
82213,3,0,2,True,True,0.1426515704826346
82215,0,0,0,False,False,0.6936176684944139
82222,2,2,3,False,True,0.33942279910555256
82225,3,3,3,False,False,0.5571105753887597
82265,3,3,3,False,False,0.5759613459739056
82271,3,3,3,False,False,0.8360500683319794
82301,3,3,3,False,False,0.7761865724719968
82319,3,3,3,False,False,0.3276902426237463
82321,3,3,3,False,False,0.4753862923201802
82329,2,2,2,False,False,0.4472536309843975
82336,2,2,2,False,False,0.6782501331435247
82342,3,0,3,True,False,0.3058622426233977
82375,2,2,3,False,False,0.38621846674478477
82392,3,3,3,False,False,0.5929068697428914
82408,1,1,1,False,False,0.7606484616889377
82409,1,1,1,False,False,0.44029016704897456
82418,3,3,3,False,False,0.6195559238365764
82424,0,0,0,False,False,0.8512377006993097
82430,3,3,3,False,False,0.4632925681526613
82443,1,1,1,False,False,0.4029993899549844
82474,2,2,2,False,False,0.815801269424144
82497,2,2,2,False,False,0.5658555819429276
82529,2,2,2,False,False,0.5611955597089809
82540,1,2,1,True,True,0.14597831313898937
82562,0,0,0,False,False,0.7422489172284217
82580,1,1,1,False,False,0.5020374628877567
82586,2,2,2,False,False,0.8917398615731003
82589,0,1,0,True,True,0.1396207417878608
82603,3,3,3,False,False,0.5283601299167576
82605,3,3,3,False,False,0.36813432970072274
82612,2,2,2,False,False,0.4672943528015753
82617,1,2,1,True,True,0.18253248004036549
82637,2,2,2,False,False,0.5015177660220512
82640,3,3,3,False,False,0.664607211883948
82648,1,1,1,False,False,0.5472522755494539
82678,3,3,3,False,False,0.7342186968300429
82708,2,2,2,False,False,0.31867504572393723
82717,3,3,3,False,False,0.6302144581978503
82730,0,0,0,False,False,0.37305136072833545
82741,3,0,3,True,True,0.17243900752146493
82749,3,3,3,False,False,0.7478710649946803
82755,1,1,1,False,False,0.6459095088443797
82769,2,2,3,False,True,0.22850825680917042
82775,1,1,1,False,False,0.7702780664486365
82807,1,1,1,False,False,0.6593405517800789
82818,0,1,0,True,True,0.12376486637541499
82822,2,2,2,False,False,0.67061735815806
82841,2,2,3,False,True,0.27564339229255913
82853,2,2,2,False,False,0.6018102927643398
82860,1,1,1,False,False,0.6862481521396686
82862,1,1,1,False,False,0.45036213540731257
82864,0,0,0,False,False,0.39266063160269604
82868,3,3,3,False,False,0.49743353815463165
82880,0,1,0,True,True,0.2096906196959258
82891,2,2,2,False,False,0.5736256322134204
82900,2,2,2,False,False,0.41661744335503614
82913,1,1,1,False,False,0.4031695461450193
82921,0,1,0,True,True,0.33676128877265415
82952,0,0,0,False,False,0.5640843527251648
82978,0,0,0,False,False,0.4560567569513167
82979,0,1,0,True,True,0.23854672831516016
82986,2,3,2,True,True,0.2113952899182439
82992,0,0,0,False,False,0.5982684586636451
83007,1,1,1,False,False,0.5657594406552071
83081,1,1,1,False,False,0.6429438618962492
83082,1,1,1,False,False,0.7770698056940343
83092,3,3,3,False,False,0.3782851001647988
83102,2,2,2,False,False,0.47267770144670745
83115,1,1,1,False,False,0.7077259502346787
83129,0,0,0,False,False,0.6998121897512858
83160,0,0,2,False,True,0.09420368285828117
83163,1,1,1,False,False,0.7722728026386122
83175,3,3,3,False,False,0.4938791378732703
83184,1,1,1,False,False,0.442984672280068
83188,0,0,0,False,False,0.7311687136734071
83199,3,3,3,False,False,0.3002656130456259
83228,0,0,0,False,False,0.637276590795439
83251,1,1,1,False,False,0.465415737544531
83262,0,1,0,True,True,0.23152553705733783
83275,0,0,0,False,False,0.7473914171273109
83279,3,3,0,False,False,0.235414788055758
83282,1,1,1,False,False,0.3808966812760776
83293,1,1,1,False,False,0.4896277393708221
83295,1,1,1,False,False,0.36744505048536524
83299,0,0,0,False,False,0.765699205977606
83304,1,1,1,False,False,0.5943468973493466
83321,1,2,2,True,False,0.3335732379857055
83323,1,1,1,False,False,0.8427305552874454
83337,1,1,1,False,False,0.600283166365885
83339,1,1,1,False,False,0.35674563453519786
83342,0,0,0,False,False,0.656128838601815
83375,1,2,1,True,True,0.08729615232307239
83381,1,1,1,False,False,0.5915327706559664
83386,0,0,0,False,False,0.643435293724383
83396,1,1,1,False,False,0.8306364586298888
83397,1,1,1,False,False,0.7769984871025425
83418,1,1,1,False,False,0.3208682244026954
83421,3,3,3,False,False,0.3355793776357985
83434,1,2,1,True,True,0.16645381667209164
83450,2,3,2,True,True,0.19021288429550257
83457,0,1,0,True,True,0.07907778583024423
83463,1,1,1,False,False,0.6403668353461806
83472,1,1,1,False,False,0.46016929653983063
83479,3,3,3,False,False,0.3014218517660377
83514,1,1,1,False,False,0.5477314774811848
83532,1,1,1,False,False,0.6755764482533932
83534,0,0,0,False,False,0.7290703597805324
83582,0,0,1,False,False,0.3674328977313674
83592,3,3,3,False,False,0.6607003933603346
83607,3,3,1,False,False,0.276795867960604
83612,1,2,1,True,True,0.15781035800217177
83614,1,1,1,False,False,0.7001058091105791
83627,2,2,2,False,False,0.49238947470196687
83642,0,1,0,True,True,0.16841519054073956
83643,1,1,1,False,False,0.7927076775766779
83644,1,2,1,True,True,0.1743219699842215
83671,1,1,1,False,False,0.5861476665679396
83677,2,2,2,False,False,0.5892275972900782
83682,1,1,1,False,False,0.5973467937109641
83685,0,0,0,False,False,0.43188153585422906
83690,0,1,0,True,True,0.16198777582803744
83739,1,1,1,False,False,0.8488341879538244
83746,1,1,1,False,False,0.6106324437511937
83758,0,0,0,False,False,0.8487067480855897
83769,0,0,3,False,False,0.24580499997013022
83770,3,3,2,False,True,0.1682656390128152
83771,0,0,0,False,False,0.4797590533619877
83773,2,2,2,False,False,0.42908510722806686
83797,0,0,0,False,False,0.6471677651320712
83802,0,0,0,False,False,0.825094014283015
83804,1,2,1,True,True,0.06883946018086334
83808,0,0,0,False,False,0.6440694511710503
83822,0,0,0,False,False,0.4042645225233181
83838,2,2,2,False,False,0.3703989928196936
83844,3,3,3,False,False,0.3543131404291567
83848,1,2,1,True,True,0.1834944254005789
83867,0,0,1,False,True,0.10829857249480057
83869,0,1,0,True,True,0.1945848667215068
83872,0,0,0,False,False,0.6051664053021137
83884,1,1,1,False,False,0.5882739124399267
83889,1,2,1,True,True,0.2340858740910478
83902,1,2,1,True,True,0.2350016206868284
83906,0,0,0,False,False,0.5498186554079357
83911,3,3,3,False,False,0.474113338386615
83923,1,1,1,False,False,0.674454892525929
83924,1,1,1,False,False,0.6470091991228666
83936,1,1,1,False,False,0.699297069396866
83943,1,1,1,False,False,0.5453526766170907
83953,0,1,0,True,True,0.11872283670603918
83956,0,0,0,False,False,0.5163467005829835
83959,0,0,0,False,False,0.7354161181694225
83964,2,3,0,True,True,0.06864206240245325
83974,1,2,1,True,True,0.07950893356613621
83975,1,1,1,False,False,0.4309158666311798
83976,1,1,1,False,False,0.7729660782166141
83982,0,1,0,True,True,0.29810036716900035
83988,3,3,3,False,False,0.6165281330697953
83991,1,1,1,False,False,0.5381278816427284
83997,2,2,2,False,False,0.6420568361463816
84014,1,1,1,False,False,0.5501116747161099
84025,0,0,0,False,False,0.7369294261097684
84029,3,3,3,False,False,0.7586484352281614
84040,1,1,1,False,False,0.5973236783014737
84059,3,3,3,False,False,0.3768236680904722
84085,1,2,1,True,True,0.14421392382339412
84100,3,3,3,False,False,0.4443860129358015
84114,3,0,3,True,True,0.1265150718536075
84120,1,1,1,False,False,0.6849179296383021
84123,1,2,1,True,True,0.33850294999490255
84150,3,3,3,False,False,0.36597476364064935
84167,2,2,2,False,False,0.6209290847490212
84178,2,2,2,False,False,0.7796646270171959
84183,2,3,2,True,True,0.214470970939202
84196,2,3,2,True,True,0.33746885993794185
84203,0,0,0,False,False,0.4854761555922742
84225,1,2,1,True,True,0.2542573410277029
84248,2,2,2,False,False,0.5251501847105097
84255,0,0,0,False,False,0.5984593787224601
84266,2,2,2,False,False,0.5553948384583363
84272,0,0,0,False,False,0.4609950754009995
84297,2,2,2,False,False,0.6373267017922074
84299,2,2,3,False,True,0.2922762824162232
84316,0,0,0,False,False,0.5878261599206045
84332,1,1,1,False,False,0.535979903435318
84355,2,2,2,False,False,0.7068240280943296
84360,0,1,1,True,False,0.32797408064591593
84363,0,0,0,False,False,0.49383319599254644
84365,0,0,2,False,True,0.13326279882971603
84370,2,3,2,True,True,0.1913309903258926
84381,1,1,1,False,False,0.5367829711203784
84384,1,1,1,False,False,0.47648309852105786
84393,2,2,2,False,False,0.7681505178627517
84406,2,2,3,False,False,0.3697475263029027
84436,2,2,2,False,False,0.48225451222483895
84449,1,1,1,False,False,0.37856920161382
84454,0,0,0,False,False,0.602772963928243
84456,0,0,0,False,False,0.42830742756356593
84457,2,2,2,False,False,0.7444093646988508
84479,3,3,3,False,False,0.5937871127147912
84481,2,2,2,False,False,0.6100469425403624
84483,1,1,1,False,False,0.8631715935826011
84488,3,3,3,False,False,0.6953966598920162
84509,3,3,1,False,True,0.16653281393399888
84514,1,1,1,False,False,0.40036103553134533
84526,2,2,2,False,False,0.6759365787660612
84531,2,3,2,True,True,0.12971614291132488
84541,0,0,0,False,False,0.5670167999928393
84555,0,0,0,False,False,0.6140923103196876
84592,3,3,3,False,False,0.6132358079848469
84594,3,3,0,False,False,0.28796706839145775
84610,2,2,2,False,False,0.5495623738238176
84638,1,1,1,False,False,0.5561326020972254
84644,1,1,1,False,False,0.7095917938264202
84647,3,3,3,False,False,0.7515919699938846
84671,2,2,2,False,False,0.6264843273646776
84682,1,1,1,False,False,0.48644815135291525
84696,2,2,2,False,False,0.5057101579921204
84710,0,0,0,False,False,0.7367454117250354
84717,2,2,2,False,False,0.7387181344788254
84730,3,3,3,False,False,0.6093663369353665
84741,1,1,1,False,False,0.5551127233480975
84763,1,2,1,True,True,0.12263499170826686
84768,0,0,0,False,False,0.48878239258918366
84773,2,3,3,True,False,0.4779472933963602
84784,3,0,3,True,True,0.16095499418292827
84790,2,2,2,False,False,0.40246371321458246
84811,1,1,1,False,False,0.7058666827527933
84822,3,3,3,False,False,0.3466477283122334
84828,1,1,1,False,False,0.7100663332663998
84832,3,0,0,True,False,0.46746635327468183
84835,1,1,1,False,False,0.3931303048151826
84836,0,0,0,False,False,0.3658181433376603
84840,2,2,2,False,False,0.3953005590504503
84846,1,1,1,False,False,0.509164388435048
84849,2,2,2,False,False,0.5390346206141002
84861,3,3,3,False,False,0.6371859005916999
84870,3,3,3,False,False,0.5992205291145309
84880,3,0,3,True,True,0.09885819701526607
84884,0,0,0,False,False,0.6052682501306037
84896,0,1,0,True,True,0.12945701066234785
84909,2,2,3,False,True,0.18306189293389502
84926,2,2,2,False,False,0.5558920182073461
84940,2,2,2,False,False,0.6067396849515916
84957,1,1,1,False,False,0.5540273222429378
84976,0,0,1,False,False,0.2805614403278587
84985,0,0,0,False,False,0.7769502771478247
84990,2,2,3,False,False,0.3050237207733724
84991,0,0,0,False,False,0.43551391233847697
84993,2,3,3,True,False,0.412310631370339
85010,1,1,1,False,False,0.7005313270109472
85049,2,2,2,False,False,0.5043814075930267
85062,3,3,3,False,False,0.8110295407884176
85063,3,3,3,False,False,0.393301418223916
85087,3,3,3,False,False,0.6242403187389717
85095,3,3,3,False,False,0.6623744143834307
85124,1,1,1,False,False,0.5428263188257081
85139,3,3,3,False,False,0.3873865702804676
85143,1,1,1,False,False,0.6419309028153589
85161,3,3,3,False,False,0.6057937939082426
85164,3,3,3,False,False,0.8559003020249759
85165,3,3,2,False,False,0.3238555048027176
85172,3,3,3,False,False,0.6373445980822757
85195,2,2,3,False,True,0.050532759052170986
85234,1,1,1,False,False,0.5018776719683553
85245,0,0,1,False,False,0.4180023959749139
85246,0,0,0,False,False,0.7324071978975883
85253,3,0,2,True,False,0.20708175832251433
85264,0,0,1,False,False,0.3331144091932579
85270,2,2,2,False,False,0.49129959361938996
85274,3,3,3,False,False,0.47840892084473824
85290,3,0,3,True,False,0.3520503682496444
85303,0,1,0,True,True,0.13825398847547352
85349,3,3,3,False,False,0.5605131702764415
85359,1,2,1,True,True,0.31676171014859733
85361,2,2,2,False,False,0.6748844606919844
85363,2,2,3,False,False,0.315464386354878
85393,0,0,0,False,False,0.7297583478464237
85399,2,3,2,True,True,0.11910054811765965
85441,1,2,1,True,True,0.13819017191525912
85442,1,2,1,True,True,0.24047517665756835
85457,2,2,3,False,True,0.12478980954809854
85461,0,0,0,False,False,0.45283001314226745
85463,3,3,3,False,False,0.36918631097730986
85470,2,3,2,True,True,0.13866828805531684
85474,3,3,3,False,False,0.8077895754158547
85487,0,0,0,False,False,0.7194178457265974
85489,0,0,0,False,False,0.638384970293908
85539,3,3,3,False,False,0.7284212341284722
85540,3,3,3,False,False,0.4151284854472262
85549,2,2,2,False,False,0.7161749133865267
85552,2,3,2,True,True,0.08988572510293547
85579,0,1,0,True,True,0.1749679309616007
85587,0,0,1,False,False,0.26064324100945485
85590,3,3,3,False,False,0.40661655190660667
85591,2,2,2,False,False,0.6298865511892959
85632,2,2,2,False,False,0.7205863570714737
85641,3,3,3,False,False,0.6904154571409047
85666,2,2,2,False,False,0.45619521739649455
85673,2,3,2,True,True,0.1917123451822231
85675,2,2,2,False,False,0.3463529456943657
85676,2,3,3,True,False,0.4890857399694177
85681,2,3,2,True,True,0.07608303528270027
85687,3,3,3,False,False,0.4797110091086391
85691,3,3,3,False,False,0.42421992208267345
85740,0,1,0,True,True,0.1439924781997473
85747,3,3,3,False,False,0.6738249599802192
85768,3,3,3,False,False,0.8258994379402611
85774,3,0,3,True,True,0.14841440456540314
85781,0,0,0,False,False,0.8351663148633234
85786,2,2,3,False,True,0.23431100149784348
85788,2,3,3,True,False,0.599761905139809
85796,1,1,1,False,False,0.5842472647291999
85809,0,0,2,False,False,0.19560897639066496
85812,2,2,2,False,False,0.40458338661327237
85815,3,0,3,True,True,0.1689028710822681
85818,3,3,3,False,False,0.4934368701943453
85823,2,2,2,False,False,0.3497002534322692
85834,0,0,0,False,False,0.7759976840383586
85835,3,3,3,False,False,0.4825108238303147
85870,2,2,2,False,False,0.665724477000403
85873,3,3,3,False,False,0.6542853980486227
85895,1,1,1,False,False,0.5656747369820335
85900,3,3,3,False,False,0.5335747834781872
85904,1,1,1,False,False,0.5898442947301556
85906,1,1,1,False,False,0.592688060607136
85951,3,3,3,False,False,0.6504079178657846
85962,1,2,1,True,True,0.16645235621088098
85980,3,3,3,False,False,0.7226251768590012
85982,0,0,0,False,False,0.6280967225996791
85988,3,3,3,False,False,0.4624780552113727
85999,1,1,1,False,False,0.5505648049580775
86001,0,0,0,False,False,0.5364935303998852
86003,3,0,3,True,True,0.07664628027330922
86017,3,3,3,False,False,0.44991383283404857
86019,2,2,2,False,False,0.7258179672733889
86030,0,0,0,False,False,0.7391001001973279
86033,3,3,0,False,True,0.23809046093671984
86036,1,2,1,True,True,0.0741363164742849
86047,3,3,3,False,False,0.822247797952669
86054,3,3,3,False,False,0.5965077643809976
86055,3,3,3,False,False,0.5471444188938693
86058,1,1,1,False,False,0.7783628072652063
86069,0,0,0,False,False,0.601177702737144
86083,0,0,1,False,False,0.22861096586794732
86091,3,3,3,False,False,0.7519526321998459
86094,1,1,1,False,False,0.5002461188262668
86110,3,0,3,True,True,0.09434622821027026
86128,1,1,1,False,False,0.5960524457143627
86139,2,2,2,False,False,0.618292173928778
86150,1,1,1,False,False,0.8182074062244235
86196,0,1,3,True,True,0.07961617297042774
86215,3,3,3,False,False,0.4218667082161834
86240,2,2,2,False,False,0.3783675935917877
86253,1,1,1,False,False,0.5731566585818945
86259,3,3,3,False,False,0.6373160693741965
86292,2,3,2,True,True,0.10557998428448448
86295,2,2,2,False,False,0.841090639272382
86297,2,2,2,False,False,0.6229724757421168
86307,0,0,0,False,False,0.7857320743339126
86320,2,2,3,False,True,0.29082273108903567
86325,0,0,0,False,False,0.6275502278732323
86336,0,0,1,False,True,0.1695975545916196
86343,2,2,3,False,False,0.3447763419415762
86354,0,1,0,True,True,0.23230950493117417
86368,2,2,2,False,False,0.5310997100771959
86373,0,0,0,False,False,0.38751594819946966
86376,1,1,1,False,False,0.6520926714920687
86385,1,1,1,False,False,0.5328181522785966
86387,0,0,0,False,False,0.6333027485057439
86401,3,0,3,True,True,0.20636955916240882
86406,3,0,3,True,True,0.13422621297511786
86409,2,2,2,False,False,0.5168094181244309
86413,1,2,1,True,True,0.10975340577135044
86458,0,0,0,False,False,0.6756141272475191
86470,3,3,0,False,True,0.2297926841988635
86483,3,0,3,True,True,0.0765293746215188
86488,1,1,1,False,False,0.5968823921358481
86490,0,0,0,False,False,0.6717372581239259
86497,0,0,0,False,False,0.7229260364342047
86502,3,3,3,False,False,0.7996618289577577
86507,0,1,0,True,True,0.11851923642993484
86528,1,1,1,False,False,0.6033113402004405
86529,1,1,1,False,False,0.5547216892454648
86545,0,0,0,False,False,0.5380294148126311
86566,2,2,2,False,False,0.8508893295601356
86570,2,2,3,False,True,0.25483447205699733
86572,2,2,2,False,False,0.6662355316974342
86582,1,1,1,False,False,0.7530641628417236
86605,2,2,2,False,False,0.7030572686243017
86607,3,0,3,True,True,0.19432730514880778
86611,1,1,1,False,False,0.668066618592029
86636,0,0,0,False,False,0.6780387975748001
86657,0,0,0,False,False,0.33785441463522564
86664,3,3,3,False,False,0.6720635237652868
86672,0,0,2,False,True,0.20613402392033867
86683,3,3,3,False,False,0.6352939380639503
86706,1,1,1,False,False,0.6354323045636587
86709,2,2,3,False,True,0.3026053352955805
86726,2,2,2,False,False,0.4311603271036645
86737,3,3,2,False,True,0.37732224131304776
86740,3,3,3,False,False,0.3316287177294312
86761,2,2,3,False,False,0.32758607828782516
86774,0,0,0,False,False,0.7242498353790554
86801,1,2,1,True,True,0.21372012279684052
86805,0,1,0,True,True,0.0748768341746843
86808,2,2,2,False,False,0.6222575536296355
86822,3,3,3,False,False,0.7999348727743371
86859,2,2,2,False,False,0.8102661833917089
86863,3,0,3,True,True,0.09029920043696527
86870,2,2,2,False,False,0.743899124278414
86884,0,0,0,False,False,0.6228424874740874
86892,2,3,3,True,False,0.4046404986754254
86906,2,2,2,False,False,0.5531723033372461
86937,1,1,1,False,False,0.5134308367199706
86939,1,2,1,True,True,0.1837201435737341
86949,2,2,2,False,False,0.6275669949706262
86976,1,2,1,True,True,0.243172479814489
86978,0,0,0,False,False,0.6118689210404668
86991,2,2,2,False,False,0.6294354889584195
86993,2,2,2,False,False,0.5712334899254415
87002,3,0,3,True,True,0.286762817088545
87007,2,3,2,True,True,0.1377285959827603
87013,3,3,3,False,False,0.8643537351812627
87016,3,3,3,False,False,0.559937213051043
87023,0,0,0,False,False,0.5370115846323109
87030,2,3,2,True,True,0.25979890484336454
87041,3,3,0,False,True,0.21592847794127934
87042,0,0,0,False,False,0.4035182682948066
87050,2,3,2,True,True,0.18617221773046233
87059,0,0,0,False,False,0.6476214011589776
87076,3,3,3,False,False,0.46969146697551195
87082,2,2,2,False,False,0.6439259155768307
87090,3,3,3,False,False,0.7453138218526127
87096,3,3,3,False,False,0.6750680813208547
87110,0,0,0,False,False,0.6835716581480316
87140,3,0,3,True,True,0.18569172084462993
87149,2,2,3,False,False,0.34528358301903633
87155,2,2,2,False,False,0.6681416473728605
87192,2,2,3,False,True,0.2386304712114998
87203,3,3,0,False,False,0.2731460635652817
87207,3,3,3,False,False,0.7185857774501553
87220,3,3,3,False,False,0.582210087004807
87241,2,2,2,False,False,0.8554476178478417
87272,0,0,0,False,False,0.5303513708817612
87274,3,0,0,True,False,0.4178100480798779
87276,3,3,3,False,False,0.8211271021838457
87282,3,3,3,False,False,0.34629895583482145
87292,3,3,3,False,False,0.4293172733020969
87305,0,0,0,False,False,0.516645199788185
87325,3,3,3,False,False,0.6508245958125448
87331,1,1,1,False,False,0.5794199829184816
87332,0,0,1,False,False,0.3092641176797388
87335,0,0,0,False,False,0.7277209434464949
87339,2,2,2,False,False,0.5067276009462841
87352,3,0,3,True,True,0.2547335414666806
87354,3,3,2,False,True,0.32578385142665667
87362,1,1,1,False,False,0.6697295558768463
87384,0,1,0,True,True,0.238860984258199
87387,3,0,3,True,True,0.1496590680434554
87388,3,3,3,False,False,0.6131421590238476
87397,3,0,0,True,False,0.33805953345743406
87404,2,3,2,True,True,0.29969439852919033
87407,2,2,2,False,False,0.6940387283008446
87408,2,2,2,False,False,0.4764004597575752
87427,1,2,1,True,True,0.19256253777800456
87432,0,0,0,False,False,0.7236625270410489
87447,2,2,0,False,False,0.29078867226355143
87456,1,1,1,False,False,0.7600517094410029
87496,2,2,2,False,False,0.5807780687680175
87515,0,0,0,False,False,0.7871822929876574
87521,2,2,2,False,False,0.44711103269299385
87524,2,2,0,False,False,0.2630964935034828
87526,2,2,0,False,False,0.2935368595215991
87534,2,2,2,False,False,0.33802928106578656
87535,2,2,2,False,False,0.4672949117981661
87561,2,2,3,False,False,0.32261373068464183
87567,1,1,1,False,False,0.6236660852749557
87589,1,1,1,False,False,0.5158560073790758
87592,0,0,0,False,False,0.7523742225711604
87621,3,0,1,True,True,0.15348404568340046
87625,1,1,1,False,False,0.6397558655990888
87642,2,2,2,False,False,0.5738116705825188
87645,2,2,2,False,False,0.3888262635121202
87652,3,3,3,False,False,0.6666304074616011
87657,2,2,2,False,False,0.47146708027677514
87679,2,2,2,False,False,0.7357396511677413
87688,3,3,3,False,False,0.35085454347789025
87696,1,1,1,False,False,0.6720976520261843
87700,1,1,1,False,False,0.6245002029260438
87713,1,1,1,False,False,0.36450273986042886
87714,0,1,0,True,True,0.15509974735946563
87719,0,0,0,False,False,0.8374507095296646
87721,2,3,2,True,True,0.12026573679584983
87726,3,3,2,False,True,0.27246546686420836
87733,0,0,0,False,False,0.7953976590869
87798,3,3,3,False,False,0.4740044634251927
87805,1,1,1,False,False,0.45392852796060085
87806,1,1,1,False,False,0.42869844152321
87824,2,2,3,False,True,0.14967455471476857
87844,1,1,2,False,False,0.3425647731064348
87865,2,3,2,True,True,0.3402007130826547
87867,2,2,2,False,False,0.5275622914389179
87869,2,2,2,False,False,0.6533717675983776
87871,3,3,3,False,False,0.4849901653423606
87898,2,2,2,False,False,0.5724786272958071
87903,0,0,0,False,False,0.2979620778357134
87908,3,0,3,True,True,0.10771408178473127
87910,3,3,3,False,False,0.7849319476964007
87934,2,2,2,False,False,0.3013227843602415
87942,3,3,3,False,False,0.6009576500288724
87961,2,2,2,False,False,0.69814712089344
87984,0,1,1,True,False,0.4269525942893649
87993,2,3,2,True,True,0.1713318976141595
87998,3,3,3,False,False,0.6181180711284715
88002,2,2,2,False,False,0.7308902680967492
88011,2,2,2,False,False,0.6017708269811078
88030,1,1,1,False,False,0.6822557389601523
88032,0,0,0,False,False,0.7692350629179183
88033,0,0,0,False,False,0.599406229253481
88046,0,1,0,True,True,0.30945646793405734
88050,2,2,2,False,False,0.43390566022120075
88074,1,2,0,True,False,0.24404859891349737
88078,1,1,1,False,False,0.44682898139423566
88082,0,0,0,False,False,0.7526335650615223
88104,3,3,3,False,False,0.44465525543961104
88112,0,0,0,False,False,0.7672844199085576
88118,0,1,0,True,True,0.220494244650477
88123,3,3,0,False,True,0.20064715723818574
88136,2,3,2,True,True,0.25153341565017395
88183,0,0,0,False,False,0.47448907305437327
88204,2,3,2,True,True,0.34176682796089936
88210,2,2,2,False,False,0.742788009153537
88217,2,3,2,True,True,0.18303789173337479
88276,3,3,3,False,False,0.646938416649856
88289,3,0,2,True,True,0.05567023710489351
88293,1,1,1,False,False,0.4382305802632889
88301,1,2,1,True,True,0.20962792342610542
88332,2,2,3,False,False,0.3590727289609009
88351,3,0,2,True,False,0.19441067403356718
88360,2,2,2,False,False,0.6412872965747073
88365,0,0,0,False,False,0.7717699738502097
88387,3,3,2,False,True,0.3263041528365925
88435,2,2,2,False,False,0.5868666993110575
88436,2,3,2,True,True,0.27854864778119687
88437,3,3,3,False,False,0.39330316369627105
88444,0,0,0,False,False,0.775767246623514
88456,1,2,1,True,True,0.1370535588681139
88466,1,1,1,False,False,0.6465546342632184
88472,3,3,1,False,False,0.24896895526029916
88477,0,0,0,False,False,0.9392234597135334
88517,2,2,3,False,True,0.21236324452056085
88518,2,2,2,False,False,0.7441279426994739
88528,0,0,0,False,False,0.750375903997525
88532,3,3,3,False,False,0.399211568734374
88538,1,2,1,True,True,0.1253591757239592
88562,2,3,2,True,True,0.2361038804192613
88569,3,3,3,False,False,0.5486627557441605
88575,0,0,0,False,False,0.5603923795669471
88586,0,1,2,True,True,0.10867691690375648
88595,3,3,3,False,False,0.5371314728223965
88602,0,0,0,False,False,0.5717372674220024
88613,1,1,1,False,False,0.6335447666805832
88619,0,0,0,False,False,0.8353742932790202
88623,3,3,3,False,False,0.6533480980141
88636,2,2,3,False,False,0.3147230574685956
88649,2,3,2,True,True,0.12266376682991291
88653,2,2,3,False,True,0.10785268604966874
88654,2,2,2,False,False,0.5846224553770226
88673,0,0,0,False,False,0.9149552491576219
88708,0,0,0,False,False,0.6043837089079513
88717,1,1,1,False,False,0.7551448102945604
88724,2,2,2,False,False,0.3813092606756972
88727,3,3,2,False,True,0.35429584499971856
88739,3,3,3,False,False,0.5766949945973737
88760,2,2,2,False,False,0.6766235610119838
88777,2,2,3,False,False,0.2973861363958738
88783,2,2,3,False,True,0.31762534470621906
88790,3,0,3,True,True,0.2873145881502448
88791,3,0,3,True,True,0.08360310119499334
88828,2,2,2,False,False,0.6401259531709657
88833,3,3,3,False,False,0.5761683152792297
88854,1,1,1,False,False,0.8423211868880414
88868,3,0,3,True,True,0.19806561698348954
88888,2,3,2,True,True,0.24641593395363684
88909,2,2,0,False,False,0.2135499448137233
88921,2,2,2,False,False,0.678082978708455
88939,0,0,1,False,True,0.07675166381807402
88947,2,3,2,True,True,0.05675907822706443
88954,3,3,3,False,False,0.62211622132161
88961,3,3,3,False,False,0.5519568165805443
88962,2,3,3,True,False,0.36907068724356135
88969,3,3,3,False,False,0.6665235969572575
88979,2,2,2,False,False,0.48230370809901985
88984,2,2,2,False,False,0.6339699164789765
88990,3,3,3,False,False,0.5016274575091155
89009,0,0,3,False,True,0.24842636921358888
89017,2,2,3,False,False,0.40739088977761206
89027,3,3,3,False,False,0.6769659697976091
89040,3,3,3,False,False,0.4160723762065415
89043,3,3,3,False,False,0.5744608109120255
89054,3,3,3,False,False,0.5594482886637495
89072,0,0,0,False,False,0.7436649436880599
89101,0,0,0,False,False,0.5066781934259584
89112,3,3,3,False,False,0.4583992380976326
89122,2,2,3,False,False,0.3976458424223304
89123,2,2,2,False,False,0.42679889859771314
89127,3,0,3,True,True,0.155392225509305
89130,3,3,3,False,False,0.4694871186237489
89146,2,2,1,False,True,0.34805685468257624
89150,2,2,2,False,False,0.7744264427070613
89155,3,3,3,False,False,0.7922455539907365
89177,2,2,2,False,False,0.7101836612311945
89194,3,3,3,False,False,0.6479935555132594
89198,3,3,3,False,False,0.7270975890440916
89209,1,2,1,True,True,0.16942855747938962
89214,2,2,2,False,False,0.6736017065957197
89236,3,3,0,False,False,0.2668532398107135
89244,3,0,3,True,True,0.08149416451560035
89254,1,1,1,False,False,0.5962113927195544
89267,3,3,3,False,False,0.866361881819435
89274,2,2,2,False,False,0.7246231902651312
89279,3,0,3,True,True,0.1284655801231514
89280,3,3,3,False,False,0.32689059416908106
89285,3,3,3,False,False,0.7727148958777783
89313,3,3,3,False,False,0.5890004678453545
89332,0,0,0,False,False,0.4843268525662188
89333,0,0,0,False,False,0.6252640610256488
89346,2,2,3,False,True,0.12893013856733632
89365,2,2,2,False,False,0.5752931136871121
89366,3,3,3,False,False,0.5121178147440328
89369,3,3,3,False,False,0.5545872504716962
89393,2,3,2,True,True,0.39133738413748675
89397,3,0,0,True,False,0.3456392233709392
89423,0,0,2,False,False,0.22087069748477164
89431,1,1,1,False,False,0.4435370875848558
89434,1,1,1,False,False,0.4137264774201128
89447,0,0,0,False,False,0.5147461945126354
89448,0,1,0,True,True,0.20418267407722102
89458,0,1,2,True,True,0.2112260854184154
89460,0,0,0,False,False,0.8143436937944467
89465,1,1,1,False,False,0.7982665449731738
89469,3,3,3,False,False,0.38703294573546626
89470,0,1,0,True,True,0.22312327446667676
89473,2,2,2,False,False,0.5067483308878575
89484,0,0,0,False,False,0.7451647936490438
89498,2,2,2,False,False,0.5537673379803104
89509,2,2,2,False,False,0.4891271863314606
89514,1,1,1,False,False,0.4510642805288282
89526,3,3,3,False,False,0.7300255969714647
89531,1,1,1,False,False,0.534709993717658
89539,0,0,0,False,False,0.6285017581772137
89549,3,3,2,False,True,0.2053309703614577
89553,1,1,1,False,False,0.627660514120595
89556,0,0,0,False,False,0.4351694581734438
89570,1,1,1,False,False,0.5134187492350724
89571,1,2,1,True,True,0.24162641253929892
89583,1,1,2,False,True,0.2913207486593049
89590,2,2,2,False,False,0.7056914544782208
89606,1,1,1,False,False,0.6212594497041363
89609,1,1,1,False,False,0.27492228412832975
89623,2,3,2,True,True,0.18340598080548676
89645,1,1,1,False,False,0.46607649215501884
89653,1,1,1,False,False,0.6087992241968498
89658,0,0,0,False,False,0.5120981965945074
89693,1,1,1,False,False,0.3739961193415483
89708,2,3,3,True,False,0.30498773762011644
89710,3,0,2,True,True,0.1519783912486725
89723,3,0,0,True,False,0.3179958990221375
89747,0,0,0,False,False,0.8261753790219537
89778,3,0,3,True,True,0.21962102495078686
89779,3,0,0,True,False,0.5845116070761472
89784,0,0,0,False,False,0.5173109723697372
89786,0,1,0,True,True,0.2828369504058662
89791,1,1,1,False,False,0.5866027790324404
89805,0,0,0,False,False,0.5515848834445882
89807,2,2,2,False,False,0.6736540720219589
89830,0,0,0,False,False,0.8178617997018283
89842,1,1,1,False,False,0.7096373092309657
89869,1,1,1,False,False,0.6886011440003001
89872,1,1,1,False,False,0.5643885939017957
89876,3,0,2,True,True,0.17064549940863014
89888,3,3,3,False,False,0.67254869168729
89900,3,3,3,False,False,0.48284025453137214
89903,0,0,0,False,False,0.770714401586921
89908,1,1,1,False,False,0.7401810963774412
89910,1,1,1,False,False,0.8060968461973502
89915,3,3,0,False,False,0.3326655323569914
89916,0,0,0,False,False,0.6061836999443813
89926,3,3,3,False,False,0.4735175405376031
89938,2,2,2,False,False,0.6161308558375559
89995,1,1,1,False,False,0.33608037629376925
90008,1,1,1,False,False,0.6400539363147631
90020,0,0,0,False,False,0.6291506897155145
90023,1,2,1,True,True,0.11616396836186489
90025,1,1,1,False,False,0.6721427392577126
90026,1,1,1,False,False,0.6927198267422134
90039,1,1,1,False,False,0.5596275072024545
90044,0,0,0,False,False,0.6426473957699699
90063,3,3,3,False,False,0.43305558549283263
90064,0,0,2,False,True,0.1409698162452618
90066,3,3,3,False,False,0.6540138268540918
90088,0,0,2,False,False,0.2797892862183464
90138,0,0,0,False,False,0.49465224094801974
90148,1,1,1,False,False,0.7689229949196389
90163,3,3,0,False,True,0.18195892739507497
90185,1,1,1,False,False,0.6921672929609614
90191,1,1,1,False,False,0.6311794136635585
90192,1,1,1,False,False,0.521595529555874
90199,3,3,3,False,False,0.43526852751952133
90206,3,3,1,False,False,0.27135885050805425
90207,1,1,1,False,False,0.54946344206446
90251,1,1,1,False,False,0.7420682359405529
90257,0,0,0,False,False,0.8043710605613102
90259,0,0,0,False,False,0.6051817288563996
90285,0,0,1,False,True,0.035173737763323526
90325,0,0,0,False,False,0.7190138199201292
90339,0,0,0,False,False,0.781795868270994
90349,0,0,1,False,False,0.2907788645736777
90362,0,0,0,False,False,0.4078603406923044
90397,2,3,2,True,True,0.20067422822277858
90404,1,1,1,False,False,0.7326885692710126
90411,1,1,1,False,False,0.6264179714564909
90417,0,0,0,False,False,0.6501762710565477
90429,0,0,0,False,False,0.641586783205291
90474,1,1,1,False,False,0.48857530519359593
90487,1,1,1,False,False,0.6507545003391435
90512,0,0,0,False,False,0.6119374069143604
90515,1,1,1,False,False,0.5274294316479966
90536,1,1,1,False,False,0.7963010234789581
90548,0,0,0,False,False,0.3763145136083123
90558,1,1,1,False,False,0.7856128594499234
90600,1,1,1,False,False,0.8113986193786863
90657,1,1,1,False,False,0.7088837068756915
90668,0,0,0,False,False,0.5493189062847098
90682,2,2,2,False,False,0.49292866583737444
90709,0,0,0,False,False,0.5383200873286849
90711,1,1,1,False,False,0.5753305327499231
90732,3,3,3,False,False,0.7793891859064543
90737,2,2,2,False,False,0.6198326146005667
90755,1,1,1,False,False,0.6946800045112497
90769,1,1,1,False,False,0.5565491597797931
90772,2,2,3,False,False,0.4191666938437471
90773,2,2,2,False,False,0.4133207317483242
90777,1,2,1,True,True,0.07923892274724406
90781,1,1,1,False,False,0.6855327213744415
90789,1,2,1,True,True,0.12736516972410158
90804,3,3,3,False,False,0.4740513573351435
90810,0,0,0,False,False,0.70518024195137
90813,0,0,0,False,False,0.6397458489991262
90816,1,1,1,False,False,0.7476197533507498
90820,2,2,3,False,False,0.3611461130916205
90825,3,3,3,False,False,0.4808129635373877
90854,2,2,0,False,True,0.09476872890520734
90873,0,1,0,True,True,0.17425903951134797
90929,3,3,3,False,False,0.659955664415092
90937,1,1,1,False,False,0.5883155485337423
90939,0,0,0,False,False,0.7123482017883987
90947,1,1,1,False,False,0.4442768436714407
90966,1,1,1,False,False,0.4767556984059659
91003,2,2,2,False,False,0.5781582566992737
91049,3,3,3,False,False,0.4765270720693943
91057,2,2,2,False,False,0.7768612549658724
91077,0,0,0,False,False,0.6293907602059294
91079,0,0,0,False,False,0.8348176305391859
91080,3,3,0,False,False,0.2729219822630184
91084,2,2,2,False,False,0.8317774271555691
91088,3,0,3,True,True,0.15482545459419794
91094,1,1,1,False,False,0.782429952463093
91098,3,0,3,True,True,0.19791149632123906
91107,2,2,2,False,False,0.6777244035087212
91134,1,1,1,False,False,0.7909279497211865
91139,0,0,0,False,False,0.6556757510974803
91161,1,2,1,True,True,0.2768470758303096
91173,2,2,2,False,False,0.6596195378863791
91177,2,2,2,False,False,0.7851536811311245
91186,3,3,3,False,False,0.7584278360182682
91198,1,1,1,False,False,0.8326198182812963
91201,0,0,0,False,False,0.5470085609937627
91231,0,0,0,False,False,0.7193055172254139
91282,3,3,0,False,False,0.268932237263083
91293,2,3,2,True,True,0.2726974900999328
91297,2,3,2,True,True,0.25467551565474605
91299,0,1,0,True,True,0.16428371109910395
91306,3,3,3,False,False,0.6570293191825978
91311,1,1,1,False,False,0.7427624746832306
91315,0,0,0,False,False,0.5995392469919586
91326,2,2,2,False,False,0.6444558051103144
91337,1,1,1,False,False,0.46089100756440377
91341,0,0,0,False,False,0.5708308561695608
91364,2,2,2,False,False,0.6782728774321001
91378,1,1,1,False,False,0.834644422546493
91383,2,2,3,False,False,0.25351041896883886
91389,3,3,3,False,False,0.6411906646593406
91420,2,2,3,False,True,0.19185020050396143
91424,3,3,3,False,False,0.769833136554213
91435,0,0,0,False,False,0.32968468623683556
91469,3,3,3,False,False,0.7339471368496678
91473,3,0,3,True,True,0.26024536555038175
91474,3,3,3,False,False,0.3417105328857425
91479,0,0,1,False,False,0.3311704955197984
91489,2,2,2,False,False,0.4701977420055233
91506,3,0,3,True,False,0.32990394514612276
91507,3,3,3,False,False,0.4155936717413163
91509,1,1,1,False,False,0.6007409703122735
91513,1,1,1,False,False,0.5412934445318
91517,3,3,3,False,False,0.7730310631284731
91525,3,3,3,False,False,0.6804214530772041
91530,1,1,1,False,False,0.41177037698795954
91553,2,2,2,False,False,0.47299166359009726
91558,2,2,2,False,False,0.722092505152227
91589,0,0,0,False,False,0.7023328929486932
91595,3,3,3,False,False,0.6309128479405557
91601,2,2,2,False,False,0.4364988935830948
91622,2,3,2,True,True,0.12163499637815493
91624,2,2,2,False,False,0.5390510907946606
91635,3,3,3,False,False,0.42982986315415606
91638,0,0,2,False,False,0.33671402820456775
91644,3,0,3,True,True,0.1351123161134117
91645,3,3,3,False,False,0.6083136990907759
91647,3,3,3,False,False,0.6977882898016341
91653,2,2,3,False,False,0.3737222142682701
91673,2,2,2,False,False,0.401921574483255
91686,3,3,3,False,False,0.6684498724633103
91688,0,0,0,False,False,0.8589737722439247
91715,0,1,0,True,True,0.2350596925920717
91725,0,1,0,True,False,0.3127111673527322
91733,3,3,3,False,False,0.7425631435980475
91763,1,1,1,False,False,0.4919481983072155
91764,0,0,0,False,False,0.6930698749747712
91778,1,2,1,True,True,0.32224741765655784
91779,3,3,3,False,False,0.5258632187627932
91781,3,3,3,False,False,0.38489289234622304
91782,3,0,0,True,False,0.3543335710295125
91789,1,1,1,False,False,0.3982515585882845
91804,1,1,1,False,False,0.5815683511138231
91805,3,3,3,False,False,0.4780808821996851
91822,2,3,2,True,True,0.2147955486930918
91825,1,1,1,False,False,0.5045738859287855
91829,0,0,0,False,False,0.6890585531514715
91836,3,3,3,False,False,0.4823685252388525
91842,0,0,0,False,False,0.822801092479173
91882,1,1,1,False,False,0.7497717076740479
91893,2,2,2,False,False,0.5212493211334749
91901,2,2,2,False,False,0.5250338219297056
91904,3,3,3,False,False,0.6857325053417381
91911,1,1,1,False,False,0.38777325287582665
91918,1,1,1,False,False,0.6235056252229533
91927,1,1,1,False,False,0.5521793971237472
91929,2,2,2,False,False,0.7407851885943278
91935,0,1,0,True,True,0.1299367826474848
91941,2,2,2,False,False,0.4946124634545016
91949,1,1,1,False,False,0.5888774849089042
91980,0,0,0,False,False,0.4314370272217187
91991,2,2,2,False,False,0.35317636409535286
91999,1,2,1,True,True,0.1620450393761466
92006,2,2,2,False,False,0.4532702439172695
92007,2,2,2,False,False,0.5126408485088104
92033,3,0,3,True,True,0.13754914104644794
92052,3,3,0,False,True,0.1426117960559426
92059,2,2,2,False,False,0.7559834996929519
92066,1,2,1,True,True,0.16365619222458708
92072,1,2,1,True,True,0.2922203049298261
92073,1,1,1,False,False,0.6654037134478535
92081,0,0,0,False,False,0.44600745290185356
92082,0,0,0,False,False,0.5518922198457589
92095,2,3,2,True,True,0.19291188408222806
92120,1,2,1,True,True,0.2006883143230155
92121,1,1,1,False,False,0.6794826532904977
92150,1,1,1,False,False,0.45985665047725055
92156,2,2,3,False,False,0.37625689788060346
92173,1,2,1,True,True,0.19480205620425395
92180,1,2,1,True,True,0.19461354858873153
92185,2,2,2,False,False,0.8041495050332178
92189,1,1,1,False,False,0.43177779372965036
92192,1,1,1,False,False,0.6852054538143997
92209,0,0,0,False,False,0.7316301294061028
92216,2,2,2,False,False,0.7727901522857705
92220,2,3,2,True,True,0.1703362812476814
92221,2,2,2,False,False,0.3212857777196444
92224,3,3,3,False,False,0.44836935275194906
92243,2,3,2,True,True,0.08348783402318395
92250,1,1,1,False,False,0.6607138541813122
92263,2,2,2,False,False,0.5503134663118895
92267,2,2,2,False,False,0.4918857742583397
92272,2,2,2,False,False,0.7512650348958287
92276,0,0,0,False,False,0.35827165249837595
92293,2,3,2,True,True,0.13256993634122208
92302,2,2,2,False,False,0.6503067349675613
92307,2,3,2,True,True,0.13786656864061797
92309,3,3,3,False,False,0.5498232913290286
92312,3,0,3,True,True,0.19503306275060747
92318,1,1,1,False,False,0.7229869513238483
92348,3,3,3,False,False,0.6756196414566442
92367,2,2,3,False,True,0.2374553659969887
92389,1,1,1,False,False,0.5222631760286212
92391,0,1,0,True,True,0.08519430621715676
92399,2,2,0,False,False,0.21062777545678693
92411,0,0,0,False,False,0.5027907641585233
92435,1,1,1,False,False,0.4131416065967544
92454,0,0,1,False,False,0.3442702150219134
92490,1,1,1,False,False,0.5467974001074836
92514,1,1,1,False,False,0.6691916919276768
92533,2,2,2,False,False,0.5154037650771272
92538,3,3,3,False,False,0.6278152205411748
92539,3,3,3,False,False,0.4594848808447313
92555,0,0,0,False,False,0.6697426274213178
92592,2,2,2,False,False,0.6783487455856407
92600,2,3,3,True,False,0.47450433577345424
92613,1,1,1,False,False,0.6605328790416161
92660,2,2,2,False,False,0.43869799457377534
92669,0,0,0,False,False,0.37846328219567094
92671,3,3,3,False,False,0.7499550820658357
92683,2,2,3,False,False,0.34349161069575773
92694,1,1,1,False,False,0.5210921437132987
92698,0,0,0,False,False,0.4997163419224762
92712,0,0,0,False,False,0.4767414895762304
92715,3,3,3,False,False,0.3779301867228601
92738,3,0,3,True,True,0.22356737087534398
92747,3,3,3,False,False,0.4946749242066825
92754,3,3,3,False,False,0.543411446537607
92755,1,1,1,False,False,0.7878452149367129
92784,1,2,1,True,True,0.19415119804979278
92792,1,2,1,True,True,0.19544691787600285
92818,0,0,0,False,False,0.5096507441518864
92856,3,3,3,False,False,0.610565815928632
92858,0,0,0,False,False,0.6807001855939739
92878,3,3,0,False,False,0.29239571142113285
92884,0,0,0,False,False,0.6166948943781195
92894,0,0,0,False,False,0.6600828529849772
92924,1,1,1,False,False,0.6704309867988417
92929,1,2,1,True,True,0.13916419619339357
92934,3,0,3,True,True,0.2161464232235279
92936,2,2,2,False,False,0.4921344935715888
92942,3,3,3,False,False,0.5190938834150784
92944,3,3,3,False,False,0.6253988524623072
92949,1,1,1,False,False,0.6538594626499714
92953,1,1,1,False,False,0.6011252051510819
92960,2,2,0,False,True,0.14185447251216526
92988,2,2,2,False,False,0.658726152013102
93001,3,3,3,False,False,0.3216682325740814
93002,0,0,0,False,False,0.5947970311392471
93056,3,3,0,False,False,0.3233454080602961
93064,0,0,3,False,False,0.3515674248067214
93121,0,1,0,True,True,0.27773993415665205
93124,1,1,1,False,False,0.8477546365490818
93131,2,2,2,False,False,0.4097982847510379
93144,1,1,1,False,False,0.8077650329791812
93156,0,0,0,False,False,0.45792693908409504
93174,0,0,0,False,False,0.616829246418557
93182,1,1,1,False,False,0.5282451972425944
93190,2,2,3,False,True,0.2622481441411502
93200,0,0,0,False,False,0.47015147943998464
93201,0,1,0,True,True,0.23220246181426976
93209,3,3,3,False,False,0.44614034670233066
93220,3,3,2,False,True,0.29560423295993143
93223,1,1,1,False,False,0.4773804466262616
93237,1,1,1,False,False,0.9135803611797128
93256,2,2,2,False,False,0.3027937487598669
93293,1,1,1,False,False,0.4565216958398613
93303,0,0,0,False,False,0.6232978529431548
93305,1,1,1,False,False,0.47156093135573796
93313,2,2,2,False,False,0.3540520634593917
93317,2,2,2,False,False,0.3440595477360486
93321,2,2,2,False,False,0.4883910697218479
93345,2,2,2,False,False,0.701726465764139
93348,2,2,0,False,True,0.18808763525438674
93362,2,2,0,False,False,0.20660759851100793
93377,2,3,2,True,True,0.15624496345351746
93389,1,2,1,True,True,0.18804186062053485
93406,3,3,2,False,True,0.2607942242462472
93407,1,1,1,False,False,0.7781045587865014
93419,1,1,1,False,False,0.3286985877246302
93447,2,2,2,False,False,0.47067450146044026
93450,3,3,3,False,False,0.6369212834253949
93473,2,2,2,False,False,0.5774345067532288
93505,0,0,0,False,False,0.607244210699294
93509,2,2,2,False,False,0.7378537741972219
93515,3,0,3,True,True,0.22141287535715748
93557,3,3,3,False,False,0.38655286143891027
93595,0,0,3,False,True,0.13221504817721386
93606,3,0,3,True,True,0.1523469772291917
93612,0,0,0,False,False,0.5522400704488437
93613,3,3,3,False,False,0.5376429666247123
93622,0,1,0,True,True,0.3064751214810421
93623,0,0,0,False,False,0.5650848688972104
93634,0,1,3,True,True,0.09449155885204287
93641,3,3,3,False,False,0.4358394409914366
93643,0,0,0,False,False,0.6459307044893585
93648,0,1,0,True,True,0.13776194718681928
93666,1,1,3,False,False,0.238598168551986
93678,1,1,1,False,False,0.7683880942373275
93716,3,0,0,True,False,0.31669369906928313
93717,2,2,2,False,False,0.5991766579693473
93724,2,2,3,False,True,0.3023290627712925
93731,2,3,2,True,True,0.10373313503150453
93744,0,0,0,False,False,0.5290354846799973
93771,0,0,0,False,False,0.49404003955850473
93778,0,0,0,False,False,0.3995981503811772
93806,3,0,0,True,False,0.35182242909262956
93817,3,0,3,True,True,0.16053670373767612
93819,3,3,3,False,False,0.8488179175636368
93834,1,2,1,True,False,0.27494252980366357
93838,2,2,2,False,False,0.7525832941886474
93874,0,0,1,False,False,0.22327218657264183
93879,0,0,0,False,False,0.81016957571204
93883,2,3,2,True,True,0.13612687701433132
93904,1,1,2,False,False,0.2416134618544827
93917,1,1,1,False,False,0.49023535779069793
93921,3,3,3,False,False,0.7065703241104412
93922,0,0,0,False,False,0.571358821452854
93930,3,0,3,True,True,0.10647964083297565
93948,2,2,2,False,False,0.5809600997954557
93951,2,2,3,False,True,0.09140679012506618
93955,1,1,1,False,False,0.4785537835669754
93972,0,0,0,False,False,0.5249565831934941
93983,1,1,1,False,False,0.7358703749418319
94014,2,2,2,False,False,0.5755044205735371
94017,2,2,2,False,False,0.3023674457811889
94018,1,1,1,False,False,0.7685920138786287
94019,2,2,2,False,False,0.7235953536842592
94026,0,1,0,True,True,0.21741155332437218
94061,0,0,0,False,False,0.439173830872215
94068,0,0,2,False,True,0.18278568054478772
94075,3,3,0,False,False,0.2720352167375883
94088,0,0,0,False,False,0.4260670450161038
94104,3,3,3,False,False,0.829916933788334
94109,1,1,1,False,False,0.6382747816698126
94110,0,1,0,True,True,0.214214542484934
94122,3,3,3,False,False,0.6528343867117322
94139,2,2,2,False,False,0.5104169716520682
94150,0,0,0,False,False,0.4976196000059197
94163,0,0,0,False,False,0.7336922503425157
94183,2,2,2,False,False,0.7118206088373752
94193,3,3,3,False,False,0.4304797746249314
94198,0,1,0,True,False,0.34832014624944785
94200,1,1,1,False,False,0.5853613815684657
94212,1,1,1,False,False,0.6797454896235926
94214,1,1,1,False,False,0.8006372158160268
94219,2,2,2,False,False,0.5597809606627383
94244,2,2,2,False,False,0.3409302862963053
94269,1,2,1,True,True,0.19188069287493523
94279,2,2,3,False,True,0.16882325367899653
94300,1,1,1,False,False,0.7317770891653939
94304,0,0,0,False,False,0.5993023632186228
94329,3,3,3,False,False,0.5721440572283105
94363,3,3,3,False,False,0.7751782112285259
94377,2,2,2,False,False,0.47597540916143977
94391,0,0,0,False,False,0.4617436835436434
94405,1,1,2,False,False,0.38604002970482326
94412,1,1,1,False,False,0.4749452022475701
94413,1,1,1,False,False,0.5410783524571633
94416,0,0,2,False,True,0.0924377613745255
94421,0,0,0,False,False,0.5836682869964527
94425,1,2,1,True,True,0.21846750143071134
94433,1,1,1,False,False,0.833500907088753
94436,1,2,1,True,False,0.32490521900217445
94443,2,2,2,False,False,0.4796373020688012
94459,1,1,2,False,False,0.3333550823460299
94461,1,2,1,True,True,0.2929244348368129
94468,0,0,2,False,False,0.20121388624606953
94481,1,2,1,True,True,0.2623975473829392
94511,0,1,0,True,True,0.21490901920589592
94515,2,2,3,False,False,0.24664196722910475
94518,2,2,2,False,False,0.45129903996913623
94540,1,1,1,False,False,0.47052161155049
94543,0,0,0,False,False,0.44124284840199246
94546,0,0,0,False,False,0.7360656059289541
94560,0,0,0,False,False,0.8312949873463452
94561,0,0,0,False,False,0.7057008769008769
94565,3,3,3,False,False,0.8319201229385567
94566,1,1,1,False,False,0.3778821222929699
94567,1,1,1,False,False,0.6024334790347502
94585,1,2,1,True,True,0.2585451507642439
94595,1,2,1,True,True,0.12879118560601346
94618,0,0,0,False,False,0.6494804730417905
94642,1,1,1,False,False,0.6937960541651015
94643,0,0,1,False,False,0.323555366691158
94665,0,0,2,False,True,0.07103452814762251
94670,3,3,3,False,False,0.4780193399145329
94671,2,2,2,False,False,0.6201090317279084
94673,2,3,2,True,True,0.362552013780317
94684,3,3,3,False,False,0.8138917921136352
94748,1,2,1,True,True,0.16127482553664207
94756,2,2,3,False,False,0.28214935128315377
94764,0,0,0,False,False,0.7338835307446808
94783,1,1,1,False,False,0.6004671593891786
94784,1,1,2,False,False,0.24087569966472686
94785,1,1,1,False,False,0.38742452822907025
94810,0,0,1,False,False,0.35124363272846065
94813,0,0,0,False,False,0.5568913727823201
94834,2,3,0,True,True,0.19672814701898278
94838,3,3,3,False,False,0.37060198436219655
94904,0,0,0,False,False,0.36530871223446776
94948,3,3,2,False,True,0.32446691121154786
94973,3,3,3,False,False,0.44937769697308255
94974,3,3,2,False,True,0.34866847672796986
94979,2,2,2,False,False,0.8691906612449168
94990,3,3,3,False,False,0.7567049181501765
95019,0,0,0,False,False,0.4957512775622959
95023,0,0,2,False,False,0.2805348637616781
95044,1,1,1,False,False,0.3063207915994808
95071,3,3,3,False,False,0.8312177936259186
95080,1,1,1,False,False,0.6863588781193207
95091,1,1,1,False,False,0.6614525771661026
95102,2,3,3,True,False,0.5249945072797424
95114,2,2,2,False,False,0.5491419776036307
95123,1,2,1,True,True,0.19322547456667055
95132,2,2,2,False,False,0.5219638113919196
95147,1,1,1,False,False,0.6410133712284647
95177,2,2,2,False,False,0.37861934252799523
95178,0,0,0,False,False,0.7334763323042245
95182,2,2,2,False,False,0.46130089229609417
95184,2,2,3,False,True,0.12764997620592486
95195,2,2,2,False,False,0.5344959967727243
95197,2,3,2,True,True,0.1582832403920494
95209,0,0,0,False,False,0.6624817525973813
95210,2,2,2,False,False,0.7968279142735868
95217,3,3,3,False,False,0.37119045878951973
95222,3,3,0,False,False,0.3014163848414328
95223,3,3,3,False,False,0.6579380620737263
95225,3,3,2,False,True,0.17848076483922232
95229,0,0,2,False,False,0.3794529080734173
95264,1,1,1,False,False,0.6364249111740085
95286,3,3,3,False,False,0.33139317953783953
95287,3,3,3,False,False,0.6788879068269483
95309,3,3,3,False,False,0.745455505183576
95319,2,2,2,False,False,0.6118445218510314
95338,3,0,3,True,True,0.1598517679237751
95359,2,2,2,False,False,0.7183486210022073
95372,3,0,3,True,True,0.061810734830581006
95390,2,2,2,False,False,0.5093603150827262
95393,2,2,2,False,False,0.3018208949371106
95413,3,3,3,False,False,0.42106564078345715
95417,3,0,0,True,False,0.33261398984467605
95442,0,0,0,False,False,0.7787299039411821
95450,2,2,2,False,False,0.8227161247311596
95456,1,1,2,False,False,0.25703145318664183
95482,2,2,2,False,False,0.3286966313828746
95488,1,1,2,False,False,0.2507266514440404
95502,2,2,2,False,False,0.7159880244631834
95508,1,1,1,False,False,0.547383769549132
95516,2,2,2,False,False,0.5493817059588564
95529,0,0,0,False,False,0.42132127946789155
95533,0,0,0,False,False,0.6191127132882236
95535,1,1,1,False,False,0.7292278702162882
95540,2,2,2,False,False,0.31614311489002084
95543,2,2,2,False,False,0.49175645692513226
95554,1,2,1,True,True,0.15342043760423324
95558,1,1,1,False,False,0.5580010162538224
95571,3,3,3,False,False,0.46920286508752257
95617,3,0,3,True,False,0.34355838448742115
95624,3,3,3,False,False,0.5917308975275428
95626,3,3,3,False,False,0.5635843092573244
95635,3,3,3,False,False,0.485478421595341
95646,3,3,3,False,False,0.567352405350259
95651,0,0,0,False,False,0.7832479069334618
95655,3,3,3,False,False,0.6564678288686561
95675,1,2,1,True,True,0.08596482462673587
95676,2,3,2,True,True,0.148153004351731
95685,1,1,1,False,False,0.7118196154012809
95692,2,2,2,False,False,0.41339838491726844
95695,2,2,2,False,False,0.7617927931639821
95716,1,1,1,False,False,0.633465374758879
95745,2,2,2,False,False,0.5864487864010237
95776,3,3,3,False,False,0.7199207318084515
95778,3,3,3,False,False,0.4155167837915968
95779,3,3,3,False,False,0.4980941578409205
95780,3,3,3,False,False,0.5118624118775783
95791,3,3,3,False,False,0.5191353165753791
95792,3,0,3,True,True,0.16031352641994984
95807,2,2,3,False,True,0.19639747001750288
95812,1,2,1,True,True,0.23608212757508343
95825,3,3,3,False,False,0.4540029571956051
95831,0,0,0,False,False,0.8052585661098283
95838,0,0,0,False,False,0.4430951717174257
95845,3,3,3,False,False,0.4077256314688648
95849,1,1,1,False,False,0.391103982176683
95854,0,0,0,False,False,0.6535874176085624
95865,1,1,3,False,False,0.22631406853088498
95884,3,3,3,False,False,0.42201738226956187
95918,2,2,2,False,False,0.602429732166813
95919,3,0,3,True,False,0.2231463181506487
95921,0,0,2,False,False,0.2801155395141814
95955,0,0,0,False,False,0.7511977928600981
95971,1,1,1,False,False,0.6938356163445338
96026,2,2,3,False,True,0.31246229007687515
96035,3,3,3,False,False,0.6373644058635483
96046,1,1,1,False,False,0.5746031863595115
96047,1,1,1,False,False,0.7279849078552494
96054,1,1,1,False,False,0.7367545228899619
96057,0,0,0,False,False,0.6099821788000382
96070,2,3,2,True,True,0.22949372521235664
96080,0,0,2,False,False,0.29839643675065763
96100,0,0,0,False,False,0.8218341385184844
96107,0,0,1,False,True,0.09685093707673344
96117,3,0,3,True,True,0.22864755349985647
96144,2,2,2,False,False,0.3332008454950538
96150,3,3,3,False,False,0.8122084645678667
96156,2,2,2,False,False,0.7188108871754061
96173,2,3,2,True,True,0.24821023054355637
96202,0,0,0,False,False,0.7457173516738402
96231,2,2,2,False,False,0.7251031114718168
96233,3,3,3,False,False,0.3662320109050684
96266,2,2,3,False,True,0.10444596908111145
96316,3,3,3,False,False,0.6445792803392222
96322,2,3,2,True,False,0.301042123365276
96338,0,0,0,False,False,0.5783687290248997
96342,2,3,2,True,True,0.3497569984352138
96350,3,3,3,False,False,0.4550742322358828
96355,0,0,0,False,False,0.7041101521210127
96386,3,3,3,False,False,0.5603140601588128
96400,2,2,2,False,False,0.7571786205310934
96425,3,3,3,False,False,0.4899968545253041
96437,2,2,2,False,False,0.6115448921114414
96450,1,1,1,False,False,0.837045304079535
96452,3,3,3,False,False,0.36022830653977134
96468,2,3,2,True,True,0.09392547428351605
96469,2,2,2,False,False,0.6474121612086066
96495,3,3,3,False,False,0.3598079128523015
96496,3,0,3,True,True,0.20599039812994263
96512,3,3,3,False,False,0.8025307726311819
96514,3,0,3,True,True,0.08983741324863126
96516,0,0,1,False,False,0.26746521132018936
96528,1,1,1,False,False,0.4005285396480116
96529,2,2,0,False,False,0.2790306592642207
96531,2,2,3,False,True,0.15544003310166304
96533,2,3,1,True,True,0.21398908516358656
96540,3,3,3,False,False,0.6184748711711426
96553,1,1,1,False,False,0.5629755597520323
96599,2,2,3,False,True,0.16640707759889198
96602,3,3,3,False,False,0.649660653725095
96711,0,0,0,False,False,0.6672377360844939
96721,1,1,1,False,False,0.5953146662659692
96745,2,2,3,False,True,0.13933298999728969
96746,2,2,2,False,False,0.346052117164805
96748,2,2,2,False,False,0.44385395780032516
96755,3,3,3,False,False,0.5408277489734992
96768,3,3,3,False,False,0.5155504384377939
96778,0,0,0,False,False,0.8389240154166521
96781,0,1,0,True,True,0.13231133660425506
96784,3,3,3,False,False,0.6725508979032943
96806,1,1,2,False,False,0.31903755628947683
96821,3,3,3,False,False,0.39938623439534743
96837,2,2,2,False,False,0.5567482261260762
96846,1,1,1,False,False,0.8026480742948209
96848,1,2,3,True,False,0.2424929022520953
96856,0,0,0,False,False,0.38020606539043256
96858,0,0,3,False,False,0.27687343890658933
96861,0,0,2,False,True,0.11754226590305084
96875,1,1,1,False,False,0.8809236736573576
96878,1,1,1,False,False,0.8049112159940014
96885,1,1,1,False,False,0.5985504224889509
96903,0,0,0,False,False,0.7626274204360195
96908,1,1,1,False,False,0.7262874019075684
96920,2,2,2,False,False,0.6568027436832478
96930,1,1,1,False,False,0.49398424732570856
96931,0,0,0,False,False,0.7928008642927263
96951,2,2,2,False,False,0.31177100440858807
96959,0,0,0,False,False,0.4155505902483443
96964,0,0,0,False,False,0.51720317691741
97001,3,0,3,True,True,0.2291558451723879
97011,3,3,3,False,False,0.6188368501995924
97035,0,0,1,False,True,0.1639606061992019
97038,0,0,0,False,False,0.7906635515341257
97040,2,3,3,True,False,0.2880232776100364
97075,0,0,0,False,False,0.7832967768230216
97076,0,0,0,False,False,0.821335685592002
97096,0,0,0,False,False,0.5847435628207711
97134,1,2,2,True,False,0.39871603263833233
97135,0,1,0,True,True,0.19961724849857443
97142,3,3,3,False,False,0.6024351605839031
97162,2,2,0,False,True,0.23649912575930607
97165,0,0,0,False,False,0.8175309203184904
97184,0,0,0,False,False,0.46901086854552115
97221,1,1,1,False,False,0.6053866310490935
97242,0,0,0,False,False,0.5320053436701631
97263,1,1,1,False,False,0.8644412852109808
97267,2,2,0,False,True,0.1807183637124215
97278,2,3,2,True,True,0.20934616976608436
97300,0,0,0,False,False,0.8801613796397612
97317,2,2,2,False,False,0.32182676041957925
97323,1,1,1,False,False,0.44198852856638193
97324,1,1,1,False,False,0.7900043252519368
97354,0,0,0,False,False,0.5737523339231972
97356,1,1,1,False,False,0.45518983961102766
97367,0,1,0,True,True,0.07523671731103315
97375,1,1,1,False,False,0.5344056897280122
97378,0,0,0,False,False,0.5686768189486597
97382,2,2,2,False,False,0.539454115765493
97399,0,0,0,False,False,0.5085088619044454
97428,0,1,0,True,True,0.13742305486560463
97429,0,0,0,False,False,0.7206930956822318
97449,0,0,1,False,False,0.29614729408339596
97465,3,3,3,False,False,0.7454886712299725
97472,1,1,1,False,False,0.5294724998362311
97484,1,1,1,False,False,0.6021853395166836
97494,3,3,3,False,False,0.5178595810332652
97515,2,3,0,True,False,0.1810524406529334
97522,3,3,3,False,False,0.6591218523202265
97535,0,0,0,False,False,0.6710213368718235
97593,0,0,0,False,False,0.6088411577798861
97594,1,2,3,True,True,0.1687920235704743
97602,0,0,0,False,False,0.7728938938278804
97611,0,0,0,False,False,0.6761223837876421
97637,3,3,1,False,False,0.313368418361287
97658,1,1,1,False,False,0.6172523393106313
97674,1,1,1,False,False,0.8693889509537677
97682,0,0,0,False,False,0.6931321738041258
97702,1,1,1,False,False,0.6039938466132116
97703,1,1,1,False,False,0.4127278371665218
97732,2,3,3,True,False,0.4196444670311905
97735,0,0,0,False,False,0.5686992404993668
97737,0,0,0,False,False,0.5900565098853155
97743,0,0,0,False,False,0.7671692141827773
97748,0,0,0,False,False,0.6687669868393686
97757,0,0,0,False,False,0.5567189949213094
97789,0,0,0,False,False,0.5622019894752803
97801,3,3,0,False,True,0.04644640524288431
97805,2,3,0,True,False,0.21811548675753828
97818,1,1,1,False,False,0.6074409097043217
97823,0,0,0,False,False,0.7194724989967808
97833,0,0,0,False,False,0.6777559309161068
97835,0,0,0,False,False,0.7036648154581405
97859,2,2,2,False,False,0.4528634599533256
97865,0,0,0,False,False,0.7411064245214775
97882,3,3,3,False,False,0.643579989732208
97902,0,0,0,False,False,0.6473252793944262
97904,3,3,3,False,False,0.4056959718687866
97911,1,1,1,False,False,0.8517556946832908
97921,1,1,1,False,False,0.6266499213965304
97932,2,2,3,False,False,0.2557174782675424
97933,1,1,1,False,False,0.8753505106584061
97948,2,3,2,True,True,0.08369076090478514
97961,0,0,0,False,False,0.7120969201482578
97987,2,2,2,False,False,0.5777743861446828
97990,1,1,1,False,False,0.8202802403352583
98013,1,1,1,False,False,0.7611892023154073
98032,2,2,2,False,False,0.7671902362131472
98033,2,2,3,False,False,0.36563218443130585
98053,2,3,2,True,True,0.24732073718118325
98063,0,0,1,False,False,0.29830622417817126
98065,0,0,0,False,False,0.7210831674550007
98082,1,1,1,False,False,0.5739598399065681
98118,1,1,1,False,False,0.29743435850392064
98123,0,0,0,False,False,0.6239473240896447
98128,2,2,3,False,False,0.3574613229424827
98135,0,1,0,True,True,0.19599652628343214
98190,2,2,2,False,False,0.6614891477234622
98193,1,1,1,False,False,0.6233519382157622
98213,0,0,2,False,False,0.30588145880143097
98216,0,0,0,False,False,0.683585479920016
98219,1,1,1,False,False,0.5007699122010144
98245,0,0,0,False,False,0.7088197765253483
98273,2,2,0,False,False,0.2797511738202368
98302,0,1,0,True,True,0.23480828069551882
98310,3,3,3,False,False,0.4543792791500591
98334,2,2,2,False,False,0.47495768005702826
98341,1,1,1,False,False,0.5942571707549825
98395,1,1,1,False,False,0.6650556365447224
98404,2,2,2,False,False,0.3722668170178101
98406,1,1,1,False,False,0.6738218199147151
98418,2,2,3,False,True,0.05152237399585
98429,3,3,3,False,False,0.3843523167887023
98437,2,2,2,False,False,0.5602754140124604
98443,2,2,2,False,False,0.5776756516066762
98456,1,1,1,False,False,0.40002823143150773
98465,1,1,1,False,False,0.5656835996350251
98471,0,1,1,True,False,0.7323605982396031
98511,2,2,3,False,True,0.1707499536141131
98535,0,0,0,False,False,0.47296255226139555
98545,0,1,0,True,True,0.24747665077646824
98550,2,2,0,False,True,0.21082794269246855
98590,3,3,3,False,False,0.5454059602390758
98612,1,1,1,False,False,0.6641403466114028
98694,3,3,2,False,True,0.3687044280004789
98701,0,0,0,False,False,0.6918366678089106
98779,1,1,1,False,False,0.5944869948416016
98788,1,1,1,False,False,0.4572723902021271
98794,0,0,0,False,False,0.6616970855857535
98801,3,3,3,False,False,0.6136510706222507
98822,0,0,0,False,False,0.4743955464397512
98823,0,0,0,False,False,0.8769842318668295
98856,2,2,2,False,False,0.8043634985162753
98860,2,2,2,False,False,0.445352000055991
98898,3,3,3,False,False,0.5996610583617076
98908,3,3,3,False,False,0.7758690076754401
98909,3,3,3,False,False,0.6466434081994279
98932,2,2,3,False,False,0.4228814497498716
98935,3,3,3,False,False,0.6813136459714262
98950,2,2,2,False,False,0.5502800617224268
98958,3,0,3,True,True,0.22374742492581762
98976,1,2,1,True,True,0.23726137779165576
98988,3,3,3,False,False,0.6792380382709005
99030,0,1,0,True,True,0.12959746777784897
99063,2,2,2,False,False,0.9137694348428832
99073,3,0,3,True,True,0.22329151088067675
99076,3,3,3,False,False,0.5035334580426473
99083,2,3,2,True,True,0.3866658986822787
99093,2,2,2,False,False,0.3841833278558644
99118,2,2,2,False,False,0.44408476402070707
99122,2,2,3,False,False,0.3682143245358433
99124,2,2,3,False,True,0.3111729982554541
99144,0,0,0,False,False,0.7712264952581616
99155,3,3,3,False,False,0.6660848409016032
99173,0,1,1,True,False,0.4494271832884966
99176,3,3,3,False,False,0.6201931969019561
99179,1,1,1,False,False,0.5279898760649135
99181,3,3,3,False,False,0.6125538841311988
99182,1,1,1,False,False,0.36317721503515776
99199,1,1,1,False,False,0.6529186694497678
99200,2,3,2,True,True,0.12498803481215273
99220,1,1,2,False,False,0.3635045285519053
99226,2,2,2,False,False,0.40186375753683795
99237,3,3,3,False,False,0.8231404111335965
99268,0,0,0,False,False,0.685858328367135
99269,1,2,1,True,True,0.10337506480602755
99283,3,3,3,False,False,0.7860697642586953
99316,2,2,2,False,False,0.3879227882210442
99342,0,1,0,True,True,0.17156657377943513
99348,3,0,3,True,True,0.15705505958520735
99365,1,1,1,False,False,0.418132620907222
99383,0,0,0,False,False,0.817407423303704
99386,2,2,2,False,False,0.5880787837432144
99396,3,3,3,False,False,0.747451466221814
99408,3,3,3,False,False,0.8724740608518544
99420,2,3,3,True,False,0.47585725096760945
99426,0,0,0,False,False,0.6295437913640344
99438,0,0,0,False,False,0.566468235350647
99445,0,0,0,False,False,0.8077964414678412
99468,1,1,1,False,False,0.6950222527378953
99475,2,2,2,False,False,0.5758453192458618
99476,3,3,1,False,False,0.1414748750235417
99480,1,2,1,True,True,0.11576676575898659
99482,3,3,3,False,False,0.7505415964616619
99489,0,0,3,False,True,0.15981500124975778
99498,3,3,3,False,False,0.40590669618991687
99515,2,3,3,True,False,0.3314284489557582
99552,1,1,1,False,False,0.8819017199349305
99566,0,1,0,True,True,0.20643555463293228
99568,2,2,2,False,False,0.6684548385307473
99570,2,3,3,True,False,0.4254569769901811
99589,2,2,0,False,True,0.16146968009661494
99591,2,2,2,False,False,0.6063360495624963
99596,2,2,2,False,False,0.6781018317501897
99597,2,2,2,False,False,0.5801077409487588
99599,2,2,2,False,False,0.3971187249261308
99601,2,3,1,True,False,0.23053896387668474
99609,1,1,1,False,False,0.7012415672946637
99634,1,1,1,False,False,0.6707363620384482
99645,0,0,0,False,False,0.3883849718023862
99659,2,2,2,False,False,0.4354875697726743
99702,2,2,2,False,False,0.5127588302028445
99709,0,0,0,False,False,0.7045785985898886
99711,0,0,0,False,False,0.47770561538995415
99716,0,1,1,True,False,0.4070360546529688
99739,1,1,1,False,False,0.8857551374639773
99742,1,2,1,True,True,0.1721428604019769
99747,0,0,0,False,False,0.649963159366758
99759,2,2,2,False,False,0.4651413291316368
99806,1,2,2,True,False,0.5171193898304115
99808,2,2,2,False,False,0.43634694869709717
99818,1,1,1,False,False,0.8038942183799608
99821,0,0,0,False,False,0.5779650721587911
99868,1,1,1,False,False,0.8735457006345275
99872,1,2,1,True,True,0.14153583499468111
99878,1,1,1,False,False,0.7765094876298162
99879,3,3,3,False,False,0.30238412202569864
99889,3,0,3,True,True,0.20374950644976683
99890,3,3,3,False,False,0.7095898763033448
99895,3,3,3,False,False,0.8272016771768227
99907,1,1,1,False,False,0.8498069148744501
99921,1,1,1,False,False,0.5360924812804622
99939,1,2,1,True,True,0.1666457083173581
99957,3,0,3,True,True,0.2733844696659024
99976,3,3,2,False,True,0.18780035162449762
99979,3,3,3,False,False,0.36829031228592785
99994,2,2,2,False,False,0.6814385764017795
100001,0,0,0,False,False,0.4090611751917262
100013,0,0,0,False,False,0.5850264791320106
100020,0,0,0,False,False,0.6803132820691912
100021,0,1,0,True,True,0.24603450411082928
100030,2,3,2,True,True,0.1568249891712774
100033,2,2,2,False,False,0.5564274284304198
100084,3,3,2,False,True,0.31583146193490735
100126,3,3,3,False,False,0.4426021715330609
100129,3,3,3,False,False,0.6430269793406252
100136,1,1,1,False,False,0.6925771862708486
100137,0,1,0,True,True,0.3679172625166837
100156,1,1,1,False,False,0.6047511707372604
100222,0,0,0,False,False,0.3911234788967478
100227,0,0,0,False,False,0.590085314470498
100251,3,3,3,False,False,0.5679603655984434
100253,1,1,1,False,False,0.6732867411961929
100254,0,0,0,False,False,0.6377092499330917
100255,0,0,0,False,False,0.5782865409225213
100262,0,1,0,True,True,0.17113561563285742
100267,1,1,1,False,False,0.9071683992469235
100302,1,1,1,False,False,0.4244155000914809
100329,2,2,2,False,False,0.42919086370641685
100330,2,3,2,True,True,0.11053704580607722
100351,0,1,0,True,True,0.2970813007745231
100355,2,2,2,False,False,0.6240223418747105
100357,2,2,3,False,False,0.2758987667711543
100360,2,2,0,False,False,0.2080504465931467
100363,2,3,3,True,False,0.4394168725002912
100368,0,1,0,True,True,0.19735751692393627
100369,0,0,0,False,False,0.5940165175893447
100377,1,1,1,False,False,0.5938120307871764
100397,0,0,0,False,False,0.7412102293731412
100408,3,0,3,True,True,0.22776204448157647
100415,0,0,0,False,False,0.5068006877568014
100423,1,1,1,False,False,0.7902784248447993
100439,2,2,2,False,False,0.6755567482490502
100451,3,3,3,False,False,0.3302742084405139
100468,3,3,3,False,False,0.3698869638319471
100473,3,3,3,False,False,0.4050270550355696
100474,3,3,3,False,False,0.2855799255187896
100477,0,0,0,False,False,0.6518368820795156
100550,3,3,3,False,False,0.5465308603147385
100595,1,1,1,False,False,0.408052345138545
100615,1,2,1,True,True,0.15185295466565987
100618,1,1,1,False,False,0.5359222201118055
100632,3,3,3,False,False,0.33628387795551345
100642,3,3,3,False,False,0.5722402899104254
100646,0,0,0,False,False,0.5309934628867136
100649,0,1,1,True,False,0.37597763179735133
100656,2,3,2,True,True,0.2689495456360906
100673,1,1,1,False,False,0.7199898899647504
100675,1,1,1,False,False,0.44512532671932303
100678,0,0,1,False,False,0.3492037980497572
100718,1,1,1,False,False,0.6758401454533645
100722,0,0,0,False,False,0.7812891394166763
100726,2,2,3,False,True,0.20099512730745803
100730,0,1,0,True,True,0.20108709506023575
100745,2,2,2,False,False,0.6202118031995176
100753,1,1,1,False,False,0.8757806183403788
100755,0,0,0,False,False,0.6078417828865335
100757,0,0,0,False,False,0.4880298041808562
100777,3,3,3,False,False,0.4599089830331896
100780,1,2,1,True,True,0.0694141852606755
100783,3,0,2,True,True,0.1671757047014579
100786,1,1,1,False,False,0.5471561536937913
100794,1,1,2,False,False,0.29834765545828446
100810,3,3,3,False,False,0.9054601280765943
100814,3,3,3,False,False,0.6436455953288879
100834,3,3,3,False,False,0.6175505386960961
100850,3,3,3,False,False,0.7853295357077626
100882,0,0,0,False,False,0.6127788297054746
100888,2,2,0,False,False,0.2997408355452571
100908,1,1,1,False,False,0.808957801470973
100914,1,1,1,False,False,0.6977490626038416
100920,1,1,1,False,False,0.4893765477194672
100926,2,2,3,False,False,0.28856332415043773
100944,3,3,3,False,False,0.4663163315953437
100950,1,2,1,True,True,0.19130373645914578
100969,1,2,1,True,True,0.12937808579920476
100986,1,1,1,False,False,0.7887791203613546
100990,1,2,1,True,False,0.26952092684673074
100996,2,2,0,False,False,0.25056822113553034
101032,0,1,0,True,True,0.22279621954414414
101044,1,1,1,False,False,0.7033333098697495
101050,1,1,1,False,False,0.4357007639662549
101052,0,0,2,False,True,0.15664532805210088
101057,0,0,0,False,False,0.7273862083666239
101061,1,1,1,False,False,0.7262406272057544
101093,0,0,0,False,False,0.4996250055250295
101102,2,2,2,False,False,0.33307451079532624
101112,1,1,1,False,False,0.6869132861420367
101113,1,1,1,False,False,0.6859074212932287
101122,1,1,1,False,False,0.8971272036012142
101135,1,1,1,False,False,0.4575872993836694
101143,0,1,0,True,True,0.15113631658500487
101166,0,0,0,False,False,0.3851808775514482
101180,1,2,1,True,True,0.12648805627926799
101181,2,2,2,False,False,0.7513726572741044
101196,3,3,3,False,False,0.4042783468078527
101197,3,3,1,False,False,0.3499566073328495
101206,0,0,0,False,False,0.632444478732028
101231,0,0,0,False,False,0.43167771673123706
101257,1,1,1,False,False,0.4278526180256479
101262,0,0,1,False,False,0.3006382923825036
101271,1,1,1,False,False,0.8318406796090353
101277,0,1,0,True,True,0.1653375154803877
101281,1,1,1,False,False,0.6656340230578418
101290,3,0,3,True,True,0.1518995736416294
101308,1,1,1,False,False,0.5628930520415838
101316,0,0,0,False,False,0.8808868549978481
101337,1,1,1,False,False,0.4766136371728229
101347,2,3,2,True,True,0.2515413982579873
101361,1,2,0,True,True,0.2359138911660911
101373,1,1,1,False,False,0.3397388489168317
101418,0,0,0,False,False,0.3684555426486729
101435,1,2,1,True,True,0.19041464652891185
101452,2,2,2,False,False,0.6165621500684536
101463,3,3,3,False,False,0.6535273699906278
101468,3,3,3,False,False,0.38714934859354366
101469,3,3,0,False,False,0.2964252596416154
101473,2,2,2,False,False,0.6639640667697772
101484,1,1,1,False,False,0.6265505264620186
101490,1,1,1,False,False,0.5533732571388689
101495,3,3,3,False,False,0.802702397682472
101499,3,3,3,False,False,0.4099587489832984
101502,0,0,0,False,False,0.4963488563845628
101514,1,1,1,False,False,0.42234616003492387
101516,1,1,1,False,False,0.6200012458651756
101517,1,1,1,False,False,0.6752616537089762
101546,0,0,1,False,True,0.20107184789167393
101572,1,1,1,False,False,0.5455225585985097
101576,2,2,2,False,False,0.665181067114486
101584,3,3,1,False,False,0.26439511226080015
101603,0,0,0,False,False,0.5359898740751045
101630,1,1,1,False,False,0.6630406680442941
101633,1,1,1,False,False,0.750117356860712
101638,1,1,1,False,False,0.49711929177305875
101656,2,2,2,False,False,0.7509740823296699
101676,2,3,2,True,True,0.2837529973037436
101700,0,0,0,False,False,0.568968751887291
101743,2,2,2,False,False,0.7309743186697681
101745,1,2,1,True,True,0.16816331654014988
101762,0,0,0,False,False,0.676920772391642
101780,1,1,1,False,False,0.7774347427316324
101781,0,0,0,False,False,0.3762256239998213
101856,1,2,1,True,True,0.1323305531379647
101859,1,2,1,True,True,0.15219353396588667
101872,2,2,2,False,False,0.48618185774835865
101880,2,2,3,False,True,0.31008986197115324
101888,3,0,3,True,True,0.07886361002000448
101916,3,3,3,False,False,0.5844470898474868
101927,3,3,3,False,False,0.43729736312906653
101956,1,1,1,False,False,0.44386943997612965
101960,0,0,2,False,False,0.28995979393062216
101969,2,2,2,False,False,0.5416371643995611
101970,2,2,2,False,False,0.5164267244568231
101974,3,0,3,True,True,0.23820161407775126
101992,0,1,0,True,True,0.23787767147819738
102008,0,1,0,True,True,0.20656590873419337
102015,1,1,1,False,False,0.6067626504733025
102018,1,1,1,False,False,0.5556916044133852
102034,2,2,3,False,False,0.2934698012514035
102038,0,0,0,False,False,0.42075417461062603
102063,0,0,0,False,False,0.7831065905294488
102065,3,3,3,False,False,0.42558238537952947
102080,1,1,1,False,False,0.5565628212003763
102094,3,3,3,False,False,0.3988327357225687
102097,1,1,1,False,False,0.4092070908383999
102104,3,3,0,False,False,0.2843105744620503
102121,2,2,3,False,False,0.36890068209199556
102195,0,0,0,False,False,0.7346432195210112
102204,0,0,0,False,False,0.634843907869509
102229,3,0,3,True,True,0.18310685796668405
102235,1,1,1,False,False,0.7314774008367221
102242,1,1,1,False,False,0.7483408586319892
102258,1,2,1,True,True,0.2680791016317489
102260,0,0,0,False,False,0.49952939820186193
102263,2,2,2,False,False,0.6485288236265053
102278,2,2,2,False,False,0.6268470479994058
102286,0,0,0,False,False,0.6286270046761044
102291,3,0,3,True,True,0.23232862184442116
102318,2,3,2,True,True,0.16320396535243886
102329,0,0,0,False,False,0.6524977444320241
102342,0,0,0,False,False,0.5194637061157477
102348,2,2,2,False,False,0.6236348270967251
102350,3,3,3,False,False,0.4588422672078172
102354,0,0,0,False,False,0.5553943662452797
102413,2,2,2,False,False,0.40786714409612745
102427,1,1,1,False,False,0.5009452636953509
102428,1,1,1,False,False,0.2794546259708823
102431,1,1,2,False,False,0.327487845367561
102446,2,2,3,False,False,0.33579644329708774
102461,1,1,2,False,False,0.33286989255472227
102468,1,1,1,False,False,0.6283230468529404
102473,1,1,1,False,False,0.6894326292793571
102486,0,0,0,False,False,0.5951829252547386
102493,3,0,2,True,True,0.053960880027306174
102560,1,1,1,False,False,0.43719296946359576
102591,3,3,3,False,False,0.8153479231472203
102605,2,2,2,False,False,0.7715119769020397
102607,3,0,3,True,True,0.18593324927770893
102634,1,1,1,False,False,0.7649723961878561
102640,0,0,0,False,False,0.48165646854415944
102646,2,2,1,False,True,0.22313748760602384
102667,3,3,3,False,False,0.7129412439331408
102668,0,0,0,False,False,0.6861293738930304
102681,3,3,3,False,False,0.45310903402588054
102683,0,1,0,True,True,0.11656338588610769
102689,2,2,2,False,False,0.677886794074098
102701,3,3,0,False,True,0.22021681058557332
102710,0,0,0,False,False,0.8557019286159117
102761,1,2,1,True,True,0.07184750576714072
102775,0,1,0,True,True,0.07305499118134742
102779,0,1,0,True,True,0.1167719800950497
102788,1,2,1,True,True,0.11885452192017427
102812,3,3,3,False,False,0.5222525949811919
102818,1,1,1,False,False,0.634950016079346
102828,1,1,1,False,False,0.48752065370880826
102871,2,2,2,False,False,0.6120415842203304
102903,1,1,1,False,False,0.7587697490427452
102940,1,2,3,True,False,0.30497527326665036
102994,1,1,1,False,False,0.6759078093015504
103005,2,2,2,False,False,0.3885014672874259
103018,3,3,3,False,False,0.7585308694171877
103021,0,0,0,False,False,0.6107085273841009
103034,0,0,1,False,True,0.16082530625717345
103035,0,0,0,False,False,0.48969320197746236
103059,2,2,2,False,False,0.8651293731772195
103075,2,3,0,True,True,0.16927622826044747
103079,2,2,1,False,True,0.1989117942800745
103081,2,3,3,True,False,0.3324846881585433
103088,0,0,0,False,False,0.7849622963894739
103097,2,2,3,False,True,0.32856100733048427
103122,1,2,3,True,False,0.29986650940856346
103126,2,2,2,False,False,0.4576478835109304
103134,2,2,3,False,True,0.18268047548069022
103138,0,0,0,False,False,0.45738244437037234
103153,0,0,0,False,False,0.5187172079596765
103166,0,0,0,False,False,0.5245987218277741
103173,0,1,0,True,True,0.21702558600046326
103179,3,3,3,False,False,0.5156323165867056
103184,2,2,2,False,False,0.6476347423983392
103201,1,1,1,False,False,0.6714833258973136
103203,1,1,1,False,False,0.5438631011618057
103219,1,1,1,False,False,0.5933027333494372
103234,2,3,2,True,True,0.19865908993627635
103243,0,0,0,False,False,0.6729555209470577
103262,3,0,2,True,False,0.2527817521714805
103264,1,1,1,False,False,0.5575316943022592
103269,0,0,0,False,False,0.45498978081221986
103275,0,0,0,False,False,0.8433626535917927
103293,3,3,3,False,False,0.7769965977824053
103300,3,0,3,True,True,0.1390874912377813
103305,3,3,3,False,False,0.615640459891595
103307,3,3,3,False,False,0.6124926444615714
103321,1,1,1,False,False,0.7225809708019754
103323,1,1,1,False,False,0.6636951290247233
103326,2,2,2,False,False,0.6382490743901361
103356,3,0,3,True,True,0.170669942552504
103362,3,3,3,False,False,0.44599992145609524
103369,0,0,0,False,False,0.4034158936475095
103380,1,1,1,False,False,0.5315750801457673
103409,1,1,2,False,False,0.26529315070418197
103423,3,3,3,False,False,0.7271011934119178
103448,1,1,1,False,False,0.8162925333265297
103451,0,0,0,False,False,0.8830157730864018
103457,0,0,0,False,False,0.4023123720512885
103460,2,3,1,True,True,0.1379339810677118
103466,1,2,1,True,True,0.17779926176649583
103513,2,3,2,True,True,0.1867445001577579
103516,1,1,1,False,False,0.7351235089788003
103519,2,2,2,False,False,0.5797843150310699
103531,1,1,1,False,False,0.7475819645527301
103541,1,2,3,True,False,0.2024421975079024
103549,0,0,0,False,False,0.57057826051898
103551,3,3,3,False,False,0.725717158049698
103565,1,2,1,True,True,0.1775383287017712
103589,1,1,3,False,True,0.1953449039779265
103601,1,2,1,True,True,0.2368141724973139
103632,1,1,2,False,True,0.0888937518843461
103637,1,2,1,True,True,0.1395893531749456
103642,3,0,3,True,True,0.14665203147022954
103654,2,2,0,False,False,0.279402822153063
103668,0,0,3,False,False,0.34280755302615357
103691,1,1,1,False,False,0.47284883167648883
103692,1,1,1,False,False,0.7201834213990481
103695,1,2,1,True,True,0.19640180673146032
103711,2,2,2,False,False,0.6603162260989417
103722,3,3,3,False,False,0.7920804207144139
103723,1,2,0,True,False,0.3111042990158606
103731,1,1,1,False,False,0.6151567547763725
103732,1,1,1,False,False,0.8781682513486962
103763,2,3,2,True,True,0.13208130910257165
103799,2,2,2,False,False,0.3071487790590137
103816,3,0,3,True,True,0.26493499262765763
103831,2,2,2,False,False,0.5334222102381766
103840,3,3,3,False,False,0.781817152128931
103847,0,0,0,False,False,0.8170775154740936
103865,1,2,1,True,True,0.15833534241444042
103868,0,1,0,True,True,0.10683614697804597
103906,2,2,2,False,False,0.3689597910553204
103912,2,2,2,False,False,0.5009177194299577
103914,2,2,2,False,False,0.3343930803341801
103915,2,2,2,False,False,0.5370603062616758
103940,3,3,3,False,False,0.5301574351539006
103953,2,2,2,False,False,0.49364310293726227
103955,2,3,2,True,True,0.09523065600064444
103959,2,3,3,True,False,0.41395474381564434
103970,3,3,3,False,False,0.7494866503407095
103998,0,0,0,False,False,0.8547870089260182
104004,3,0,3,True,True,0.1914149342032382
104007,1,1,1,False,False,0.3647437911559221
104015,2,2,3,False,True,0.17924817196441142
104028,1,2,1,True,True,0.23709834358838502
104045,0,0,0,False,False,0.6243246937049318
104057,3,3,0,False,True,0.24857928349279504
104086,3,3,3,False,False,0.6744751095522177
104088,0,0,0,False,False,0.4106663782954429
104095,2,2,2,False,False,0.304399192190006
104099,2,2,0,False,False,0.2964538678106219
104104,3,0,3,True,True,0.09962862479354248
104147,3,3,3,False,False,0.437008639317864
104149,1,2,1,True,True,0.2181081035680691
104154,2,2,2,False,False,0.8825043256666499
104161,2,2,2,False,False,0.628615023806237
104175,3,3,3,False,False,0.497380028685453
104183,3,3,3,False,False,0.5222881367076239
104186,3,3,3,False,False,0.6971357038559172
104194,1,1,1,False,False,0.6779946872066708
104205,3,3,3,False,False,0.73873586445074
104206,3,3,3,False,False,0.4627011368469191
104211,2,2,2,False,False,0.5001727900777155
104247,3,3,3,False,False,0.6985139248472987
104260,3,3,3,False,False,0.7213671700816628
104276,2,2,2,False,False,0.5218485023021775
104282,2,2,3,False,True,0.1287657228063829
104288,2,2,3,False,True,0.30397011240114497
104304,1,1,1,False,False,0.7772283094267414
104324,0,0,0,False,False,0.6363081006204236
104340,2,2,0,False,False,0.27052605520761586
104354,2,2,2,False,False,0.6181733847962272
104363,2,2,2,False,False,0.715220760222754
104371,3,0,3,True,True,0.2659661427439199
104383,3,0,3,True,True,0.12644196107736905
104384,3,3,0,False,False,0.2773328918322809
104404,3,3,3,False,False,0.7463077568974912
104408,3,3,0,False,False,0.31263648141003053
104421,2,2,2,False,False,0.30171528145339543
104425,1,1,1,False,False,0.5206789161794874
104476,0,1,0,True,True,0.16954471385338332
104478,2,2,2,False,False,0.7885532222501138
104483,0,0,0,False,False,0.4909559660673623
104494,3,3,3,False,False,0.6433170900212954
104506,1,1,1,False,False,0.6369731663923517
104507,1,1,1,False,False,0.44893092098281234
104515,1,1,1,False,False,0.5900699818143065
104527,2,2,2,False,False,0.529910492126468
104530,3,3,3,False,False,0.5993948090827736
104533,0,0,0,False,False,0.9349912341891469
104555,2,2,3,False,True,0.30674242344990243
104561,3,3,3,False,False,0.4470371750290782
104599,2,2,2,False,False,0.3214756825902876
104610,2,2,1,False,True,0.16152900852401272
104631,2,3,0,True,True,0.1575207346613727
104644,0,0,0,False,False,0.5891492556625443
104651,3,3,3,False,False,0.7098826193030069
104653,3,3,0,False,False,0.36528741803106196
104664,1,1,1,False,False,0.6950893037188081
104668,1,1,1,False,False,0.43573241559630954
104678,1,1,1,False,False,0.752243876973485
104680,0,1,0,True,True,0.25755425601608134
104692,3,3,3,False,False,0.6143600486503932
104700,0,0,0,False,False,0.49763069336187277
104726,0,0,0,False,False,0.4841364636207524
104735,3,3,1,False,False,0.255471940781777
104754,0,0,0,False,False,0.6876170541625569
104780,0,0,0,False,False,0.5731689173706072
104783,2,2,2,False,False,0.671172990959849
104804,1,1,1,False,False,0.7957168722131296
104814,3,3,3,False,False,0.5712051782908036
104816,1,1,1,False,False,0.485745771417224
104831,2,2,2,False,False,0.49968150947530715
104835,3,3,3,False,False,0.5593507427690754
104841,2,3,2,True,True,0.11944479524923582
104849,1,2,1,True,True,0.12766751463414666
104873,1,1,2,False,False,0.372379177052336
104888,1,1,1,False,False,0.6644470000850934
104902,0,0,0,False,False,0.5399679415398785
104910,3,0,3,True,True,0.13590011370184077
104914,1,1,1,False,False,0.7853035197686736
104915,1,1,1,False,False,0.6593387992622675
104922,0,0,0,False,False,0.4527482302364302
104934,1,1,1,False,False,0.7936563968123558
104945,0,1,0,True,True,0.32114495223764633
104951,2,2,2,False,False,0.3494242659171438
104955,3,3,3,False,False,0.595034990729997
104961,0,0,0,False,False,0.6928853702769744
104967,3,3,3,False,False,0.5946323386633748
104991,2,2,0,False,True,0.2222702206480115
105022,0,0,0,False,False,0.5412474644161026
105025,0,0,0,False,False,0.8065099249517698
105027,0,0,0,False,False,0.611615490873035
105035,2,2,2,False,False,0.41259733249320535
105046,0,0,0,False,False,0.8259384633601495
105063,2,2,2,False,False,0.7312751240965896
105074,2,2,2,False,False,0.6693166711551131
105078,2,2,2,False,False,0.5562807292111601
105082,3,3,3,False,False,0.6321352145565532
105105,2,2,2,False,False,0.712846112218553
105107,2,2,2,False,False,0.6788420692079451
105111,3,0,3,True,True,0.11555410203577696
105115,0,0,0,False,False,0.4667586089540867
105136,0,0,0,False,False,0.8339863286831573
105150,2,2,3,False,True,0.30064986971857166
105170,2,2,2,False,False,0.8437105006994243
105201,1,1,1,False,False,0.6230536188631337
105232,1,2,1,True,True,0.11637837088286605
105259,2,2,2,False,False,0.5701910719791435
105264,1,1,1,False,False,0.6560186120577861
105272,3,3,3,False,False,0.7781386429734825
105281,2,2,2,False,False,0.8273990213717097
105282,2,3,2,True,True,0.1854185249376804
105285,0,0,0,False,False,0.7573945105645663
105302,2,2,2,False,False,0.9382955554335053
105308,0,0,0,False,False,0.5544122463599911
105320,0,0,0,False,False,0.5694669356506085
105323,2,2,2,False,False,0.5484912839785235
105332,1,2,1,True,True,0.13857481231832283
105344,2,2,2,False,False,0.38658264971281586
105358,3,3,0,False,False,0.31063051578033307
105365,2,3,2,True,True,0.17295512584826514
105366,2,2,2,False,False,0.5993241511399108
105373,3,3,3,False,False,0.6873467224615664
105378,3,3,3,False,False,0.5191557414988857
105379,3,3,3,False,False,0.6545447383937033
105406,3,3,3,False,False,0.4301751580353966
105412,2,2,2,False,False,0.4878039717792103
105416,3,0,3,True,True,0.05983287740776406
105431,0,0,0,False,False,0.6815335336054257
105439,3,3,3,False,False,0.5857512847719228
105450,2,2,2,False,False,0.5886226927357289
105458,3,3,3,False,False,0.692526331643545
105469,1,1,1,False,False,0.6739850525026267
105470,1,1,1,False,False,0.5879665802263876
105480,3,0,3,True,True,0.23099101110132855
105496,2,2,3,False,False,0.3004236068124498
105517,3,3,3,False,False,0.8151063114947779
105529,3,3,3,False,False,0.8360193344720142
105560,2,3,3,True,False,0.45052631992345743
105576,0,0,0,False,False,0.5711058619401731
105578,1,1,1,False,False,0.5531379560988643
105580,2,2,2,False,False,0.8295985822990122
105588,3,3,3,False,False,0.6756493132238722
105603,1,1,1,False,False,0.8207764202022744
105604,0,0,0,False,False,0.8028295740742303
105614,3,3,1,False,False,0.19467452750837222
105620,3,0,3,True,False,0.2685412487799318
105624,3,3,3,False,False,0.5798199103105536
105639,1,1,1,False,False,0.3728221912881666
105643,3,3,3,False,False,0.7496478635311377
105646,2,2,2,False,False,0.5149019715557822
105647,2,2,0,False,False,0.20261436852147804
105652,2,2,3,False,False,0.2323410157683815
105667,2,2,3,False,False,0.39053046892838444
105696,0,0,0,False,False,0.8384537887321452
105714,1,1,1,False,False,0.30500271461201584
105717,1,2,1,True,True,0.13146662819886507
105721,1,1,1,False,False,0.41262906917879816
105723,0,0,0,False,False,0.7460399024224911
105740,1,1,1,False,False,0.553449189983653
105766,3,0,2,True,False,0.17441522521109906
105776,3,3,3,False,False,0.5418633487498137
105794,3,3,1,False,False,0.2676933016193144
105795,0,1,0,True,True,0.18445712936091968
105804,3,3,3,False,False,0.8821752864973387
105824,3,3,3,False,False,0.6245414651388729
105856,1,1,1,False,False,0.44657434370351234
105866,0,0,0,False,False,0.3647709260585648
105878,2,2,0,False,False,0.20536556760619462
105883,1,1,1,False,False,0.7260964914749785
105888,1,1,1,False,False,0.6877897519425865
105894,3,3,3,False,False,0.6346524562883837
105902,2,2,2,False,False,0.44021327737336136
105903,3,0,3,True,True,0.2801904772832821
105912,0,1,1,True,False,0.6667406820581627
105918,3,0,3,True,False,0.21292025125175493
105943,3,3,3,False,False,0.49233510560399607
105945,3,0,3,True,True,0.23739530817681703
105948,2,2,2,False,False,0.7146050769989652
105953,2,2,2,False,False,0.8750634430250998
105959,1,1,1,False,False,0.456710913079099
105982,2,2,2,False,False,0.5728528343703254
106002,0,0,3,False,False,0.24145446533060194
106010,0,0,0,False,False,0.5935483802053707
106017,2,2,2,False,False,0.6117297934131829
106054,1,1,1,False,False,0.7383530982834957
106059,1,1,1,False,False,0.7195155688800996
106068,2,2,2,False,False,0.49586776834840696
106071,2,2,2,False,False,0.8219600950591952
106079,3,3,3,False,False,0.615626986533505
106082,1,1,1,False,False,0.8044480349641484
106087,1,1,2,False,False,0.38259009980879455
106091,1,1,1,False,False,0.753363688184623
106098,1,1,1,False,False,0.8478695211381668
106129,1,2,1,True,True,0.22908496321441651
106147,0,0,0,False,False,0.820404988768312
106150,0,0,0,False,False,0.7323224066043397
106151,0,0,0,False,False,0.6275507691885733
106162,2,2,2,False,False,0.8489099538408249
106180,2,2,2,False,False,0.5738906504174859
106181,2,2,2,False,False,0.6723020852598413
106182,2,3,2,True,True,0.1985358883893108
106191,3,3,3,False,False,0.742245900718076
106253,3,3,0,False,False,0.20621289092971015
106263,0,0,0,False,False,0.7231745759499322
106273,0,0,0,False,False,0.7741495655116567
106274,0,0,0,False,False,0.521201313712861
106276,0,0,3,False,False,0.2675616685658878
106293,1,1,1,False,False,0.49690253410900825
106308,3,3,3,False,False,0.574095260471241
106312,2,2,3,False,True,0.21639686914740786
106324,3,0,3,True,True,0.06915801585714047
106334,2,2,2,False,False,0.7146593244367476
106344,0,1,0,True,True,0.25140874862674273
106350,2,2,3,False,False,0.32593297800034127
106368,3,0,3,True,True,0.13374291639263874
106398,2,3,2,True,True,0.15189985456943547
106441,0,0,0,False,False,0.8320876058196034
106448,0,0,0,False,False,0.39981381909488917
106453,3,3,3,False,False,0.39807623919196855
106460,3,3,2,False,True,0.1663933462915687
106462,0,0,0,False,False,0.4972516795852223
106472,0,1,0,True,True,0.22300262272623483
106477,3,3,3,False,False,0.34286781829832597
106482,3,3,2,False,False,0.3021103826670589
106486,3,3,3,False,False,0.6554637953669908
106527,3,3,3,False,False,0.559082120820714
106550,2,2,2,False,False,0.6974505488917365
106557,1,1,2,False,False,0.2590794482386594
106583,1,1,1,False,False,0.591765681406808
106616,0,0,0,False,False,0.7412795346951111
106617,3,0,3,True,True,0.11158674281358366
106625,0,1,1,True,False,0.5450748657981931
106642,2,2,2,False,False,0.6101451607025888
106648,2,2,2,False,False,0.8610503464690623
106657,2,2,2,False,False,0.3817785284204133
106658,3,3,3,False,False,0.5916447169516377
106663,0,0,0,False,False,0.6579946370599051
106669,0,0,0,False,False,0.5910111079556343
106673,2,2,2,False,False,0.7126673540279924
106686,3,3,3,False,False,0.5026938674213866
106693,0,1,0,True,True,0.14674471601533476
106706,1,1,1,False,False,0.7754393531263832
106707,3,3,3,False,False,0.6771513742860485
106740,0,1,0,True,True,0.10079323856782292
106751,3,0,1,True,True,0.245447755596314
106752,3,3,1,False,False,0.26465716826793345
106763,0,0,0,False,False,0.6496184077644979
106772,0,1,0,True,True,0.25858909262709506
106773,1,2,1,True,True,0.23386802106029722
106781,0,0,0,False,False,0.5955309728359973
106795,2,3,2,True,True,0.258410691191545
106797,1,1,1,False,False,0.47173948430751783
106816,3,3,3,False,False,0.6450250697093513
106831,1,1,1,False,False,0.5885334971298762
106835,1,1,1,False,False,0.6528548524963619
106843,2,2,3,False,False,0.36099238642775133
106847,3,3,3,False,False,0.6650264565989665
106856,1,1,1,False,False,0.5591764663621442
106864,1,1,1,False,False,0.480754909710756
106875,2,3,2,True,True,0.25427820518320515
106929,3,3,3,False,False,0.5382886344879203
106944,2,2,2,False,False,0.38190370605501517
106946,1,1,1,False,False,0.7198354545176942
106973,0,0,3,False,True,0.2872895335686634
106981,2,3,2,True,True,0.12510999701247252
106996,3,3,1,False,True,0.19105876390380866
107020,2,2,2,False,False,0.6885705807706486
107021,2,2,3,False,False,0.2585459431896661
107045,2,2,2,False,False,0.5791314025381803
107070,0,0,0,False,False,0.8406599549326943
107081,0,0,0,False,False,0.6677668224506426
107099,0,1,2,True,True,0.17506560707425534
107106,0,0,0,False,False,0.7504062681810014
107107,2,2,1,False,False,0.26266985733209797
107144,3,3,3,False,False,0.6595319304261912
107149,1,1,1,False,False,0.6900386583850798
107186,1,1,1,False,False,0.6348914028812821
107202,1,1,2,False,False,0.30596872100406197
107214,1,1,1,False,False,0.7269571727445049
107225,1,1,1,False,False,0.826315468698495
107252,0,0,0,False,False,0.6911475686446318
107263,3,0,3,True,False,0.30766179981625363
107338,2,3,2,True,True,0.1611716916517701
107347,3,3,0,False,False,0.3066112526313349
107361,1,1,1,False,False,0.8741962075329713
107368,2,2,2,False,False,0.5751382848038422
107388,1,1,1,False,False,0.6100065721845371
107418,2,3,2,True,True,0.21404250789222226
107429,1,1,1,False,False,0.8148891826916929
107434,0,1,0,True,True,0.08950692155802084
107441,1,1,1,False,False,0.39587895592750866
107454,3,3,0,False,False,0.30699822056688114
107465,0,0,0,False,False,0.5667481887523925
107470,3,3,3,False,False,0.6821670170192928
107476,2,2,2,False,False,0.4912960712034096
107492,1,1,1,False,False,0.4990341580397801
107495,3,3,3,False,False,0.726303089169372
107502,3,3,3,False,False,0.7896921760398432
107529,1,1,0,False,True,0.28493923371185315
107570,0,0,0,False,False,0.5927841358912064
107571,0,0,0,False,False,0.6508474944347663
107576,3,3,3,False,False,0.7896553957053158
107582,2,2,2,False,False,0.8650017522831055
107589,1,1,1,False,False,0.40666312515189806
107595,2,2,2,False,False,0.6514751828262296
107619,3,3,2,False,True,0.3950367061899871
107657,0,0,0,False,False,0.7936231755395693
107662,0,0,0,False,False,0.36834997631780436
107670,2,2,2,False,False,0.519524621143637
107678,1,1,1,False,False,0.4402222386766058
107715,2,2,2,False,False,0.5919742505562591
107724,2,2,2,False,False,0.42682403178763056
107745,1,1,1,False,False,0.46260924452290936
107751,1,1,1,False,False,0.4068186584332164
107758,2,2,2,False,False,0.7376269035602645
107762,0,1,0,True,False,0.3558342766395041
107792,2,3,2,True,True,0.22471928575038155
107811,3,3,3,False,False,0.36422570842191127
107824,2,2,2,False,False,0.6995557651271606
107831,1,1,1,False,False,0.48549171291458704
107843,1,1,1,False,False,0.8260023705500528
107861,2,2,2,False,False,0.39568061372679253
107869,0,1,0,True,True,0.19920818333811557
107870,0,0,2,False,True,0.052454256316000925
107882,1,1,1,False,False,0.5157826325449473
107890,0,0,2,False,False,0.26422964706377017
107896,0,0,0,False,False,0.7880702306375343
107925,1,1,1,False,False,0.7171081110998703
107932,1,1,1,False,False,0.48592904375717977
107939,0,0,1,False,False,0.25494610457909134
107948,2,2,2,False,False,0.508913655656835
107952,1,1,1,False,False,0.380388671008091
107979,3,3,3,False,False,0.8302299900805578
108038,2,2,3,False,True,0.17083872492288799
108048,2,3,2,True,True,0.21450885383326834
108057,1,1,1,False,False,0.5032156187865164
108058,0,0,0,False,False,0.8393555077378767
108071,1,1,3,False,False,0.22545359338330775
108081,0,0,0,False,False,0.6230868031911903
108087,2,2,2,False,False,0.6142728470941076
108098,2,2,3,False,True,0.27880598840870313
108099,3,3,0,False,True,0.14897963444877044
108102,0,0,0,False,False,0.7834471297988237
108114,2,3,2,True,True,0.2739550382534116
108137,3,3,3,False,False,0.6330630656206881
108164,0,0,0,False,False,0.7543988100538966
108167,0,0,0,False,False,0.7584989550692449
108219,1,1,1,False,False,0.7637952276084351
108221,1,1,1,False,False,0.4714485001606478
108225,2,2,2,False,False,0.4395762916990488
108264,3,0,3,True,True,0.11334378513070897
108273,2,2,2,False,False,0.664508031804016
108277,2,2,2,False,False,0.5227402242487289
108281,1,1,1,False,False,0.5340097569998443
108297,1,2,2,True,False,0.31478916077367475
108298,1,1,1,False,False,0.5646377702720394
108300,2,2,2,False,False,0.7400946127017364
108306,2,3,2,True,True,0.42599283098171103
108316,3,3,2,False,True,0.30580544897334727
108362,2,2,2,False,False,0.4985674861939767
108365,3,3,3,False,False,0.6574424173478731
108376,0,0,0,False,False,0.6757346258689774
108428,2,2,2,False,False,0.5121017602598394
108430,2,3,2,True,True,0.2800841429429234
108448,3,0,3,True,True,0.28475075033409336
108449,0,0,0,False,False,0.42438065744826475
108467,3,3,1,False,False,0.13975856611718465
108468,3,3,3,False,False,0.5787247975880808
108488,3,3,0,False,False,0.24595135352422307
108491,0,0,0,False,False,0.6022342380189422
108501,3,3,3,False,False,0.7476621548239996
108512,0,0,0,False,False,0.7747224306229472
108522,1,1,1,False,False,0.6635138124317392
108530,1,1,1,False,False,0.6350812925179175
108537,2,2,2,False,False,0.6299339393750001
108542,1,1,1,False,False,0.717932404896111
108551,2,2,2,False,False,0.8306542241554169
108559,1,1,1,False,False,0.5832733880765943
108565,0,1,0,True,True,0.07701304342671979
108605,2,2,2,False,False,0.5770921947056774
108642,1,1,1,False,False,0.4505226972984333
108645,0,0,3,False,False,0.2739511991083661
108654,0,1,0,True,True,0.0891096228821679
108662,2,3,2,True,True,0.28106425984542205
108741,3,3,1,False,False,0.17173657610584098
108774,0,0,0,False,False,0.7532714898351548
108781,2,2,2,False,False,0.4500844863000763
108801,1,1,1,False,False,0.45786173114636664
108808,0,0,0,False,False,0.6569676979579195
108821,0,0,0,False,False,0.5351351827517488
108830,1,1,1,False,False,0.623311512733359
108831,0,0,0,False,False,0.6196356843874707
108867,0,0,0,False,False,0.7855072639208831
108869,0,0,0,False,False,0.3826139050247262
108894,1,1,1,False,False,0.6514266489551357
108902,1,1,2,False,False,0.2776370616475492
108907,0,0,0,False,False,0.3646557049822891
108922,3,3,3,False,False,0.4667909628136245
108952,1,1,1,False,False,0.7032874259229249
108956,0,0,0,False,False,0.45657313726573784
108960,0,0,0,False,False,0.46736141519162
108964,2,2,1,False,True,0.22231026384982416
108996,3,3,0,False,False,0.3526170304158287
108998,3,3,3,False,False,0.3851814418965227
109005,0,0,0,False,False,0.43792489468110435
109012,1,1,1,False,False,0.45983126120520723
109014,1,2,1,True,True,0.1322710060860437
109022,3,0,0,True,False,0.3946114563375879
109035,0,0,0,False,False,0.4826116693595782
109040,1,1,1,False,False,0.648530440793736
109047,2,2,2,False,False,0.7876640226397394
109061,1,2,1,True,False,0.33883968016820437
109062,0,0,0,False,False,0.7144649444995768
109074,3,3,3,False,False,0.6605921109708152
109087,0,1,0,True,True,0.1458783691454852
109090,3,3,3,False,False,0.6147728669545968
109099,3,3,3,False,False,0.6181032770019466
109117,2,2,2,False,False,0.8286755638198072
109136,2,2,2,False,False,0.8636166421982165
109175,2,3,2,True,True,0.18547405829207902
109177,2,3,2,True,False,0.2606615904660238
109197,0,0,0,False,False,0.5542264754915165
109208,2,2,3,False,False,0.4285712704019289
109217,3,3,3,False,False,0.3810889399616583
109220,3,0,3,True,True,0.20696300741437942
109223,2,2,2,False,False,0.5813023461252634
109226,1,1,1,False,False,0.7526820388754842
109239,2,2,2,False,False,0.4057679084485338
109260,2,2,3,False,True,0.1555271199714409
109270,2,2,2,False,False,0.5621866252240929
109272,2,2,2,False,False,0.5387140170363562
109307,3,3,3,False,False,0.5194670721030296
109317,1,2,1,True,True,0.11607798402038973
109354,1,1,3,False,False,0.22953769595452164
109356,0,1,1,True,False,0.3734136649755265
109366,2,2,2,False,False,0.5826130111677984
109367,2,3,3,True,False,0.41029595565813426
109399,3,3,3,False,False,0.5202236920720306
109401,2,3,2,True,True,0.35396009657294364
109405,1,1,1,False,False,0.805660553237062
109410,1,1,1,False,False,0.8068269870492443
109442,3,0,0,True,False,0.3726633517162152
109459,1,1,1,False,False,0.5861766289890884
109467,3,3,3,False,False,0.7065699101092168
109487,3,3,3,False,False,0.4403737946515195
109498,2,2,2,False,False,0.509610581341573
109507,1,1,1,False,False,0.7048941332398111
109508,3,0,3,True,True,0.16339155277442974
109513,1,1,1,False,False,0.8462039416813875
109520,3,3,3,False,False,0.46964275915649173
109545,0,0,0,False,False,0.703447414112808
109550,1,1,1,False,False,0.5533468232382106
109554,1,1,3,False,False,0.17376514486329384
109564,1,1,1,False,False,0.7915221640254277
109569,0,0,2,False,True,0.13566999593796572
109577,3,3,3,False,False,0.45001576007305377
109582,1,2,1,True,True,0.1694715273651283
109602,2,2,2,False,False,0.3600548381322911
109646,2,3,3,True,False,0.34923308409137893
109658,1,2,1,True,True,0.11349489177459426
109661,2,2,3,False,False,0.4341396361560723
109684,2,3,2,True,True,0.11683187479735094
109687,1,2,1,True,True,0.12917388518868464
109696,3,3,3,False,False,0.4865991454664654
109714,2,2,2,False,False,0.5649441951184185
109749,1,2,1,True,True,0.2355642636289457
109794,1,1,1,False,False,0.6421600709056582
109830,2,2,2,False,False,0.6214792260126566
109862,2,2,2,False,False,0.48581678836396286
109864,3,3,3,False,False,0.40794170245727424
109866,3,3,3,False,False,0.5517099832555222
109905,3,0,3,True,True,0.17597112274908078
109920,1,2,1,True,True,0.18795176396633503
109952,1,1,1,False,False,0.5607218021520753
109954,0,0,0,False,False,0.6164642864506314
109976,2,2,3,False,False,0.23731248686124803
109999,0,0,0,False,False,0.4522946661733658
110003,2,2,2,False,False,0.5747143523921984
110005,1,1,1,False,False,0.5313609773739367
110022,1,1,1,False,False,0.8654895764018101
110025,0,1,0,True,True,0.11214637769438689
110026,0,0,0,False,False,0.624182299233349
110053,3,3,3,False,False,0.655399282095322
110078,0,0,0,False,False,0.6253967832552072
110092,3,3,3,False,False,0.3191846779278473
110098,1,2,1,True,True,0.13648289245347942
110112,2,2,2,False,False,0.6129855885138008
110119,1,1,1,False,False,0.5143865608294629
110127,3,3,3,False,False,0.4938340818902049
110132,1,2,1,True,True,0.2436829121168847
110135,2,2,2,False,False,0.7433386708390295
110138,2,2,2,False,False,0.5434808226397604
110140,2,3,3,True,False,0.39221807339057446
110144,3,3,3,False,False,0.605490903419601
110153,2,2,2,False,False,0.4248859395011631
110166,2,2,2,False,False,0.7954269208789093
110172,3,3,3,False,False,0.5646005491527426
110174,3,3,3,False,False,0.28688813989568585
110180,1,1,1,False,False,0.45978455114719036
110195,0,0,0,False,False,0.4991306238700962
110198,1,1,1,False,False,0.43207006707591905
110212,3,0,3,True,True,0.1783291067371025
110224,3,3,0,False,True,0.1539030994881847
110226,1,1,1,False,False,0.7303389327645049
110229,0,0,0,False,False,0.37406374255046093
110238,0,0,0,False,False,0.43059101697322044
110251,3,3,3,False,False,0.6080707486346179
110272,0,0,0,False,False,0.3819071936909056
110273,0,0,0,False,False,0.5908854718437657
110281,2,3,3,True,False,0.6331471918512966
110288,1,2,1,True,True,0.21626830046635445
110290,3,3,3,False,False,0.414481583407608
110294,3,3,0,False,False,0.3090260565107215
110302,3,3,3,False,False,0.4974991959352781
110306,2,2,2,False,False,0.6373518425759164
110307,2,2,3,False,True,0.24201696473059178
110317,3,3,3,False,False,0.5880917515171391
110330,3,3,2,False,True,0.3292569526492018
110347,1,1,1,False,False,0.6474458035583542
110378,2,2,2,False,False,0.6909663924660279
110383,1,2,1,True,True,0.09395967305270153
110408,2,2,2,False,False,0.4622564820335678
110421,3,3,3,False,False,0.613977153070256
110430,0,0,0,False,False,0.49288475277276955
110487,2,2,0,False,False,0.33743211351391866
110489,3,3,3,False,False,0.7938875785001354
110501,2,2,2,False,False,0.31879375290950124
110507,0,0,0,False,False,0.5955175802341842
110536,1,1,1,False,False,0.8309181292688164
110575,0,1,0,True,True,0.23318036438262543
110579,3,0,3,True,True,0.229939218892566
110584,1,1,1,False,False,0.5086477369533282
110587,2,2,2,False,False,0.33847752888983823
110608,1,1,1,False,False,0.7722907938370912
110635,3,3,3,False,False,0.4037230737787456
110670,1,2,1,True,True,0.15307393988821902
110700,0,1,0,True,True,0.09871645299307524
110708,1,1,1,False,False,0.8459863616547125
110710,0,1,0,True,True,0.14129823907398897
110712,0,0,0,False,False,0.7429711395698487
110721,3,3,3,False,False,0.5923594957548002
110735,2,2,1,False,True,0.22046101534770565
110737,3,3,3,False,False,0.5818679329822994
110746,1,1,1,False,False,0.6114812317902182
110747,0,0,0,False,False,0.6844021252072513
110748,0,1,0,True,True,0.2675090081816785
110762,0,0,0,False,False,0.7024045760156548
110808,0,1,0,True,True,0.23633757919776144
110811,2,2,2,False,False,0.7278306034146533
110815,3,3,0,False,False,0.33978789949929206
110824,0,1,0,True,True,0.2677739699921793
110834,3,3,3,False,False,0.5433755619654387
110839,1,1,1,False,False,0.658945314248741
110856,1,1,1,False,False,0.7085829315524439
110896,0,0,0,False,False,0.49602980589053525
110917,2,2,2,False,False,0.6234450097430232
110922,0,1,0,True,True,0.13003964411692417
110954,2,3,1,True,False,0.2560128457919821
110975,0,0,0,False,False,0.7437470721688385
110977,0,1,0,True,True,0.19730279106920162
110985,3,0,0,True,False,0.533025691686447
110986,3,0,3,True,True,0.18367670451108095
111022,3,3,3,False,False,0.7295731612047667
111039,1,1,1,False,False,0.7494544567295757
111045,0,0,0,False,False,0.43201827490083045
111047,2,2,2,False,False,0.4081148055988104
111049,2,3,3,True,False,0.5924323913312322
111077,0,0,0,False,False,0.621117170952225
111085,2,2,2,False,False,0.5724470146503522
111128,3,3,3,False,False,0.42659024071866436
111144,2,2,2,False,False,0.6769354559624359
111166,3,3,0,False,False,0.19219417414830633
111170,3,3,3,False,False,0.7631015520090692
111181,2,2,3,False,False,0.28095039302405045
111201,1,2,1,True,True,0.22697676241057116
111222,3,3,3,False,False,0.5376429674323632
111228,3,3,3,False,False,0.5072014648298923
111243,0,0,0,False,False,0.3806469598200689
111248,0,0,0,False,False,0.47867440037146913
111294,2,2,2,False,False,0.7880785351421985
111318,0,0,0,False,False,0.6322215951956789
111319,0,0,0,False,False,0.4847234557102499
111340,1,1,1,False,False,0.7808269565113246
111351,3,0,3,True,True,0.18858743201189232
111354,3,3,2,False,False,0.3996004963926608
111370,2,2,2,False,False,0.6658247325791297
111377,1,1,1,False,False,0.764978300721881
111384,0,0,0,False,False,0.6010795125935555
111419,2,2,2,False,False,0.7958769709634448
111432,1,1,1,False,False,0.8879560093356371
111433,1,1,1,False,False,0.7521879487332132
111442,3,3,2,False,True,0.23055470691044103
111445,2,2,3,False,True,0.17332339670727656
111448,2,2,2,False,False,0.7429638395675405
111450,2,2,2,False,False,0.6928858327919659
111453,2,2,2,False,False,0.5533537386125557
111466,3,0,3,True,False,0.31411835888371764
111475,1,1,1,False,False,0.5470434244234527
111476,1,1,1,False,False,0.6765701783704252
111479,0,0,0,False,False,0.7352359808661191
111488,1,1,1,False,False,0.6727191475549376
111493,0,0,0,False,False,0.6126895560247102
111494,0,1,1,True,False,0.39995671493173257
111521,3,3,3,False,False,0.6349101405923744
111582,3,3,3,False,False,0.8040635754528329
111588,0,0,0,False,False,0.5217638145083742
111620,3,3,3,False,False,0.3299749118669214
111624,3,3,3,False,False,0.740782199322131
111650,2,2,2,False,False,0.4767411241835886
111657,3,3,3,False,False,0.48496577216258724
111667,0,1,0,True,True,0.29858180704511034
111674,3,3,3,False,False,0.36690867424153084
111689,1,1,1,False,False,0.32422717042942684
111694,1,1,1,False,False,0.5923498491273712
111728,2,2,2,False,False,0.40897215412226157
111760,3,0,3,True,True,0.13951542367245162
111763,0,1,0,True,True,0.11593115661389321
111764,2,2,2,False,False,0.8084000690457086
111765,3,0,3,True,True,0.16867693894694036
111796,2,2,2,False,False,0.7395984836932984
111799,2,2,2,False,False,0.5839230691863703
111839,1,1,1,False,False,0.40357231468391114
111849,3,0,1,True,False,0.2014368637276599
111868,1,1,1,False,False,0.6077101881371852
111875,3,0,2,True,False,0.21440290494250364
111883,2,2,2,False,False,0.527412224431409
111896,1,1,1,False,False,0.7035398840242199
111903,3,3,3,False,False,0.7674326251121496
111909,1,1,3,False,False,0.3019704001498065
111912,0,0,0,False,False,0.7003463423982147
111937,0,1,2,True,True,0.05970719763514013
111946,2,3,2,True,True,0.27959895772576177
111950,2,2,2,False,False,0.7594919383192873
111953,3,3,3,False,False,0.8847702895136181
111981,1,1,1,False,False,0.4696519774058389
111982,0,1,0,True,True,0.2086087705439445
112001,2,2,3,False,False,0.2902052265168515
112025,3,3,3,False,False,0.8311230794001634
112038,1,1,1,False,False,0.6628323922917719
112044,0,0,2,False,False,0.3091228132630527
112052,2,2,2,False,False,0.43956364620981364
112054,2,3,1,True,True,0.1876770839089856
112055,3,3,3,False,False,0.6823225905637759
112057,1,2,1,True,True,0.18282918230567438
112067,1,1,1,False,False,0.5279056012139515
112105,1,1,1,False,False,0.4313432044647957
112110,1,2,1,True,True,0.1493465184227236
112116,3,3,3,False,False,0.6667476306462508
112128,2,2,2,False,False,0.5823092796291769
112133,3,0,3,True,True,0.1649442074425994
112138,1,1,1,False,False,0.5523990036059534
112142,0,0,0,False,False,0.5272149544733362
112152,1,1,1,False,False,0.7303357011367055
112160,2,2,2,False,False,0.5258096213333995
112161,3,3,3,False,False,0.6263752208371134
112164,0,0,3,False,True,0.0647178282107592
112183,0,0,0,False,False,0.4852746442578936
112198,1,1,1,False,False,0.4381214409195932
112202,3,0,0,True,False,0.5191247585976967
112212,2,2,2,False,False,0.5137635263317002
112223,2,2,2,False,False,0.6374034688334208
112233,2,2,0,False,False,0.2859665043412662
112236,2,2,2,False,False,0.61883989409908
112252,3,3,3,False,False,0.5498204718131218
112273,0,0,0,False,False,0.6574708853018427
112282,3,0,3,True,False,0.3233625708724994
112319,3,3,3,False,False,0.6420411033371518
112348,1,1,1,False,False,0.6175987689845261
112351,0,1,0,True,True,0.07165627528091488
112352,1,1,1,False,False,0.47541326767655423
112366,3,0,3,True,True,0.2521901362108534
112372,0,0,0,False,False,0.8464400667281796
112373,0,0,0,False,False,0.5701243756907247
112378,2,2,3,False,False,0.29542634473502466
112382,3,3,2,False,True,0.30034743252588886
112383,3,3,3,False,False,0.6177677032679052
112397,3,3,3,False,False,0.8248842285333988
112412,2,2,2,False,False,0.819039915352658
112443,0,0,0,False,False,0.6159033813928714
112456,3,3,3,False,False,0.48157415827460687
112476,3,3,3,False,False,0.7996855420852346
112496,3,3,3,False,False,0.5713190774499275
112510,2,3,2,True,True,0.07780742669105799
112515,1,1,1,False,False,0.5617337878621432
112524,2,2,2,False,False,0.5217669748392247
112526,1,2,1,True,True,0.2067075275741239
112532,2,2,3,False,False,0.2939970640234049
112548,1,1,1,False,False,0.5128654593269634
112599,1,2,1,True,True,0.2940711738784324
112613,3,3,3,False,False,0.7071822504686219
112632,2,2,2,False,False,0.8316006080066805
112650,3,3,3,False,False,0.4766899725818718
112661,2,2,2,False,False,0.6349519940426861
112676,1,2,1,True,True,0.20173686630594906
112682,0,0,0,False,False,0.49450423999395327
112700,0,1,0,True,True,0.30247528421897546
112707,1,1,1,False,False,0.5582933213906454
112715,0,1,0,True,True,0.22938932372065893
112725,2,2,2,False,False,0.5001424636801025
112731,1,1,1,False,False,0.7992400954578408
112733,1,1,1,False,False,0.6356519362064807
112775,3,3,3,False,False,0.6323341105512279
112791,3,3,3,False,False,0.7122156821274933
112794,3,0,3,True,True,0.13238166683507135
112799,3,3,3,False,False,0.6874205165606895
112802,3,3,3,False,False,0.722040149005424
112808,3,3,3,False,False,0.6610087992278388
112832,1,1,1,False,False,0.7006673689328994
112859,1,1,1,False,False,0.6914373635903904
112874,0,0,0,False,False,0.436973234461055
112881,2,2,3,False,False,0.2995577495499575
112882,2,2,2,False,False,0.7678564838113295
112890,0,0,0,False,False,0.41959515812277426
112895,1,2,1,True,True,0.2725465618337219
112915,3,3,3,False,False,0.3741642455460402
112921,2,3,3,True,False,0.4458163727652886
112928,2,2,2,False,False,0.7935179453788427
112942,1,1,1,False,False,0.6813237673963508
112944,0,0,0,False,False,0.6774544519251219
112984,0,0,0,False,False,0.4880296974571691
112985,2,2,3,False,True,0.24177062985478898
112986,3,3,2,False,True,0.32808515604585037
112989,2,2,3,False,False,0.31096475472394947
112995,0,0,0,False,False,0.6670512053132591
113003,1,1,1,False,False,0.47450457458791995
113004,1,1,1,False,False,0.5228863604412279
113025,2,2,2,False,False,0.7958611005581835
113030,1,1,1,False,False,0.5809299933119316
113037,2,2,2,False,False,0.7605024456604195
113044,3,0,2,True,True,0.17620438453622042
113045,3,0,3,True,True,0.0748299334070296
113048,1,1,1,False,False,0.6204074556950524
113053,0,1,0,True,True,0.26909950618329126
113059,0,1,0,True,True,0.24652807436284083
113064,1,1,1,False,False,0.4941226447093094
113065,0,0,0,False,False,0.6188308777574006
113068,2,2,2,False,False,0.7850840765042987
113075,0,0,0,False,False,0.7151526071407189
113089,3,3,3,False,False,0.7956980417597586
113090,3,3,3,False,False,0.5885474400035448
113099,1,1,1,False,False,0.7580070291681635
113129,0,1,0,True,True,0.26535376639948843
113146,3,3,3,False,False,0.8034490471171802
113147,1,1,1,False,False,0.7892117135550303
113148,1,2,1,True,True,0.27610977086488975
113158,0,0,0,False,False,0.691194434223397
113187,0,0,0,False,False,0.6851433375933131
113214,1,1,1,False,False,0.6239062045171465
113287,0,0,0,False,False,0.4766413220095208
113307,3,0,3,True,True,0.19744881185227472
113310,1,1,1,False,False,0.6990431520091205
113322,2,2,3,False,True,0.20083526953788877
113325,1,1,1,False,False,0.5402799044528542
113327,0,0,0,False,False,0.6850202407854517
113329,0,1,0,True,True,0.2355221728876447
113360,3,3,3,False,False,0.3708351371356712
113397,2,2,2,False,False,0.4341197111317601
113406,3,3,0,False,False,0.2353465013454605
113408,1,1,1,False,False,0.5335434164680907
113412,1,2,1,True,True,0.13681569991496942
113438,1,1,1,False,False,0.6437344459749584
113442,1,1,1,False,False,0.7901615841993895
113462,3,0,3,True,False,0.2841171943901566
113465,1,1,1,False,False,0.658587640924005
113466,1,1,1,False,False,0.7939722053359923
113506,0,0,0,False,False,0.5568023177540159
113514,0,0,0,False,False,0.6370452091142698
113521,1,1,1,False,False,0.605074613673266
113525,0,0,0,False,False,0.3361656009045494
113526,0,0,0,False,False,0.6159838583369524
113536,1,1,1,False,False,0.4014851788073415
113555,1,1,1,False,False,0.5810756180882017
113562,3,3,3,False,False,0.5107468382049556
113573,0,1,2,True,True,0.16585783775160778
113574,1,2,1,True,True,0.07528957462736438
113588,1,1,1,False,False,0.4058747554876423
113618,2,2,2,False,False,0.6330804441932141
113653,2,2,0,False,True,0.12293472339486597
113691,1,1,1,False,False,0.6194485872322568
113696,0,1,0,True,True,0.15988487198992685
113701,1,1,1,False,False,0.5605891112848347
113706,2,2,1,False,False,0.2542945774876008
113710,1,1,1,False,False,0.8980372127180102
113759,1,1,1,False,False,0.6353047196133772
113767,3,3,3,False,False,0.436724200126893
113771,1,2,1,True,True,0.20856970038311767
113776,3,3,3,False,False,0.6770196947266977
113782,0,0,0,False,False,0.7431852589314348
113784,0,0,0,False,False,0.5718455228209417
113787,0,0,2,False,False,0.21173966578412734
113795,2,3,2,True,True,0.1851317260484699
113825,0,0,0,False,False,0.7745798249219565
113833,0,0,0,False,False,0.6831886542088296
113839,1,1,1,False,False,0.4354102599524594
113847,3,3,3,False,False,0.42929954154116756
113867,3,0,3,True,True,0.25264693843566366
113868,3,3,3,False,False,0.5455133665324193
113884,1,1,1,False,False,0.697292354585086
113911,2,2,2,False,False,0.5961917144671998
113912,2,2,2,False,False,0.45336532190050144
113914,3,3,3,False,False,0.40305300022593515
113932,1,1,1,False,False,0.8789413118870494
113934,0,0,0,False,False,0.7866179983366027
113942,1,1,1,False,False,0.5075605177944891
113978,3,3,3,False,False,0.4803659890497689
113983,1,1,1,False,False,0.7353860089974569
113988,2,2,2,False,False,0.33133637182351405
113994,2,3,2,True,True,0.29209996576261626
114014,3,3,3,False,False,0.42719041338151215
114047,2,3,3,True,False,0.6629152567279016
114056,1,2,1,True,True,0.16666442571980633
114087,1,1,1,False,False,0.4956683769815671
114088,0,1,0,True,True,0.25651899584145854
114125,3,3,3,False,False,0.4319483684611304
114126,3,3,3,False,False,0.5239780931913944
114141,1,1,1,False,False,0.7298102341583634
114142,1,1,1,False,False,0.6743599386961481
114149,0,0,0,False,False,0.7014592691449214
114168,1,1,1,False,False,0.814607536110062
114178,2,2,2,False,False,0.540024414960961
114192,0,0,0,False,False,0.4235279775484991
114217,1,1,1,False,False,0.394016090053408
114219,3,0,2,True,True,0.08456573302852094
114221,0,0,0,False,False,0.7947997941962248
114223,3,3,3,False,False,0.4334258050293932
114233,2,2,2,False,False,0.9108177886179025
114247,2,2,2,False,False,0.6805139483998114
114250,2,2,2,False,False,0.38334559186114886
114255,3,3,1,False,False,0.2928019677314881
114262,3,3,3,False,False,0.39487589067612194
114282,0,0,0,False,False,0.5182396851971889
114289,3,3,3,False,False,0.44479036586534065
114291,0,0,1,False,False,0.4198434700541321
114296,0,0,1,False,True,0.038196138628161735
114298,2,2,2,False,False,0.5388005925923762
114300,2,2,2,False,False,0.5770300080357378
114327,3,3,2,False,True,0.28115615401967
114358,1,1,1,False,False,0.34272641430412754
114360,1,2,1,True,True,0.06675231072338307
114362,0,0,3,False,True,0.08723666381685818
114376,0,0,0,False,False,0.5691807566296742
114401,3,3,3,False,False,0.7683149151118426
114402,3,3,3,False,False,0.6002919581317628
114412,2,2,2,False,False,0.5578581416526659
114450,2,2,2,False,False,0.8235455080636892
114460,3,3,3,False,False,0.4452430180970561
114471,1,1,1,False,False,0.682949727981984
114472,1,1,1,False,False,0.7201843744170752
114477,0,0,0,False,False,0.4902070074007238
114480,0,0,0,False,False,0.6381578279172225
114500,0,0,1,False,False,0.2814278691695881
114509,2,2,3,False,True,0.20007284101402598
114525,1,2,2,True,False,0.30992441368077167
114548,0,0,0,False,False,0.4146767114625928
114549,1,1,2,False,False,0.22297145088333648
114554,2,3,2,True,True,0.3205955727272044
114556,2,2,3,False,False,0.32525562742979086
114561,3,3,3,False,False,0.4634316276155869
114571,2,2,2,False,False,0.8040067828213012
114573,0,0,0,False,False,0.5379493122561396
114619,3,3,3,False,False,0.6008357617005622
114623,0,1,0,True,True,0.15815155966903297
114633,0,1,0,True,True,0.24316167262020952
114644,0,0,0,False,False,0.3720024111717104
114656,2,2,2,False,False,0.8264807036346634
114658,2,3,2,True,True,0.2127327723050189
114666,2,2,0,False,False,0.22612313588994876
114669,3,0,3,True,True,0.10427810207427586
114688,3,0,3,True,True,0.1620636232695061
114693,2,2,2,False,False,0.5936327898791028
114696,1,1,1,False,False,0.8534845047878787
114706,1,1,2,False,False,0.25524649418846534
114713,2,2,2,False,False,0.584191486708498
114716,1,2,1,True,True,0.23559184761863894
114718,1,1,1,False,False,0.6411624567545254
114776,2,2,3,False,True,0.2141209817723217
114783,0,1,0,True,True,0.35996310548786414
114798,1,2,1,True,True,0.15916475222519053
114804,3,3,3,False,False,0.37473903528860014
114836,0,0,0,False,False,0.5984207559654311
114847,0,0,0,False,False,0.6442430825655826
114864,3,0,3,True,True,0.11897220300662392
114872,1,1,1,False,False,0.6068603965524064
114876,2,2,2,False,False,0.5500945874370605
114890,3,3,3,False,False,0.536836110670755
114908,1,2,1,True,True,0.16854093350196092
114937,3,3,3,False,False,0.3761071334381344
114951,2,2,2,False,False,0.5956175923044569
114960,3,3,3,False,False,0.7138545027204368
114962,1,2,1,True,True,0.08021355613381213
115024,0,0,0,False,False,0.4881027589188529
115031,3,3,3,False,False,0.7615316301397869
115040,1,1,1,False,False,0.5223849319444223
115042,2,2,2,False,False,0.541385622603371
115045,0,0,0,False,False,0.39583945763318534
115066,2,2,2,False,False,0.47850205236292503
115073,0,0,0,False,False,0.6059097190763937
115079,2,2,2,False,False,0.6957686897146323
115085,1,1,1,False,False,0.5898047835950618
115098,2,2,2,False,False,0.44062867486329715
115099,3,0,3,True,True,0.07712118318884617
115101,3,3,3,False,False,0.6952313951230358
115110,2,2,3,False,True,0.11636901693906958
115113,1,2,1,True,True,0.10962912205807407
115134,2,3,3,True,False,0.4855604085244827
115172,3,3,3,False,False,0.5024703450567788
115181,2,2,2,False,False,0.6551400019261574
115196,3,0,3,True,True,0.20377520834819668
115239,3,3,3,False,False,0.8082066528537828
115246,0,1,0,True,True,0.29015465076304336
115283,2,3,2,True,True,0.1941164107850476
115288,1,1,1,False,False,0.7359654038438677
115322,3,3,3,False,False,0.657374566447522
115331,0,0,0,False,False,0.4407819331583497
115338,2,2,2,False,False,0.5023679524008727
115339,2,2,2,False,False,0.3183596567908817
115353,3,3,3,False,False,0.2949606243242114
115365,1,1,1,False,False,0.751048629911676
115382,3,3,3,False,False,0.7083346562294424
115408,1,1,1,False,False,0.6283160922301996
115409,1,1,1,False,False,0.44625696524993075
115423,1,1,1,False,False,0.7766123298032006
115425,2,2,2,False,False,0.3839751492852872
115433,2,2,2,False,False,0.4219265438617516
115434,2,3,2,True,True,0.2544366340431115
115460,0,0,0,False,False,0.6821208367351326
115473,3,3,3,False,False,0.6844927191782537
115475,3,3,3,False,False,0.7039625928321089
115486,2,2,2,False,False,0.3965853793107311
115490,2,2,2,False,False,0.7314107690167174
115512,3,3,3,False,False,0.8541657941296216
115523,1,1,1,False,False,0.6265916133695011
115536,1,2,1,True,True,0.059977046531781014
115571,2,2,2,False,False,0.6666751608395131
115573,2,2,2,False,False,0.6309251778617928
115589,2,2,2,False,False,0.7497638382523082
115590,2,2,2,False,False,0.8391328350274541
115592,3,3,3,False,False,0.8688484683947273
115608,2,2,2,False,False,0.6472929714560182
115659,3,3,3,False,False,0.37138324781864857
115660,0,0,0,False,False,0.45807052303234747
115664,0,0,0,False,False,0.6338285796733597
115686,2,2,2,False,False,0.6060352434188913
115690,2,2,2,False,False,0.7760522975087404
115691,2,2,2,False,False,0.83994037374671
115710,3,3,3,False,False,0.5454721030902744
115721,3,3,3,False,False,0.7553052968921522
115749,3,3,3,False,False,0.7104575884072123
115751,2,3,2,True,True,0.24545086356981263
115755,3,3,3,False,False,0.5485808213450707
115761,0,1,0,True,True,0.21832991706182336
115774,3,3,3,False,False,0.6567271129760656
115792,0,0,0,False,False,0.6564618525296197
115803,3,3,3,False,False,0.6861710826488836
115806,2,2,2,False,False,0.8066645128689168
115828,0,1,0,True,True,0.13379240920716887
115837,3,3,0,False,False,0.23182485188142102
115840,3,3,3,False,False,0.8676568908876372
115844,1,1,1,False,False,0.3596256490694146
115852,3,3,3,False,False,0.7405625829158342
115863,3,3,3,False,False,0.5871315641701846
115864,3,3,3,False,False,0.5475258308775443
115866,2,2,2,False,False,0.7359615031976768
115899,0,0,0,False,False,0.5347629802539613
115915,0,1,0,True,True,0.23424853922305192
115928,2,2,3,False,True,0.1432893503807481
115948,3,3,3,False,False,0.7116840333215082
115962,0,0,0,False,False,0.8346484842122468
116004,3,3,3,False,False,0.5070751109654037
116014,0,0,0,False,False,0.7861676120286879
116018,3,3,3,False,False,0.7033143725593676
116034,1,1,1,False,False,0.6735271437853132
116044,1,1,0,False,True,0.2833879720394448
116049,2,3,2,True,True,0.2798757659453306
116054,0,0,1,False,False,0.34254769428309073
116064,1,1,1,False,False,0.38988780339667367
116070,1,1,1,False,False,0.5544760470372265
116104,2,2,2,False,False,0.8022409209823418
116105,2,3,2,True,True,0.27678391969336635
116106,2,2,2,False,False,0.4678112511208235
116117,2,3,2,True,True,0.2734412233558626
116121,3,3,3,False,False,0.5991961527211349
116135,3,3,3,False,False,0.6312015645894093
116144,0,0,0,False,False,0.6695480781544597
116147,1,2,1,True,True,0.16569077353570466
116172,1,1,1,False,False,0.42615653003488263
116176,3,0,3,True,True,0.09748082704983461
116203,3,0,3,True,True,0.08380081836379026
116208,1,1,1,False,False,0.5513455652512368
116214,3,3,3,False,False,0.5879491895560187
116227,2,2,2,False,False,0.8022470527263297
116253,2,2,2,False,False,0.6253647347348613
116262,2,2,3,False,True,0.32621901499542466
116269,1,2,1,True,True,0.21764041804506115
116289,3,0,3,True,True,0.21991746146476046
116294,0,0,0,False,False,0.48968827697566225
116312,1,1,1,False,False,0.428500302293876
116322,2,2,3,False,True,0.2134754615693077
116341,1,1,1,False,False,0.6332535265273447
116345,1,1,1,False,False,0.5244885111218869
116351,0,1,0,True,True,0.1634716161568086
116352,2,2,2,False,False,0.6975620720274023
116355,2,2,3,False,True,0.1872936934174078
116361,3,3,3,False,False,0.7969781277759198
116363,3,3,3,False,False,0.3617725476102672
116386,2,2,2,False,False,0.5509485094701356
116436,1,1,1,False,False,0.5840211019289453
116445,1,1,1,False,False,0.41593272879023224
116454,2,3,2,True,True,0.24697779258699365
116456,1,2,1,True,True,0.2177872614574489
116458,3,3,3,False,False,0.4962757007757901
116465,0,0,0,False,False,0.5273116884511716
116472,1,2,1,True,True,0.3443203619110783
116482,0,0,0,False,False,0.6294731547842756
116492,2,2,2,False,False,0.560303457560677
116500,3,0,3,True,True,0.11725284827953265
116508,0,0,0,False,False,0.47174792462426346
116527,2,2,2,False,False,0.5163768493898784
116536,3,3,2,False,True,0.14869898581662194
116555,2,2,3,False,False,0.34852007394716455
116595,3,0,3,True,True,0.10996813211592568
116603,2,2,2,False,False,0.47190077154545057
116617,3,0,3,True,True,0.16223923075168156
116619,1,1,1,False,False,0.7680082304976099
116625,2,2,2,False,False,0.6102716696973061
116631,0,1,2,True,True,0.053694909095578607
116645,3,3,3,False,False,0.3875313551134077
116646,3,3,3,False,False,0.7834060679765592
116673,0,0,0,False,False,0.5360967537914265
116689,2,3,2,True,True,0.11113208071181002
116695,0,1,0,True,True,0.2101568944328349
116696,0,0,0,False,False,0.6296451437721151
116699,2,3,2,True,True,0.18185149557813282
116701,2,3,2,True,True,0.1525081025561495
116720,2,2,1,False,True,0.18118959207897878
116752,2,2,2,False,False,0.7611117274495626
116771,0,0,0,False,False,0.5133343678004366
116774,1,1,1,False,False,0.6492953979254564
116797,0,0,0,False,False,0.6000866999114828
116836,0,0,0,False,False,0.8019677048107909
116840,2,2,3,False,False,0.3214891646971627
116842,3,0,3,True,False,0.28748705990268186
116854,1,1,1,False,False,0.6427437145973046
116878,2,2,3,False,False,0.3126719647145622
116886,3,3,3,False,False,0.45156585863417287
116909,2,2,3,False,True,0.298677788048315
116920,3,3,3,False,False,0.9055771919679471
116925,0,0,0,False,False,0.35977288590307904
116926,0,0,0,False,False,0.5710743818499683
116960,0,1,0,True,True,0.2047629087167997
116969,3,0,3,True,True,0.11808588127501847
116970,3,3,3,False,False,0.5864442630067187
116974,3,3,3,False,False,0.5620632207296594
116999,0,0,1,False,False,0.31499143894136883
117007,3,0,3,True,True,0.114884029778641
117017,2,2,3,False,True,0.11574547230717404
117026,3,3,3,False,False,0.4872849578890936
117031,3,0,3,True,True,0.14865539781571618
117033,3,3,3,False,False,0.7104959762975922
117053,0,0,0,False,False,0.47419237481979215
117057,1,1,1,False,False,0.4999394028035948
117062,2,2,2,False,False,0.8110621638048597
117081,3,0,3,True,True,0.09931087969553806
117092,1,1,1,False,False,0.8144214832625044
117107,2,2,3,False,False,0.27266315888736525
117109,2,2,2,False,False,0.5586772831237403
117116,1,1,1,False,False,0.5757370168446194
117129,2,2,3,False,False,0.3667107210551494
117134,1,1,1,False,False,0.5538830832911593
117136,1,1,1,False,False,0.7364892990837205
117139,2,2,2,False,False,0.3463274149812098
117163,3,3,3,False,False,0.8583807971886959
117176,2,2,2,False,False,0.5438010745038174
117193,0,0,1,False,False,0.32794090549419946
117204,2,2,0,False,True,0.16073954449638803
117216,1,1,1,False,False,0.7489806779552226
117265,3,3,3,False,False,0.7393212296672957
117287,2,2,2,False,False,0.8362190208564773
117294,2,2,3,False,True,0.2534637858133184
117308,1,2,1,True,True,0.22971440008656843
117313,0,0,0,False,False,0.6989205950205541
117316,2,2,3,False,False,0.2725382879936339
117318,3,3,3,False,False,0.579640467732912
117320,0,0,0,False,False,0.3841465541542799
117330,3,0,3,True,True,0.24313373465880597
117336,1,1,1,False,False,0.5729844151420211
117341,0,1,0,True,True,0.1040098056814513
117343,0,0,0,False,False,0.8338531403511064
117380,3,3,3,False,False,0.5026679605990939
117385,1,1,1,False,False,0.5901300623869068
117388,1,1,1,False,False,0.6829678269293854
117398,2,2,3,False,False,0.2564381228947939
117399,2,2,2,False,False,0.3563366195202728
117411,2,3,2,True,True,0.17610732535267343
117421,2,2,2,False,False,0.38335522359716195
117428,0,0,0,False,False,0.5316065639528049
117431,2,2,2,False,False,0.5472093341973104
117445,1,2,2,True,False,0.32785262302787943
117457,3,3,3,False,False,0.7359211913523028
117468,2,2,2,False,False,0.7123759335478739
117487,3,3,3,False,False,0.6953147129067401
117491,3,3,3,False,False,0.8111954851638505
117519,2,3,2,True,True,0.3113256255065986
117523,3,3,3,False,False,0.6457478179972431
117543,3,3,3,False,False,0.370405588695867
117565,2,2,2,False,False,0.46171420840362504
117568,0,1,0,True,True,0.29817053143808164
117572,1,1,1,False,False,0.6296391292618445
117590,0,0,0,False,False,0.8832301257505576
117602,1,2,1,True,True,0.1536946018228205
117616,1,2,1,True,True,0.1618422056233165
117633,2,3,1,True,False,0.15885715171885328
117636,1,2,1,True,True,0.10951022471445258
117641,0,0,0,False,False,0.4250139806266176
117649,1,2,1,True,True,0.23140721938785402
117664,2,2,3,False,False,0.273612110265827
117679,2,2,2,False,False,0.86790375856664
117685,2,3,2,True,True,0.12057304863077115
117701,0,0,1,False,False,0.18589278516385382
117704,0,0,2,False,True,0.17399991299981357
117705,0,0,0,False,False,0.6847359515985603
117710,0,0,0,False,False,0.5224284905585833
117715,1,1,1,False,False,0.5154660572843786
117721,1,1,1,False,False,0.7234408352195361
117731,2,2,2,False,False,0.4386058820851224
117737,1,1,1,False,False,0.5863946181067021
117752,0,0,1,False,False,0.3400373703981612
117755,2,2,2,False,False,0.3650605294271373
117772,2,3,0,True,True,0.19725343335066958
117773,3,0,3,True,True,0.1492063160366597
117790,2,2,2,False,False,0.5770178031431766
117795,1,1,2,False,False,0.2897554896874342
117821,3,3,3,False,False,0.411536448394253
117839,3,3,1,False,False,0.3027410988348472
117857,0,0,0,False,False,0.8669367279905508
117867,1,1,1,False,False,0.41985361544147104
117870,2,3,3,True,False,0.5045829500921007
117876,3,3,3,False,False,0.4955875220496846
117887,0,1,0,True,True,0.2979972589047059
117888,2,2,2,False,False,0.6505902772716762
117901,2,2,2,False,False,0.6336169412424748
117907,2,2,2,False,False,0.5358341058259379
117919,1,1,1,False,False,0.6839347617945954
117928,0,0,0,False,False,0.5047824147784131
117933,3,3,2,False,True,0.2527344196892095
117943,2,2,2,False,False,0.836568924430429
117947,1,1,1,False,False,0.29193453440225714
117952,2,2,2,False,False,0.8530325278608984
117967,2,2,2,False,False,0.8131709630823308
117976,0,0,0,False,False,0.5991157497276166
117982,2,3,2,True,True,0.21142268795566788
117987,0,0,0,False,False,0.7875364825436164
118000,0,0,0,False,False,0.5677838766536251
118071,3,3,3,False,False,0.8402549016192835
118076,1,1,1,False,False,0.5112368107936517
118080,1,1,1,False,False,0.7015266390642086
118094,3,3,3,False,False,0.6266434193023009
118103,1,2,1,True,True,0.10843819230322416
118118,0,0,1,False,False,0.20423104010397738
118130,2,3,2,True,True,0.12699978613113852
118135,1,2,1,True,True,0.29902512781244234
118141,2,2,2,False,False,0.6584237609627697
118149,0,1,0,True,True,0.15721376204957369
118161,3,3,3,False,False,0.6663131722766321
118219,0,0,0,False,False,0.347989325976915
118228,2,2,2,False,False,0.7217536052021246
118233,2,2,2,False,False,0.42277923389041405
118241,1,2,1,True,True,0.11529799154184742
118243,1,1,1,False,False,0.6562668469889466
118249,2,2,2,False,False,0.5095603273361344
118276,3,3,3,False,False,0.5329326985786444
118283,3,3,3,False,False,0.7928899976645714
118298,2,2,2,False,False,0.6933957158408303
118312,3,3,3,False,False,0.6145889439759371
118315,1,1,1,False,False,0.5057592501487072
118325,0,0,0,False,False,0.8116830689367664
118332,2,3,2,True,True,0.2651089285124221
118333,2,2,2,False,False,0.730854130185678
118342,1,2,1,True,True,0.07129305083559763
118360,2,2,2,False,False,0.7860743069523741
118413,0,0,0,False,False,0.5057756158648341
118423,3,3,3,False,False,0.3933109878356779
118430,0,0,0,False,False,0.703078499249242
118436,3,3,3,False,False,0.51037839746974
118451,1,1,1,False,False,0.632805915298261
118452,2,2,2,False,False,0.5855627542081219
118460,1,1,1,False,False,0.6087729714870339
118468,1,1,1,False,False,0.5691238894655221
118472,1,2,1,True,True,0.2517697761533756
118474,0,0,0,False,False,0.9054146320966412
118475,0,0,0,False,False,0.5288160545047376
118482,1,1,1,False,False,0.6079851198350321
118502,1,1,1,False,False,0.4430243745109601
118533,1,1,1,False,False,0.6508458335681265
118538,1,1,1,False,False,0.40570876365344155
118547,1,1,1,False,False,0.5083815635352069
118554,1,2,1,True,True,0.1186858453420857
118575,1,1,3,False,False,0.2562168343893748
118581,2,2,2,False,False,0.46504874536410057
118595,1,1,1,False,False,0.3706024106016723
118602,1,2,1,True,True,0.1578059650725536
118620,1,1,1,False,False,0.7053541437244207
118623,0,0,0,False,False,0.35027316916939677
118647,0,0,0,False,False,0.6925394398332431
118667,1,1,1,False,False,0.47545610132371935
118668,0,0,0,False,False,0.5817545402882913
118692,0,0,0,False,False,0.6046208923848827
118696,3,3,3,False,False,0.7589626264407935
118723,1,1,3,False,False,0.3191471068226295
118735,3,0,3,True,True,0.2731439593735666
118740,1,1,1,False,False,0.41038477128838696
118744,0,0,0,False,False,0.4923765425871777
118753,3,0,3,True,True,0.17782037017129368
118754,3,3,3,False,False,0.7760278849996289
118772,0,0,0,False,False,0.6813108345938209
118794,1,2,1,True,True,0.21274462078654244
118823,0,0,0,False,False,0.5187824381191783
118864,3,3,3,False,False,0.45380044614750337
118869,2,3,2,True,True,0.10068035921750751
118887,0,0,1,False,False,0.3135328571502706
118888,0,0,0,False,False,0.5583256311637625
118890,0,0,0,False,False,0.37170791192147445
118897,2,3,2,True,True,0.18613050531413897
118898,2,3,2,True,True,0.09937393699383777
118905,3,3,1,False,False,0.2627171729352531
118906,3,3,3,False,False,0.5252979475041923
118933,2,2,2,False,False,0.34431538946329543
118938,3,0,3,True,True,0.09125104731688341
118943,3,3,3,False,False,0.41661858587169964
118952,0,1,0,True,True,0.15125339438305802
118961,2,2,2,False,False,0.711799208347109
118974,0,0,0,False,False,0.7245132557663547
118978,0,1,0,True,True,0.16743709901321963
118981,0,0,0,False,False,0.6770225160690811
118984,0,1,3,True,False,0.2316095694603832
118986,0,0,0,False,False,0.49021087171374156
118987,0,0,3,False,False,0.25296508530949696
119010,3,3,3,False,False,0.634354088543708
119012,3,3,3,False,False,0.844936812620325
119031,0,0,1,False,True,0.15044967015234043
119033,3,0,3,True,True,0.1355017498979273
119059,2,2,0,False,False,0.29472784037667615
119064,0,0,0,False,False,0.665598199354414
119076,2,2,2,False,False,0.8693378262547611
119092,3,3,3,False,False,0.6033581596016482
119119,3,3,3,False,False,0.5545570408097857
119129,0,0,0,False,False,0.323799292935352
119131,2,2,2,False,False,0.7279839246430202
119132,2,2,2,False,False,0.8269681694256403
119136,3,3,3,False,False,0.6547510682213328
119143,1,1,1,False,False,0.6558184858707128
119166,2,3,3,True,False,0.6151510070247479
119171,1,1,1,False,False,0.7263903369348215
119181,2,2,2,False,False,0.7935767613416694
119188,3,3,1,False,False,0.29696642024663983
119193,1,1,1,False,False,0.6654233323548268
119199,3,3,3,False,False,0.6752188650175834
119223,3,3,3,False,False,0.5509870821868801
119224,3,3,3,False,False,0.46961214010391733
119239,2,2,2,False,False,0.45630852977113756
119245,0,0,0,False,False,0.813648825287659
119272,2,2,2,False,False,0.7092971016781917
119282,3,3,3,False,False,0.48166340999894625
119285,3,3,0,False,False,0.29023406363603976
119300,3,3,3,False,False,0.5690106358597278
119301,1,1,1,False,False,0.7148108011677965
119303,1,1,1,False,False,0.5762479117117971
119315,3,3,3,False,False,0.730418812438666
119324,2,2,2,False,False,0.7464524417838073
119343,2,2,2,False,False,0.44057918069333707
119351,2,2,2,False,False,0.4806384403431931
119356,3,0,3,True,True,0.1308269035130825
119358,3,3,3,False,False,0.6890420036157351
119377,1,2,1,True,True,0.2785589327549714
119388,1,2,1,True,True,0.11489375527387319
119424,2,3,3,True,False,0.5087610738480328
119441,3,3,2,False,True,0.3453706403948701
119442,3,3,0,False,False,0.34076326366911663
119453,2,2,2,False,False,0.41034541531319196
119467,3,3,3,False,False,0.44940819351721356
119469,3,3,3,False,False,0.8762525765828938
119472,1,1,1,False,False,0.4896758604225103
119483,3,3,3,False,False,0.459556696994754
119490,1,1,1,False,False,0.693358416293329
119491,0,0,0,False,False,0.6427523118915385
119497,3,3,3,False,False,0.5856931150438607
119505,0,0,0,False,False,0.4433184264330736
119510,2,2,2,False,False,0.4689610010442834
119521,3,3,3,False,False,0.46118973205276054
119524,3,0,3,True,True,0.06268714839831412
119529,3,3,3,False,False,0.8060750679120406
119540,1,1,1,False,False,0.739911460343017
119541,0,0,0,False,False,0.40633482589916103
119557,0,0,0,False,False,0.506628605665165
119563,2,2,2,False,False,0.5631690656189555
119570,2,2,2,False,False,0.535804820984393
119577,1,2,1,True,True,0.18184490978745269
119595,1,1,1,False,False,0.415986927120279
119597,0,0,0,False,False,0.5471168540101184
119624,1,1,1,False,False,0.5918966995489776
119628,0,0,0,False,False,0.3630882478216913
119648,0,0,0,False,False,0.9386162241856134
119655,1,1,1,False,False,0.3795357348253588
119662,3,3,3,False,False,0.4502502484872487
119671,2,2,3,False,False,0.2808710748622289
119679,0,0,3,False,False,0.2583058900634197
119692,1,1,1,False,False,0.6570365156876931
119694,1,2,1,True,True,0.1173448895389875
119710,1,1,1,False,False,0.45734787705277374
119722,0,0,3,False,True,0.21174490129127685
119727,1,1,1,False,False,0.5420777714900316
119741,1,1,1,False,False,0.4617148445954386
119745,2,3,2,True,True,0.16087964488198905
119794,1,2,2,True,False,0.37515545934214867
119798,0,1,0,True,True,0.20973359706877764
119800,2,2,2,False,False,0.34208354553281206
119830,1,1,1,False,False,0.5506137453891938
119853,1,1,1,False,False,0.604317975258507
119855,0,0,0,False,False,0.8363308300629634
119882,1,1,1,False,False,0.4885039646118769
119893,1,1,1,False,False,0.5064597578914607
119912,1,1,1,False,False,0.4946032367624006
119917,1,1,1,False,False,0.7917015271723628
119922,3,3,0,False,False,0.21984380045214771
119930,1,1,1,False,False,0.5473685056978993
119950,3,3,3,False,False,0.722918926031166
119969,0,1,1,True,False,0.3910892922118177
119971,0,1,0,True,True,0.13580255501347238
119990,0,0,0,False,False,0.35640379525590066
119995,0,0,0,False,False,0.6745107528144038
