original_index,clean_label,human_noisy_label,predicted_label,actual_label_error,cleanlab_flagged,label_quality_score
1,9,9,9,False,False,0.999414324760437
14,9,9,9,False,False,0.9999709129333496
19,6,6,0,False,True,0.00046399212442338467
20,4,4,4,False,False,0.9981659054756165
24,2,2,2,False,False,0.9999986886978149
36,3,3,3,False,False,0.997921884059906
38,3,3,3,False,False,0.966032087802887
47,2,2,8,False,False,0.37181979417800903
61,1,1,1,False,False,0.9314743876457214
77,0,0,0,False,False,0.9962019324302673
78,3,3,9,False,False,0.012960553169250488
84,7,7,7,False,False,0.9928943514823914
89,4,2,7,True,True,0.0010510084684938192
92,8,8,8,False,False,0.9826618432998657
101,3,3,3,False,False,0.9992577433586121
105,1,1,1,False,False,0.9995755553245544
121,2,2,4,False,True,0.005254650022834539
123,2,2,2,False,False,1.0
150,3,3,3,False,False,0.9999672174453735
179,0,0,9,False,True,8.640902524348348e-05
236,1,1,1,False,False,0.9999700784683228
237,7,7,7,False,False,0.9999998807907104
246,8,8,8,False,False,0.999997615814209
250,1,1,1,False,False,0.9993835687637329
260,5,5,5,False,False,1.0
262,1,1,1,False,False,0.9943612813949585
264,0,0,0,False,False,0.9939208030700684
267,7,7,7,False,False,0.998772919178009
272,4,4,4,False,False,0.9999966621398926
287,3,3,3,False,False,0.9975085258483887
299,4,4,3,False,True,0.15587563812732697
300,2,2,2,False,False,0.8514402508735657
307,9,9,9,False,False,0.967889666557312
320,7,7,5,False,True,0.07881440967321396
323,1,1,1,False,False,0.9919300079345703
330,1,0,3,True,True,8.23259767912532e-07
333,3,3,8,False,True,1.7824914877451192e-08
348,0,0,2,False,True,0.12616054713726044
361,6,6,6,False,False,0.9923628568649292
379,8,8,8,False,False,0.9999591112136841
389,1,1,1,False,False,0.9094288349151611
400,2,2,2,False,False,0.9999942779541016
401,0,8,0,True,True,1.1843633629382566e-08
412,7,7,7,False,False,0.999993085861206
416,3,3,5,False,True,1.799519999678978e-08
417,0,2,0,True,True,0.0001739523868309334
422,7,7,7,False,False,1.0
425,2,2,2,False,False,0.9997460246086121
446,3,3,2,False,True,0.026984291151165962
460,8,8,8,False,False,0.9999994039535522
469,7,2,2,True,False,0.9986522793769836
478,7,7,8,False,True,0.02540079690515995
487,8,8,8,False,False,0.9532368183135986
523,7,7,7,False,False,0.6364091038703918
526,4,2,6,True,False,0.0559384860098362
528,4,4,4,False,False,0.999997615814209
541,9,9,9,False,False,0.9999983310699463
572,4,8,4,True,True,1.1388632259468068e-07
577,9,9,9,False,False,0.9995236396789551
583,3,3,5,False,True,0.24353951215744019
588,6,6,6,False,False,0.9655336141586304
595,7,7,7,False,False,1.0
610,8,8,8,False,False,0.9999964237213135
630,2,2,6,False,True,0.0011122191790491343
637,0,0,0,False,False,0.9999998807907104
638,3,5,5,True,False,0.8668385148048401
642,4,4,5,False,True,0.00995200127363205
655,6,6,6,False,False,0.9996286630630493
689,2,2,7,False,True,0.08619590103626251
730,3,3,3,False,False,0.9647403359413147
733,0,0,0,False,False,0.8504458069801331
735,0,0,0,False,False,0.9751980900764465
757,0,0,0,False,False,0.9951850771903992
758,4,4,4,False,False,0.6891703605651855
767,5,5,3,False,True,0.02452000230550766
771,7,7,7,False,False,0.9802778363227844
777,8,8,8,False,False,0.9963654279708862
790,2,2,2,False,False,0.9999990463256836
793,8,8,8,False,False,0.9989669322967529
799,0,0,0,False,False,0.9400654435157776
810,2,2,5,False,True,0.017981920391321182
815,1,1,1,False,False,0.9915679097175598
817,5,5,5,False,False,0.9968029260635376
823,1,1,1,False,False,0.9999977350234985
828,9,9,9,False,False,0.9971199035644531
831,4,4,4,False,False,0.8581218719482422
832,2,2,3,False,True,0.0010652439668774605
834,1,1,9,False,False,0.4101666808128357
844,4,4,1,False,False,0.27016812562942505
848,1,1,1,False,False,0.9956806898117065
861,3,3,3,False,False,0.9421988129615784
864,2,2,2,False,False,0.9999053478240967
875,5,5,5,False,False,0.9028193950653076
906,0,8,0,True,True,0.00729499664157629
917,1,1,1,False,False,0.9997608065605164
926,7,7,7,False,False,0.9878606200218201
938,0,0,8,False,True,0.007304864469915628
946,4,4,1,False,True,0.030623387545347214
977,1,1,1,False,False,0.999853253364563
982,4,4,3,False,True,0.09180403500795364
989,0,0,0,False,False,0.998588502407074
996,5,3,2,True,True,0.00010440692858537659
1000,9,9,9,False,False,0.982946515083313
1003,2,2,2,False,False,0.9999964237213135
1012,0,0,2,False,True,0.02027544379234314
1016,6,6,6,False,False,0.9364339113235474
1017,6,6,6,False,False,0.9745984077453613
1040,2,2,2,False,False,0.5647118091583252
1041,3,2,3,True,True,2.6346720915171318e-05
1051,6,6,6,False,False,0.9829042553901672
1065,2,2,2,False,False,0.9999923706054688
1070,3,2,2,True,False,0.9986488223075867
1072,5,5,3,False,True,0.001006693230010569
1073,9,9,9,False,False,0.5872567296028137
1077,2,2,2,False,False,0.9813868403434753
1089,7,7,7,False,False,0.8454463481903076
1098,3,3,3,False,False,0.9999986886978149
1104,3,3,3,False,False,0.9994021654129028
1125,7,7,7,False,False,1.0
1145,1,9,1,True,True,7.543230458395556e-05
1156,5,5,3,False,True,0.010376152582466602
1163,2,2,5,False,True,0.00188211421482265
1166,0,8,8,True,False,0.5628933310508728
1176,6,6,6,False,False,0.9999810457229614
1215,7,7,7,False,False,0.9957531690597534
1241,9,1,1,True,False,0.99982750415802
1242,1,1,1,False,False,0.9999709129333496
1249,0,0,0,False,False,0.9995775818824768
1257,3,3,3,False,False,0.9464839696884155
1258,2,2,2,False,False,1.0
1262,9,9,1,False,True,0.21619781851768494
1280,5,5,5,False,False,0.6620692610740662
1309,7,7,7,False,False,0.9869028329849243
1338,0,0,0,False,False,0.4378648102283478
1360,6,6,6,False,False,0.9996150732040405
1383,8,8,8,False,False,1.0
1398,8,8,8,False,False,0.987886905670166
1408,1,1,1,False,False,0.9388270974159241
1413,1,1,8,False,True,0.20817336440086365
1415,2,2,2,False,False,0.8999994993209839
1419,5,5,4,False,True,0.3896813988685608
1423,5,5,5,False,False,0.9999628067016602
1424,0,0,0,False,False,0.9993384480476379
1429,8,8,8,False,False,0.9998711347579956
1433,9,9,0,False,False,0.3046257793903351
1451,4,4,4,False,False,0.5338514447212219
1453,6,6,6,False,False,0.9784683585166931
1456,9,9,9,False,False,0.9844127297401428
1465,9,9,9,False,False,0.6433425545692444
1466,0,0,0,False,False,0.999996542930603
1474,5,5,5,False,False,0.6145250201225281
1475,2,2,2,False,False,0.9214352965354919
1504,9,9,9,False,False,0.9999997615814209
1508,8,8,8,False,False,0.9999871253967285
1511,3,3,3,False,False,0.9995043277740479
1529,6,6,6,False,False,0.9999997615814209
1533,2,2,0,False,True,0.0034301478881388903
1540,0,0,2,False,True,0.0011627724161371589
1545,5,5,5,False,False,0.9997357726097107
1555,3,3,6,False,True,0.008950899355113506
1578,1,1,1,False,False,0.9704726934432983
1586,1,1,8,False,True,0.10558521002531052
1589,0,0,8,False,True,0.007161187473684549
1617,8,8,8,False,False,0.9872722029685974
1624,4,4,4,False,False,0.9999219179153442
1627,6,6,2,False,False,0.46719473600387573
1674,0,0,0,False,False,0.9954379200935364
1676,2,2,2,False,False,1.0
1688,8,8,8,False,False,1.0
1697,9,9,9,False,False,0.9990266561508179
1718,9,9,9,False,False,0.9995414018630981
1731,1,1,1,False,False,0.9975782036781311
1769,3,3,5,False,True,0.06468774378299713
1770,8,8,8,False,False,0.9984180927276611
1791,4,4,4,False,False,0.9920002222061157
1793,2,2,2,False,False,0.8539261817932129
1804,4,4,4,False,False,0.999783456325531
1815,3,3,3,False,False,0.8519680500030518
1871,0,0,0,False,False,0.7779233455657959
1875,5,5,5,False,False,0.9999603033065796
1891,7,7,7,False,False,1.0
1901,1,1,1,False,False,0.9995549321174622
1903,4,4,2,False,True,7.84521471359767e-05
1905,7,7,4,False,True,0.056545257568359375
1934,4,2,4,True,True,4.529126240715442e-10
1936,2,2,6,False,True,0.011906912550330162
1945,7,7,7,False,False,0.9987282156944275
1947,9,9,9,False,False,0.9402928352355957
1948,6,2,6,True,True,0.0003069144149776548
1957,8,8,8,False,False,1.0
1976,5,5,9,False,True,0.2087506651878357
2005,1,1,1,False,False,0.9999746084213257
2015,7,7,7,False,False,0.9999270439147949
2019,6,6,7,False,True,0.001428321236744523
2054,5,5,1,False,False,3.7173129385337234e-05
2066,0,0,2,False,True,0.17757374048233032
2067,1,3,0,True,True,5.878934189240681e-06
2073,5,5,5,False,False,0.9694268703460693
2074,7,7,7,False,False,1.0
2079,2,2,2,False,False,1.0
2083,3,0,5,True,True,0.0007834345451556146
2084,1,1,1,False,False,0.9999890327453613
2088,4,4,7,False,True,0.15238313376903534
2089,5,5,5,False,False,0.9882712960243225
2092,3,3,0,False,True,0.0006264291005209088
2107,0,0,0,False,False,0.9999980926513672
2113,7,8,7,True,True,2.360103053433704e-06
2118,1,9,1,True,True,1.8208422716270434e-06
2159,6,6,3,False,True,0.002790491096675396
2161,8,8,8,False,False,0.9999936819076538
2178,4,4,2,False,False,0.36905035376548767
2181,3,3,4,False,True,4.5393841219265596e-07
2192,9,9,9,False,False,0.9882501363754272
2202,2,0,0,True,False,0.30451133847236633
2203,6,2,6,True,True,0.02086786739528179
2210,4,4,4,False,False,0.9998865127563477
2222,6,6,3,False,True,7.627840545865183e-07
2229,8,0,8,True,True,0.005309298634529114
2238,4,4,4,False,False,0.9979890584945679
2242,5,5,5,False,False,0.9999998807907104
2254,3,3,3,False,False,0.9987187385559082
2274,6,6,6,False,False,0.9998036026954651
2278,7,5,3,True,True,0.06516695022583008
2305,5,5,5,False,False,0.9996882677078247
2311,7,7,0,False,False,0.19536057114601135
2314,5,0,3,True,True,1.6074732229753863e-06
2341,0,0,0,False,False,0.9997472167015076
2350,0,0,2,False,False,0.4390730857849121
2364,6,6,6,False,False,0.9970061182975769
2375,3,3,3,False,False,0.9995030164718628
2410,5,5,6,False,True,0.0031779417768120766
2422,1,1,1,False,False,0.9999922513961792
2443,3,5,3,True,True,0.0033154410775750875
2444,4,4,4,False,False,0.9999994039535522
2453,0,0,0,False,False,0.9992038607597351
2465,4,4,2,False,True,0.002089673187583685
2469,1,1,1,False,False,0.6106557846069336
2487,8,8,7,False,False,0.11448446661233902
2498,9,9,0,False,True,0.09409743547439575
2501,3,4,4,True,False,0.9149177074432373
2508,9,0,1,True,True,9.366704745161769e-08
2519,6,6,6,False,False,0.9511170387268066
2529,9,1,9,True,True,0.1782575100660324
2539,7,7,7,False,False,0.8073504567146301
2543,2,2,2,False,False,1.0
2553,7,7,7,False,False,0.9998934268951416
2569,1,1,1,False,False,0.8954390287399292
2576,4,4,4,False,False,0.9423835277557373
2577,8,8,8,False,False,0.9647433161735535
2603,8,8,8,False,False,0.9979625940322876
2612,7,7,7,False,False,0.9529352784156799
2642,0,0,0,False,False,0.8594675660133362
2660,0,0,0,False,False,0.9998984336853027
2669,7,7,7,False,False,0.9916495084762573
2672,4,4,4,False,False,0.999990701675415
2676,9,9,9,False,False,0.6304800510406494
2679,8,8,8,False,False,0.9999982118606567
2692,0,0,2,False,True,1.301495160532795e-07
2705,4,0,0,True,False,0.8626024723052979
2712,4,4,4,False,False,0.638026773929596
2719,2,2,0,False,True,2.484184960849234e-06
2732,8,8,8,False,False,0.5766989588737488
2741,2,2,2,False,False,1.0
2797,8,8,8,False,False,0.9999985694885254
2812,2,2,2,False,False,0.9792264699935913
2815,8,8,8,False,False,0.9999990463256836
2819,8,8,8,False,False,0.9999982118606567
2844,1,1,9,False,True,0.09102652966976166
2845,9,1,9,True,True,0.002409066306427121
2848,0,8,0,True,True,0.00011854458716697991
2849,1,1,9,False,True,0.0344461090862751
2860,2,2,2,False,False,0.9999996423721313
2909,6,6,6,False,False,0.998193085193634
2917,9,9,9,False,False,0.999933123588562
2921,4,4,2,False,True,0.08711317181587219
2937,6,6,6,False,False,0.8627864718437195
2949,0,0,0,False,False,0.987439751625061
2955,6,6,6,False,False,0.47556817531585693
2968,6,6,6,False,False,0.9975670576095581
2971,2,2,6,False,True,0.0347929447889328
2985,9,9,9,False,False,0.9999979734420776
2988,2,2,2,False,False,0.9999969005584717
2992,6,6,6,False,False,0.9972579479217529
3008,5,3,5,True,True,0.0007752978708595037
3010,6,6,6,False,False,0.9996531009674072
3027,4,4,3,False,True,0.0005364437238313258
3045,9,9,9,False,False,0.9999170303344727
3059,1,1,1,False,False,0.8257005214691162
3067,8,8,8,False,False,0.9998632669448853
3069,5,5,5,False,False,0.7261339426040649
3070,6,6,3,False,True,0.004305086564272642
3074,2,2,2,False,False,0.9999221563339233
3102,0,0,0,False,False,0.9787515997886658
3110,3,2,2,True,False,0.754236102104187
3124,5,5,5,False,False,0.9687343835830688
3133,4,9,7,True,True,0.0014198522549122572
3161,2,2,2,False,False,0.9999936819076538
3168,6,6,6,False,False,0.7738332748413086
3177,3,3,2,False,True,0.0001617144007468596
3178,3,4,6,True,False,0.06145913898944855
3203,6,6,6,False,False,0.9999675750732422
3207,6,6,6,False,False,0.9967807531356812
3221,5,5,5,False,False,0.9999940395355225
3224,0,0,0,False,False,0.9852638244628906
3241,6,6,6,False,False,0.9999997615814209
3250,8,8,8,False,False,0.9996392726898193
3293,5,5,5,False,False,0.8574694991111755
3295,0,0,0,False,False,0.8692275285720825
3296,4,4,2,False,True,0.042477693408727646
3300,4,4,2,False,True,0.08662121742963791
3309,2,2,2,False,False,0.9330543875694275
3315,1,1,1,False,False,0.4802815020084381
3321,2,2,2,False,False,0.9990339279174805
3328,3,3,3,False,False,1.0
3339,2,2,2,False,False,0.9999959468841553
3360,4,4,4,False,False,0.9999840259552002
3372,2,2,1,False,True,0.030976060777902603
3373,3,3,3,False,False,0.5520399212837219
3377,4,4,4,False,False,0.9928001165390015
3381,9,9,9,False,False,0.9954791069030762
3384,8,8,8,False,False,0.41879868507385254
3385,3,5,3,True,True,0.001608020975254476
3391,3,3,7,False,True,0.0618017353117466
3404,1,1,1,False,False,0.9999855756759644
3406,8,8,8,False,False,0.6904124021530151
3411,6,6,2,False,True,0.04290875047445297
3422,9,9,9,False,False,0.998695433139801
3460,4,5,7,True,False,0.2936258614063263
3470,6,6,6,False,False,0.9999988079071045
3473,7,7,4,False,False,0.45672571659088135
3494,4,4,4,False,False,0.9500982165336609
3507,4,4,4,False,False,0.5865317583084106
3510,9,9,8,False,True,1.0726410437200684e-05
3515,0,0,0,False,False,0.999442994594574
3517,2,9,2,True,False,5.210640301811509e-05
3518,8,8,8,False,False,0.7333999872207642
3537,9,9,9,False,False,0.9955614805221558
3562,5,5,5,False,False,0.9999908208847046
3593,6,1,6,True,True,9.612755093257874e-06
3601,1,1,9,False,False,0.39346039295196533
3615,3,2,0,True,True,2.706941018004727e-07
3625,8,8,8,False,False,0.9997217059135437
3635,4,4,4,False,False,0.9998002648353577
3637,7,7,7,False,False,0.9997603297233582
3641,5,5,5,False,False,0.9999557733535767
3678,1,1,1,False,False,0.9996134638786316
3685,9,9,9,False,False,0.9575812220573425
3693,2,2,2,False,False,0.9947511553764343
3697,9,9,9,False,False,0.9997490048408508
3701,0,0,9,False,True,0.043679188936948776
3704,9,9,9,False,False,0.7991672158241272
3727,1,1,1,False,False,0.9844998121261597
3729,6,6,1,False,True,0.018733588978648186
3737,9,9,0,False,True,0.00020352951833046973
3752,5,5,5,False,False,0.9739951491355896
3754,6,6,6,False,False,0.9999977350234985
3756,3,3,3,False,False,0.9987627267837524
3774,9,9,9,False,False,0.9999992847442627
3782,7,7,5,False,True,0.004512420389801264
3787,3,3,2,False,True,1.8183865904575214e-05
3789,0,0,0,False,False,0.5249396562576294
3799,5,4,5,True,True,3.2432886598599e-08
3800,8,8,0,False,True,0.015938077121973038
3812,8,8,8,False,False,0.9966116547584534
3816,4,4,2,False,True,0.06437116116285324
3818,3,3,3,False,False,0.9929220080375671
3829,8,8,0,False,True,0.024877525866031647
3841,6,6,6,False,False,0.999998927116394
3880,0,0,0,False,False,0.887298583984375
3889,2,2,2,False,False,0.9450250864028931
3904,8,8,8,False,False,0.9998950958251953
3906,0,0,0,False,False,0.9995703101158142
3914,7,7,5,False,True,0.21671746671199799
3915,9,9,9,False,False,0.9937382936477661
3918,0,0,0,False,False,0.9577354192733765
3932,9,9,0,False,True,0.07824745774269104
3946,7,7,7,False,False,0.648408055305481
3954,1,1,1,False,False,0.9863670468330383
3962,0,0,0,False,False,0.9972895383834839
3972,8,8,8,False,False,1.0
3982,2,2,6,False,False,0.39523422718048096
3984,1,1,1,False,False,0.9975267052650452
4013,1,0,1,True,True,4.620931576937437e-06
4015,6,2,6,True,True,8.902163244783878e-05
4047,1,1,1,False,False,0.9933534860610962
4053,4,7,7,True,False,0.4740019142627716
4073,3,3,3,False,False,0.7780913710594177
4075,7,7,7,False,False,1.0
4076,7,7,7,False,False,0.9999566078186035
4089,3,3,3,False,False,0.9158996939659119
4091,2,2,2,False,False,0.9643986821174622
4138,2,2,2,False,False,0.9477704167366028
4141,0,0,6,False,False,0.22934292256832123
4154,2,2,2,False,False,0.9812104105949402
4165,0,0,0,False,False,0.9997046589851379
4168,2,2,5,False,True,0.0031115554738789797
4177,3,3,8,False,False,0.2013389766216278
4190,6,6,6,False,False,1.0
4198,2,2,2,False,False,0.9946744441986084
4205,8,8,8,False,False,0.416721373796463
4219,4,4,7,False,True,6.457026029238477e-05
4232,4,4,4,False,False,0.9997568726539612
4237,2,2,2,False,False,0.9752849340438843
4244,1,1,1,False,False,0.9927968382835388
4250,1,1,1,False,False,0.9999607801437378
4254,7,7,7,False,False,0.9999935626983643
4262,4,4,4,False,False,0.9931138157844543
4277,8,8,8,False,False,0.9990906715393066
4294,3,3,5,False,True,0.0315188467502594
4309,6,6,6,False,False,0.9998706579208374
4313,8,8,8,False,False,0.9744547009468079
4324,6,6,6,False,False,0.9999336004257202
4337,0,0,0,False,False,0.999982476234436
4352,1,1,1,False,False,0.9996681213378906
4353,0,0,8,False,False,0.09407194703817368
4387,0,0,0,False,False,0.852169930934906
4391,6,6,6,False,False,0.9025452136993408
4395,4,4,4,False,False,0.799241840839386
4406,5,0,5,True,True,2.4490239169949746e-08
4415,6,6,6,False,False,1.0
4440,6,6,6,False,False,0.9975202679634094
4446,8,8,8,False,False,0.9972330927848816
4454,9,9,7,False,False,0.33055931329727173
4461,8,8,8,False,False,0.9718354940414429
4482,2,2,2,False,False,0.9965009689331055
4488,6,3,6,True,True,0.0007158474763855338
4513,7,7,7,False,False,1.0
4523,0,0,0,False,False,0.9999996423721313
4524,0,0,0,False,False,0.9615125060081482
4552,0,0,2,False,False,0.20807963609695435
4571,0,0,9,False,False,0.412840873003006
4585,1,1,1,False,False,0.9997095465660095
4588,2,2,2,False,False,0.9999604225158691
4590,6,2,3,True,True,2.3208016500575468e-05
4597,0,0,0,False,False,0.9999991655349731
4621,0,0,0,False,False,0.9980528354644775
4629,9,9,9,False,False,0.9999988079071045
4635,5,5,5,False,False,0.9997785687446594
4638,9,9,9,False,False,0.815986156463623
4649,9,9,9,False,False,0.991538941860199
4652,8,8,8,False,False,0.9299355149269104
4654,1,9,1,True,True,0.0033432175405323505
4662,5,5,7,False,True,3.5957476939074695e-05
4670,8,8,8,False,False,0.9990301132202148
4671,7,7,7,False,False,0.846110463142395
4698,5,5,5,False,False,0.9996283054351807
4710,4,2,4,True,True,0.11080507934093475
4711,8,8,8,False,False,0.9928010702133179
4725,4,4,4,False,False,0.9956592917442322
4752,6,6,6,False,False,0.9996528625488281
4792,6,6,4,False,True,0.08124072849750519
4804,8,8,8,False,False,0.9999985694885254
4829,3,3,9,False,True,0.0009975968860089779
4830,2,2,2,False,False,1.0
4833,7,7,2,False,True,0.03201641887426376
4839,4,4,3,False,True,0.37022334337234497
4840,1,1,1,False,False,0.9999979734420776
4850,5,5,5,False,False,0.999738872051239
4856,1,1,1,False,False,0.9998782873153687
4858,1,1,1,False,False,0.9990280866622925
4861,0,0,0,False,False,0.9395133852958679
4863,8,8,8,False,False,0.9999998807907104
4875,6,6,3,False,True,0.016246287152171135
4890,5,5,3,False,True,0.24813179671764374
4901,7,7,2,False,False,0.3204385042190552
4906,0,0,0,False,False,0.9942291975021362
4909,1,1,1,False,False,0.7806812524795532
4912,3,3,3,False,False,0.7974368929862976
4929,0,0,8,False,False,0.33729472756385803
4933,7,7,8,False,True,1.2175406482128892e-05
4937,6,5,6,True,True,1.7290954446025353e-08
4954,3,3,5,False,True,2.0035719028419115e-14
4955,8,8,8,False,False,0.9999996423721313
4966,6,8,6,True,True,0.0010079140774905682
4967,0,0,0,False,False,0.7310166954994202
5009,9,9,9,False,False,0.9210464358329773
5017,3,3,5,False,True,0.011878978461027145
5024,7,7,7,False,False,0.7354407906532288
5027,7,7,7,False,False,0.9999967813491821
5029,4,4,4,False,False,0.9999998807907104
5032,6,6,6,False,False,0.9862709045410156
5034,7,7,7,False,False,0.7751381397247314
5056,9,9,9,False,False,0.7262397408485413
5069,0,0,0,False,False,0.9989457726478577
5089,0,0,8,False,True,0.029379619285464287
5091,8,8,8,False,False,0.9990704655647278
5095,6,6,8,False,False,0.17345266044139862
5099,1,1,9,False,True,0.0002165676560252905
5106,3,6,3,True,True,0.0001424735237378627
5114,7,7,7,False,False,0.9512313604354858
5118,2,2,0,False,False,0.27177634835243225
5129,3,3,3,False,False,1.0
5133,9,9,9,False,False,0.41035789251327515
5142,6,2,6,True,True,0.0013204076094552875
5147,3,3,6,False,False,0.3044721782207489
5152,5,5,5,False,False,0.6572917699813843
5157,1,1,1,False,False,0.5865934491157532
5162,3,5,0,True,True,6.635038880631328e-05
5169,6,6,6,False,False,0.998634397983551
5202,1,1,1,False,False,0.999971866607666
5208,5,3,3,True,False,0.9997338652610779
5213,9,9,9,False,False,0.9968641400337219
5231,9,9,9,False,False,0.5113794803619385
5232,1,1,1,False,False,0.9971122741699219
5243,1,1,1,False,False,0.9993347525596619
5257,1,1,1,False,False,0.99777752161026
5276,7,7,7,False,False,0.999562680721283
5280,8,8,3,False,True,0.0020071682520210743
5284,8,8,8,False,False,0.9999974966049194
5288,5,5,3,False,True,0.001951288664713502
5304,8,8,0,False,True,0.007884429767727852
5310,9,9,9,False,False,0.9995276927947998
5323,0,0,0,False,False,0.995747983455658
5333,2,2,2,False,False,0.9807429313659668
5347,4,3,7,True,True,1.7516815205453895e-05
5362,0,0,0,False,False,0.532408595085144
5369,5,5,5,False,False,0.9678818583488464
5384,2,2,4,False,True,0.000255596823990345
5391,0,0,0,False,False,0.9999228715896606
5402,6,6,6,False,False,0.9900704026222229
5408,9,9,9,False,False,0.999040424823761
5414,0,0,0,False,False,0.9999998807907104
5417,2,2,2,False,False,0.9999744892120361
5445,3,3,3,False,False,0.9964820146560669
5455,3,3,3,False,False,0.9998376369476318
5473,3,3,5,False,True,6.111691618571058e-05
5479,3,3,3,False,False,0.895349383354187
5481,0,0,0,False,False,0.9993364214897156
5485,9,9,9,False,False,0.9999260902404785
5496,9,9,9,False,False,0.9961898326873779
5504,5,5,5,False,False,0.9999986886978149
5522,6,6,3,False,True,0.15198680758476257
5555,5,5,5,False,False,0.9999767541885376
5564,7,7,7,False,False,1.0
5574,2,2,2,False,False,0.8482502698898315
5597,7,7,7,False,False,0.9999998807907104
5598,3,3,5,False,True,0.021353967487812042
5605,9,1,9,True,True,2.930864502559416e-05
5615,3,3,3,False,False,0.9974920749664307
5621,9,9,0,False,True,8.800732757663354e-05
5630,8,8,8,False,False,1.0
5636,6,6,0,False,False,0.03921128064393997
5639,2,2,2,False,False,0.9997028708457947
5661,6,6,6,False,False,0.3318306803703308
5662,9,9,1,False,False,0.4855731725692749
5669,4,4,4,False,False,0.980350136756897
5670,5,5,2,False,True,0.08277837932109833
5679,6,0,6,True,True,0.0020734078716486692
5684,0,0,8,False,False,0.35500073432922363
5695,5,5,5,False,False,0.8118188977241516
5696,0,0,2,False,True,0.015368680469691753
5707,2,2,2,False,False,0.9674030542373657
5709,1,1,1,False,False,0.9890824556350708
5723,6,6,6,False,False,0.9112367033958435
5735,7,7,7,False,False,0.9698166847229004
5752,8,8,8,False,False,0.9813070297241211
5763,6,6,2,False,False,0.4131470024585724
5777,8,8,8,False,False,0.9997217059135437
5790,4,4,4,False,False,0.9999995231628418
5791,1,1,1,False,False,0.9992169141769409
5792,7,7,7,False,False,0.9981412887573242
5795,8,8,9,False,True,0.000278166146017611
5815,4,4,4,False,False,0.9946311712265015
5825,2,2,0,False,True,6.180511991260573e-05
5850,5,5,5,False,False,0.999900221824646
5860,1,1,1,False,False,0.9999995231628418
5862,2,2,2,False,False,0.8527122735977173
5863,7,7,7,False,False,1.0
5864,0,0,8,False,True,0.00042616581777110696
5867,2,2,0,False,True,0.024281378835439682
5875,8,8,8,False,False,0.9936895370483398
5887,7,5,8,True,True,0.0009782561101019382
5926,2,2,8,False,True,2.6873863134824205e-08
5931,4,4,4,False,False,0.7273121476173401
5949,8,8,8,False,False,1.0
5956,0,0,0,False,False,0.9983318448066711
5958,7,7,7,False,False,0.9536147713661194
5960,5,5,5,False,False,0.9999959468841553
5972,0,0,0,False,False,0.9928812980651855
5974,9,9,9,False,False,0.9999747276306152
5980,3,3,3,False,False,1.0
5985,8,8,8,False,False,0.5999994277954102
6009,4,4,4,False,False,0.6273422241210938
6019,2,2,2,False,False,0.9930965304374695
6027,4,4,2,False,True,0.0008469121530652046
6031,1,1,1,False,False,0.6063675880432129
6099,8,8,8,False,False,0.993834376335144
6102,5,5,5,False,False,0.9998581409454346
6108,3,3,5,False,True,0.00047998366062529385
6123,8,8,7,False,True,0.006495605688542128
6127,6,6,3,False,True,0.01824241876602173
6131,5,2,3,True,True,0.012757623568177223
6135,3,3,3,False,False,0.9965841770172119
6144,4,7,4,True,True,0.002892149379476905
6156,2,2,2,False,False,0.7209420800209045
6166,8,8,0,False,True,0.0004363789630588144
6183,9,9,9,False,False,0.9999784231185913
6192,8,8,0,False,True,0.014105889946222305
6207,3,3,7,False,False,0.16903270781040192
6232,5,5,3,False,False,0.39152687788009644
6233,1,1,1,False,False,0.9999849796295166
6241,1,1,1,False,False,0.9999538660049438
6259,5,5,5,False,False,0.6357335448265076
6260,0,0,0,False,False,0.9868009090423584
6271,7,7,7,False,False,0.880466639995575
6280,4,4,4,False,False,0.7090982794761658
6291,7,7,9,False,False,0.32630354166030884
6303,4,4,2,False,True,0.17576700448989868
6304,3,3,3,False,False,0.5834558010101318
6317,2,2,3,False,True,0.042500853538513184
6334,2,2,2,False,False,0.9999998807907104
6342,8,8,8,False,False,0.9995449185371399
6347,1,1,1,False,False,0.9945154786109924
6370,0,0,0,False,False,0.9989470839500427
6372,7,7,7,False,False,0.9999538660049438
6384,9,9,9,False,False,0.9872960448265076
6391,6,6,6,False,False,0.9981829524040222
6393,0,0,0,False,False,0.9549834728240967
6408,2,2,6,False,True,0.0016632070764899254
6426,9,8,9,True,True,4.6804400632982635e-12
6428,0,8,0,True,True,0.0215593334287405
6432,4,4,4,False,False,0.8285655975341797
6445,2,2,2,False,False,0.9883544445037842
6473,6,6,6,False,False,0.8655141592025757
6487,7,7,4,False,True,0.04429187998175621
6488,2,2,2,False,False,0.9990812540054321
6498,4,4,4,False,False,0.8720470070838928
6499,2,2,2,False,False,0.9999977350234985
6505,4,4,4,False,False,0.9999960660934448
6519,5,5,5,False,False,0.9999799728393555
6530,5,5,6,False,True,0.00026704734773375094
6544,1,1,1,False,False,0.9961374402046204
6552,7,7,7,False,False,0.9218953847885132
6556,3,3,3,False,False,0.9996974468231201
6573,7,7,7,False,False,0.9999786615371704
6583,2,2,2,False,False,0.8881452083587646
6589,1,1,1,False,False,0.9959949254989624
6597,0,0,0,False,False,0.9924744963645935
6603,4,4,4,False,False,0.7634444236755371
6607,3,3,3,False,False,0.9999192953109741
6619,3,3,3,False,False,0.8042672276496887
6621,2,2,2,False,False,1.0
6624,7,7,7,False,False,1.0
6627,8,8,8,False,False,0.8694473505020142
6632,8,8,8,False,False,0.9994858503341675
6634,2,2,4,False,True,0.009574155323207378
6636,4,8,4,True,True,2.207206417637053e-09
6680,7,7,7,False,False,0.9985871315002441
6692,9,9,9,False,False,0.9914419054985046
6706,9,9,9,False,False,0.9468255043029785
6709,1,1,1,False,False,0.9958459734916687
6726,7,7,7,False,False,1.0
6733,1,1,1,False,False,0.9825189113616943
6736,1,1,1,False,False,0.9995556473731995
6738,2,2,2,False,False,0.9894254207611084
6746,9,9,1,False,True,9.665351171861403e-06
6759,7,7,7,False,False,0.9999926090240479
6766,9,9,9,False,False,0.5191131830215454
6775,8,8,8,False,False,0.9999363422393799
6781,5,5,5,False,False,0.9065259099006653
6782,3,1,2,True,True,8.391437544830183e-10
6785,4,3,3,True,False,0.558091402053833
6787,3,3,0,False,True,0.028460809960961342
6804,6,6,6,False,False,0.9999023675918579
6815,5,5,5,False,False,0.9999874830245972
6821,7,7,7,False,False,0.9998745918273926
6826,6,5,2,True,True,0.0032294406555593014
6842,7,7,8,False,False,0.3229648470878601
6864,7,7,7,False,False,0.999998927116394
6869,1,1,1,False,False,0.9999558925628662
6880,8,8,8,False,False,0.5963156223297119
6912,8,8,8,False,False,0.9999986886978149
6919,0,0,0,False,False,0.9999986886978149
6928,1,1,1,False,False,0.9999810457229614
6949,6,6,1,False,True,0.005364816635847092
6987,6,6,6,False,False,0.9999884366989136
6995,8,8,8,False,False,0.9999964237213135
6997,9,9,9,False,False,0.9986339211463928
6998,7,7,3,False,True,0.07823644578456879
7007,8,8,1,False,True,0.06427314132452011
7010,9,1,9,True,True,0.001415944891050458
7012,8,8,8,False,False,0.9982162117958069
7063,3,3,0,False,True,0.0002005357964662835
7067,8,8,0,False,True,0.34142547845840454
7070,6,6,2,False,True,0.0028730451595038176
7075,3,0,9,True,True,1.3356195316394093e-10
7081,0,0,0,False,False,0.7812957167625427
7087,1,1,0,False,True,0.11355563998222351
7130,1,9,1,True,True,0.0002613470423966646
7133,6,6,6,False,False,0.9815787076950073
7144,0,0,0,False,False,0.9830701947212219
7151,2,2,4,False,True,0.002214456908404827
7159,6,6,2,False,True,0.29782459139823914
7160,5,5,5,False,False,0.993806004524231
7167,9,9,9,False,False,0.9987265467643738
7170,9,9,8,False,True,0.0357058010995388
7173,1,1,1,False,False,0.8177706599235535
7209,2,2,2,False,False,0.9932734966278076
7218,4,4,0,False,True,0.18762293457984924
7220,3,6,6,True,False,0.9814995527267456
7236,5,5,5,False,False,0.9999878406524658
7251,0,0,0,False,False,1.0
7262,9,9,1,False,True,0.006380936596542597
7263,0,0,0,False,False,0.7759751081466675
7268,3,3,3,False,False,0.866782546043396
7273,7,5,7,True,True,4.338387635249852e-11
7278,6,6,6,False,False,0.9999830722808838
7281,8,8,8,False,False,0.999997615814209
7289,1,1,1,False,False,0.9991177916526794
7296,4,4,4,False,False,0.9999740123748779
7316,6,6,6,False,False,1.0
7323,7,7,7,False,False,0.999858021736145
7331,7,7,7,False,False,0.9983017444610596
7337,9,9,1,False,True,0.11168020963668823
7351,5,5,2,False,True,0.018067708238959312
7362,4,4,7,False,False,0.09425003826618195
7367,3,3,5,False,True,0.2700672149658203
7371,1,1,6,False,True,1.0398794074717443e-05
7374,1,1,0,False,True,0.0017777330940589309
7386,4,4,4,False,False,0.9999970197677612
7389,3,3,2,False,True,2.0123488866374828e-05
7399,9,9,9,False,False,0.9999998807907104
7400,7,7,7,False,False,0.9999651908874512
7405,7,7,7,False,False,1.0
7412,3,3,5,False,True,6.471688038800494e-07
7414,9,9,9,False,False,0.9975436329841614
7425,5,5,5,False,False,0.9999921321868896
7426,3,3,5,False,True,0.057676203548908234
7431,8,8,8,False,False,0.9999432563781738
7442,1,1,1,False,False,0.9980700612068176
7447,8,8,8,False,False,1.0
7450,7,7,7,False,False,0.9999971389770508
7460,3,3,6,False,True,0.07324909418821335
7463,7,7,7,False,False,0.9907710552215576
7468,8,8,8,False,False,0.9999380111694336
7470,0,0,3,False,True,0.0028841763269156218
7473,6,6,6,False,False,0.9823035597801208
7489,3,3,3,False,False,0.6329113245010376
7491,6,6,6,False,False,1.0
7508,8,8,8,False,False,0.7712218761444092
7515,5,5,3,False,True,0.001035786815918982
7520,0,0,0,False,False,0.9838152527809143
7522,2,2,2,False,False,0.9999703168869019
7549,6,6,6,False,False,0.5668685436248779
7564,7,7,7,False,False,0.9998717308044434
7580,8,8,3,False,True,0.0013973404420539737
7581,0,0,5,False,True,0.0010956353507936
7589,2,2,6,False,True,0.023581145331263542
7590,5,5,5,False,False,0.9986270666122437
7592,0,0,0,False,False,0.9999994039535522
7612,0,0,0,False,False,0.5538285970687866
7617,8,8,6,False,True,0.012849113903939724
7618,7,7,7,False,False,0.9990654587745667
7646,8,8,8,False,False,0.9999853372573853
7656,4,4,4,False,False,0.6537372469902039
7657,9,8,9,True,True,9.297134965891019e-06
7660,0,0,0,False,False,0.8815628290176392
7670,4,4,4,False,False,0.7780899405479431
7686,7,7,5,False,True,0.1038581132888794
7699,5,5,5,False,False,0.599159300327301
7712,4,4,2,False,True,0.0004593979683704674
7722,1,1,1,False,False,0.9919540286064148
7730,8,8,8,False,False,0.9999994039535522
7761,2,2,2,False,False,0.8650208711624146
7766,2,2,2,False,False,1.0
7776,5,2,5,True,True,9.410032930645684e-07
7793,9,9,9,False,False,0.9710204601287842
7803,3,3,5,False,True,0.002055781427770853
7813,7,7,4,False,True,0.3348435163497925
7816,7,7,7,False,False,0.7380777597427368
7822,4,0,2,True,True,0.0011024723062291741
7823,6,6,6,False,False,0.9999650716781616
7829,7,7,7,False,False,0.9999964237213135
7849,7,7,7,False,False,0.967877984046936
7852,3,0,3,True,True,2.421156053422635e-10
7873,5,5,5,False,False,0.6143549680709839
7892,9,0,9,True,True,7.535662007285282e-05
7897,2,3,5,True,True,0.0027944049797952175
7905,2,2,2,False,False,0.9990668892860413
7921,5,5,7,False,True,0.003688156371936202
7925,0,0,0,False,False,0.9961434006690979
7945,7,7,4,False,True,0.03654104471206665
7949,8,9,1,True,True,0.0010771095985546708
7960,9,9,1,False,True,0.08835132420063019
7961,7,7,7,False,False,0.9982011318206787
7976,6,6,6,False,False,0.9615187644958496
7979,0,0,2,False,True,0.07908422499895096
7984,4,4,4,False,False,0.998767614364624
7993,6,6,6,False,False,0.818509042263031
7996,8,8,8,False,False,0.9909675717353821
8005,8,8,8,False,False,0.9999696016311646
8009,6,6,6,False,False,0.9998807907104492
8027,8,8,8,False,False,0.8838984966278076
8028,3,3,3,False,False,0.6619309186935425
8056,3,3,3,False,False,0.8094007968902588
8062,0,0,0,False,False,0.9985935091972351
8087,9,9,9,False,False,0.9962577819824219
8102,0,0,0,False,False,0.9862517714500427
8107,1,1,4,False,True,0.04143790528178215
8113,8,8,8,False,False,0.99977046251297
8123,8,8,4,False,False,0.3642508387565613
8127,1,1,1,False,False,0.9997496008872986
8142,7,7,7,False,False,1.0
8165,2,2,2,False,False,0.9999979734420776
8187,7,7,7,False,False,0.9996857643127441
8195,2,2,2,False,False,0.9523810744285583
8197,1,1,0,False,True,0.27731844782829285
8209,0,0,0,False,False,0.999958872795105
8221,1,1,1,False,False,0.9966333508491516
8228,1,0,3,True,True,0.0128139303997159
8245,9,9,9,False,False,0.9999693632125854
8254,4,4,2,False,False,0.4167115390300751
8275,2,2,2,False,False,0.6693170070648193
8287,5,5,5,False,False,0.5402250289916992
8289,4,4,4,False,False,0.9714213609695435
8298,9,9,9,False,False,0.5129525065422058
8307,1,1,1,False,False,0.6335788369178772
8313,0,0,7,False,False,0.25334104895591736
8322,2,3,2,True,True,0.00010620558896334842
8360,7,7,7,False,False,0.9999996423721313
8362,2,2,2,False,False,0.9998941421508789
8371,1,1,1,False,False,1.0
8397,8,8,8,False,False,0.9728349447250366
8400,5,5,5,False,False,0.999993085861206
8401,8,8,8,False,False,0.9997512698173523
8402,9,9,9,False,False,1.0
8406,8,8,8,False,False,0.9927859902381897
8415,4,4,4,False,False,0.423114538192749
8429,8,8,8,False,False,1.0
8431,6,6,6,False,False,0.6661163568496704
8440,2,2,2,False,False,0.9978156089782715
8442,6,6,7,False,True,2.8156493499409407e-05
8456,4,4,2,False,True,0.0005419810186140239
8476,1,1,1,False,False,0.9962343573570251
8488,4,4,5,False,True,0.0010278437985107303
8505,9,9,9,False,False,0.9849861264228821
8534,2,1,1,True,False,0.9918789863586426
8548,1,1,9,False,True,0.0011515027144923806
8588,8,8,8,False,False,0.9999958276748657
8589,6,6,8,False,True,3.6936733067705063e-06
8595,7,7,7,False,False,0.7513406872749329
8600,1,1,9,False,True,0.281099408864975
8604,7,7,7,False,False,0.9998028874397278
8618,8,8,8,False,False,0.9995367527008057
8642,7,7,7,False,False,0.4356909990310669
8664,7,7,7,False,False,0.9999897480010986
8669,2,2,2,False,False,0.9999679327011108
8684,5,3,4,True,True,3.0277644327725284e-05
8685,0,0,0,False,False,0.9948567152023315
8687,7,7,7,False,False,0.9986139535903931
8689,8,8,8,False,False,0.999818742275238
8695,0,0,2,False,True,0.0920901969075203
8714,3,3,4,False,True,0.048433274030685425
8743,9,1,9,True,False,0.31439608335494995
8755,5,5,3,False,True,3.453475301284925e-07
8773,9,9,1,False,True,0.00023355273879133165
8783,9,9,1,False,True,0.00043925916543230414
8799,5,5,5,False,False,0.9999979734420776
8825,1,1,1,False,False,0.9973694086074829
8828,6,6,6,False,False,0.9999959468841553
8840,9,9,9,False,False,0.9997019171714783
8870,8,8,8,False,False,0.9419654011726379
8875,1,1,9,False,False,0.09938637912273407
8876,3,3,3,False,False,0.9261168241500854
8877,6,6,6,False,False,0.9957341551780701
8911,4,4,4,False,False,0.9998838901519775
8918,3,3,3,False,False,0.9999483823776245
8919,8,8,8,False,False,1.0
8927,7,7,7,False,False,0.9998472929000854
8954,5,5,3,False,True,0.0035443250089883804
8957,2,2,6,False,False,0.2874666750431061
8958,6,6,5,False,True,6.867491720186081e-06
8960,5,5,5,False,False,0.9994351267814636
8965,1,1,1,False,False,0.9861637949943542
8972,8,8,8,False,False,0.9857969880104065
8991,6,6,6,False,False,0.9773926138877869
8998,8,8,8,False,False,0.9999843835830688
9005,3,2,3,True,True,1.5499445477074048e-11
9008,3,3,0,False,False,0.01933072879910469
9011,2,2,2,False,False,0.9177747368812561
9021,6,6,6,False,False,0.9977285265922546
9023,8,8,8,False,False,0.9998226761817932
9041,4,4,3,False,False,0.33530956506729126
9046,9,9,1,False,True,0.000273081474006176
9051,3,3,0,False,True,0.09073221683502197
9052,3,3,3,False,False,0.5987834930419922
9060,3,6,6,True,False,0.9993407130241394
9064,0,2,0,True,True,2.54300942970076e-07
9066,1,1,1,False,False,0.8683697581291199
9084,6,6,6,False,False,0.9655901789665222
9088,1,1,1,False,False,0.9723659753799438
9094,0,4,0,True,True,0.016322987154126167
9125,6,6,6,False,False,0.9947879314422607
9137,2,2,0,False,True,0.03777221962809563
9165,7,7,5,False,True,0.03722815215587616
9190,5,5,5,False,False,0.8897836804389954
9193,0,8,7,True,True,0.0016628095181658864
9204,4,4,4,False,False,0.9312268495559692
9224,7,7,7,False,False,0.9999635219573975
9228,3,3,3,False,False,0.84163898229599
9233,6,6,6,False,False,1.0
9235,5,5,7,False,True,0.0012920098379254341
9264,5,5,5,False,False,0.9043951630592346
9269,8,8,9,False,True,0.09800542145967484
9300,3,3,6,False,True,0.011342622339725494
9311,3,3,3,False,False,0.951647162437439
9325,0,0,0,False,False,0.8738937377929688
9338,3,3,3,False,False,0.9995019435882568
9346,8,8,8,False,False,0.9999995231628418
9347,7,7,0,False,True,0.018383527174592018
9361,7,7,7,False,False,0.8877869248390198
9363,4,4,7,False,True,0.009392689913511276
9366,8,8,8,False,False,0.9990867376327515
9370,4,4,7,False,False,0.100760817527771
9387,8,8,8,False,False,1.0
9399,3,3,5,False,True,0.14857076108455658
9414,6,6,3,False,True,0.03001677431166172
9429,3,3,3,False,False,0.998465895652771
9432,9,9,9,False,False,0.9980334639549255
9442,1,1,0,False,True,0.00012038702698191628
9449,0,0,0,False,False,0.9998898506164551
9454,7,7,3,False,True,2.3603631689184112e-06
9461,9,9,9,False,False,0.9642099142074585
9469,8,8,8,False,False,1.0
9478,1,1,9,False,True,0.32546544075012207
9504,7,7,7,False,False,0.999774158000946
9505,7,7,7,False,False,0.7026115655899048
9509,1,1,9,False,True,2.557248762968811e-06
9513,9,9,1,False,True,0.01940094120800495
9516,4,4,4,False,False,1.0
9524,1,1,9,False,True,0.16621911525726318
9525,0,0,0,False,False,1.0
9530,6,6,6,False,False,0.9728012084960938
9607,5,3,9,True,True,0.0006427105399779975
9610,1,1,1,False,False,0.9305168986320496
9616,0,0,0,False,False,0.9994004964828491
9622,5,5,3,False,True,0.003537785029038787
9635,2,2,0,False,True,0.05699510499835014
9639,2,2,0,False,True,0.020159559324383736
9640,7,7,7,False,False,0.9492432475090027
9649,5,5,5,False,False,0.9999837875366211
9656,3,5,1,True,True,9.947197395376861e-05
9657,0,0,0,False,False,0.9999977350234985
9666,0,0,0,False,False,0.9999920129776001
9682,8,8,8,False,False,0.9999995231628418
9695,4,4,4,False,False,0.8910701870918274
9699,8,0,8,True,True,4.8633170081302524e-05
9725,7,7,7,False,False,0.9998797178268433
9752,3,2,4,True,True,0.011887812055647373
9766,1,1,1,False,False,0.8453015685081482
9783,3,3,2,False,False,0.33223405480384827
9791,4,4,4,False,False,0.5440776348114014
9795,7,7,7,False,False,0.9999732971191406
9805,7,7,7,False,False,0.9999701976776123
9818,8,8,8,False,False,0.9999823570251465
9835,5,5,5,False,False,0.8595503568649292
9853,0,8,0,True,True,0.0005305393715389073
9855,6,6,6,False,False,0.998779833316803
9857,1,1,9,False,True,0.0034854831174016
9859,0,0,0,False,False,0.9999691247940063
9875,5,5,3,False,True,0.3507205545902252
9893,9,9,1,False,True,0.03509097918868065
9896,2,2,2,False,False,0.8469646573066711
9901,6,6,6,False,False,0.9993855953216553
9915,4,4,4,False,False,0.7204081416130066
9919,9,9,9,False,False,0.9765680432319641
9929,5,5,5,False,False,1.0
9963,4,4,4,False,False,0.9143580794334412
9974,6,6,6,False,False,0.9945620894432068
9979,2,2,6,False,True,0.056284766644239426
9981,7,7,8,False,True,0.0017186234472319484
9994,6,6,5,False,True,0.12796691060066223
9996,9,9,1,False,False,0.42043688893318176
9997,1,1,1,False,False,0.9809123873710632
10024,0,0,0,False,False,0.9973861575126648
10035,1,1,1,False,False,0.9993509650230408
10043,0,0,2,False,True,0.2853689193725586
10047,7,7,2,False,True,0.26482102274894714
10059,4,4,4,False,False,0.99996018409729
10062,4,4,4,False,False,0.9686148762702942
10078,9,9,9,False,False,0.9989857077598572
10088,8,8,8,False,False,0.9999963045120239
10110,1,1,1,False,False,0.9999960660934448
10118,9,9,9,False,False,0.9999961853027344
10121,7,7,7,False,False,0.5887845754623413
10127,7,7,7,False,False,1.0
10136,4,2,6,True,True,0.00037912672269158065
10141,0,0,9,False,True,0.1461326628923416
10149,9,9,9,False,False,0.9918437600135803
10163,9,9,9,False,False,0.9927546381950378
10167,4,4,4,False,False,0.9999871253967285
10177,3,3,3,False,False,0.9999624490737915
10179,4,4,4,False,False,1.0
10198,9,9,9,False,False,0.9999992847442627
10199,6,6,6,False,False,0.3720115125179291
10201,5,5,3,False,True,0.0015919017605483532
10205,0,0,1,False,True,0.01611296273767948
10207,4,7,4,True,True,6.927544973223121e-07
10211,6,6,6,False,False,0.688397228717804
10214,7,7,7,False,False,0.9994527697563171
10221,5,5,5,False,False,0.6499801874160767
10243,0,0,7,False,False,0.3445783853530884
10255,3,3,1,False,False,0.025563279166817665
10256,6,6,6,False,False,0.9984049201011658
10262,4,4,2,False,True,0.3649461269378662
10282,4,4,4,False,False,0.9918964505195618
10283,8,8,7,False,True,0.21404382586479187
10286,8,8,8,False,False,0.9995542168617249
10316,9,9,9,False,False,0.9992437362670898
10320,3,3,3,False,False,0.9999998807907104
10322,3,3,3,False,False,0.9996399879455566
10335,4,4,7,False,True,0.06849885731935501
10336,8,8,6,False,True,0.0013359031872823834
10339,7,7,7,False,False,0.9976341724395752
10354,8,8,8,False,False,0.9999996423721313
10360,2,2,4,False,True,0.12569041550159454
10363,1,1,1,False,False,0.9844852685928345
10369,8,8,8,False,False,0.6606655716896057
10375,9,9,9,False,False,0.9982343912124634
10377,1,1,1,False,False,0.9999488592147827
10384,7,7,7,False,False,0.996019184589386
10388,9,9,9,False,False,0.9999998807907104
10389,2,2,2,False,False,0.959587812423706
10404,4,0,4,True,False,0.01613684929907322
10421,9,9,9,False,False,0.9988341927528381
10424,5,5,5,False,False,0.9983723759651184
10426,4,4,4,False,False,0.41692858934402466
10428,2,2,2,False,False,0.9999105930328369
10450,1,1,1,False,False,0.9999998807907104
10452,3,0,3,True,True,0.09125417470932007
10458,1,1,1,False,False,0.9967570900917053
10476,1,1,1,False,False,0.9979477524757385
10482,5,5,3,False,True,0.2367749810218811
10495,1,1,9,False,True,0.04405060037970543
10496,7,7,7,False,False,0.9999946355819702
10507,7,7,4,False,True,0.07689593732357025
10520,9,9,9,False,False,0.9006780385971069
10521,5,5,5,False,False,0.9968871474266052
10527,3,3,3,False,False,1.0
10534,3,3,3,False,False,0.8865236639976501
10541,5,5,3,False,True,0.28108033537864685
10545,0,0,0,False,False,0.6873049139976501
10553,0,0,0,False,False,0.9684028029441833
10555,5,5,5,False,False,0.9674099683761597
10570,4,4,6,False,True,4.538184384728083e-06
10574,0,0,0,False,False,0.9892431497573853
10595,3,6,3,True,True,0.15129080414772034
10611,3,3,3,False,False,0.9999736547470093
10629,4,4,6,False,True,0.002286642324179411
10646,8,8,8,False,False,0.9999998807907104
10651,2,2,2,False,False,0.9970911741256714
10674,0,4,1,True,True,0.0018880636198446155
10679,1,1,1,False,False,0.9999270439147949
10714,1,1,1,False,False,0.999798595905304
10720,4,4,4,False,False,0.9274166822433472
10723,9,9,9,False,False,0.9999998807907104
10740,5,5,5,False,False,0.9997652173042297
10748,1,1,1,False,False,0.9796727895736694
10751,9,9,9,False,False,0.9135397672653198
10758,5,5,4,False,True,0.048143576830625534
10783,6,6,6,False,False,0.9999998807907104
10793,9,9,9,False,False,0.9906908273696899
10816,7,7,3,False,False,0.38794592022895813
10831,5,5,5,False,False,0.9222370386123657
10832,1,1,1,False,False,0.9881924986839294
10837,6,6,6,False,False,0.8971599340438843
10844,5,5,3,False,True,0.0003301334800198674
10866,2,2,2,False,False,0.9999759197235107
10873,7,7,7,False,False,0.9984530210494995
10882,1,9,1,True,True,0.0010216315276920795
10884,7,7,7,False,False,0.9268573522567749
10885,2,2,4,False,True,0.09303954243659973
10908,6,0,6,True,True,5.4307205573422834e-05
10909,6,6,6,False,False,0.6397045850753784
10924,5,5,5,False,False,0.999957799911499
10944,2,2,2,False,False,0.9990931749343872
10986,8,8,8,False,False,0.891630232334137
10989,0,0,8,False,True,2.7497211105287356e-11
11002,0,0,3,False,False,0.30955007672309875
11006,2,2,0,False,True,0.00014748101239092648
11008,0,0,0,False,False,0.8724074959754944
11009,6,6,3,False,True,0.1002543568611145
11018,0,8,3,True,True,0.00024215647135861218
11042,8,8,8,False,False,0.9898938536643982
11046,7,7,7,False,False,0.9976822137832642
11049,8,8,8,False,False,0.6436278820037842
11056,0,0,0,False,False,0.9996240139007568
11061,5,5,5,False,False,0.9999829530715942
11064,4,4,4,False,False,0.9537264704704285
11065,7,7,7,False,False,0.9947419166564941
11068,7,7,3,False,True,0.026059962809085846
11080,0,0,0,False,False,0.99996018409729
11112,5,2,2,True,False,0.9948701858520508
11118,4,5,4,True,True,1.0919092119365814e-06
11131,3,9,6,True,True,7.955628461786546e-06
11135,6,6,6,False,False,0.827170729637146
11142,5,3,2,True,True,0.0008825620170682669
11154,7,7,7,False,False,0.9998682737350464
11161,4,4,1,False,False,0.25910016894340515
11173,9,9,5,False,True,0.00010701385326683521
11181,6,6,6,False,False,0.9988534450531006
11190,4,4,2,False,True,0.0075197042897343636
11217,5,0,5,True,True,0.1248636469244957
11220,2,5,5,True,False,0.6731743812561035
11231,3,3,3,False,False,0.996184766292572
11253,8,8,8,False,False,0.992358386516571
11258,9,9,9,False,False,0.9997016787528992
11263,0,0,0,False,False,0.8259894847869873
11264,1,9,1,True,True,0.0003411529469303787
11271,3,3,3,False,False,0.9999971389770508
11279,4,4,7,False,False,0.25210535526275635
11281,7,7,7,False,False,1.0
11294,3,3,3,False,False,0.8776351809501648
11314,5,5,5,False,False,0.4002320170402527
11317,5,5,5,False,False,0.9688464999198914
11327,8,8,8,False,False,0.9981768131256104
11350,7,7,7,False,False,1.0
11362,2,2,2,False,False,0.9999277591705322
11366,3,3,1,False,True,0.0030949758365750313
11370,3,3,5,False,True,0.0006562708294950426
11396,5,5,5,False,False,0.9999897480010986
11408,6,6,4,False,True,0.00945320911705494
11421,1,1,1,False,False,0.9991550445556641
11436,2,2,2,False,False,0.9999810457229614
11437,5,5,5,False,False,0.8512765765190125
11439,6,6,6,False,False,0.9999874830245972
11460,7,7,7,False,False,0.9811798334121704
11461,8,1,3,True,True,7.414135325234383e-05
11481,4,1,8,True,True,1.0881919479288626e-05
11527,7,7,7,False,False,0.9990467429161072
11529,8,8,8,False,False,0.9968172311782837
11530,5,5,3,False,False,0.38236290216445923
11536,5,5,5,False,False,0.9507174491882324
11549,9,9,9,False,False,0.9999983310699463
11551,5,5,5,False,False,0.8487489819526672
11557,9,9,1,False,True,0.3012000024318695
11560,5,5,2,False,True,0.25487756729125977
11582,4,4,6,False,True,0.14976462721824646
11591,8,0,8,True,True,0.00023175662499852479
11594,9,9,1,False,True,0.2784223258495331
11596,3,3,0,False,True,5.228607733442914e-06
11611,7,7,2,False,True,0.1564968377351761
11614,1,1,1,False,False,0.999996542930603
11620,9,9,9,False,False,0.9618862271308899
11624,5,5,3,False,True,0.2877209186553955
11634,6,6,6,False,False,0.9947625994682312
11655,3,3,0,False,True,0.05318897217512131
11668,3,3,3,False,False,0.9999833106994629
11672,6,6,6,False,False,0.9945106506347656
11673,8,8,8,False,False,0.9991955161094666
11679,1,1,1,False,False,0.9738461971282959
11707,1,1,1,False,False,0.9920321702957153
11710,2,2,0,False,True,0.23702630400657654
11726,6,6,6,False,False,0.9999425411224365
11731,2,2,4,False,True,0.07109902799129486
11736,3,3,6,False,True,0.0006462458404712379
11749,7,7,7,False,False,0.9999985694885254
11755,9,9,0,False,True,0.07702327519655228
11768,0,0,0,False,False,0.9999936819076538
11779,2,2,2,False,False,0.9999994039535522
11783,0,0,0,False,False,1.0
11785,4,4,4,False,False,0.8949409127235413
11791,1,1,1,False,False,0.9990323781967163
11792,6,6,6,False,False,1.0
11799,1,1,1,False,False,0.9961822628974915
11801,9,1,0,True,True,0.023712564259767532
11822,1,1,1,False,False,0.9999527931213379
11836,3,3,2,False,True,0.04326198250055313
11853,5,5,3,False,False,0.4558567702770233
11858,3,3,3,False,False,0.806007444858551
11875,6,6,6,False,False,0.9997842907905579
11894,3,3,6,False,True,1.9293520381324925e-05
11900,8,8,0,False,False,0.3964728116989136
11906,8,8,8,False,False,1.0
11919,0,8,0,True,True,0.00011647187056951225
11920,1,1,1,False,False,0.9984564781188965
11926,7,7,7,False,False,0.4195314943790436
11934,2,2,2,False,False,0.5947875380516052
11935,7,7,7,False,False,0.9639666080474854
11960,3,3,0,False,True,0.016493644565343857
12001,9,1,1,True,False,0.9031733274459839
12022,4,4,3,False,False,0.4895910322666168
12031,6,6,8,False,True,1.418082774762297e-06
12037,0,0,0,False,False,0.8357971906661987
12038,1,1,1,False,False,0.876946747303009
12043,2,2,6,False,True,4.140285091125406e-05
12049,1,1,1,False,False,0.9999653100967407
12052,0,0,0,False,False,0.9999464750289917
12060,2,2,2,False,False,0.9995212554931641
12062,0,0,0,False,False,1.0
12067,2,2,2,False,False,0.9983630776405334
12073,0,0,0,False,False,0.9992690682411194
12085,9,9,9,False,False,0.9999158382415771
12093,8,8,8,False,False,0.9999990463256836
12119,5,5,5,False,False,0.711173415184021
12121,0,0,0,False,False,0.7719635367393494
12134,4,4,5,False,True,0.2505151033401489
12141,2,2,0,False,True,0.06278005987405777
12153,8,8,8,False,False,0.8260776400566101
12161,2,2,2,False,False,0.9975782036781311
12164,1,1,9,False,True,0.0046946704387664795
12202,5,5,2,False,True,0.06856321543455124
12213,4,4,7,False,False,0.2716541886329651
12257,0,0,8,False,False,0.4150792360305786
12258,8,8,8,False,False,0.9996637105941772
12267,2,2,2,False,False,0.9768997430801392
12270,0,0,0,False,False,1.0
12272,7,7,3,False,False,0.35238009691238403
12279,9,9,8,False,False,0.2761806547641754
12283,1,1,1,False,False,0.6579292416572571
12284,0,0,6,False,True,0.014029702171683311
12285,4,4,7,False,True,0.00010422704508528113
12289,3,3,3,False,False,0.8427717089653015
12294,0,0,0,False,False,0.9628322124481201
12303,1,1,1,False,False,0.9999477863311768
12333,4,4,4,False,False,0.9986962676048279
12349,5,5,6,False,False,0.27104872465133667
12388,1,1,1,False,False,0.9999316930770874
12397,7,7,7,False,False,0.9995180368423462
12409,0,0,0,False,False,0.9951914548873901
12460,9,9,9,False,False,0.9999983310699463
12464,7,7,7,False,False,0.9999986886978149
12470,1,1,1,False,False,0.9959586262702942
12490,8,8,8,False,False,0.9996955394744873
12503,8,8,8,False,False,0.9999948740005493
12510,4,4,4,False,False,0.9336726665496826
12517,3,3,1,False,True,0.00033825772698037326
12525,6,6,6,False,False,0.9999998807907104
12528,3,5,3,True,True,0.17867426574230194
12538,1,1,1,False,False,0.9999822378158569
12539,4,4,4,False,False,0.723708987236023
12555,9,9,9,False,False,0.9343679547309875
12556,5,2,5,True,True,0.0002180731389671564
12564,5,5,5,False,False,0.9958736300468445
12565,7,7,7,False,False,0.9999349117279053
12569,5,5,5,False,False,0.7016622424125671
12570,1,1,1,False,False,0.9005401730537415
12579,7,7,7,False,False,0.9999606609344482
12582,2,2,2,False,False,0.4691743850708008
12606,8,8,6,False,False,0.3838362395763397
12624,6,6,6,False,False,1.0
12644,9,9,9,False,False,0.9731653928756714
12653,9,9,9,False,False,0.9172126650810242
12662,9,9,9,False,False,0.999876856803894
12664,9,9,1,False,True,0.0006973695708438754
12667,2,2,5,False,True,0.0016074893064796925
12702,1,1,1,False,False,0.9327446222305298
12710,2,2,0,False,True,0.0338866300880909
12715,9,9,9,False,False,0.9168900847434998
12716,5,5,5,False,False,0.5818676352500916
12720,2,2,2,False,False,1.0
12726,5,5,7,False,True,0.024831004440784454
12766,1,1,9,False,True,0.014590977691113949
12767,0,0,0,False,False,0.9991169571876526
12783,3,3,4,False,True,0.03581557795405388
12784,2,2,2,False,False,0.7409055829048157
12787,7,7,7,False,False,0.9999979734420776
12792,8,8,1,False,False,0.28409427404403687
12794,7,7,7,False,False,0.9987035989761353
12797,4,4,4,False,False,0.9972533583641052
12811,3,3,5,False,True,0.003824154380708933
12820,0,0,9,False,True,0.16513526439666748
12828,1,1,1,False,False,0.6104693412780762
12833,5,5,5,False,False,0.893324077129364
12847,2,2,7,False,False,0.44216030836105347
12855,8,8,8,False,False,0.9998916387557983
12903,1,1,1,False,False,0.9998394250869751
12913,5,5,3,False,True,5.954895527793269e-07
12921,4,4,4,False,False,0.9116877913475037
12943,3,3,3,False,False,0.9995731711387634
12947,5,5,3,False,True,0.19579964876174927
12951,8,8,8,False,False,0.9718621969223022
12953,3,3,2,False,True,0.001758776605129242
12966,3,1,8,True,True,8.282710837193008e-07
12969,3,3,2,False,True,0.07202788442373276
12973,3,3,3,False,False,0.9619540572166443
12975,4,0,6,True,True,0.0029574455693364143
12976,9,9,1,False,True,0.1338346302509308
12980,7,7,7,False,False,0.9100557565689087
13009,7,7,7,False,False,0.9220831394195557
13016,0,8,8,True,False,0.9849644303321838
13021,4,4,4,False,False,0.8569191694259644
13025,4,4,4,False,False,0.9979645013809204
13048,5,5,5,False,False,0.9999998807907104
13050,5,5,5,False,False,0.9882601499557495
13093,3,3,3,False,False,0.9999991655349731
13108,1,1,1,False,False,0.9884694218635559
13113,7,7,7,False,False,0.9999933242797852
13131,8,8,8,False,False,0.9554417729377747
13163,2,2,2,False,False,0.9998617172241211
13172,9,9,9,False,False,0.9616669416427612
13183,4,1,4,True,True,3.9804982226998575e-11
13200,7,7,7,False,False,0.9997414946556091
13209,6,6,6,False,False,0.9999984502792358
13211,9,9,9,False,False,0.9980859756469727
13232,2,2,2,False,False,0.9999994039535522
13234,1,1,1,False,False,0.9998611211776733
13248,0,0,0,False,False,0.9309887290000916
13256,5,3,5,True,True,0.0005313562578521669
13261,6,6,6,False,False,0.9998642206192017
13268,7,7,7,False,False,1.0
13275,2,2,2,False,False,1.0
13279,4,4,4,False,False,0.990207850933075
13285,5,5,7,False,True,0.21521912515163422
13297,3,0,6,True,True,8.471768581520388e-15
13309,4,4,6,False,True,0.19371441006660461
13322,8,8,8,False,False,0.9999996423721313
13323,1,1,1,False,False,0.9559829831123352
13396,3,3,3,False,False,0.9982707500457764
13400,0,8,8,True,False,0.783624529838562
13407,9,9,9,False,False,0.9999998807907104
13421,9,9,1,False,True,0.012624857015907764
13425,8,0,8,True,True,9.383931683260016e-06
13431,2,0,0,True,False,0.9998866319656372
13439,3,3,3,False,False,0.9735493063926697
13440,6,6,6,False,False,0.9997994303703308
13448,2,2,4,False,True,6.0690665122820064e-05
13451,4,9,0,True,True,0.0006740025710314512
13461,5,5,5,False,False,0.9998791217803955
13469,4,4,2,False,True,0.362187922000885
13475,9,9,9,False,False,0.9764367341995239
13497,0,0,0,False,False,0.9198271036148071
13499,5,5,5,False,False,0.8755708336830139
13515,6,6,3,False,True,0.04925324022769928
13523,1,1,1,False,False,0.9998282194137573
13535,8,8,8,False,False,0.807671308517456
13537,6,4,6,True,True,2.636968865488143e-08
13542,2,2,2,False,False,0.9991365075111389
13550,6,6,6,False,False,0.9999959468841553
13551,5,5,5,False,False,0.9999980926513672
13556,2,2,4,False,True,0.013017323799431324
13570,0,0,0,False,False,0.7982129454612732
13587,8,8,8,False,False,1.0
13612,3,3,3,False,False,0.9749298095703125
13618,5,5,5,False,False,0.5305677056312561
13636,4,4,4,False,False,0.999902606010437
13642,9,9,1,False,True,0.2679629921913147
13651,5,5,5,False,False,0.8871766328811646
13659,2,2,4,False,False,0.2925473153591156
13681,4,2,4,True,True,0.022345786914229393
13690,9,9,9,False,False,0.9178596138954163
13694,8,8,0,False,True,0.00372396525926888
13713,1,1,1,False,False,0.9913723468780518
13716,0,0,0,False,False,0.39929306507110596
13717,9,9,9,False,False,0.9994871616363525
13718,7,7,7,False,False,0.5847070813179016
13723,6,6,6,False,False,0.9760391116142273
13725,3,3,3,False,False,0.6181375980377197
13750,3,3,3,False,False,0.997351884841919
13760,4,4,6,False,False,0.2434874176979065
13761,2,2,2,False,False,0.6300833225250244
13766,1,1,9,False,True,0.014730689115822315
13777,2,2,0,False,True,0.0026671106461435556
13780,9,9,9,False,False,1.0
13792,5,5,5,False,False,0.9995260238647461
13795,9,9,1,False,True,0.003730416763573885
13799,7,7,7,False,False,0.9999998807907104
13806,6,1,6,True,False,0.0015517374267801642
13810,8,8,8,False,False,0.999736487865448
13811,3,3,4,False,True,0.010261441580951214
13833,0,0,0,False,False,0.9998773336410522
13849,1,1,1,False,False,0.9999994039535522
13875,4,5,4,True,True,0.0119912875816226
13889,9,9,9,False,False,0.8831254243850708
13892,7,7,4,False,True,0.006443716119974852
13899,1,1,1,False,False,0.9998130202293396
13904,9,9,1,False,True,0.021647216752171516
13914,3,3,3,False,False,0.9999791383743286
13915,0,0,0,False,False,0.9606042504310608
13923,8,8,1,False,True,0.1634535938501358
13927,4,4,4,False,False,1.0
13944,1,1,1,False,False,0.999996542930603
13946,4,4,4,False,False,0.9927248954772949
13975,7,7,5,False,True,0.004269082099199295
13984,4,4,4,False,False,1.0
13992,8,8,8,False,False,0.9735928177833557
13997,1,1,1,False,False,0.9671165943145752
14009,6,6,6,False,False,0.9964537620544434
14012,2,2,2,False,False,0.9953403472900391
14018,3,3,5,False,True,0.0018270082073286176
14040,1,1,9,False,False,0.4307202100753784
14044,7,7,4,False,True,0.0003511770046316087
14076,5,5,2,False,True,0.1017298698425293
14083,9,9,9,False,False,0.9999191761016846
14084,6,6,6,False,False,0.9999990463256836
14098,6,6,4,False,True,0.14156831800937653
14107,3,3,5,False,True,7.91383968135051e-07
14116,0,0,0,False,False,0.9979959726333618
14123,8,8,8,False,False,0.9946953654289246
14137,0,2,2,True,False,0.8563617467880249
14145,1,1,1,False,False,0.8492254018783569
14148,3,3,3,False,False,0.7019410133361816
14150,7,0,0,True,False,0.4507170617580414
14172,2,2,5,False,True,0.17715038359165192
14180,2,2,2,False,False,0.9787003397941589
14183,8,8,8,False,False,0.9960125684738159
14186,4,4,2,False,True,0.013495190069079399
14196,7,7,7,False,False,0.9999998807907104
14199,2,2,2,False,False,0.4445399343967438
14203,0,0,0,False,False,0.9693410992622375
14213,0,0,0,False,False,0.9947652816772461
14224,9,9,9,False,False,1.0
14225,3,3,6,False,True,0.11179346591234207
14229,2,2,2,False,False,0.9979528188705444
14237,3,3,7,False,False,0.33936694264411926
14248,2,2,2,False,False,1.0
14256,4,3,6,True,True,0.0005202133907005191
14262,4,4,2,False,True,0.05212225392460823
14266,2,2,0,False,True,0.017377233132719994
14276,5,5,3,False,True,0.18530702590942383
14280,2,2,3,False,True,6.465017941081896e-05
14314,2,2,3,False,False,0.3100157678127289
14319,7,7,3,False,True,0.14050281047821045
14335,0,8,0,True,True,3.9958758861757815e-05
14347,0,0,2,False,True,0.010893577709794044
14361,9,9,9,False,False,0.9987485408782959
14362,4,4,4,False,False,0.8705618977546692
14387,9,9,8,False,False,0.3379567265510559
14394,7,7,7,False,False,0.995139479637146
14400,7,7,7,False,False,0.9999151229858398
14402,8,8,8,False,False,0.9999997615814209
14413,0,0,7,False,True,5.977957334835082e-05
14430,7,7,4,False,False,0.216158926486969
14441,0,0,0,False,False,0.7433827519416809
14469,4,4,4,False,False,0.6682642698287964
14479,0,0,0,False,False,0.9919317364692688
14488,0,0,9,False,True,0.003022358287125826
14505,6,6,6,False,False,0.981866180896759
14506,9,9,9,False,False,0.9548070430755615
14509,0,0,0,False,False,0.9999552965164185
14510,9,1,9,True,True,0.324550986289978
14517,7,7,7,False,False,0.9984329342842102
14518,1,1,1,False,False,0.9853236675262451
14522,5,3,5,True,True,0.09002860635519028
14532,4,4,4,False,False,0.97467041015625
14545,9,9,1,False,True,0.00017988792387768626
14547,6,6,6,False,False,0.9999997615814209
14579,5,5,5,False,False,0.9998513460159302
14582,7,7,7,False,False,0.9999885559082031
14594,0,0,7,False,True,7.496999842260266e-06
14601,2,2,2,False,False,0.9980378746986389
14602,2,2,2,False,False,1.0
14620,2,6,6,True,False,0.9526241421699524
14626,9,9,9,False,False,0.9988827109336853
14652,0,0,2,False,True,0.00013904976367484778
14653,7,7,7,False,False,1.0
14658,2,2,2,False,False,0.9999372959136963
14676,1,1,1,False,False,0.998528242111206
14677,5,3,5,True,True,2.3108822147510644e-11
14681,5,3,5,True,False,0.29478517174720764
14691,5,5,5,False,False,1.0
14698,0,0,0,False,False,0.993704617023468
14704,4,7,0,True,True,0.013684931211173534
14718,8,8,8,False,False,0.7783287763595581
14720,2,2,2,False,False,0.9993636012077332
14732,0,0,2,False,True,0.0650506541132927
14741,7,7,7,False,False,0.9999126195907593
14743,9,9,9,False,False,0.9511115550994873
14753,8,8,8,False,False,0.9996019005775452
14756,2,2,2,False,False,1.0
14785,2,2,2,False,False,0.9629031419754028
14812,2,2,2,False,False,0.9999613761901855
14823,8,8,8,False,False,0.9998675584793091
14833,6,6,4,False,True,0.3135446310043335
14836,1,1,1,False,False,0.9989234805107117
14845,6,6,6,False,False,0.9999650716781616
14846,8,8,8,False,False,0.9987872242927551
14862,7,7,7,False,False,1.0
14888,4,4,8,False,True,0.1336050182580948
14891,8,8,8,False,False,0.9064242839813232
14895,9,9,9,False,False,0.9772541522979736
14907,4,4,4,False,False,0.9987541437149048
14909,0,0,0,False,False,0.7439342737197876
14956,4,4,4,False,False,0.9639917612075806
14958,0,0,0,False,False,0.9297437071800232
14974,4,4,4,False,False,0.9847474098205566
14976,7,7,7,False,False,0.9979302883148193
15006,5,5,5,False,False,0.7357230186462402
15015,8,8,2,False,False,0.15817581117153168
15023,6,6,3,False,True,0.00091034040087834
15024,4,4,2,False,True,0.17292499542236328
15032,5,5,5,False,False,0.9995743632316589
15035,6,6,6,False,False,0.999996542930603
15036,4,8,3,True,True,1.2753485767458272e-10
15045,7,7,7,False,False,0.9999998807907104
15076,6,6,6,False,False,0.9999947547912598
15092,8,8,9,False,True,0.024966124445199966
15096,9,9,9,False,False,0.6079803705215454
15097,0,0,0,False,False,0.999998927116394
15102,0,0,0,False,False,0.9999974966049194
15112,4,4,0,False,True,0.006059455219656229
15117,7,7,7,False,False,0.9998581409454346
15118,2,2,2,False,False,0.5058742761611938
15119,9,1,1,True,False,0.8432800769805908
15120,7,7,7,False,False,0.9917324781417847
15133,5,5,6,False,True,1.8261902368976735e-05
15134,2,2,2,False,False,1.0
15138,3,3,3,False,False,0.9999954700469971
15158,4,8,4,True,True,4.5705951379204635e-06
15167,7,7,7,False,False,0.9999996423721313
15169,3,3,3,False,False,0.9999343156814575
15172,1,1,9,False,True,0.039879944175481796
15181,3,3,3,False,False,0.8635028600692749
15184,2,2,2,False,False,0.698432981967926
15193,6,6,6,False,False,0.9984877109527588
15195,1,1,1,False,False,0.9252764582633972
15199,4,4,3,False,True,0.012275886721909046
15206,8,8,2,False,True,3.5126377042615786e-05
15227,6,6,6,False,False,0.9627280831336975
15233,5,5,3,False,True,0.004459192976355553
15237,8,8,8,False,False,0.9994574189186096
15244,9,9,9,False,False,0.9999785423278809
15252,9,9,9,False,False,0.9987999200820923
15257,5,5,0,False,True,0.002517771441489458
15261,1,1,1,False,False,0.7020074725151062
15265,3,3,3,False,False,0.9921507835388184
15271,7,7,7,False,False,0.920686662197113
15318,0,0,8,False,False,0.47713375091552734
15342,4,3,2,True,True,2.72783017862821e-05
15349,6,6,2,False,False,0.48888036608695984
15357,1,1,1,False,False,0.9975948929786682
15377,4,4,1,False,True,0.053967203944921494
15379,0,0,0,False,False,0.9999864101409912
15380,2,2,2,False,False,0.8997625112533569
15386,1,1,1,False,False,0.899193525314331
15393,5,5,5,False,False,0.9999946355819702
15397,3,3,3,False,False,0.7815667986869812
15404,2,2,0,False,False,0.42217767238616943
15405,8,8,8,False,False,0.9935550093650818
15414,0,0,8,False,True,0.13955830037593842
15433,7,7,7,False,False,0.999313473701477
15434,4,4,4,False,False,0.9998481273651123
15439,0,0,0,False,False,0.565177857875824
15441,4,4,4,False,False,0.5991272926330566
15448,3,3,6,False,True,0.02414967492222786
15455,8,8,8,False,False,0.999538779258728
15460,1,1,1,False,False,0.9982500672340393
15461,1,1,1,False,False,0.9997324347496033
15466,0,0,9,False,True,0.00996911246329546
15467,3,3,0,False,True,3.241363447159529e-05
15478,6,6,6,False,False,0.9999998807907104
15489,6,6,6,False,False,0.9999949932098389
15493,3,3,3,False,False,0.9820780158042908
15499,5,5,5,False,False,0.9742528200149536
15509,0,0,2,False,False,0.1627405732870102
15511,7,7,4,False,True,0.0028714663349092007
15512,1,1,1,False,False,0.9998618364334106
15514,7,7,2,False,True,0.1320006102323532
15528,1,1,1,False,False,0.8563190698623657
15536,6,6,6,False,False,0.8030120730400085
15555,3,3,5,False,False,0.45128440856933594
15557,1,1,1,False,False,0.9999966621398926
15562,3,3,3,False,False,0.9981038570404053
15568,2,2,2,False,False,0.9999998807907104
15601,1,1,1,False,False,0.7642043232917786
15614,3,3,3,False,False,0.9999364614486694
15619,8,8,0,False,True,0.14083503186702728
15622,0,0,0,False,False,0.9008862972259521
15637,9,9,9,False,False,0.9999477863311768
15639,2,2,2,False,False,1.0
15652,9,9,9,False,False,0.9999992847442627
15699,8,8,8,False,False,0.6905823349952698
15715,4,4,4,False,False,0.9999816417694092
15723,4,4,4,False,False,0.9992178678512573
15726,6,6,6,False,False,0.9970646500587463
15741,3,3,3,False,False,0.7595852017402649
15748,1,1,9,False,True,0.045344460755586624
15751,2,2,2,False,False,0.9999899864196777
15755,0,0,8,False,True,0.24506069719791412
15762,6,6,6,False,False,0.9823718667030334
15769,7,7,7,False,False,0.9903115034103394
15771,6,6,3,False,True,0.02440784126520157
15779,1,1,1,False,False,0.9999148845672607
15797,1,1,1,False,False,0.9999979734420776
15811,8,8,8,False,False,0.920630156993866
15818,3,3,4,False,True,0.03218332305550575
15823,6,6,6,False,False,0.9999885559082031
15824,7,7,7,False,False,0.9999991655349731
15836,3,3,3,False,False,0.9218679070472717
15851,0,0,0,False,False,0.9983766078948975
15853,7,7,5,False,False,0.30208438634872437
15856,3,3,6,False,False,0.42152833938598633
15858,3,3,5,False,True,0.026288257911801338
15860,3,3,5,False,True,0.00030349078588187695
15865,8,8,1,False,False,0.0002675690338946879
15880,8,8,8,False,False,1.0
15885,1,1,1,False,False,0.6113704442977905
15901,9,9,9,False,False,0.9995344877243042
15913,2,2,2,False,False,0.9990459084510803
15914,8,8,8,False,False,0.9998433589935303
15926,2,1,2,True,True,1.3025881173689413e-07
15942,7,7,7,False,False,0.9999876022338867
15948,8,8,0,False,True,0.023499757051467896
15954,3,3,5,False,True,0.0018294567707926035
15983,6,6,3,False,True,0.23886257410049438
15987,5,5,5,False,False,0.6641098260879517
16004,0,2,2,True,False,0.7183222770690918
16009,5,5,0,False,True,0.003290241351351142
16028,2,2,2,False,False,0.9349997043609619
16030,2,2,2,False,False,0.9999991655349731
16045,2,2,6,False,True,0.0018702897941693664
16047,5,5,5,False,False,0.9997913241386414
16074,7,7,7,False,False,0.8722830414772034
16076,8,8,0,False,True,0.004323063883930445
16079,5,5,5,False,False,0.9695874452590942
16088,7,7,4,False,True,0.10135409235954285
16095,7,7,7,False,False,0.9999963045120239
16098,5,5,5,False,False,0.9969287514686584
16099,2,2,0,False,False,0.21030813455581665
16100,0,0,0,False,False,0.9760406613349915
16111,2,2,0,False,True,7.392925454041688e-07
16127,8,8,0,False,False,0.39265313744544983
16129,6,6,3,False,True,0.31762245297431946
16143,9,1,1,True,False,0.8667592406272888
16146,0,8,0,True,False,0.2698821425437927
16154,3,3,5,False,True,0.13326051831245422
16175,7,7,0,False,True,1.4325545407700702e-06
16181,4,4,2,False,True,0.00027566790231503546
16186,0,0,0,False,False,0.881951093673706
16192,7,7,7,False,False,0.9997740387916565
16213,0,0,0,False,False,0.9895094633102417
16220,4,7,8,True,True,0.048965685069561005
16231,3,3,1,False,False,0.03270772099494934
16232,2,2,2,False,False,0.9975618124008179
16234,9,9,9,False,False,0.9999957084655762
16255,9,9,9,False,False,0.509115993976593
16258,1,1,1,False,False,0.954021155834198
16269,5,5,3,False,True,0.37087032198905945
16275,1,1,1,False,False,0.9901264905929565
16278,1,1,1,False,False,0.8783183693885803
16287,6,6,6,False,False,0.9999691247940063
16294,4,4,4,False,False,0.9067657589912415
16296,3,3,3,False,False,0.9961064457893372
16298,7,7,7,False,False,0.999993085861206
16302,9,9,9,False,False,0.9615709185600281
16304,8,8,8,False,False,0.999504804611206
16307,9,9,9,False,False,0.9873887300491333
16308,3,5,3,True,True,0.017794981598854065
16318,2,2,2,False,False,0.8973397016525269
16320,1,1,0,False,True,0.20348677039146423
16321,5,5,5,False,False,0.9999966621398926
16325,1,1,1,False,False,0.9132967591285706
16343,9,9,9,False,False,0.7836341261863708
16365,1,1,1,False,False,0.9999507665634155
16371,0,0,0,False,False,0.9999258518218994
16372,2,2,6,False,True,0.0008266174700111151
16389,6,6,2,False,True,0.0018211010610684752
16399,7,7,7,False,False,0.9368441104888916
16400,1,1,1,False,False,0.9959958791732788
16407,9,0,9,True,True,0.00026762430206872523
16414,8,8,8,False,False,1.0
16427,3,2,2,True,False,0.996717631816864
16440,6,6,6,False,False,0.5269585847854614
16465,4,4,4,False,False,0.6586171984672546
16480,9,9,9,False,False,0.9996547698974609
16484,7,7,7,False,False,0.9999995231628418
16486,4,4,7,False,True,0.003567859996110201
16497,0,0,0,False,False,0.9888476133346558
16498,2,2,2,False,False,1.0
16499,6,6,6,False,False,0.8899953961372375
16506,7,7,7,False,False,0.9947059750556946
16511,0,0,0,False,False,0.8572282791137695
16531,0,0,0,False,False,0.9966860413551331
16536,3,3,2,False,True,0.03146958351135254
16556,5,5,0,False,True,5.877989224245539e-06
16595,9,9,9,False,False,0.8954624533653259
16599,9,9,9,False,False,0.9747430086135864
16617,9,9,9,False,False,0.9911341071128845
16621,6,4,4,True,False,0.7544392943382263
16623,5,5,3,False,True,1.6317961126333103e-05
16648,4,6,4,True,True,0.008552233688533306
16656,3,3,3,False,False,0.9986459612846375
16657,8,8,8,False,False,0.9999867677688599
16663,6,6,2,False,True,0.2449652999639511
16665,7,7,5,False,False,0.46525153517723083
16685,6,6,0,False,True,0.06883865594863892
16688,9,9,9,False,False,0.9999204874038696
16690,2,2,6,False,False,0.2383774071931839
16696,6,6,6,False,False,0.8613114953041077
16699,9,9,9,False,False,0.5508546233177185
16743,2,2,0,False,True,0.0004085149266757071
16751,3,3,3,False,False,0.9173628687858582
16753,1,1,1,False,False,0.998134434223175
16760,6,6,6,False,False,0.9999998807907104
16777,1,1,1,False,False,0.9442852139472961
16786,2,2,2,False,False,0.815573513507843
16806,4,4,3,False,True,2.654630577580974e-07
16809,9,1,9,True,False,0.3821125328540802
16813,1,9,1,True,True,0.010111869312822819
16818,9,9,9,False,False,0.6348696351051331
16828,7,7,7,False,False,0.9381411671638489
16845,4,4,7,False,True,0.002488484373316169
16854,7,7,4,False,True,0.28439223766326904
16869,3,3,6,False,True,2.3993894501472823e-05
16911,9,9,9,False,False,0.9973758459091187
16914,7,4,0,True,True,0.00012516524293459952
16933,5,5,5,False,False,0.9943429231643677
16947,1,1,1,False,False,0.6600320935249329
16949,5,5,2,False,True,7.738479325780645e-05
16954,0,0,0,False,False,0.9969438910484314
16963,0,0,2,False,True,0.01586979255080223
16990,1,1,1,False,False,0.9999985694885254
17004,8,8,8,False,False,0.9999998807907104
17012,8,8,2,False,True,0.18410448729991913
17016,2,2,2,False,False,0.9513878226280212
17018,3,3,3,False,False,0.8183145523071289
17021,9,8,0,True,True,0.06519823521375656
17044,4,4,4,False,False,0.9999998807907104
17053,3,3,2,False,True,0.19625677168369293
17070,2,2,8,False,False,0.4963875114917755
17087,6,6,6,False,False,0.9986817240715027
17108,9,9,9,False,False,0.7199476957321167
17111,1,1,1,False,False,0.8816699981689453
17134,2,8,2,True,True,1.1730335120578804e-17
17138,2,9,4,True,True,6.029230917192763e-06
17140,0,8,1,True,True,0.008905448950827122
17159,7,7,7,False,False,0.9309102296829224
17170,8,8,2,False,False,0.44402286410331726
17175,5,5,6,False,True,0.002343128900974989
17192,9,9,0,False,True,0.048889730125665665
17194,2,2,2,False,False,0.9999076128005981
17196,0,0,0,False,False,1.0
17217,2,2,2,False,False,0.9940764904022217
17219,1,1,1,False,False,0.9964101910591125
17221,0,0,1,False,True,0.0005900840042158961
17229,9,9,1,False,True,0.1405602991580963
17241,9,9,1,False,True,0.025759266689419746
17261,9,9,9,False,False,0.9998069405555725
17268,1,1,1,False,False,0.9999901056289673
17289,9,9,7,False,True,0.0007024259539321065
17311,0,0,1,False,True,0.0013586548157036304
17317,6,6,2,False,True,0.10699428617954254
17323,4,4,7,False,True,5.188049385651539e-07
17324,7,7,7,False,False,0.9945441484451294
17326,6,6,6,False,False,0.7062932848930359
17333,3,3,5,False,True,0.00024127913638949394
17338,4,4,4,False,False,0.615458607673645
17340,3,3,3,False,False,0.9994780421257019
17348,8,8,1,False,True,0.009391914121806622
17352,0,0,0,False,False,0.9880246520042419
17354,5,5,6,False,True,0.02116149663925171
17355,0,0,0,False,False,1.0
17362,2,2,2,False,False,0.987514853477478
17368,5,5,5,False,False,0.9828163981437683
17378,7,7,7,False,False,0.9962245225906372
17394,8,8,8,False,False,0.9993820190429688
17403,2,2,2,False,False,0.9949057102203369
17418,8,8,3,False,True,0.042444925755262375
17429,9,9,2,False,True,0.010828519240021706
17448,6,6,6,False,False,0.9999990463256836
17465,0,0,0,False,False,0.9962220191955566
17475,1,1,1,False,False,0.9999276399612427
17477,7,7,7,False,False,0.9999998807907104
17496,3,5,5,True,False,0.9236487150192261
17512,2,2,2,False,False,0.9231564402580261
17526,9,9,9,False,False,0.9380916953086853
17547,5,5,5,False,False,0.9716843962669373
17555,6,6,6,False,False,0.9999991655349731
17586,1,1,1,False,False,0.9987163543701172
17591,5,5,5,False,False,0.9579205513000488
17596,6,6,6,False,False,0.9997147917747498
17613,4,4,0,False,True,0.04967197775840759
17619,5,5,9,False,False,0.2774328291416168
17620,0,0,0,False,False,0.8820750713348389
17626,1,1,1,False,False,0.9999164342880249
17629,9,9,9,False,False,0.9742799401283264
17632,4,4,4,False,False,0.8826772570610046
17640,7,7,7,False,False,0.9892493486404419
17646,3,5,4,True,True,0.12066689878702164
17651,2,2,0,False,True,0.08293726295232773
17678,7,7,7,False,False,1.0
17679,9,9,9,False,False,0.999987006187439
17696,8,8,3,False,True,0.015265385620296001
17729,8,8,8,False,False,0.9981158971786499
17730,8,8,8,False,False,0.9999768733978271
17736,8,8,8,False,False,0.9999641180038452
17761,2,2,6,False,True,0.007928677834570408
17763,0,0,3,False,True,0.000526622636243701
17786,2,2,2,False,False,0.9999997615814209
17804,7,7,7,False,False,0.9998998641967773
17805,7,7,7,False,False,0.9999940395355225
17843,1,1,5,False,True,0.0018300303490832448
17847,6,6,6,False,False,0.4641772210597992
17855,5,5,5,False,False,0.970454216003418
17856,1,1,9,False,True,0.005697073880583048
17865,0,0,0,False,False,0.9994445443153381
17875,9,9,9,False,False,0.999350368976593
17893,1,1,8,False,False,0.2833263874053955
17900,2,2,2,False,False,0.9998995065689087
17936,6,6,2,False,True,0.12337712198495865
17965,0,0,0,False,False,0.7583813071250916
17969,0,0,0,False,False,0.8734685778617859
17972,2,2,2,False,False,0.9999805688858032
17973,9,9,9,False,False,0.9953627586364746
17974,9,9,9,False,False,0.9999996423721313
17988,6,6,6,False,False,0.998813271522522
17992,4,4,5,False,True,1.1905399409373185e-11
17993,7,7,7,False,False,0.9122183918952942
18003,5,5,5,False,False,0.996292769908905
18007,1,1,9,False,True,0.010985389351844788
18017,7,7,7,False,False,0.9999995231628418
18020,9,9,0,False,True,0.021852955222129822
18029,6,6,6,False,False,0.9986376166343689
18031,7,7,7,False,False,0.9998307228088379
18035,1,1,9,False,False,0.3528810441493988
18038,5,5,4,False,True,0.00478880200535059
18046,6,2,0,True,True,0.04613056033849716
18057,1,1,1,False,False,0.9999914169311523
18096,5,5,5,False,False,0.7637293338775635
18107,8,8,8,False,False,0.9986704587936401
18119,3,3,2,False,True,0.008153846487402916
18124,7,7,7,False,False,0.998207688331604
18127,3,3,3,False,False,0.9978932738304138
18134,1,1,1,False,False,0.9950540065765381
18153,8,8,8,False,False,0.9535866975784302
18162,2,2,2,False,False,0.9702771902084351
18163,2,2,2,False,False,1.0
18182,8,8,8,False,False,0.9999376535415649
18188,3,3,3,False,False,0.9999979734420776
18197,4,4,6,False,True,0.03813966363668442
18209,9,9,9,False,False,0.9999492168426514
18221,8,8,0,False,True,0.007523064035922289
18223,1,1,1,False,False,0.7839340567588806
18233,3,5,5,True,False,0.9244271516799927
18264,4,4,4,False,False,0.956892728805542
18281,5,5,5,False,False,0.9997486472129822
18299,0,0,0,False,False,0.924268901348114
18300,4,5,4,True,True,2.1587757146335207e-06
18320,4,4,2,False,True,0.0644908994436264
18331,1,1,1,False,False,0.9999966621398926
18341,4,9,0,True,True,0.015408085659146309
18353,6,6,2,False,True,0.19288361072540283
18354,1,1,1,False,False,0.9999998807907104
18355,9,9,9,False,False,0.9998247027397156
18356,3,3,8,False,False,0.2585134506225586
18377,1,1,9,False,False,0.41179561614990234
18398,4,4,4,False,False,0.9995710253715515
18417,7,7,7,False,False,0.8248661160469055
18420,6,6,4,False,True,1.6428790331701748e-05
18422,3,3,3,False,False,0.9903318881988525
18424,0,0,8,False,True,0.009574299678206444
18427,5,5,3,False,True,0.01066109724342823
18467,9,9,9,False,False,0.9999748468399048
18469,3,3,0,False,True,0.014875772409141064
18486,3,3,1,False,True,0.0450926311314106
18530,8,8,8,False,False,0.9996863603591919
18534,7,5,3,True,True,1.355997369500983e-06
18548,8,8,1,False,False,0.4221963882446289
18564,2,2,2,False,False,0.9989521503448486
18575,5,5,5,False,False,0.9999744892120361
18635,2,2,2,False,False,0.974464476108551
18641,7,7,7,False,False,0.9990002512931824
18651,3,3,3,False,False,0.9611871242523193
18667,7,7,7,False,False,0.9987995624542236
18668,9,9,9,False,False,0.8756511807441711
18674,2,2,7,False,False,0.27740803360939026
18685,5,5,0,False,True,9.35782935584939e-08
18701,7,7,7,False,False,1.0
18703,9,1,1,True,False,0.92592453956604
18747,2,2,2,False,False,0.9998239874839783
18764,5,5,5,False,False,0.9999955892562866
18766,4,8,3,True,True,7.080822733707137e-11
18767,0,0,0,False,False,0.9999756813049316
18793,7,7,7,False,False,0.9809101223945618
18799,5,5,5,False,False,0.993808925151825
18805,9,9,1,False,True,0.3078910708427429
18830,5,8,4,True,True,1.0389454851988944e-09
18846,9,9,9,False,False,0.7573444843292236
18874,7,7,5,False,True,0.017258651554584503
18889,3,0,8,True,True,0.0019072091672569513
18892,8,8,8,False,False,0.9994912147521973
18894,5,5,5,False,False,0.8609885573387146
18917,8,8,8,False,False,0.9999984502792358
18930,9,9,1,False,True,0.23104816675186157
18936,6,6,6,False,False,0.9998413324356079
18942,3,3,7,False,True,0.0025215575005859137
18947,9,9,1,False,True,0.054949015378952026
18951,0,0,0,False,False,0.9967369437217712
18956,7,7,4,False,False,0.21229076385498047
18961,1,9,1,True,True,2.639357944644871e-06
18963,9,9,9,False,False,0.9999983310699463
18975,7,7,5,False,True,0.0037498900201171637
18978,6,6,6,False,False,1.0
18983,5,5,3,False,True,0.33151447772979736
18985,5,5,5,False,False,0.9999998807907104
18998,3,8,8,True,False,0.8353801965713501
19033,4,4,4,False,False,0.970089316368103
19041,0,0,8,False,False,0.2996755838394165
19053,9,9,1,False,True,0.10016752779483795
19093,3,9,9,True,False,0.784265398979187
19128,6,6,6,False,False,0.9543829560279846
19140,3,3,5,False,True,0.2079833298921585
19151,3,2,3,True,True,1.4157956229610136e-06
19153,2,2,2,False,False,0.8171719312667847
19155,7,7,7,False,False,0.9999831914901733
19163,2,2,3,False,True,0.29201069474220276
19173,0,0,0,False,False,0.6430823802947998
19178,4,4,4,False,False,0.99993896484375
19184,6,4,6,True,True,0.00044686865294352174
19217,2,2,2,False,False,0.9960129261016846
19225,2,8,2,True,True,6.637970626318561e-15
19228,6,6,6,False,False,0.9945547580718994
19232,0,0,8,False,True,0.0007411762489937246
19240,5,5,5,False,False,0.9999269247055054
19258,2,2,2,False,False,0.9993230104446411
19271,5,3,5,True,True,0.22331607341766357
19284,4,5,4,True,True,4.1299935560346057e-07
19289,9,9,9,False,False,0.9951905012130737
19291,3,3,3,False,False,0.9967771172523499
19318,0,0,2,False,True,0.004446860868483782
19346,7,7,7,False,False,0.9416779279708862
19356,9,9,9,False,False,0.9335787892341614
19382,1,1,1,False,False,0.9999964237213135
19395,0,0,0,False,False,0.898910641670227
19397,5,5,8,False,False,0.00037200021324679255
19410,9,9,1,False,True,0.22834722697734833
19418,7,7,7,False,False,0.9998455047607422
19419,6,6,6,False,False,0.9955329895019531
19439,2,2,2,False,False,1.0
19459,5,5,5,False,False,1.0
19464,8,8,8,False,False,0.49009549617767334
19470,9,9,1,False,True,0.30216002464294434
19472,8,8,8,False,False,1.0
19473,2,2,2,False,False,0.9999933242797852
19482,6,6,6,False,False,0.999921441078186
19494,4,4,4,False,False,0.9605260491371155
19501,6,1,2,True,True,1.735099530719708e-08
19502,8,8,8,False,False,0.9999964237213135
19525,9,9,1,False,True,0.052190374583005905
19533,1,1,1,False,False,0.9418420791625977
19534,9,9,9,False,False,0.7773045301437378
19548,4,4,5,False,False,0.43800655007362366
19567,8,8,8,False,False,0.9947335720062256
19572,1,1,1,False,False,0.9377678036689758
19574,1,1,1,False,False,0.9999973773956299
19587,8,8,8,False,False,0.9999995231628418
19591,7,7,7,False,False,0.9999953508377075
19594,1,1,1,False,False,0.9999879598617554
19597,9,9,9,False,False,0.6292185187339783
19598,1,1,9,False,True,0.00016543826495762914
19611,2,2,2,False,False,0.9997652173042297
19614,4,4,4,False,False,0.4970299005508423
19625,9,9,0,False,False,0.43323642015457153
19626,1,1,9,False,False,0.4474630355834961
19639,0,0,0,False,False,0.6257259845733643
19640,9,9,1,False,True,0.16596852242946625
19652,5,5,5,False,False,0.9999871253967285
19654,4,4,4,False,False,0.9992165565490723
19655,2,2,0,False,True,0.0731702595949173
19696,8,8,8,False,False,0.7910631895065308
19742,4,7,2,True,False,0.1803932785987854
19752,3,3,3,False,False,0.9991346001625061
19764,1,1,1,False,False,0.999914288520813
19766,9,9,9,False,False,0.9997829794883728
19777,7,7,7,False,False,1.0
19825,5,5,5,False,False,0.9999287128448486
19829,8,8,8,False,False,0.5586128830909729
19837,3,3,3,False,False,0.9998583793640137
19852,4,4,4,False,False,0.9998767375946045
19855,6,6,0,False,False,0.2678932249546051
19865,1,1,1,False,False,0.9726758003234863
19866,1,1,9,False,True,0.31721824407577515
19888,2,2,2,False,False,0.9999998807907104
19893,9,9,1,False,True,0.00016471586422994733
19922,3,3,3,False,False,0.9999363422393799
19926,6,6,2,False,True,0.003413260681554675
19928,0,0,0,False,False,0.8086807727813721
19935,1,1,1,False,False,0.983748197555542
19942,0,0,4,False,True,0.0018083391478285193
19950,2,2,2,False,False,0.9911189675331116
19952,4,4,4,False,False,0.9971701502799988
19959,6,6,4,False,True,0.0004317693819757551
19960,7,7,3,False,False,0.36157605051994324
19963,2,2,2,False,False,0.9945992231369019
19974,0,0,0,False,False,0.6835795640945435
19987,8,8,8,False,False,0.625592827796936
19990,4,4,4,False,False,0.9540740251541138
20008,6,6,2,False,True,0.0019730785861611366
20021,6,6,6,False,False,0.6140685677528381
20033,3,3,3,False,False,0.9863000512123108
20034,3,3,3,False,False,0.9999808073043823
20036,6,3,0,True,True,0.0015911911614239216
20048,2,2,8,False,True,0.02060784585773945
20058,3,3,3,False,False,0.9999994039535522
20061,2,2,2,False,False,0.9999264478683472
20064,8,3,3,True,False,0.9996967315673828
20067,3,5,5,True,False,0.3916623294353485
20074,1,1,1,False,False,0.9974844455718994
20078,7,7,7,False,False,0.9999985694885254
20079,1,1,1,False,False,0.9997422099113464
20080,3,3,7,False,True,0.002604288514703512
20081,8,8,8,False,False,1.0
20097,0,0,2,False,False,0.4138809144496918
20103,4,4,4,False,False,0.9985030889511108
20114,1,1,8,False,True,0.03792145848274231
20115,6,6,6,False,False,0.8743406534194946
20128,8,8,8,False,False,0.9997945427894592
20135,6,6,6,False,False,0.6786056160926819
20148,6,2,1,True,True,0.003403447801247239
20175,7,3,7,True,True,1.712239466156697e-18
20184,3,3,6,False,True,2.9078619263600558e-05
20195,1,1,8,False,False,0.1727609634399414
20198,8,8,8,False,False,1.0
20201,5,5,4,False,True,0.06267108023166656
20221,8,8,8,False,False,0.9999945163726807
20223,7,7,7,False,False,0.9418312311172485
20237,8,8,8,False,False,0.9324020743370056
20248,9,9,9,False,False,0.9840907454490662
20307,1,1,0,False,False,0.3574143350124359
20328,0,0,2,False,True,0.0019267672905698419
20333,6,6,6,False,False,0.8347856998443604
20346,3,3,3,False,False,0.99989914894104
20362,6,6,6,False,False,0.7360174059867859
20384,6,6,6,False,False,0.9999386072158813
20404,0,0,0,False,False,0.9074723124504089
20418,3,3,3,False,False,0.9999994039535522
20432,6,6,6,False,False,0.7762820720672607
20443,7,7,7,False,False,0.9933145642280579
20444,1,1,1,False,False,0.47128477692604065
20445,5,5,5,False,False,1.0
20461,8,8,8,False,False,0.9999024868011475
20488,3,3,5,False,True,5.37340497430705e-07
20516,9,9,9,False,False,0.9692140817642212
20526,2,2,2,False,False,0.9999921321868896
20529,3,5,3,True,True,0.002102283062413335
20538,2,2,2,False,False,0.7829084992408752
20561,6,6,2,False,True,8.721583435544744e-05
20563,2,2,2,False,False,0.7689740061759949
20576,7,7,7,False,False,0.791716992855072
20581,7,7,7,False,False,0.6157486438751221
20592,1,1,1,False,False,0.9712185859680176
20621,2,2,2,False,False,0.8348588943481445
20622,0,0,0,False,False,0.6855926513671875
20636,9,9,9,False,False,0.9911959171295166
20641,6,6,6,False,False,0.9962621331214905
20663,6,6,6,False,False,0.9999972581863403
20666,6,6,5,False,True,0.0013572918251156807
20680,1,1,1,False,False,0.9995388984680176
20695,2,2,0,False,True,0.0120356110855937
20703,2,2,2,False,False,1.0
20704,3,1,2,True,True,5.8304773119743913e-05
20705,8,8,8,False,False,0.9999842643737793
20706,6,6,6,False,False,0.9999741315841675
20709,0,0,0,False,False,0.926299512386322
20712,2,2,2,False,False,1.0
20714,3,3,3,False,False,0.9909052848815918
20720,9,9,9,False,False,0.9910786747932434
20734,6,6,6,False,False,0.9999998807907104
20740,8,8,8,False,False,0.9999321699142456
20757,7,7,5,False,False,0.43846115469932556
20762,8,8,8,False,False,0.9999943971633911
20763,0,0,2,False,True,0.0014320685295388103
20768,5,5,5,False,False,0.9998138546943665
20774,1,1,1,False,False,0.9988414645195007
20794,5,5,5,False,False,0.9315576553344727
20805,2,2,3,False,True,0.1894182562828064
20812,8,8,8,False,False,1.0
20833,4,4,4,False,False,0.706024706363678
20839,2,2,2,False,False,0.9999889135360718
20855,9,9,9,False,False,0.9771790504455566
20922,5,5,5,False,False,1.0
20928,0,0,0,False,False,0.8775935769081116
20934,6,6,6,False,False,0.9999865293502808
20935,6,2,6,True,True,0.0964212566614151
20938,5,5,7,False,False,0.48840680718421936
20946,8,8,8,False,False,0.9673897624015808
20958,8,8,3,False,True,0.14689865708351135
20988,1,1,1,False,False,0.9996488094329834
20996,2,2,2,False,False,0.9996815919876099
21013,8,8,8,False,False,0.9997982382774353
21017,3,3,5,False,True,0.18769332766532898
21020,1,1,1,False,False,0.9991238713264465
21021,4,4,4,False,False,0.9941914677619934
21048,4,5,5,True,False,0.9952293634414673
21074,0,0,0,False,False,0.5482195615768433
21090,2,2,2,False,False,0.9997863173484802
21104,1,1,1,False,False,0.9999905824661255
21108,7,7,7,False,False,0.987454891204834
21139,2,2,2,False,False,0.8558505177497864
21151,1,1,1,False,False,0.9593759775161743
21159,9,8,7,True,True,0.0029288060031831264
21173,4,4,2,False,True,7.76118014300664e-09
21187,4,4,4,False,False,0.9999532699584961
21204,0,0,6,False,True,0.004272893536835909
21212,9,9,9,False,False,0.9818560481071472
21230,1,1,1,False,False,1.0
21236,9,9,9,False,False,0.9647145867347717
21237,9,0,9,True,True,0.0012400218984112144
21248,0,0,0,False,False,0.9878162741661072
21272,0,0,0,False,False,0.43047988414764404
21275,0,0,5,False,True,0.08372222632169724
21278,5,5,5,False,False,0.9999843835830688
21281,4,4,4,False,False,0.8051717877388
21318,5,5,5,False,False,0.9999967813491821
21322,0,0,8,False,True,0.05703069269657135
21350,9,9,9,False,False,0.9999988079071045
21355,9,9,9,False,False,0.9128948450088501
21367,7,7,7,False,False,0.9999842643737793
21369,1,1,1,False,False,0.9927603006362915
21385,4,4,4,False,False,0.9969576597213745
21405,4,4,6,False,True,2.2926915335119702e-05
21414,8,8,8,False,False,0.9987616539001465
21428,5,5,3,False,True,0.01179213635623455
21444,8,8,8,False,False,1.0
21448,1,1,1,False,False,0.8395412564277649
21451,8,8,9,False,True,0.00200883811339736
21465,5,5,5,False,False,0.9621952772140503
21475,6,6,4,False,True,0.007498379331082106
21483,8,8,8,False,False,0.9999697208404541
21486,2,2,4,False,True,0.00019769879872910678
21493,7,7,7,False,False,0.9999978542327881
21496,9,9,9,False,False,0.7844159007072449
21513,2,2,5,False,True,0.2576315104961395
21521,2,2,0,False,True,0.0010571118909865618
21527,3,3,3,False,False,0.7520337700843811
21541,8,8,0,False,True,0.2924136221408844
21545,8,8,8,False,False,0.9995589852333069
21553,7,7,4,False,True,0.001416946528479457
21567,3,5,2,True,True,0.00013944855891168118
21583,9,0,1,True,True,1.8510424304452044e-09
21617,7,7,7,False,False,1.0
21623,2,2,0,False,True,0.002508232370018959
21629,4,4,4,False,False,0.8078323006629944
21633,0,0,0,False,False,0.9929617047309875
21648,9,9,1,False,True,0.2730145752429962
21654,2,1,1,True,False,0.9986648559570312
21674,0,0,0,False,False,0.9983723759651184
21681,8,8,8,False,False,0.9999942779541016
21716,8,8,7,False,False,0.45126304030418396
21724,3,2,3,True,True,0.00013258082617539912
21728,3,3,3,False,False,0.9942770600318909
21729,9,9,9,False,False,0.9501750469207764
21740,5,5,5,False,False,0.8106223940849304
21742,7,7,7,False,False,0.9997733235359192
21745,9,9,9,False,False,0.9997122883796692
21753,4,4,7,False,True,0.001261663157492876
21767,5,5,3,False,True,0.006212304346263409
21794,4,7,7,True,False,0.9608432054519653
21801,9,9,8,False,True,0.00417698360979557
21820,7,7,4,False,True,1.59213159349747e-05
21823,8,8,8,False,False,0.9997923970222473
21852,7,7,7,False,False,0.9949807524681091
21861,1,1,1,False,False,0.9377570152282715
21875,7,0,7,True,True,2.3105874788598157e-05
21876,7,7,7,False,False,0.9988706707954407
21878,0,0,2,False,True,0.04564802721142769
21893,1,1,1,False,False,0.9581888318061829
21907,9,9,9,False,False,0.6421875357627869
21908,6,6,6,False,False,0.9945539236068726
21910,5,5,5,False,False,0.9999741315841675
21911,5,5,6,False,True,7.019724762358237e-06
21913,3,3,3,False,False,0.9816079139709473
21914,3,0,2,True,True,3.26715272013883e-16
21919,8,8,8,False,False,0.48539769649505615
21922,2,2,2,False,False,0.8165385127067566
21931,8,8,8,False,False,0.626346230506897
21933,1,1,1,False,False,0.9999362230300903
21936,8,8,8,False,False,0.9994173049926758
21942,2,2,8,False,True,3.824012310360558e-06
21943,8,8,8,False,False,0.9999850988388062
21945,0,0,8,False,False,0.40328022837638855
21948,3,3,3,False,False,0.9989596605300903
21961,5,5,5,False,False,0.9991481304168701
21967,7,7,7,False,False,0.9999608993530273
21983,0,0,0,False,False,0.9884450435638428
22007,3,3,5,False,True,0.0523889921605587
22013,1,1,1,False,False,0.9997289776802063
22026,0,0,3,False,True,0.07913579791784286
22043,1,1,9,False,True,1.3370396345635527e-07
22044,6,0,6,True,False,9.647017577663064e-06
22052,7,7,2,False,True,2.5498962713754736e-05
22060,1,1,1,False,False,0.9146041870117188
22071,3,3,3,False,False,0.9999977350234985
22080,0,0,0,False,False,0.9999955892562866
22085,6,6,6,False,False,0.9812527298927307
22089,1,1,7,False,False,0.1430673748254776
22092,6,6,2,False,True,0.0034070571418851614
22110,3,3,3,False,False,0.9967492818832397
22117,9,1,1,True,False,0.9464587569236755
22126,7,7,7,False,False,0.9999997615814209
22133,4,4,2,False,True,0.017202692106366158
22137,4,4,0,False,True,0.003271878929808736
22157,6,6,6,False,False,0.9999998807907104
22189,0,0,0,False,False,0.9998809099197388
22194,0,0,0,False,False,0.9703322649002075
22201,7,7,7,False,False,0.9949289560317993
22206,9,9,1,False,True,0.08077416568994522
22217,1,1,1,False,False,0.9995761513710022
22244,3,2,4,True,True,1.2076490918389027e-09
22252,9,1,9,True,True,0.0006087664514780045
22259,4,2,3,True,True,8.015082858037204e-05
22276,0,2,0,True,True,3.506097345962189e-05
22279,2,2,2,False,False,0.9018653035163879
22284,4,4,4,False,False,0.9586424827575684
22300,8,8,0,False,True,0.1880583018064499
22337,6,6,6,False,False,0.9685795903205872
22345,6,6,7,False,False,0.3565106689929962
22347,6,6,6,False,False,0.5927123427391052
22356,6,6,8,False,False,0.27807772159576416
22373,2,2,4,False,True,0.009739693254232407
22380,7,7,7,False,False,0.9888260364532471
22388,1,1,1,False,False,0.9374512434005737
22396,1,1,1,False,False,0.9834685325622559
22428,6,6,6,False,False,0.9996094107627869
22442,9,1,1,True,False,0.7417046427726746
22446,2,2,2,False,False,0.9999505281448364
22452,9,9,9,False,False,0.9974333643913269
22457,7,7,7,False,False,0.969541072845459
22459,2,0,4,True,True,0.0017341846833005548
22476,6,6,6,False,False,0.9985100626945496
22498,4,4,0,False,True,0.005427694879472256
22503,1,1,1,False,False,0.9998389482498169
22517,3,3,2,False,True,0.005999143235385418
22533,1,1,1,False,False,0.9999991655349731
22534,6,6,8,False,True,4.125260602449998e-05
22535,2,2,2,False,False,0.8859279155731201
22555,3,3,3,False,False,0.891045331954956
22573,9,9,9,False,False,0.7934815287590027
22581,8,8,8,False,False,0.99983811378479
22585,7,7,2,False,True,0.0007544662221334875
22588,0,0,0,False,False,0.999998927116394
22594,2,2,2,False,False,0.5178608298301697
22596,1,1,1,False,False,0.999972939491272
22599,7,7,7,False,False,0.9999998807907104
22613,5,5,5,False,False,0.9980427026748657
22622,0,0,1,False,True,0.012444390915334225
22627,1,1,9,False,True,0.017113909125328064
22631,6,4,3,True,True,0.0060944100841879845
22636,1,0,9,True,True,1.1328221205531008e-07
22641,0,0,0,False,False,0.9995067119598389
22642,4,4,4,False,False,0.9649215340614319
22646,4,4,4,False,False,0.49714523553848267
22647,7,7,7,False,False,0.9985197186470032
22667,2,2,2,False,False,0.9999998807907104
22668,8,8,8,False,False,1.0
22681,5,5,5,False,False,0.9954041242599487
22684,0,8,8,True,False,0.88099604845047
22685,9,9,9,False,False,0.9999524354934692
22694,9,9,9,False,False,0.9944154024124146
22703,7,7,7,False,False,0.9996076226234436
22712,8,8,8,False,False,0.9999158382415771
22720,4,4,3,False,True,0.0030903788283467293
22727,4,4,6,False,True,0.0222055334597826
22729,2,2,2,False,False,0.9998801946640015
22738,2,2,2,False,False,0.9808430075645447
22750,4,4,6,False,True,0.0021664067171514034
22762,1,1,0,False,True,0.013900128193199635
22766,5,3,5,True,True,0.0023736488074064255
22785,6,6,6,False,False,0.9871866703033447
22787,6,6,6,False,False,0.997601330280304
22796,0,0,5,False,True,0.007165724877268076
22822,1,1,1,False,False,0.8512248396873474
22825,4,4,4,False,False,0.9897170066833496
22828,6,6,6,False,False,0.9832687377929688
22829,1,1,1,False,False,0.6523175239562988
22837,4,4,4,False,False,0.9951356053352356
22841,2,2,2,False,False,0.9925752878189087
22845,2,0,2,True,True,0.006881956942379475
22849,8,8,8,False,False,0.6721640229225159
22850,3,3,3,False,False,0.9999978542327881
22863,6,6,6,False,False,0.9845399260520935
22865,3,3,3,False,False,0.9999963045120239
22868,3,3,3,False,False,0.9999995231628418
22871,7,7,7,False,False,0.6989807486534119
22892,7,7,7,False,False,1.0
22897,2,2,2,False,False,0.9993124008178711
22907,0,0,0,False,False,0.9999995231628418
22934,7,7,7,False,False,0.9999951124191284
22950,9,1,1,True,False,0.9143247604370117
22951,0,0,2,False,True,0.1764608472585678
22996,4,2,4,True,True,0.01130368746817112
23000,7,7,7,False,False,0.9872753620147705
23004,0,0,0,False,False,0.9997994303703308
23006,1,1,1,False,False,0.9995301961898804
23007,5,5,5,False,False,0.985023021697998
23013,4,4,4,False,False,0.9999980926513672
23039,5,5,5,False,False,0.9884695410728455
23043,0,0,0,False,False,0.5515313148498535
23054,6,6,6,False,False,1.0
23056,0,0,8,False,True,0.03362211957573891
23059,5,5,5,False,False,0.6402208209037781
23061,0,0,0,False,False,0.6041257977485657
23070,2,6,2,True,True,0.019308775663375854
23082,6,6,1,False,False,0.028735999017953873
23085,8,8,8,False,False,0.9346407055854797
23091,9,9,9,False,False,0.9999676942825317
23102,2,2,2,False,False,0.9054740071296692
23103,9,9,9,False,False,0.9774504899978638
23127,1,1,1,False,False,0.9975495934486389
23128,2,2,8,False,False,0.0005752503057010472
23146,5,5,3,False,True,0.018634384498000145
23170,7,7,2,False,True,3.988681029909458e-08
23187,4,4,4,False,False,0.9299188256263733
23202,3,3,3,False,False,0.9980282187461853
23208,6,6,4,False,True,0.00016852877160999924
23209,2,2,2,False,False,0.9805363416671753
23217,2,2,2,False,False,1.0
23229,9,9,9,False,False,0.9946178793907166
23231,4,4,4,False,False,0.9998263716697693
23238,5,5,5,False,False,0.5242071747779846
23240,0,0,0,False,False,0.9993958473205566
23244,6,6,6,False,False,0.9991958737373352
23250,3,3,1,False,True,0.009475075639784336
23268,5,5,5,False,False,0.9997805953025818
23272,8,8,8,False,False,0.9854251742362976
23275,1,1,1,False,False,0.9997771382331848
23287,9,9,9,False,False,0.9999922513961792
23295,3,3,3,False,False,0.6806098818778992
23328,6,6,6,False,False,0.5060656070709229
23330,7,7,7,False,False,0.9972038269042969
23331,7,7,7,False,False,0.9607312083244324
23345,1,1,1,False,False,0.5219781994819641
23370,6,6,6,False,False,0.7638800740242004
23374,8,8,8,False,False,0.9903956055641174
23379,1,1,8,False,True,0.007675250060856342
23428,1,1,1,False,False,0.9153621792793274
23441,2,2,2,False,False,0.7162626385688782
23465,3,3,6,False,False,0.43995755910873413
23466,8,1,8,True,True,9.561554907122627e-05
23500,1,9,1,True,True,0.05783694609999657
23511,4,4,7,False,False,0.45852169394493103
23519,2,2,2,False,False,0.814992368221283
23522,0,8,8,True,False,0.7964107394218445
23538,8,8,8,False,False,1.0
23542,6,6,6,False,False,1.0
23546,1,1,1,False,False,0.9999486207962036
23559,2,2,0,False,True,0.0261786300688982
23579,6,6,6,False,False,0.5476877093315125
23593,6,6,6,False,False,0.8744438290596008
23607,1,1,1,False,False,0.915359616279602
23617,8,8,8,False,False,0.9974652528762817
23618,6,6,6,False,False,1.0
23628,6,6,6,False,False,0.9538458585739136
23651,9,9,9,False,False,0.7555917501449585
23655,4,4,2,False,True,0.003378211287781596
23661,5,2,5,True,True,1.4369093470634198e-08
23663,5,5,3,False,True,5.730313205276616e-06
23666,8,8,8,False,False,0.5283104181289673
23671,4,4,4,False,False,0.9176806807518005
23672,8,8,8,False,False,0.9998868703842163
23681,8,8,8,False,False,0.7591335773468018
23699,7,7,7,False,False,0.9999717473983765
23708,6,6,6,False,False,1.0
23709,1,1,1,False,False,0.9965112805366516
23758,9,9,9,False,False,0.9999997615814209
23777,5,5,5,False,False,0.9605842232704163
23805,0,0,0,False,False,0.771538496017456
23823,4,4,4,False,False,0.912501871585846
23824,3,3,3,False,False,0.999774158000946
23833,1,1,1,False,False,0.7567835450172424
23842,7,7,7,False,False,0.8708479404449463
23865,8,8,8,False,False,0.9999996423721313
23891,0,0,0,False,False,0.9004089832305908
23897,1,1,1,False,False,0.9407953023910522
23898,5,5,5,False,False,0.9991419315338135
23902,5,5,5,False,False,0.7728234529495239
23903,7,7,7,False,False,0.9584681391716003
23904,9,0,1,True,True,0.0037574900779873133
23914,5,5,7,False,False,0.29726290702819824
23916,5,5,5,False,False,1.0
23923,1,1,9,False,False,0.4730496406555176
23926,9,9,1,False,False,0.3802131116390228
23927,6,6,2,False,True,0.09936057031154633
23928,7,7,4,False,True,0.20351746678352356
23934,6,6,3,False,True,0.08189956843852997
23938,0,0,9,False,True,6.870493234600872e-05
23941,5,5,4,False,True,0.3197999894618988
23954,4,0,2,True,True,4.911016276309965e-06
23967,5,5,5,False,False,0.9768150448799133
23994,4,4,4,False,False,0.9175024032592773
24018,1,1,9,False,True,0.007686836179345846
24033,2,2,1,False,True,0.00211913138628006
24040,4,4,4,False,False,0.9991723299026489
24048,9,9,9,False,False,0.9360103607177734
24054,7,7,7,False,False,0.9998352527618408
24074,2,2,7,False,True,0.041385844349861145
24108,4,4,4,False,False,0.9514040946960449
24134,2,2,0,False,False,0.36750492453575134
24135,3,3,3,False,False,0.9643327593803406
24141,7,8,4,True,True,2.8411334369593533e-06
24143,6,6,6,False,False,0.9999986886978149
24147,3,5,1,True,False,5.508764388650889e-06
24154,3,3,3,False,False,0.9586096405982971
24177,3,3,3,False,False,1.0
24178,8,8,8,False,False,0.9999984502792358
24199,2,2,2,False,False,1.0
24201,2,2,2,False,False,0.9886200428009033
24204,6,6,6,False,False,0.7985324263572693
24212,0,7,0,True,True,0.00028451220714487135
24235,7,7,7,False,False,0.963144063949585
24247,1,1,1,False,False,0.9999662637710571
24248,9,9,9,False,False,0.736524760723114
24258,0,0,0,False,False,0.9937735795974731
24264,2,2,2,False,False,0.9973887801170349
24273,9,9,1,False,True,0.0014024096308276057
24275,6,6,6,False,False,0.9466972947120667
24288,1,1,1,False,False,0.9984388947486877
24293,7,7,7,False,False,0.9996410608291626
24294,1,1,1,False,False,0.9548700451850891
24317,3,3,3,False,False,0.9500701427459717
24318,4,4,4,False,False,0.9735740423202515
24331,9,9,8,False,True,0.008050388656556606
24332,3,3,5,False,True,0.007451551500707865
24338,1,1,0,False,True,0.08893056213855743
24341,0,0,0,False,False,0.9934096336364746
24347,8,8,8,False,False,0.9986164569854736
24368,7,7,7,False,False,0.9999496936798096
24377,4,4,6,False,False,5.423753464128822e-07
24390,7,7,5,False,True,0.006304866634309292
24394,6,6,6,False,False,0.9999936819076538
24396,4,4,4,False,False,0.9955310225486755
24409,2,2,2,False,False,0.9867187142372131
24445,0,0,0,False,False,0.9513229727745056
24451,8,8,8,False,False,0.9966766834259033
24452,5,5,5,False,False,0.9994813799858093
24466,1,1,8,False,False,0.3631129264831543
24474,9,9,1,False,True,1.4770242273698386e-07
24477,9,9,9,False,False,0.9891752600669861
24506,5,5,9,False,True,2.9157845915506186e-07
24512,1,1,9,False,True,0.09899885207414627
24513,4,4,7,False,True,0.0002962331927847117
24514,0,0,0,False,False,0.9986043572425842
24525,4,4,2,False,True,0.00014998480037320405
24527,1,1,1,False,False,0.9983980059623718
24532,5,5,5,False,False,0.989343523979187
24542,9,9,9,False,False,0.9331808686256409
24549,0,0,8,False,False,0.30061817169189453
24562,3,4,6,True,True,0.19028984010219574
24563,8,6,8,True,True,0.0004204738652333617
24568,7,7,3,False,True,0.07516349852085114
24583,0,0,8,False,True,0.025028524920344353
24628,5,5,5,False,False,0.9999998807907104
24629,8,8,8,False,False,0.9996191263198853
24634,3,3,3,False,False,0.9963791966438293
24641,0,0,0,False,False,0.9999250173568726
24650,5,5,3,False,True,9.567834058543667e-05
24680,1,1,1,False,False,0.9744101166725159
24684,2,2,2,False,False,0.9999998807907104
24703,5,5,5,False,False,0.9998711347579956
24706,2,2,2,False,False,0.9999853372573853
24708,7,7,4,False,True,0.003880433039739728
24709,9,1,9,True,True,1.096092728403164e-05
24718,9,9,9,False,False,0.9999996423721313
24724,6,6,6,False,False,0.9999895095825195
24729,7,7,2,False,True,0.00433861929923296
24735,0,0,0,False,False,0.9991915822029114
24737,4,4,2,False,False,0.4389967620372772
24747,2,2,2,False,False,0.9999978542327881
24756,2,2,0,False,True,0.18315967917442322
24760,8,8,8,False,False,0.9998558759689331
24764,0,0,0,False,False,0.8479306697845459
24800,6,6,6,False,False,0.985751211643219
24827,4,4,4,False,False,0.7257102131843567
24828,1,1,1,False,False,0.857454240322113
24834,0,0,0,False,False,0.9882227778434753
24836,4,4,6,False,True,0.0037130950950086117
24850,7,7,4,False,True,7.1389736149285454e-06
24858,7,7,7,False,False,0.9998905658721924
24878,8,8,8,False,False,0.9973230957984924
24879,6,6,6,False,False,0.9975684285163879
24895,6,6,6,False,False,0.906838595867157
24924,9,9,1,False,True,9.578639583196491e-05
24940,7,7,7,False,False,0.9999985694885254
24943,0,8,8,True,False,0.9950600266456604
24951,5,3,0,True,True,7.04721742295078e-07
24952,5,5,3,False,True,0.13707701861858368
24975,1,1,1,False,False,0.9957654476165771
24979,1,1,1,False,False,0.5560116171836853
25024,4,4,4,False,False,0.9999909400939941
25034,2,2,2,False,False,0.999982476234436
25042,8,8,8,False,False,0.9994845390319824
25043,7,7,7,False,False,0.9999982118606567
25046,1,1,1,False,False,0.9999933242797852
25052,2,2,4,False,True,1.9001746522917529e-06
25066,0,0,0,False,False,0.9949723482131958
25074,3,3,3,False,False,0.5748280882835388
25078,8,8,8,False,False,0.931816577911377
25085,6,8,6,True,True,4.537557529715741e-08
25088,8,8,8,False,False,0.9998416900634766
25110,0,0,0,False,False,0.9999972581863403
25127,5,5,5,False,False,0.9997370839118958
25152,6,6,6,False,False,0.9987574815750122
25155,6,6,6,False,False,0.768328070640564
25156,7,7,7,False,False,0.7007251977920532
25164,7,7,7,False,False,0.9981743097305298
25174,2,2,2,False,False,0.9999910593032837
25182,7,7,2,False,True,0.023696377873420715
25189,0,0,0,False,False,0.9792445302009583
25215,3,0,5,True,True,0.014188970439136028
25221,3,3,5,False,True,0.0006906117778271437
25226,7,7,7,False,False,0.9999983310699463
25234,6,6,1,False,True,0.04529911279678345
25238,8,8,8,False,False,0.9999798536300659
25242,0,0,2,False,True,0.08287528157234192
25250,4,4,4,False,False,0.998213529586792
25256,3,2,2,True,False,0.9429742097854614
25260,5,5,5,False,False,1.0
25264,1,9,9,True,False,0.7249401807785034
25291,6,6,3,False,True,0.0007202341803349555
25296,2,2,8,False,False,0.08358126878738403
25307,3,3,3,False,False,0.9999998807907104
25309,3,3,3,False,False,0.9999353885650635
25346,4,4,4,False,False,0.9999990463256836
25357,6,6,2,False,True,3.5479068174026906e-05
25361,9,9,9,False,False,0.6152592301368713
25365,7,7,7,False,False,0.9987096786499023
25371,4,7,7,True,False,0.9564570784568787
25376,3,3,5,False,True,0.17260593175888062
25402,4,4,4,False,False,0.9822841286659241
25409,9,9,1,False,False,0.4646856188774109
25419,0,1,9,True,False,0.386533260345459
25436,4,4,4,False,False,0.9999535083770752
25447,3,3,3,False,False,0.9423959255218506
25450,8,8,8,False,False,0.9999997615814209
25462,0,0,2,False,True,0.14491023123264313
25480,4,4,4,False,False,0.988655686378479
25503,8,8,8,False,False,0.7981797456741333
25508,8,8,8,False,False,0.9983042478561401
25516,2,1,2,True,True,7.268059221132717e-08
25521,8,8,8,False,False,0.6088230013847351
25539,7,7,9,False,True,0.0006703932886011899
25545,3,3,3,False,False,0.7160683870315552
25547,3,3,3,False,False,0.8920662999153137
25558,1,1,1,False,False,0.9944031238555908
25569,6,6,6,False,False,0.6245299577713013
25570,3,3,4,False,True,0.008253926411271095
25594,7,7,7,False,False,0.9647918939590454
25638,6,6,6,False,False,0.9891327023506165
25643,4,4,5,False,True,1.1143264089241711e-07
25644,0,0,2,False,False,0.4098253846168518
25647,9,1,9,True,True,2.3886075268819695e-06
25660,8,8,8,False,False,0.6443994045257568
25691,8,8,8,False,False,1.0
25696,0,0,0,False,False,0.9996110796928406
25697,1,0,1,True,True,2.629539721965557e-06
25700,1,1,1,False,False,0.9879520535469055
25729,6,6,6,False,False,0.9999986886978149
25730,5,5,4,False,True,1.8429694819133147e-06
25769,3,3,2,False,True,0.030968816950917244
25778,7,7,7,False,False,0.9999481439590454
25782,3,3,3,False,False,1.0
25818,4,4,4,False,False,0.8414372801780701
25831,2,2,8,False,True,2.2940932467463426e-05
25858,5,5,4,False,True,0.05689621344208717
25860,4,4,4,False,False,0.999040424823761
25872,1,1,1,False,False,0.9946427345275879
25879,4,4,4,False,False,0.9861733913421631
25888,8,8,8,False,False,0.9999995231628418
25891,0,0,0,False,False,0.9999905824661255
25892,6,6,6,False,False,0.999687671661377
25914,6,6,6,False,False,0.9918497800827026
25920,0,0,3,False,True,0.01448002178221941
25921,2,2,2,False,False,0.9976320266723633
25923,3,3,3,False,False,0.9443918466567993
25931,4,4,4,False,False,0.8756641745567322
25932,6,6,6,False,False,0.752101719379425
25933,3,3,3,False,False,0.9826108813285828
25934,3,3,4,False,True,0.2734546661376953
25943,3,3,8,False,False,0.006483715493232012
25950,3,3,3,False,False,0.7389628291130066
25954,4,4,1,False,True,6.366465822793543e-05
25960,9,9,9,False,False,0.9998581409454346
25964,6,6,6,False,False,0.9799545407295227
25971,3,2,3,True,True,2.5626331989769824e-07
25977,4,3,5,True,True,6.1892760641057976e-06
25980,5,5,5,False,False,0.6775228381156921
25996,3,3,5,False,False,0.46928170323371887
26014,5,5,6,False,True,0.0030821543186903
26044,3,2,3,True,True,0.05693369358778
26074,1,1,1,False,False,0.9997798800468445
26078,9,9,9,False,False,0.7320311069488525
26079,5,5,5,False,False,0.9966384172439575
26096,2,2,5,False,True,0.3024718463420868
26114,4,4,4,False,False,0.9986875653266907
26117,9,9,9,False,False,0.9999823570251465
26134,5,5,9,False,True,0.03167371824383736
26141,1,1,1,False,False,0.9941926598548889
26142,4,4,4,False,False,0.9433014392852783
26148,2,2,2,False,False,0.9997881054878235
26149,8,8,8,False,False,0.984233021736145
26154,3,0,3,True,True,2.8126807549710975e-09
26165,7,7,7,False,False,0.5252362489700317
26173,5,5,5,False,False,0.9999685287475586
26176,2,2,2,False,False,0.9990022778511047
26179,5,5,5,False,False,0.999392032623291
26196,7,7,7,False,False,0.9239502549171448
26205,6,6,6,False,False,0.934748649597168
26218,9,9,9,False,False,0.9999933242797852
26223,2,6,7,True,True,0.00020821747602894902
26228,6,3,3,True,False,0.9912260174751282
26245,6,6,6,False,False,0.997497022151947
26249,7,7,7,False,False,0.9999998807907104
26251,5,5,2,False,True,2.427052277198527e-05
26252,9,9,9,False,False,0.9902843832969666
26256,7,7,7,False,False,0.9999278783798218
26264,7,5,5,True,False,0.957194983959198
26276,7,7,7,False,False,1.0
26278,5,5,5,False,False,0.9393710494041443
26298,1,1,1,False,False,1.0
26309,6,6,6,False,False,0.7961827516555786
26310,1,1,1,False,False,0.5700381994247437
26312,0,0,2,False,False,0.4243299663066864
26318,7,7,7,False,False,0.5611996650695801
26329,4,4,3,False,True,0.01814381591975689
26331,1,1,1,False,False,0.9912315011024475
26346,4,4,7,False,False,0.321723610162735
26368,1,1,1,False,False,0.988413393497467
26378,4,4,4,False,False,0.9993880987167358
26380,4,4,4,False,False,0.9998494386672974
26382,5,5,7,False,True,5.167409540263179e-07
26385,9,9,4,False,True,8.726251508051064e-06
26388,5,5,3,False,True,3.095435749855824e-05
26427,0,2,2,True,False,0.9998537302017212
26434,4,4,4,False,False,0.9548008441925049
26444,7,7,4,False,False,0.4384741187095642
26455,3,3,0,False,True,0.00012890879588667303
26457,8,8,8,False,False,0.9997871518135071
26462,3,3,2,False,True,0.0030736508779227734
26464,7,7,7,False,False,1.0
26471,1,1,0,False,True,0.004125900566577911
26496,9,9,9,False,False,0.966966450214386
26514,8,8,8,False,False,0.9995842576026917
26548,5,5,5,False,False,0.9983540773391724
26555,4,4,4,False,False,0.9992824196815491
26561,9,9,9,False,False,0.99994957447052
26566,6,6,6,False,False,0.8060104250907898
26567,7,7,7,False,False,0.9862712621688843
26576,1,1,1,False,False,0.9595792293548584
26583,8,8,8,False,False,0.9999858140945435
26625,9,9,9,False,False,0.9734408259391785
26644,0,0,0,False,False,0.9029567241668701
26645,4,4,4,False,False,0.9717977643013
26647,9,9,9,False,False,0.991517186164856
26671,8,8,8,False,False,0.9978116154670715
26679,5,5,5,False,False,0.9998026490211487
26694,8,8,8,False,False,0.9999189376831055
26696,2,2,2,False,False,0.9999986886978149
26714,8,8,0,False,True,1.4045555474240246e-07
26719,6,6,6,False,False,0.9999314546585083
26721,3,3,3,False,False,0.6423627734184265
26737,1,1,1,False,False,0.9999996423721313
26760,2,2,8,False,False,0.07491947710514069
26763,9,9,9,False,False,0.9827404022216797
26764,0,0,0,False,False,0.9982978701591492
26770,3,3,3,False,False,0.9871152639389038
26772,4,4,4,False,False,0.49205511808395386
26774,9,9,9,False,False,0.9992734789848328
26786,2,2,2,False,False,0.9999996423721313
26788,7,7,5,False,True,0.045136500149965286
26793,6,6,6,False,False,0.9998106360435486
26796,7,7,7,False,False,0.9537214636802673
26797,3,3,3,False,False,0.8765611052513123
26799,5,5,0,False,True,0.005864239297807217
26813,3,3,3,False,False,0.867828905582428
26831,7,7,7,False,False,0.998852014541626
26835,7,7,7,False,False,0.5919336676597595
26842,0,0,8,False,False,0.3785267472267151
26846,0,0,0,False,False,0.9911983609199524
26859,3,3,3,False,False,0.6354941725730896
26878,1,1,1,False,False,0.9255316853523254
26885,6,6,4,False,False,0.2650814950466156
26890,4,3,4,True,True,0.0023189338389784098
26891,2,2,2,False,False,0.5468502640724182
26898,8,8,8,False,False,0.9863877296447754
26915,1,1,1,False,False,0.9999990463256836
26919,6,6,6,False,False,1.0
26932,9,9,9,False,False,0.6376694440841675
26936,4,4,4,False,False,0.9515978097915649
26941,9,1,9,True,True,2.510868762328755e-05
26944,8,8,0,False,True,0.009475854225456715
26950,1,1,1,False,False,0.9991857409477234
26967,8,8,0,False,True,0.14229007065296173
26975,4,4,4,False,False,0.9968006610870361
26979,4,2,6,True,True,2.297211949553457e-07
27002,1,1,1,False,False,0.9874467253684998
27021,3,3,5,False,True,0.003607470076531172
27029,4,4,4,False,False,0.9999202489852905
27038,7,7,0,False,False,0.497173935174942
27049,2,2,6,False,True,0.16048438847064972
27052,1,1,1,False,False,0.8586516976356506
27058,9,1,1,True,False,0.9607067704200745
27078,7,8,3,True,True,0.000923043699003756
27096,3,3,3,False,False,0.6132761836051941
27097,2,2,2,False,False,0.9999827146530151
27102,6,6,6,False,False,0.9392762780189514
27110,2,2,2,False,False,0.9815791845321655
27135,4,4,4,False,False,0.49310368299484253
27143,1,1,1,False,False,0.917556881904602
27154,6,6,3,False,True,0.1815662533044815
27196,9,9,9,False,False,0.9994664788246155
27204,2,2,6,False,True,0.016020238399505615
27208,3,3,8,False,False,0.00415309751406312
27218,6,6,6,False,False,0.9875525236129761
27221,4,4,4,False,False,0.9894083738327026
27261,8,8,8,False,False,0.9197022318840027
27276,4,4,5,False,True,0.06816606223583221
27283,5,5,5,False,False,0.517268717288971
27289,5,2,0,True,True,1.1085251827580578e-08
27290,5,5,3,False,True,0.04303499311208725
27295,6,6,6,False,False,0.6575344800949097
27310,8,8,8,False,False,1.0
27319,1,1,1,False,False,0.9984984397888184
27328,2,2,1,False,True,0.024977732449769974
27340,9,9,9,False,False,0.999180018901825
27359,5,2,5,True,True,0.03523135930299759
27366,4,4,7,False,True,0.004150676541030407
27374,7,7,7,False,False,0.9999982118606567
27405,1,1,0,False,True,0.1989806443452835
27432,3,3,3,False,False,0.9999940395355225
27438,0,0,0,False,False,0.9492559432983398
27477,2,2,4,False,True,0.04757976904511452
27478,6,6,2,False,True,0.00014368240954354405
27508,6,6,6,False,False,0.9999996423721313
27520,5,5,5,False,False,0.9902805089950562
27522,0,0,1,False,True,0.18680325150489807
27538,1,9,9,True,False,0.9991051554679871
27548,9,9,9,False,False,0.9999101161956787
27553,0,0,0,False,False,0.7594238519668579
27563,6,6,3,False,True,0.24365416169166565
27580,2,2,2,False,False,0.9998100399971008
27587,2,2,7,False,True,5.426316420198418e-06
27589,9,9,9,False,False,0.9968616962432861
27599,2,2,2,False,False,0.999998927116394
27603,9,1,9,True,True,0.10344549268484116
27605,3,3,0,False,True,0.0030087020713835955
27611,6,6,6,False,False,0.9978147745132446
27612,8,8,6,False,True,0.07482849061489105
27624,4,4,5,False,True,0.0026170825585722923
27628,3,3,3,False,False,0.8513535857200623
27633,5,5,5,False,False,0.9999032020568848
27644,4,4,4,False,False,1.0
27662,3,3,5,False,False,0.25459086894989014
27665,3,3,7,False,True,0.15709131956100464
27672,7,7,7,False,False,0.9988493919372559
27684,2,2,2,False,False,0.9999837875366211
27700,1,1,9,False,True,0.28111496567726135
27715,8,8,0,False,True,0.006955113261938095
27720,5,5,5,False,False,0.798197865486145
27722,3,3,3,False,False,0.9935635328292847
27736,9,9,9,False,False,0.5341726541519165
27761,3,3,3,False,False,0.9926179051399231
27778,7,7,7,False,False,0.810825765132904
27785,9,9,1,False,True,0.015831291675567627
27791,9,9,1,False,True,0.01811469905078411
27802,1,1,1,False,False,0.9986603260040283
27811,9,9,9,False,False,0.6377929449081421
27821,9,9,0,False,True,0.0005975098465569317
27831,3,3,0,False,False,0.35432326793670654
27847,4,7,4,True,True,0.0016694457735866308
27863,2,0,0,True,False,0.99765944480896
27874,2,2,2,False,False,0.9999343156814575
27885,5,5,5,False,False,1.0
27894,7,7,7,False,False,0.994515597820282
27898,4,4,4,False,False,0.9999750852584839
27925,5,5,5,False,False,0.9905778169631958
27935,4,4,2,False,True,2.77306821772072e-06
27936,7,7,7,False,False,1.0
27938,3,4,3,True,True,1.7592786889508716e-06
27939,4,4,4,False,False,0.9999994039535522
27944,0,0,0,False,False,0.9914802312850952
27948,2,2,2,False,False,0.8904755115509033
27965,9,9,9,False,False,0.999818742275238
27978,8,8,8,False,False,0.981872022151947
27991,5,5,5,False,False,0.9983476400375366
27992,6,6,6,False,False,0.9833300709724426
27999,5,5,5,False,False,0.684892475605011
28007,5,5,5,False,False,0.8405600190162659
28026,2,2,2,False,False,1.0
28032,6,6,6,False,False,0.9717568159103394
28049,4,3,7,True,True,0.0027326808776706457
28067,3,2,4,True,True,3.459405775174673e-07
28074,4,7,7,True,False,0.5421002507209778
28084,4,4,4,False,False,0.999204695224762
28085,8,8,8,False,False,0.9999909400939941
28090,5,5,3,False,True,6.099359234212898e-05
28091,3,5,3,True,True,9.879285789793357e-05
28098,1,1,9,False,True,0.0011334746377542615
28109,3,3,3,False,False,0.999997615814209
28118,7,7,7,False,False,0.9999945163726807
28129,9,9,9,False,False,0.9999909400939941
28134,8,8,8,False,False,1.0
28138,0,0,0,False,False,0.9999963045120239
28157,3,3,3,False,False,0.6807814836502075
28158,2,2,2,False,False,0.9999963045120239
28159,9,9,9,False,False,0.9977953433990479
28164,2,2,2,False,False,0.9999916553497314
28171,6,6,6,False,False,0.9894352555274963
28181,6,6,6,False,False,0.9979864358901978
28187,1,9,9,True,False,0.9994035959243774
28196,1,1,1,False,False,0.9847996234893799
28197,7,7,7,False,False,0.9998801946640015
28219,4,4,4,False,False,0.9944721460342407
28262,7,7,7,False,False,0.9970932006835938
28267,0,0,0,False,False,0.9909420609474182
28275,6,6,6,False,False,0.9998165965080261
28278,4,4,4,False,False,0.9983042478561401
28287,8,8,1,False,False,0.20097693800926208
28292,1,1,1,False,False,0.9999984502792358
28307,2,2,5,False,True,0.011985452845692635
28310,8,8,8,False,False,0.6928330659866333
28319,4,4,4,False,False,0.9963042736053467
28321,5,5,3,False,True,8.674297714605927e-05
28324,8,8,8,False,False,0.9999961853027344
28336,5,3,5,True,True,0.0010717015247792006
28339,5,5,0,False,True,0.02024179883301258
28346,4,4,2,False,True,4.445725778623455e-07
28347,1,1,8,False,True,0.04400147870182991
28363,0,0,0,False,False,0.9916191101074219
28376,9,9,8,False,True,0.1482066661119461
28404,5,5,5,False,False,0.9932190775871277
28443,2,2,2,False,False,0.9971740245819092
28450,8,8,8,False,False,0.9997991919517517
28458,2,2,2,False,False,0.999411940574646
28473,7,7,7,False,False,0.9980040192604065
28475,5,5,5,False,False,0.49690669775009155
28489,4,4,4,False,False,0.9999333620071411
28509,4,4,2,False,False,0.20736391842365265
28512,0,0,0,False,False,0.9982933402061462
28513,3,3,2,False,False,0.32629263401031494
28514,9,9,9,False,False,0.8355684876441956
28537,8,8,8,False,False,0.9943471550941467
28540,6,6,6,False,False,0.9914968609809875
28542,6,6,8,False,True,0.0017540688859298825
28546,8,8,0,False,False,0.43182891607284546
28549,9,9,8,False,True,9.759030490386067e-07
28580,1,1,1,False,False,0.9979584217071533
28593,2,2,6,False,True,0.012030030600726604
28606,6,6,6,False,False,1.0
28616,5,5,3,False,True,0.022126661613583565
28618,2,2,2,False,False,0.7943700551986694
28622,1,1,1,False,False,0.9990440011024475
28654,4,4,4,False,False,0.9509541392326355
28656,9,9,9,False,False,0.9988986253738403
28657,3,3,3,False,False,0.999961256980896
28660,5,5,5,False,False,0.9803218245506287
28670,7,7,7,False,False,0.9667547345161438
28686,2,0,4,True,True,0.007959782145917416
28689,2,2,0,False,True,0.22401030361652374
28696,4,4,4,False,False,0.9996585845947266
28701,9,9,9,False,False,0.9805365800857544
28703,0,0,0,False,False,0.8537989258766174
28719,7,7,7,False,False,0.9999943971633911
28724,0,0,0,False,False,0.9840288758277893
28733,0,0,2,False,False,0.4034744203090668
28751,4,4,4,False,False,0.9954707622528076
28757,5,5,2,False,True,0.001318430295214057
28764,7,7,7,False,False,1.0
28774,9,9,9,False,False,0.9993525147438049
28780,1,1,3,False,True,4.361897299531847e-05
28781,9,9,9,False,False,0.9998168349266052
28787,3,5,3,True,True,0.014505792409181595
28794,0,0,2,False,True,0.17489376664161682
28808,3,2,4,True,True,0.09330996870994568
28837,4,4,4,False,False,0.9989914298057556
28839,3,3,7,False,True,4.0065224311547354e-05
28841,8,8,8,False,False,0.9999692440032959
28858,1,7,1,True,True,2.0799265020260242e-14
28862,2,2,2,False,False,0.9771627187728882
28894,7,7,7,False,False,0.9999998807907104
28908,9,9,1,False,True,0.303422749042511
28915,9,9,1,False,True,0.0005021095857955515
28916,7,7,7,False,False,0.99905925989151
28917,0,0,0,False,False,0.8461602926254272
28938,1,1,1,False,False,0.9998118281364441
28941,1,1,0,False,False,0.3215135931968689
28944,2,2,4,False,True,0.023257004097104073
28946,5,3,3,True,False,0.470874160528183
28948,2,0,5,True,True,1.24874622997595e-06
28965,7,7,7,False,False,0.9999996423721313
28966,0,0,0,False,False,0.5638176202774048
28984,3,3,2,False,True,0.00015509971126448363
28997,5,5,5,False,False,0.6048599481582642
29001,3,3,3,False,False,0.9998961687088013
29032,5,5,3,False,True,0.06419481337070465
29043,9,9,1,False,False,0.4031321406364441
29047,7,7,7,False,False,0.9471884965896606
29058,2,2,4,False,True,0.04706967622041702
29082,3,3,4,False,True,6.685716653009877e-05
29089,6,9,5,True,True,2.7269537739016414e-08
29091,9,1,9,True,True,0.023742400109767914
29113,3,3,5,False,True,0.0024461839348077774
29120,1,1,9,False,True,7.72150724515086e-06
29125,4,4,4,False,False,0.6639737486839294
29140,0,0,1,False,True,0.006119498983025551
29144,5,5,5,False,False,0.9999990463256836
29169,9,9,1,False,True,0.20089304447174072
29185,7,7,7,False,False,1.0
29222,9,9,9,False,False,0.9967994689941406
29232,0,0,8,False,False,0.13295012712478638
29237,4,4,4,False,False,1.0
29258,9,9,9,False,False,0.9917483329772949
29277,1,1,1,False,False,1.0
29282,6,6,2,False,True,3.5575666856857424e-08
29304,5,5,5,False,False,0.9999945163726807
29345,2,2,2,False,False,0.8921480178833008
29347,1,1,9,False,True,0.09626743197441101
29350,7,7,7,False,False,0.8650965094566345
29354,2,2,2,False,False,0.8092528581619263
29358,5,5,5,False,False,0.9999998807907104
29359,7,7,7,False,False,0.9999940395355225
29363,2,2,2,False,False,1.0
29368,4,4,4,False,False,0.998516857624054
29373,5,5,5,False,False,0.8937248587608337
29374,2,2,3,False,True,0.15006069839000702
29381,6,6,6,False,False,0.9866965413093567
29398,5,5,5,False,False,0.9999727010726929
29420,4,4,4,False,False,0.5728616714477539
29426,6,3,6,True,True,6.49984167466755e-06
29430,1,1,1,False,False,0.803888738155365
29434,6,6,6,False,False,0.9999523162841797
29463,5,5,2,False,True,1.2058255379088223e-05
29466,4,4,4,False,False,0.8849117159843445
29472,9,9,9,False,False,0.6787095069885254
29474,5,5,5,False,False,1.0
29482,5,5,5,False,False,0.9955175518989563
29488,3,5,5,True,False,0.9946931004524231
29489,4,4,4,False,False,0.6065933108329773
29491,5,5,7,False,True,0.008156080730259418
29505,0,8,0,True,True,0.0003058380971197039
29508,5,5,5,False,False,0.9925332069396973
29518,0,0,8,False,True,3.7682186757592717e-06
29528,4,2,5,True,False,0.029914511367678642
29535,7,7,7,False,False,0.9999998807907104
29539,4,4,4,False,False,0.9999113082885742
29543,1,1,9,False,True,0.26939377188682556
29566,5,5,5,False,False,0.9992419481277466
29588,7,7,7,False,False,0.5163251757621765
29595,2,2,5,False,True,0.006096637342125177
29607,3,3,5,False,True,0.010964781045913696
29627,6,6,0,False,False,0.262295663356781
29644,7,7,7,False,False,0.9989216327667236
29648,7,7,4,False,True,0.22908873856067657
29654,3,3,5,False,True,0.05671122670173645
29677,6,6,3,False,True,0.19137199223041534
29695,8,8,8,False,False,0.9914450645446777
29696,6,6,6,False,False,1.0
29716,1,1,9,False,False,0.3615243434906006
29726,8,8,8,False,False,0.8204633593559265
29737,4,4,4,False,False,0.9999899864196777
29745,7,7,7,False,False,0.8248253464698792
29748,0,0,0,False,False,0.9997935891151428
29750,9,9,9,False,False,0.9442406296730042
29752,6,6,6,False,False,0.9999556541442871
29762,8,8,8,False,False,0.999998927116394
29773,8,8,8,False,False,0.9475201368331909
29782,8,8,8,False,False,0.9949169158935547
29783,0,8,8,True,False,0.8920957446098328
29789,7,7,7,False,False,0.6599750518798828
29794,1,1,1,False,False,0.9999998807907104
29800,7,7,7,False,False,0.9973260164260864
29804,5,5,3,False,True,0.012583201751112938
29818,5,5,4,False,True,0.10015237331390381
29827,4,4,4,False,False,0.9985645413398743
29829,1,1,1,False,False,0.8989988565444946
29834,3,3,3,False,False,1.0
29837,0,0,6,False,True,0.010863137431442738
29859,7,7,4,False,True,0.2690771818161011
29871,3,3,6,False,True,0.01480978261679411
29872,7,7,6,False,False,0.3614804446697235
29873,8,8,8,False,False,0.9959839582443237
29881,0,0,0,False,False,0.9999088048934937
29888,0,0,3,False,True,0.005114275496453047
29899,7,7,7,False,False,0.999982476234436
29904,7,7,0,False,True,0.11382215470075607
29909,9,9,9,False,False,0.8294069766998291
29911,1,1,1,False,False,0.9956048727035522
29912,2,2,0,False,True,0.047189656645059586
29935,6,6,6,False,False,0.9749984741210938
29939,4,4,4,False,False,0.972579836845398
29951,8,8,8,False,False,0.5172074437141418
29956,9,1,9,True,True,5.5449768296966795e-06
29962,7,7,7,False,False,0.9789249897003174
29963,1,1,1,False,False,0.7511886954307556
29967,1,1,1,False,False,0.7036592960357666
29975,7,7,7,False,False,0.9999966621398926
29980,0,1,5,True,True,8.045520303312514e-07
29998,7,4,4,True,False,0.9980429410934448
30012,6,6,5,False,True,0.03618837893009186
30024,1,1,1,False,False,0.6985349655151367
30026,8,8,8,False,False,0.9999969005584717
30028,5,5,3,False,True,3.7248370063025504e-05
30033,6,6,6,False,False,0.998898983001709
30037,4,4,4,False,False,0.9999954700469971
30041,6,6,2,False,True,0.00022241997066885233
30048,0,0,0,False,False,0.9940817952156067
30063,5,5,5,False,False,0.998101532459259
30106,8,8,8,False,False,0.9675631523132324
30110,2,2,2,False,False,1.0
30126,5,5,5,False,False,0.9223002791404724
30137,5,5,4,False,False,0.474496990442276
30139,2,2,2,False,False,0.9998960494995117
30147,8,8,8,False,False,0.999976396560669
30148,8,8,8,False,False,0.9961758852005005
30159,3,3,5,False,True,0.014081107452511787
30165,1,1,1,False,False,0.9792413115501404
30180,9,9,1,False,False,0.4488289952278137
30203,7,7,7,False,False,1.0
30222,6,6,8,False,True,0.09670022130012512
30224,2,2,3,False,True,0.009272336028516293
30229,2,2,2,False,False,0.9999687671661377
30247,9,9,9,False,False,0.9997169375419617
30249,6,6,6,False,False,0.9545508623123169
30255,7,7,7,False,False,1.0
30265,7,8,0,True,False,0.4364772439002991
30275,5,5,5,False,False,0.9509177207946777
30277,8,8,8,False,False,0.8778742551803589
30283,5,5,4,False,True,0.01845162734389305
30300,4,4,7,False,True,0.15193364024162292
30307,4,4,4,False,False,0.9999589920043945
30312,2,2,2,False,False,0.6301596760749817
30341,4,4,2,False,True,0.005231072194874287
30343,9,9,5,False,False,0.24928779900074005
30345,4,4,2,False,False,0.3827962577342987
30356,5,5,5,False,False,0.9996263980865479
30379,9,1,0,True,True,0.001206293236464262
30382,7,7,7,False,False,1.0
30392,9,9,1,False,False,0.45632651448249817
30399,1,1,1,False,False,0.9685653448104858
30408,0,0,0,False,False,0.8577656745910645
30413,4,4,4,False,False,0.7144431471824646
30421,7,7,7,False,False,0.9999734163284302
30429,0,0,0,False,False,0.9995040893554688
30434,7,7,7,False,False,0.5053380727767944
30439,1,1,1,False,False,0.9999446868896484
30453,2,2,2,False,False,0.9876482486724854
30472,8,8,8,False,False,1.0
30474,4,4,3,False,True,0.18769782781600952
30476,3,3,3,False,False,0.5420588850975037
30480,2,2,2,False,False,0.7765515446662903
30492,1,1,1,False,False,0.9993875026702881
30502,5,5,5,False,False,0.9389256834983826
30505,2,2,6,False,False,0.28028404712677
30506,5,5,7,False,False,0.2039414495229721
30533,8,8,9,False,True,0.17115797102451324
30548,7,7,4,False,True,0.0006835840758867562
30566,9,9,1,False,True,0.2431713342666626
30576,6,6,6,False,False,0.9999358654022217
30578,9,9,9,False,False,0.9998999834060669
30580,9,9,9,False,False,1.0
30595,0,0,0,False,False,0.8557009696960449
30599,7,7,7,False,False,0.5809303522109985
30606,3,4,3,True,True,0.014602229930460453
30609,0,0,0,False,False,0.9999892711639404
30614,4,4,4,False,False,0.8905272483825684
30618,5,5,3,False,True,0.13070087134838104
30619,9,9,9,False,False,0.9461737275123596
30627,4,7,4,True,True,0.16840070486068726
30634,3,3,3,False,False,0.9439505338668823
30645,0,8,0,True,True,0.0004136101924814284
30660,8,8,8,False,False,0.9661798477172852
30662,5,5,5,False,False,0.6005348563194275
30666,6,6,6,False,False,0.9999997615814209
30699,0,0,0,False,False,0.9376358389854431
30714,1,1,0,False,True,0.00141308200545609
30717,9,9,9,False,False,0.9012110829353333
30738,1,1,1,False,False,0.9797030091285706
30744,0,0,0,False,False,0.9997109770774841
30748,6,6,4,False,False,0.44869256019592285
30750,1,1,1,False,False,0.9908287525177002
30752,1,9,1,True,True,8.246293873526156e-05
30815,4,4,7,False,True,0.012901322916150093
30819,5,5,3,False,True,0.16485963761806488
30843,9,1,9,True,True,5.581034656643169e-07
30851,1,1,1,False,False,0.9465333223342896
30854,8,8,2,False,True,0.09133307635784149
30862,3,5,0,True,True,0.002575470833107829
30868,3,3,5,False,True,0.0015148688107728958
30871,5,5,5,False,False,0.9999996423721313
30878,2,2,6,False,True,0.06209896504878998
30891,1,1,9,False,True,0.29159432649612427
30898,9,9,9,False,False,0.995812714099884
30903,9,9,9,False,False,0.9999213218688965
30908,6,6,6,False,False,0.9984214305877686
30910,6,6,6,False,False,0.9913268685340881
30919,7,7,5,False,False,0.4287228584289551
30940,2,2,2,False,False,0.9944402575492859
30973,9,9,9,False,False,0.9960070252418518
30981,7,7,7,False,False,0.9576852917671204
30989,5,5,5,False,False,0.9775953888893127
30997,8,8,8,False,False,0.9920193552970886
30998,9,9,9,False,False,0.9998012185096741
31012,9,9,1,False,True,0.003997966181486845
31014,9,9,9,False,False,0.9929808378219604
31021,5,5,5,False,False,0.999990701675415
31023,0,0,5,False,True,0.20475788414478302
31027,4,4,0,False,True,0.023200899362564087
31031,5,5,5,False,False,0.9998875856399536
31056,9,9,9,False,False,0.9852688908576965
31057,2,2,2,False,False,0.9998973608016968
31080,6,6,6,False,False,1.0
31082,7,7,7,False,False,0.9999924898147583
31083,0,0,0,False,False,0.9999967813491821
31098,0,0,0,False,False,0.9989210367202759
31101,1,1,1,False,False,1.0
31113,1,1,1,False,False,0.7632497549057007
31120,5,5,5,False,False,1.0
31132,5,5,5,False,False,0.9999696016311646
31141,3,3,5,False,True,0.0046431622467935085
31146,3,3,3,False,False,0.9986091256141663
31157,8,8,8,False,False,0.996677041053772
31170,8,4,8,True,True,1.5040120615594788e-06
31191,2,2,2,False,False,0.9996906518936157
31223,2,2,2,False,False,0.7251821160316467
31225,5,5,5,False,False,0.9544568657875061
31236,7,7,7,False,False,0.9995049238204956
31246,0,0,8,False,True,1.1945921869482845e-05
31257,6,6,6,False,False,0.9308435916900635
31340,8,8,8,False,False,0.6527221202850342
31343,2,2,2,False,False,0.9999996423721313
31350,7,7,2,False,True,0.1319722980260849
31366,3,3,3,False,False,0.9995397329330444
31373,6,6,6,False,False,0.9948754906654358
31390,8,8,8,False,False,0.995831310749054
31409,5,5,5,False,False,0.999931812286377
31425,8,8,8,False,False,0.9999978542327881
31429,4,4,4,False,False,0.8840416073799133
31439,5,5,5,False,False,0.9999885559082031
31449,3,3,6,False,True,0.023031452670693398
31457,6,6,6,False,False,1.0
31459,0,0,0,False,False,0.9999816417694092
31466,6,6,6,False,False,0.9999998807907104
31469,2,2,5,False,True,0.008626364171504974
31500,6,6,6,False,False,0.9999665021896362
31521,0,0,0,False,False,0.9071332812309265
31526,8,8,8,False,False,0.9026406407356262
31530,8,8,8,False,False,0.9999998807907104
31538,9,9,9,False,False,0.9995576739311218
31551,5,5,5,False,False,0.976387083530426
31564,6,1,6,True,True,1.844859909283514e-08
31568,5,5,5,False,False,0.9981920123100281
31570,6,6,6,False,False,0.584977388381958
31591,0,0,0,False,False,0.9642192125320435
31597,7,7,7,False,False,0.9999934434890747
31606,3,3,5,False,True,0.23341304063796997
31623,2,2,2,False,False,0.9716022610664368
31627,4,4,4,False,False,0.9725995659828186
31633,3,5,3,True,True,0.0002518463006708771
31676,3,3,5,False,True,0.07525920122861862
31726,0,1,0,True,True,0.024800172075629234
31759,2,2,6,False,True,0.08886948227882385
31772,9,9,1,False,True,0.3733710050582886
31799,4,4,4,False,False,0.9981589913368225
31831,1,0,1,True,True,9.297687029174995e-06
31843,4,4,7,False,True,0.00566932512447238
31849,4,0,2,True,True,0.010733949020504951
31860,4,4,4,False,False,0.9939603805541992
31876,7,7,7,False,False,0.9961031675338745
31881,9,9,0,False,True,0.0027708180714398623
31885,9,9,9,False,False,0.6889348030090332
31890,1,9,1,True,True,2.287255847477354e-05
31891,6,6,6,False,False,0.9999997615814209
31903,8,8,8,False,False,0.9960731267929077
31906,6,6,6,False,False,0.5152020454406738
31910,3,3,3,False,False,1.0
31917,8,8,8,False,False,0.9998631477355957
31924,7,7,5,False,True,0.0013844958739355206
31929,8,8,8,False,False,0.9961134195327759
31945,1,1,8,False,True,0.03336105868220329
31953,4,1,4,True,True,2.31907839547484e-18
31973,5,5,0,False,True,0.00499745924025774
32003,1,1,1,False,False,0.9922686219215393
32008,9,9,1,False,True,0.03589020296931267
32019,8,8,8,False,False,0.9999750852584839
32021,3,3,5,False,False,0.48919302225112915
32022,0,0,0,False,False,0.9999719858169556
32031,5,5,7,False,True,0.01742549054324627
32034,8,8,8,False,False,0.9999972581863403
32038,8,8,2,False,True,0.0031161485239863396
32039,9,9,9,False,False,0.9887634515762329
32042,1,9,1,True,True,5.291788966133026e-06
32083,1,1,1,False,False,0.9467645883560181
32084,9,9,9,False,False,0.990436851978302
32085,3,3,5,False,True,0.0004280085559003055
32092,8,8,8,False,False,0.9999610185623169
32103,2,2,2,False,False,0.9999997615814209
32148,7,7,5,False,True,0.003604833036661148
32155,3,2,5,True,True,0.001015589921735227
32166,2,2,2,False,False,0.5655617117881775
32176,9,9,9,False,False,0.9999986886978149
32185,7,7,7,False,False,0.9064607620239258
32193,6,6,6,False,False,0.9977793097496033
32217,0,2,2,True,False,0.9698916077613831
32236,7,7,7,False,False,0.9910173416137695
32243,8,8,8,False,False,0.9999933242797852
32263,0,0,7,False,False,0.30133968591690063
32265,8,8,0,False,True,0.008877838961780071
32273,9,9,9,False,False,0.648557722568512
32320,3,2,5,True,True,0.0003042214084416628
32341,0,0,2,False,True,0.0022723039146512747
32352,5,5,5,False,False,0.9999957084655762
32360,8,8,8,False,False,1.0
32367,1,1,1,False,False,0.9440259337425232
32375,2,2,2,False,False,1.0
32390,6,6,6,False,False,0.9866646528244019
32392,3,3,5,False,True,0.0670815110206604
32419,2,2,2,False,False,0.9999734163284302
32420,2,0,4,True,True,0.00047240607091225684
32422,6,6,0,False,True,0.05444863811135292
32423,3,3,6,False,True,0.0006320358370430768
32432,0,0,0,False,False,0.9986371397972107
32434,6,6,6,False,False,0.8781014680862427
32448,8,8,8,False,False,0.9996811151504517
32449,3,3,2,False,True,0.006415755953639746
32454,6,6,6,False,False,1.0
32485,7,7,7,False,False,0.9996980428695679
32492,1,1,1,False,False,0.45211803913116455
32496,4,4,7,False,False,0.1412999927997589
32516,5,0,5,True,True,0.003729351796209812
32522,0,0,0,False,False,0.5942810773849487
32527,3,5,8,True,True,0.00014035127242095768
32541,3,3,3,False,False,0.9999730587005615
32553,4,4,4,False,False,0.944851279258728
32554,5,5,5,False,False,0.9981287121772766
32563,9,9,9,False,False,0.9999996423721313
32565,6,6,6,False,False,1.0
32567,8,8,8,False,False,0.999996542930603
32579,7,7,0,False,True,0.00063223548932001
32592,0,0,7,False,True,0.07080589979887009
32605,9,9,9,False,False,0.9993411898612976
32613,0,0,0,False,False,0.9989054203033447
32617,0,0,0,False,False,0.9983116388320923
32645,4,1,6,True,False,0.0001255385868716985
32656,5,5,2,False,True,0.0014694285346195102
32668,7,7,7,False,False,0.9998985528945923
32670,0,0,4,False,False,0.2268943190574646
32672,3,3,3,False,False,0.5427600145339966
32677,5,5,3,False,True,0.005113189574331045
32704,7,7,5,False,False,0.35145652294158936
32719,5,5,4,False,True,0.0754278153181076
32731,4,4,2,False,False,0.2706894278526306
32739,6,6,6,False,False,0.9364456534385681
32741,2,2,5,False,True,0.014379099011421204
32753,5,5,5,False,False,0.9997339844703674
32787,1,1,2,False,True,0.16439314186573029
32795,5,5,1,False,False,0.40453189611434937
32800,8,8,8,False,False,0.9987785220146179
32807,2,2,0,False,True,0.01787322387099266
32829,2,2,4,False,False,0.43395042419433594
32831,0,0,0,False,False,0.998518168926239
32834,8,8,8,False,False,0.999998927116394
32849,5,5,5,False,False,0.9999996423721313
32859,6,6,0,False,True,6.656494952039793e-05
32865,8,8,8,False,False,0.9997795224189758
32880,6,6,6,False,False,0.9963622689247131
32881,3,3,3,False,False,0.9999997615814209
32882,4,2,4,True,True,6.874476821394637e-05
32892,4,4,3,False,True,0.0072456239722669125
32895,5,5,5,False,False,0.9999998807907104
32908,2,2,2,False,False,0.9558528661727905
32922,6,6,6,False,False,0.9926058053970337
32928,4,4,4,False,False,0.9554318785667419
32932,7,7,4,False,True,0.15340320765972137
32938,3,3,3,False,False,0.7425869107246399
32939,3,3,0,False,True,0.00031258747912943363
32942,5,5,5,False,False,0.9412160515785217
32952,9,9,9,False,False,0.999165415763855
32955,8,8,8,False,False,0.993300199508667
32966,6,6,6,False,False,0.9290457963943481
32978,5,5,7,False,True,0.0401228666305542
32987,8,8,9,False,True,0.08630382269620895
33006,5,5,5,False,False,0.9997631907463074
33024,9,9,1,False,True,0.03132498636841774
33031,3,3,3,False,False,0.9967387318611145
33033,3,3,4,False,True,0.0024403375573456287
33034,1,1,0,False,False,0.4133665859699249
33043,3,3,3,False,False,0.9367218017578125
33052,0,0,0,False,False,0.9976049661636353
33065,6,6,6,False,False,0.6356819868087769
33082,7,7,5,False,True,0.22714784741401672
33097,1,1,1,False,False,0.9995892643928528
33103,2,2,2,False,False,0.9445949792861938
33120,7,7,7,False,False,0.9838727116584778
33131,3,0,3,True,True,2.8767979110000397e-09
33159,3,3,9,False,True,0.03265921771526337
33161,5,5,4,False,True,0.00573363620787859
33184,8,8,8,False,False,0.9999997615814209
33189,7,7,7,False,False,1.0
33196,1,1,0,False,True,0.04034560173749924
33207,1,1,1,False,False,0.9996445178985596
33220,7,7,7,False,False,0.8209550380706787
33247,6,6,6,False,False,0.9998539686203003
33262,3,3,3,False,False,0.9996968507766724
33265,7,7,7,False,False,0.9999986886978149
33266,4,7,5,True,True,9.688617410574807e-07
33279,4,4,4,False,False,0.9805822968482971
33285,1,1,1,False,False,0.6534541845321655
33298,6,6,6,False,False,0.9999918937683105
33304,5,5,5,False,False,0.9999611377716064
33309,6,6,6,False,False,0.9999973773956299
33313,5,5,5,False,False,0.9999514818191528
33318,3,3,3,False,False,0.9788718819618225
33331,5,5,5,False,False,0.9938234090805054
33337,3,3,2,False,True,0.0005804323591291904
33345,3,3,0,False,True,5.084818621980958e-05
33354,5,5,3,False,True,0.06201877072453499
33356,8,8,8,False,False,0.9988331198692322
33357,4,4,4,False,False,0.9997840523719788
33358,3,5,5,True,False,0.9999717473983765
33361,2,2,2,False,False,0.7117828726768494
33370,4,4,4,False,False,0.3936212956905365
33396,2,2,4,False,False,0.27875566482543945
33399,1,1,1,False,False,0.992618978023529
33400,6,6,1,False,False,0.4853273630142212
33412,2,2,2,False,False,0.9999992847442627
33425,6,6,6,False,False,0.9999222755432129
33437,9,9,9,False,False,0.6470640897750854
33452,1,1,1,False,False,0.7614279389381409
33453,0,0,7,False,True,0.0008242592448368669
33461,0,0,0,False,False,0.9954808950424194
33483,9,0,9,True,True,0.00010735750402091071
33490,2,2,2,False,False,0.9999970197677612
33521,8,8,8,False,False,1.0
33532,1,1,1,False,False,0.999966025352478
33542,0,0,8,False,True,0.1756727546453476
33550,2,3,8,True,True,1.0518984709051438e-05
33552,5,5,5,False,False,0.6241940259933472
33566,6,6,6,False,False,0.9999097585678101
33569,1,1,1,False,False,0.9965421557426453
33590,4,4,4,False,False,0.9999994039535522
33593,9,9,9,False,False,0.8342668414115906
33598,1,1,6,False,False,0.025884466245770454
33650,1,1,1,False,False,0.9998676776885986
33652,7,7,7,False,False,0.57928067445755
33667,4,4,4,False,False,0.8560465574264526
33671,9,9,1,False,True,0.08229797333478928
33673,4,4,4,False,False,0.9997064471244812
33678,7,7,7,False,False,0.9991686344146729
33679,9,1,9,True,True,0.0022096196189522743
33690,6,6,3,False,True,0.0015837214887142181
33695,8,8,8,False,False,0.999871015548706
33701,6,6,6,False,False,0.536181628704071
33711,0,0,0,False,False,0.9995579123497009
33712,7,7,2,False,True,0.001953606028109789
33713,8,8,8,False,False,0.992911159992218
33739,9,9,9,False,False,0.9999858140945435
33740,4,4,3,False,True,0.07474970072507858
33741,2,2,2,False,False,0.9982576966285706
33749,4,4,4,False,False,0.716976523399353
33756,8,8,8,False,False,0.7184513211250305
33780,0,0,0,False,False,0.9728693962097168
33781,0,0,4,False,True,0.05762946978211403
33798,4,4,4,False,False,0.976123571395874
33802,8,8,8,False,False,0.9996902942657471
33826,4,4,4,False,False,0.9998689889907837
33838,1,1,1,False,False,0.9999181032180786
33842,2,2,5,False,True,0.13582336902618408
33844,7,7,3,False,True,0.00012273932225070894
33846,2,5,2,True,True,0.006337154656648636
33848,6,0,1,True,True,0.0108242342248559
33850,7,7,7,False,False,0.9996040463447571
33867,0,0,0,False,False,0.9999760389328003
33871,2,2,2,False,False,0.9998195767402649
33881,2,2,2,False,False,0.983239471912384
33888,8,8,8,False,False,0.974145233631134
33905,0,0,7,False,True,0.030460644513368607
33910,1,1,9,False,True,0.00867574755102396
33954,8,8,8,False,False,0.9856957793235779
33957,5,5,5,False,False,0.999996542930603
33959,4,4,4,False,False,0.9999996423721313
33985,1,1,0,False,True,0.010767702013254166
33987,2,2,4,False,True,0.059767939150333405
33992,8,8,8,False,False,0.7195693254470825
33997,5,5,0,False,True,0.009401668794453144
34009,0,0,0,False,False,0.5970582365989685
34011,3,5,4,True,True,0.00029221500153653324
34019,0,0,0,False,False,1.0
34030,8,8,8,False,False,0.9999797344207764
34050,2,2,2,False,False,0.9845853447914124
34051,4,4,5,False,True,0.32651621103286743
34055,3,3,3,False,False,0.9999929666519165
34057,5,5,7,False,False,0.0502794086933136
34064,1,1,1,False,False,0.9994958639144897
34067,7,7,0,False,False,0.26944902539253235
34069,1,1,1,False,False,1.0
34072,9,9,9,False,False,0.9862082004547119
34076,6,6,6,False,False,0.8939564228057861
34118,1,1,1,False,False,0.9450948238372803
34123,0,0,0,False,False,0.9499661922454834
34131,0,0,0,False,False,0.9765298366546631
34138,1,1,8,False,True,0.12831072509288788
34147,9,9,9,False,False,0.9359627962112427
34153,1,1,1,False,False,0.9962246417999268
34157,6,6,6,False,False,0.6522574424743652
34160,3,3,3,False,False,0.9999492168426514
34170,3,3,3,False,False,0.9983893632888794
34195,6,6,6,False,False,0.9998873472213745
34209,6,6,6,False,False,0.999849796295166
34214,9,9,9,False,False,0.9626444578170776
34248,8,8,8,False,False,0.9725613594055176
34259,0,0,0,False,False,0.7831977605819702
34267,4,4,4,False,False,0.9975734353065491
34272,6,6,6,False,False,0.9999996423721313
34273,7,7,7,False,False,0.9973168969154358
34276,8,8,8,False,False,0.9917718768119812
34283,0,0,4,False,True,0.0010361481690779328
34288,6,6,6,False,False,0.9998186230659485
34306,4,0,4,True,True,1.2417332717618024e-09
34329,7,7,7,False,False,0.9999277591705322
34334,3,3,4,False,True,0.0031745601445436478
34343,4,4,7,False,True,7.152982288971543e-05
34364,1,1,1,False,False,0.9999988079071045
34388,6,6,6,False,False,0.8912540674209595
34389,5,8,3,True,True,2.506177487759942e-08
34392,7,7,7,False,False,0.999992847442627
34393,2,2,3,False,True,0.020084014162421227
34401,7,7,7,False,False,1.0
34402,9,9,1,False,True,0.21148452162742615
34435,9,9,9,False,False,0.9999982118606567
34447,6,6,6,False,False,0.961367666721344
34459,0,8,0,True,True,7.011365232756361e-05
34467,6,6,6,False,False,0.9181285500526428
34468,8,8,8,False,False,0.9999315738677979
34471,8,8,4,False,True,0.04325125366449356
34472,5,5,5,False,False,0.8328874707221985
34484,1,1,9,False,True,0.08726274222135544
34489,1,1,1,False,False,0.8691425323486328
34494,5,5,5,False,False,0.8753434419631958
34495,2,2,2,False,False,0.999997615814209
34504,4,4,4,False,False,0.9984534978866577
34541,5,5,9,False,True,0.08647991716861725
34546,8,8,8,False,False,0.9995166063308716
34559,7,7,7,False,False,0.9998780488967896
34597,2,2,2,False,False,0.9571115374565125
34599,7,7,7,False,False,0.9999755620956421
34601,0,0,0,False,False,0.9902550578117371
34603,6,6,6,False,False,0.8470544219017029
34622,9,9,9,False,False,0.9785794615745544
34626,5,5,2,False,True,0.0009945054771378636
34636,8,8,8,False,False,0.9999068975448608
34638,4,4,4,False,False,0.9993199110031128
34644,6,6,6,False,False,0.9972286820411682
34654,2,2,5,False,True,0.0028171134181320667
34662,6,6,6,False,False,0.9969088435173035
34667,9,9,9,False,False,0.9935654997825623
34672,7,7,7,False,False,0.9935951828956604
34676,0,0,2,False,True,0.03142109513282776
34681,8,8,8,False,False,0.9961400628089905
34687,5,5,4,False,True,0.10569368302822113
34689,3,3,3,False,False,0.9999637603759766
34715,0,0,0,False,False,0.9999675750732422
34716,6,6,6,False,False,0.9988172650337219
34729,2,2,4,False,True,0.31250709295272827
34731,9,9,1,False,True,0.1864895075559616
34737,4,4,5,False,True,0.0006781211704947054
34740,6,6,8,False,True,0.22662851214408875
34758,0,0,0,False,False,0.9998679161071777
34763,5,5,8,False,True,0.022389104589819908
34774,9,9,9,False,False,0.9775226712226868
34789,2,6,5,True,True,0.00043025700142607093
34800,9,9,9,False,False,0.9920802712440491
34813,1,1,1,False,False,0.9991059899330139
34822,3,3,3,False,False,0.9998974800109863
34825,8,8,8,False,False,0.9959783554077148
34836,2,2,2,False,False,0.7773158550262451
34847,7,7,7,False,False,1.0
34919,0,0,0,False,False,0.9670622944831848
34931,5,2,5,True,True,0.023485073819756508
34937,7,7,7,False,False,1.0
34941,5,5,5,False,False,0.9999525547027588
34942,6,6,6,False,False,0.9939582347869873
34943,9,9,9,False,False,0.9999980926513672
34948,0,0,8,False,True,0.1406356692314148
34958,9,8,2,True,True,0.014018137007951736
34964,0,0,0,False,False,0.9549027681350708
34965,6,6,4,False,True,0.018900036811828613
34966,9,9,9,False,False,0.9999997615814209
35000,5,0,3,True,True,0.04687207564711571
35010,2,2,2,False,False,0.9710915088653564
35023,4,4,0,False,True,0.008467543870210648
35030,9,9,1,False,True,0.08243817090988159
35035,8,8,8,False,False,0.9901832938194275
35042,0,0,0,False,False,0.9182144403457642
35047,9,9,9,False,False,0.9999918937683105
35052,5,5,5,False,False,0.6772431135177612
35055,5,5,5,False,False,0.9999998807907104
35072,4,7,7,True,False,0.8996185064315796
35081,1,1,1,False,False,0.9998611211776733
35084,8,8,0,False,True,0.022989090532064438
35101,3,3,3,False,False,0.49790868163108826
35105,1,1,1,False,False,0.6655771732330322
35124,3,3,3,False,False,0.9999721050262451
35134,1,1,1,False,False,0.8616122007369995
35136,6,6,7,False,True,5.07856832143716e-08
35142,8,8,8,False,False,0.9999867677688599
35144,3,3,3,False,False,0.999915361404419
35164,7,7,7,False,False,0.9391525387763977
35178,9,1,9,True,True,0.005216294899582863
35201,0,0,0,False,False,0.7877183556556702
35202,0,0,0,False,False,0.9964410662651062
35205,3,3,2,False,True,0.0187600776553154
35218,9,9,9,False,False,0.9736213088035583
35219,6,6,6,False,False,0.999321699142456
35220,7,7,7,False,False,1.0
35227,5,5,1,False,False,0.007720609661191702
35232,5,5,5,False,False,0.6746856570243835
35234,5,5,3,False,True,0.01512152235955
35251,9,9,9,False,False,0.9816420078277588
35256,0,0,4,False,True,0.016093134880065918
35257,9,8,9,True,True,3.002413595520892e-11
35258,0,0,0,False,False,1.0
35274,8,0,0,True,False,0.985149621963501
35296,3,3,3,False,False,0.9998865127563477
35324,4,4,6,False,True,0.16196346282958984
35332,6,6,6,False,False,0.9999961853027344
35343,0,0,4,False,True,0.006324365269392729
35346,9,9,1,False,True,0.001706655602902174
35350,2,2,2,False,False,0.9956152439117432
35377,0,0,0,False,False,0.9999945163726807
35382,9,9,9,False,False,0.9999773502349854
35392,7,7,4,False,True,0.014491990208625793
35408,8,8,8,False,False,0.9980577826499939
35411,0,0,0,False,False,0.9979957342147827
35419,8,8,4,False,False,0.2798435389995575
35423,9,9,9,False,False,0.9980757236480713
35430,0,0,0,False,False,0.9999920129776001
35457,4,4,8,False,True,0.19062413275241852
35473,7,7,7,False,False,0.998454213142395
35491,8,8,8,False,False,0.5921862125396729
35508,1,1,1,False,False,0.6852461099624634
35510,5,5,5,False,False,0.9271112084388733
35511,7,7,7,False,False,0.9889400601387024
35519,2,2,2,False,False,0.9998822212219238
35521,9,1,9,True,True,1.1128221558465157e-05
35522,4,7,4,True,True,3.871338412864134e-05
35523,7,7,7,False,False,1.0
35552,5,5,7,False,True,0.1224038377404213
35561,6,6,2,False,True,0.007967059500515461
35565,6,6,6,False,False,0.7392953634262085
35578,8,8,8,False,False,0.9990671277046204
35590,5,5,3,False,True,0.1977238655090332
35607,9,1,1,True,False,0.7951266765594482
35615,6,6,6,False,False,0.9999338388442993
35617,8,8,8,False,False,0.9999758005142212
35634,4,4,4,False,False,0.6413184404373169
35641,4,4,5,False,True,0.019631391391158104
35666,1,1,9,False,True,0.00795262586325407
35695,5,5,5,False,False,0.9983806610107422
35696,7,7,7,False,False,0.7918775081634521
35701,0,8,0,True,True,0.004003841895610094
35716,6,6,4,False,True,0.049720633774995804
35719,8,8,8,False,False,0.9737736582756042
35723,2,2,2,False,False,0.9313786625862122
35763,0,0,0,False,False,0.6465387344360352
35764,2,2,2,False,False,0.9356288909912109
35769,3,3,1,False,False,0.0007748922798782587
35770,3,3,3,False,False,0.9999845027923584
35778,8,8,8,False,False,0.9999998807907104
35788,0,0,8,False,True,9.099348972085863e-05
35800,2,2,2,False,False,0.9304028749465942
35816,7,7,7,False,False,1.0
35833,2,2,3,False,True,4.40006006101612e-05
35836,3,3,3,False,False,0.7332433462142944
35847,1,1,3,False,True,4.931610533276398e-07
35849,2,2,2,False,False,0.999316930770874
35861,1,1,9,False,True,0.0007041729986667633
35893,9,9,9,False,False,0.904757559299469
35918,5,5,7,False,True,0.03411484882235527
35925,4,4,5,False,True,0.0022267873864620924
35933,1,1,1,False,False,0.9494981169700623
35946,4,4,4,False,False,0.7712932229042053
35953,1,1,1,False,False,0.9989987015724182
35957,2,2,2,False,False,0.7194949984550476
35967,2,2,2,False,False,0.6332992911338806
35975,7,7,7,False,False,0.9999979734420776
35977,6,2,6,True,False,0.3905436396598816
35993,5,4,4,True,False,0.9944648146629333
35994,3,3,2,False,True,0.1429414451122284
35995,8,8,2,False,True,0.046434901654720306
35997,4,5,4,True,True,8.698512829141691e-05
36010,9,9,0,False,True,0.0009699862566776574
36011,2,2,0,False,True,0.0009200614294968545
36016,5,5,5,False,False,0.9999996423721313
36023,6,6,6,False,False,1.0
36026,3,3,4,False,False,0.2880827486515045
36029,9,9,1,False,True,0.0013375796843320131
36031,9,9,9,False,False,0.9882085919380188
36039,1,1,1,False,False,0.9995885491371155
36043,3,3,3,False,False,0.7059218883514404
36061,6,6,6,False,False,0.9890089631080627
36066,3,3,5,False,True,0.02112475037574768
36072,2,2,2,False,False,0.999991774559021
36076,9,9,9,False,False,0.9999699592590332
36084,4,4,4,False,False,0.9997870326042175
36094,2,2,2,False,False,0.9989125728607178
36115,9,9,9,False,False,0.9979974627494812
36119,0,0,0,False,False,0.9900250434875488
36124,3,3,3,False,False,0.5852426886558533
36137,2,2,2,False,False,0.9999810457229614
36140,3,3,5,False,True,0.1754719614982605
36145,3,3,5,False,True,0.02975831739604473
36173,2,2,2,False,False,0.9999833106994629
36184,2,7,0,True,True,0.00027043509180657566
36220,8,8,8,False,False,1.0
36221,8,8,0,False,True,0.0003091106191277504
36222,3,3,2,False,True,1.360838219888194e-09
36225,4,4,4,False,False,0.9999207258224487
36231,0,0,0,False,False,0.7953609824180603
36243,6,6,2,False,True,0.38101863861083984
36248,7,7,7,False,False,0.9959881901741028
36253,8,8,8,False,False,1.0
36254,0,0,1,False,True,0.09619814157485962
36255,8,8,8,False,False,0.4814610183238983
36297,8,8,2,False,True,0.09284016489982605
36303,7,7,7,False,False,0.9997199177742004
36313,6,6,6,False,False,0.9350041151046753
36314,0,0,0,False,False,0.9999911785125732
36327,4,5,4,True,True,1.5715654626546893e-06
36337,0,0,0,False,False,0.9962254762649536
36339,2,2,2,False,False,0.8716644048690796
36344,2,3,3,True,False,0.7442016005516052
36366,3,3,3,False,False,0.6404497027397156
36377,2,2,2,False,False,0.9945346117019653
36389,0,0,0,False,False,0.9999997615814209
36390,8,8,8,False,False,0.9999990463256836
36396,6,6,1,False,True,0.009108823724091053
36403,8,8,1,False,True,0.0007294188253581524
36408,2,2,2,False,False,0.9928015470504761
36436,2,2,2,False,False,0.9999995231628418
36438,8,8,8,False,False,0.9999823570251465
36444,8,8,8,False,False,0.9999041557312012
36445,1,1,1,False,False,0.7059844136238098
36464,0,0,8,False,True,0.006775119807571173
36468,2,2,2,False,False,0.9996781349182129
36497,0,0,2,False,False,0.4260486364364624
36498,8,8,8,False,False,0.9999998807907104
36500,1,1,1,False,False,0.9776598811149597
36508,9,9,9,False,False,0.9876319766044617
36510,2,2,2,False,False,0.9999998807907104
36524,2,2,6,False,True,0.027761757373809814
36531,0,0,0,False,False,0.9997397065162659
36532,5,5,5,False,False,0.999998927116394
36537,1,1,1,False,False,0.9660755395889282
36545,0,0,8,False,False,0.3354031443595886
36564,6,9,6,True,True,0.0034466853830963373
36567,3,3,3,False,False,0.9917755126953125
36568,1,1,9,False,True,0.08647165447473526
36588,3,3,5,False,False,0.3509123623371124
36596,6,6,6,False,False,0.9763231873512268
36609,3,3,0,False,True,7.802445907145739e-06
36615,0,0,3,False,True,7.71791860643134e-07
36627,0,0,0,False,False,0.9995946288108826
36628,8,8,8,False,False,0.9956419467926025
36651,2,2,8,False,True,0.00016921907081268728
36653,5,5,5,False,False,0.964828610420227
36661,6,8,2,True,False,0.00834738090634346
36683,9,9,9,False,False,0.9959691762924194
36684,9,9,9,False,False,0.9864507913589478
36688,6,6,6,False,False,0.9998791217803955
36709,3,3,3,False,False,0.8461049795150757
36731,4,4,2,False,True,3.2041145459515974e-05
36747,8,8,8,False,False,0.9994233846664429
36749,6,6,8,False,True,4.7335310227936134e-05
36769,5,5,5,False,False,0.9999961853027344
36780,8,8,8,False,False,0.9794719219207764
36810,5,5,5,False,False,0.9779704213142395
36815,7,7,7,False,False,0.9999456405639648
36816,6,6,6,False,False,0.971839427947998
36829,7,7,7,False,False,0.9999585151672363
36844,1,1,1,False,False,0.9998860359191895
36854,5,5,3,False,True,0.024843696504831314
36869,5,5,5,False,False,0.9999957084655762
36873,4,4,4,False,False,0.9928818941116333
36883,2,2,2,False,False,0.999982476234436
36895,7,7,5,False,True,0.03780161216855049
36913,6,6,6,False,False,0.9999691247940063
36936,7,7,7,False,False,0.9999991655349731
36950,1,1,1,False,False,0.9998272061347961
36951,3,3,4,False,True,0.3584687411785126
36952,5,0,2,True,True,1.1926828882152796e-12
36979,3,3,3,False,False,0.999994158744812
36986,6,6,4,False,True,0.035089265555143356
37003,5,5,5,False,False,0.8438517451286316
37024,1,1,8,False,True,0.018546415492892265
37027,1,1,9,False,True,0.008327852934598923
37032,0,0,0,False,False,0.9974462985992432
37056,5,5,5,False,False,0.9832774996757507
37064,8,8,8,False,False,0.9999152421951294
37068,0,0,0,False,False,0.9946322441101074
37082,7,2,7,True,True,6.9902075665595476e-06
37100,7,0,2,True,True,0.09756896644830704
37112,9,9,7,False,True,0.05869745463132858
37122,7,7,0,False,True,0.010346363298594952
37151,5,3,5,True,True,2.9767572868877323e-06
37152,5,5,5,False,False,0.6594815254211426
37169,5,5,2,False,False,0.2786930203437805
37179,1,1,8,False,True,0.013898112811148167
37189,0,2,2,True,False,0.5648674964904785
37198,2,2,2,False,False,0.998664379119873
37208,2,2,2,False,False,0.9999604225158691
37214,4,4,4,False,False,0.9866661429405212
37219,6,6,6,False,False,0.998735249042511
37224,5,5,2,False,True,0.005996183026582003
37253,1,1,1,False,False,0.9374896883964539
37258,8,8,8,False,False,0.7632264494895935
37269,1,1,1,False,False,0.6273319125175476
37275,6,6,6,False,False,0.9999762773513794
37288,4,4,4,False,False,0.9406918287277222
37289,6,6,6,False,False,0.9270004630088806
37290,4,8,4,True,True,1.2128446576047114e-13
37301,1,1,1,False,False,0.9956991672515869
37312,5,5,7,False,True,0.053059883415699005
37324,0,0,0,False,False,0.9992978572845459
37330,0,0,0,False,False,0.9999847412109375
37337,2,2,7,False,True,0.22686392068862915
37347,9,1,1,True,False,0.9552800059318542
37357,3,3,6,False,True,0.20732709765434265
37365,1,1,1,False,False,0.9920377731323242
37369,5,3,2,True,True,0.005024339072406292
37370,3,3,0,False,True,0.0012715663760900497
37378,6,6,2,False,True,0.013387477956712246
37380,6,6,2,False,True,0.0002239100867882371
37393,8,8,8,False,False,0.9995707869529724
37394,8,8,8,False,False,0.9999661445617676
37408,3,3,3,False,False,0.9919437170028687
37413,9,9,0,False,False,0.3446621894836426
37417,3,3,3,False,False,0.997395396232605
37426,6,6,6,False,False,1.0
37428,1,9,1,True,True,8.554923988413066e-05
37438,4,4,6,False,True,0.012095923535525799
37457,6,6,6,False,False,0.9999997615814209
37463,4,4,4,False,False,0.9999998807907104
37466,4,4,1,False,True,0.05105224624276161
37468,1,9,1,True,True,0.04173753038048744
37473,6,6,6,False,False,0.8504205942153931
37480,1,1,1,False,False,0.6553800702095032
37487,6,6,6,False,False,0.9999231100082397
37488,2,2,2,False,False,0.9999959468841553
37499,9,9,9,False,False,0.9962899684906006
37501,5,5,5,False,False,0.9995310306549072
37505,1,1,1,False,False,0.9998741149902344
37509,9,9,9,False,False,0.9996834993362427
37518,6,6,6,False,False,0.977672278881073
37528,4,4,4,False,False,0.9373289942741394
37529,7,7,7,False,False,0.9289708733558655
37531,5,5,5,False,False,1.0
37543,6,6,6,False,False,0.9999957084655762
37547,9,9,1,False,True,0.11065792292356491
37548,3,3,3,False,False,0.9990800619125366
37551,1,1,1,False,False,0.9244491457939148
37557,8,8,8,False,False,0.9991682767868042
37573,7,7,4,False,True,0.00014706101501360536
37575,9,9,8,False,True,0.13253742456436157
37585,4,4,4,False,False,0.999445378780365
37595,7,7,7,False,False,0.9947130084037781
37617,6,6,6,False,False,0.9993252754211426
37619,0,0,1,False,True,0.13568706810474396
37623,5,5,3,False,True,0.015157323330640793
37661,7,7,7,False,False,0.9999375343322754
37693,0,0,0,False,False,0.9991206526756287
37697,3,3,3,False,False,0.9992321729660034
37698,1,1,1,False,False,0.9904906749725342
37702,1,1,1,False,False,0.9151146411895752
37706,5,3,3,True,False,0.9987620115280151
37708,5,5,5,False,False,0.9999624490737915
37712,0,0,0,False,False,0.9985139966011047
37732,5,3,5,True,True,0.011025475338101387
37736,5,5,4,False,True,0.09164092689752579
37738,0,0,0,False,False,0.990645170211792
37740,5,5,5,False,False,0.9997130036354065
37743,1,1,1,False,False,0.6763748526573181
37744,7,7,7,False,False,0.9996823072433472
37750,5,3,5,True,True,0.001747855800203979
37756,3,3,3,False,False,0.7835709452629089
37757,4,4,2,False,True,0.008787667378783226
37770,3,3,5,False,True,0.05987643077969551
37774,6,6,6,False,False,0.999879002571106
37784,5,5,5,False,False,0.9797991514205933
37789,6,6,9,False,True,1.2438018529792316e-05
37791,7,7,7,False,False,0.9695422053337097
37807,7,7,7,False,False,0.9998855590820312
37808,8,8,8,False,False,0.9999496936798096
37813,5,5,5,False,False,0.9999945163726807
37833,9,9,9,False,False,0.7467067837715149
37841,0,0,0,False,False,0.9999769926071167
37857,9,9,9,False,False,0.9989191293716431
37861,3,5,2,True,True,0.008260928094387054
37889,7,7,7,False,False,0.9595112800598145
37897,7,7,3,False,False,0.4312911331653595
37915,5,5,5,False,False,0.9974609613418579
37922,6,6,6,False,False,0.9997043013572693
37930,7,7,5,False,True,0.004922492429614067
37931,0,0,0,False,False,0.9967976212501526
37940,6,6,6,False,False,0.9998757839202881
37951,3,3,5,False,True,0.10522393882274628
37967,3,3,3,False,False,0.5756139159202576
37971,7,7,7,False,False,1.0
37972,2,2,2,False,False,0.7482324838638306
37973,3,3,3,False,False,0.9454271793365479
37974,6,6,6,False,False,0.9940873384475708
37984,0,0,0,False,False,0.9938579201698303
37999,0,2,0,True,True,0.0190542321652174
38001,2,2,4,False,True,0.09796111285686493
38029,0,0,0,False,False,0.9983909130096436
38049,2,2,2,False,False,0.9615445733070374
38055,2,1,2,True,True,2.6543611059137717e-11
38079,5,5,5,False,False,0.999476969242096
38081,8,8,8,False,False,0.9999998807907104
38109,7,7,7,False,False,0.9998946189880371
38116,9,9,1,False,True,0.00028596821357496083
38139,9,9,9,False,False,0.7823033928871155
38141,6,6,6,False,False,1.0
38154,0,0,0,False,False,0.9997606873512268
38156,6,6,2,False,True,0.06575453281402588
38187,0,0,0,False,False,0.999947190284729
38207,1,1,1,False,False,0.7764707803726196
38211,1,1,1,False,False,0.9883988499641418
38229,3,3,5,False,True,0.3493146002292633
38232,7,7,4,False,True,0.08252646774053574
38237,8,8,8,False,False,1.0
38243,7,3,4,True,True,0.019682597368955612
38249,7,7,7,False,False,0.9999823570251465
38254,0,0,8,False,True,0.2839990556240082
38260,1,1,1,False,False,0.9999935626983643
38267,9,9,9,False,False,0.9784708619117737
38268,6,6,6,False,False,0.9964381456375122
38285,0,0,0,False,False,0.9989047050476074
38292,3,3,7,False,False,0.2123597264289856
38309,6,6,6,False,False,0.8834301829338074
38313,5,5,5,False,False,0.9984728693962097
38322,8,8,8,False,False,0.6692690253257751
38336,6,6,6,False,False,0.9984617233276367
38346,5,5,5,False,False,0.9800667762756348
38357,9,9,9,False,False,0.9960172772407532
38371,8,8,8,False,False,0.9999595880508423
38376,4,4,4,False,False,0.9999847412109375
38380,9,1,9,True,False,0.2558601200580597
38390,3,3,3,False,False,0.9963427186012268
38406,9,9,1,False,False,0.4402461647987366
38416,8,8,8,False,False,0.9998325109481812
38434,2,6,2,True,True,0.3122510313987732
38439,2,2,6,False,True,0.0011036914074793458
38442,3,3,3,False,False,0.9255480170249939
38446,1,1,1,False,False,0.9282134175300598
38453,8,8,8,False,False,0.9999457597732544
38457,2,2,2,False,False,0.9815545678138733
38463,1,1,9,False,True,0.2165323793888092
38466,0,0,0,False,False,0.9965807795524597
38471,5,5,5,False,False,0.9810830950737
38473,9,9,9,False,False,0.9999277591705322
38487,1,1,1,False,False,0.991584300994873
38493,1,1,1,False,False,0.8458766937255859
38497,4,4,3,False,True,6.582725404769008e-07
38498,5,5,0,False,True,0.021962817758321762
38508,6,6,6,False,False,0.999736487865448
38509,2,2,2,False,False,0.9993828535079956
38512,7,7,2,False,True,0.020066458731889725
38535,2,2,2,False,False,0.9999972581863403
38536,0,0,8,False,True,0.002759524853900075
38539,7,7,7,False,False,0.6664411425590515
38540,8,8,8,False,False,0.9908180236816406
38558,2,2,2,False,False,1.0
38559,6,6,6,False,False,1.0
38561,9,9,9,False,False,0.9987932443618774
38562,1,1,1,False,False,0.9996892213821411
38567,8,8,8,False,False,0.9995206594467163
38575,7,7,7,False,False,1.0
38590,1,1,1,False,False,0.9936850666999817
38596,1,9,1,True,True,0.00047638340038247406
38619,8,8,8,False,False,1.0
38623,2,2,3,False,True,0.18430233001708984
38625,8,8,8,False,False,0.9995176792144775
38631,8,0,8,True,True,0.11462251096963882
38634,3,3,5,False,True,0.3328905999660492
38643,1,1,1,False,False,0.9999804496765137
38650,1,1,1,False,False,0.685547947883606
38695,5,0,5,True,True,3.719591745721118e-09
38698,6,6,6,False,False,1.0
38705,2,2,2,False,False,0.9988542795181274
38715,8,8,1,False,False,0.3580949008464813
38729,7,7,7,False,False,0.9996920824050903
38733,8,8,8,False,False,0.9999998807907104
38739,5,5,5,False,False,0.9984323382377625
38744,1,1,1,False,False,0.9939769506454468
38759,9,9,9,False,False,0.9999982118606567
38769,6,6,6,False,False,0.9812461733818054
38776,4,4,4,False,False,0.9980117082595825
38783,0,8,0,True,True,0.011194034479558468
38784,5,5,4,False,True,0.08331021666526794
38793,9,9,9,False,False,0.9969499707221985
38797,8,8,8,False,False,0.998007595539093
38810,4,4,4,False,False,0.9892110824584961
38835,8,8,8,False,False,0.9880263805389404
38863,9,9,9,False,False,0.9677816033363342
38865,6,6,6,False,False,0.8670086860656738
38871,9,9,9,False,False,0.9999958276748657
38896,5,5,3,False,True,0.040041521191596985
38899,8,8,8,False,False,0.91057288646698
38906,4,4,7,False,True,0.010899355635046959
38908,1,1,1,False,False,0.7357518672943115
38910,4,4,4,False,False,0.9999291896820068
38922,6,6,5,False,True,0.005197519436478615
38941,4,4,7,False,True,1.242854152927464e-09
38953,4,4,4,False,False,0.724194347858429
38965,7,7,7,False,False,0.9767861366271973
38968,6,6,4,False,True,0.08454955369234085
38977,0,0,1,False,True,0.05805472657084465
38979,4,4,4,False,False,0.8687321543693542
39005,4,4,4,False,False,0.9999940395355225
39038,8,8,8,False,False,0.8033696413040161
39041,9,9,9,False,False,0.9998830556869507
39061,4,4,4,False,False,0.9999948740005493
39066,5,5,3,False,True,0.0013116848422214389
39067,4,4,3,False,True,0.14457808434963226
39069,8,8,8,False,False,0.9999964237213135
39073,3,2,3,True,True,0.01619819924235344
39074,3,3,3,False,False,0.8640977144241333
39099,9,9,9,False,False,0.7636396884918213
39137,9,9,9,False,False,0.8478507995605469
39154,8,8,8,False,False,0.830467700958252
39169,4,2,6,True,True,0.0023287846706807613
39170,0,0,0,False,False,0.9354524612426758
39184,8,8,8,False,False,0.9999947547912598
39187,3,5,3,True,True,0.013166755437850952
39201,0,0,0,False,False,0.7108267545700073
39211,3,6,3,True,True,0.12998440861701965
39250,1,1,1,False,False,0.8200318217277527
39265,4,4,4,False,False,0.999413013458252
39271,0,0,0,False,False,0.9585168957710266
39284,4,4,4,False,False,0.8904130458831787
39286,0,0,0,False,False,0.9999523162841797
39303,7,7,7,False,False,0.9999797344207764
39305,6,6,6,False,False,0.9999997615814209
39343,6,6,6,False,False,1.0
39345,7,7,7,False,False,0.9224045276641846
39350,8,8,8,False,False,0.9999001026153564
39361,9,9,9,False,False,0.9956122636795044
39373,1,1,1,False,False,0.9596952795982361
39378,7,7,7,False,False,0.9998990297317505
39380,0,0,0,False,False,0.9999996423721313
39394,5,5,2,False,False,0.4919736683368683
39405,1,1,1,False,False,0.9999991655349731
39406,7,7,7,False,False,1.0
39410,3,3,5,False,False,0.19548381865024567
39427,9,9,9,False,False,0.9997696280479431
39429,7,7,7,False,False,0.9999994039535522
39432,7,7,7,False,False,1.0
39445,5,5,5,False,False,0.9999998807907104
39448,8,8,9,False,False,0.10355047136545181
39462,8,8,8,False,False,0.9999147653579712
39467,4,4,4,False,False,0.8983425498008728
39477,0,0,6,False,True,0.03402920067310333
39479,5,3,2,True,True,5.617383225242634e-10
39494,7,7,4,False,False,0.416470468044281
39496,3,3,3,False,False,0.9981326460838318
39503,7,7,4,False,True,0.037193939089775085
39524,1,1,1,False,False,0.9650275111198425
39554,3,3,3,False,False,0.9143568873405457
39565,4,4,4,False,False,0.9991533756256104
39571,8,8,8,False,False,0.9976276755332947
39578,8,8,8,False,False,0.999742329120636
39579,8,8,8,False,False,0.9999561309814453
39590,8,8,8,False,False,0.9999750852584839
39596,4,4,4,False,False,0.9858977794647217
39598,8,8,8,False,False,0.999998927116394
39602,5,5,3,False,True,0.00100542267318815
39613,8,8,6,False,True,0.18134574592113495
39643,6,6,6,False,False,0.9974034428596497
39655,2,2,2,False,False,0.9998725652694702
39660,5,5,5,False,False,1.0
39673,9,9,5,False,True,0.022041145712137222
39676,4,8,8,True,False,0.9960820078849792
39678,6,6,5,False,True,0.015549130737781525
39684,8,8,8,False,False,0.9999881982803345
39691,0,0,2,False,False,0.40417638421058655
39712,5,5,3,False,True,0.006511788349598646
39728,2,2,9,False,True,4.326621727557267e-09
39729,2,2,3,False,True,6.449550227216605e-09
39749,1,1,1,False,False,0.9638320207595825
39761,3,3,2,False,True,0.03594795987010002
39781,9,9,9,False,False,0.5997079610824585
39812,7,7,7,False,False,0.9999977350234985
39828,1,9,1,True,True,0.11494934558868408
39833,4,4,2,False,True,0.046117376536130905
39846,5,5,5,False,False,0.9867260456085205
39848,1,1,9,False,True,0.260022908449173
39850,3,3,3,False,False,0.9999955892562866
39855,9,9,9,False,False,0.9973522424697876
39857,2,2,2,False,False,0.7239646911621094
39887,2,2,2,False,False,0.9999709129333496
39925,2,2,1,False,True,0.11165262758731842
39954,6,2,8,True,True,0.0008652139804325998
39961,7,7,7,False,False,0.8746370673179626
39966,0,0,0,False,False,0.9999229907989502
39971,8,1,1,True,False,0.9430291056632996
39974,1,1,1,False,False,0.5363062024116516
39981,8,8,8,False,False,0.9997591376304626
39993,9,9,9,False,False,0.9963269829750061
39994,6,6,6,False,False,0.9999995231628418
40003,1,1,1,False,False,0.9977161884307861
40004,5,5,5,False,False,0.996862530708313
40022,0,0,0,False,False,0.9993439316749573
40024,1,1,1,False,False,0.9999998807907104
40026,7,7,7,False,False,1.0
40031,6,6,6,False,False,0.9882292747497559
40038,6,6,6,False,False,0.9952971339225769
40044,5,5,5,False,False,0.9998952150344849
40057,3,0,9,True,False,0.3953922986984253
40061,7,7,7,False,False,0.9999992847442627
40063,9,9,9,False,False,0.9999982118606567
40073,3,3,3,False,False,0.9997324347496033
40076,1,1,1,False,False,0.9999892711639404
40096,6,6,7,False,True,0.0032929012086242437
40100,9,9,1,False,True,0.09798724204301834
40101,9,9,9,False,False,0.697129487991333
40105,5,5,5,False,False,0.9995037317276001
40113,0,0,8,False,True,0.014940198510885239
40122,8,8,8,False,False,0.9999990463256836
40123,8,8,8,False,False,0.9877276420593262
40125,0,8,4,True,True,0.0023334973957389593
40129,3,3,5,False,True,0.03541881591081619
40146,4,4,4,False,False,0.8730911016464233
40169,8,8,8,False,False,0.9999995231628418
40173,1,1,1,False,False,0.9980039000511169
40205,5,5,5,False,False,0.9993688464164734
40211,0,0,0,False,False,0.9999619722366333
40212,2,2,8,False,True,0.0005995118408463895
40213,2,2,2,False,False,0.901247501373291
40232,3,3,9,False,False,0.42921584844589233
40235,6,6,6,False,False,0.4544013440608978
40244,2,3,5,True,True,0.00038101605605334044
40254,9,9,9,False,False,0.9876085519790649
40257,9,9,9,False,False,0.9999544620513916
40262,7,7,7,False,False,0.818382740020752
40264,6,2,0,True,True,0.011151865124702454
40272,5,5,5,False,False,0.9999078512191772
40276,8,8,8,False,False,0.9999936819076538
40285,4,4,7,False,True,2.7242175182351502e-09
40288,2,2,2,False,False,0.9999998807907104
40290,1,1,1,False,False,0.8385099768638611
40299,4,4,4,False,False,0.9997783303260803
40301,4,5,2,True,True,0.0001143442714237608
40311,1,1,1,False,False,0.550412118434906
40317,0,0,0,False,False,0.9943227767944336
40321,0,0,8,False,True,0.00022457008890341967
40322,6,6,6,False,False,0.9998277425765991
40333,2,2,2,False,False,0.9999181032180786
40335,3,3,5,False,True,0.00043857068521901965
40339,9,9,9,False,False,0.996324360370636
40346,0,0,0,False,False,0.9634085297584534
40355,0,0,0,False,False,0.9448783993721008
40364,6,6,6,False,False,0.9999998807907104
40365,3,3,6,False,True,1.0082941116706934e-05
40379,0,0,0,False,False,0.6302220225334167
40383,4,4,4,False,False,0.9993801116943359
40416,7,7,5,False,True,0.11750379949808121
40417,5,5,5,False,False,0.9999997615814209
40426,7,7,7,False,False,0.5655694603919983
40428,2,2,2,False,False,0.985044538974762
40449,1,1,1,False,False,0.9940246939659119
40467,5,5,3,False,True,0.025823090225458145
40476,0,0,0,False,False,0.4867858290672302
40481,5,5,5,False,False,0.9999191761016846
40484,1,1,1,False,False,0.9971286654472351
40493,8,8,8,False,False,0.9812067151069641
40504,0,0,0,False,False,0.9999994039535522
40517,7,7,7,False,False,0.9999949932098389
40520,1,1,1,False,False,0.9999481439590454
40526,0,0,0,False,False,0.9991946816444397
40541,7,7,7,False,False,0.9993634819984436
40543,5,3,9,True,True,0.005005232058465481
40552,8,8,8,False,False,1.0
40555,5,5,5,False,False,0.9988541603088379
40569,1,1,1,False,False,0.9450855851173401
40576,1,1,1,False,False,0.9999173879623413
40585,7,7,7,False,False,0.9999995231628418
40589,0,0,0,False,False,0.8999369144439697
40599,9,9,9,False,False,0.615904688835144
40611,3,3,3,False,False,0.5970962047576904
40613,6,6,2,False,True,0.00048191213863901794
40649,0,0,0,False,False,0.9947296380996704
40654,0,0,0,False,False,0.999990701675415
40678,1,1,1,False,False,0.64582759141922
40681,5,5,5,False,False,0.9999970197677612
40684,7,7,7,False,False,0.7236469388008118
40693,9,9,9,False,False,0.9965016841888428
40699,9,9,9,False,False,0.9989294409751892
40708,0,0,0,False,False,0.9990535378456116
40710,6,6,6,False,False,0.4859393239021301
40717,5,5,5,False,False,0.9999963045120239
40721,5,5,7,False,True,0.00020798796322196722
40722,9,9,9,False,False,0.999990701675415
40740,0,0,1,False,True,0.25792863965034485
40758,1,1,1,False,False,0.9881700277328491
40769,4,4,4,False,False,0.7237861156463623
40773,5,5,3,False,True,0.15259018540382385
40775,3,3,3,False,False,0.9432647228240967
40785,8,8,8,False,False,1.0
40789,8,8,6,False,True,0.006545557640492916
40791,2,2,2,False,False,0.9501873254776001
40801,9,9,9,False,False,0.9999721050262451
40803,4,4,3,False,True,0.11961540579795837
40807,0,0,0,False,False,0.9967268705368042
40811,6,6,6,False,False,0.7183059453964233
40819,9,9,1,False,True,0.12249886244535446
40827,4,4,4,False,False,0.9978888630867004
40833,9,9,9,False,False,0.9860964417457581
40848,4,4,7,False,True,0.05597184598445892
40849,2,2,2,False,False,0.9585007429122925
40872,0,0,0,False,False,0.9956216216087341
40873,0,0,0,False,False,0.9991344809532166
40878,5,0,3,True,True,0.08520590513944626
40894,6,6,6,False,False,1.0
40907,3,3,0,False,True,3.142289278912358e-05
40909,6,6,6,False,False,0.9261028170585632
40917,2,2,8,False,True,0.0012467160122469068
40919,8,8,1,False,True,1.987839823414106e-05
40923,9,9,1,False,True,0.18094241619110107
40940,5,5,3,False,True,1.2101607353542931e-05
40945,0,0,0,False,False,0.9981628060340881
40973,3,2,9,True,False,5.237020559434313e-06
40982,6,6,6,False,False,0.9999575614929199
40996,3,9,9,True,False,0.9399169087409973
41002,8,8,8,False,False,0.8582167625427246
41029,6,0,8,True,True,0.010873380117118359
41036,0,0,8,False,True,0.1418236643075943
41037,5,5,5,False,False,0.9999698400497437
41041,8,8,0,False,True,0.27519139647483826
41048,8,8,8,False,False,0.9998929500579834
41049,6,6,6,False,False,0.9959730505943298
41058,4,4,7,False,True,0.0019146377453580499
41067,1,1,1,False,False,0.8503561615943909
41078,8,8,8,False,False,1.0
41106,6,4,6,True,True,0.00134584354236722
41116,3,3,3,False,False,0.9999998807907104
41125,2,2,2,False,False,0.779818058013916
41127,4,4,2,False,True,0.001049681450240314
41130,5,5,5,False,False,0.999652624130249
41143,2,2,2,False,False,0.7853056788444519
41151,0,0,0,False,False,0.999849796295166
41162,4,4,6,False,True,0.007588624954223633
41166,9,9,9,False,False,0.5290750861167908
41175,5,5,3,False,True,0.002263682894408703
41200,0,0,0,False,False,0.8450803160667419
41204,9,9,1,False,True,0.09728802740573883
41219,4,4,4,False,False,0.9998902082443237
41222,0,0,0,False,False,0.9883236885070801
41223,2,2,2,False,False,0.9953022003173828
41227,7,7,7,False,False,0.9693603515625
41235,0,0,0,False,False,0.9993626475334167
41240,8,8,0,False,True,0.012127992697060108
41241,1,1,1,False,False,0.9999701976776123
41264,8,8,0,False,True,0.31023725867271423
41283,4,4,4,False,False,0.988195538520813
41296,1,9,9,True,False,0.718392014503479
41322,1,1,1,False,False,0.9787945747375488
41343,3,3,3,False,False,0.6339173316955566
41345,0,0,8,False,False,0.48273512721061707
41367,5,5,5,False,False,0.9999997615814209
41377,4,4,5,False,True,3.4033963147717117e-11
41400,5,5,5,False,False,1.0
41406,5,5,5,False,False,0.9584680199623108
41409,9,1,9,True,True,5.094215339340735e-06
41410,0,0,0,False,False,0.9999755620956421
41411,2,2,2,False,False,0.9998722076416016
41417,4,4,4,False,False,0.9913890957832336
41431,6,6,6,False,False,0.9999971389770508
41434,8,8,0,False,False,0.29808393120765686
41438,7,7,7,False,False,0.9999982118606567
41448,6,6,6,False,False,0.9930289387702942
41461,3,3,3,False,False,0.883484423160553
41462,7,7,7,False,False,0.6525906324386597
41467,0,0,2,False,True,0.057613492012023926
41471,1,1,9,False,True,0.0012355571379885077
41475,5,5,5,False,False,0.9997994303703308
41481,2,2,6,False,False,0.4278500974178314
41482,4,4,7,False,False,0.2757316827774048
41484,0,0,0,False,False,0.9931693077087402
41499,5,5,5,False,False,0.9512386918067932
41524,0,0,0,False,False,0.9997820258140564
41526,7,7,7,False,False,0.9987788796424866
41553,6,6,6,False,False,0.992117702960968
41570,8,8,0,False,True,0.2832227349281311
41575,7,7,7,False,False,0.7056198716163635
41587,5,5,5,False,False,0.9957188963890076
41600,0,0,0,False,False,0.9922967553138733
41601,3,3,3,False,False,0.9999794960021973
41637,1,1,8,False,True,0.06790640205144882
41648,4,7,7,True,False,0.7751255631446838
41657,4,4,4,False,False,0.9861251711845398
41661,2,2,2,False,False,0.9997308850288391
41662,2,2,2,False,False,0.9999985694885254
41673,3,3,2,False,True,0.0005635767593048513
41674,8,8,0,False,True,0.045481130480766296
41683,9,9,9,False,False,0.9999899864196777
41694,3,3,3,False,False,0.9572080969810486
41698,9,9,9,False,False,0.9924885034561157
41707,6,6,6,False,False,0.35121649503707886
41710,1,1,1,False,False,0.9760647416114807
41722,6,6,6,False,False,0.8785352110862732
41731,0,0,0,False,False,1.0
41756,0,0,0,False,False,0.5964598655700684
41761,8,8,8,False,False,0.9999992847442627
41775,2,2,0,False,False,0.37823355197906494
41791,7,7,7,False,False,0.9987725615501404
41811,9,9,9,False,False,0.9997866749763489
41813,9,9,9,False,False,0.833462119102478
41835,8,8,8,False,False,0.9999833106994629
41866,3,3,3,False,False,0.9882044792175293
41872,3,5,0,True,True,0.0005164355970919132
41890,2,2,2,False,False,0.9991369843482971
41898,7,7,7,False,False,0.9999998807907104
41906,9,9,1,False,True,0.1188683807849884
41908,1,1,1,False,False,0.5288681983947754
41914,3,3,4,False,True,0.001209235517308116
41927,4,4,5,False,True,0.21650941669940948
41935,8,8,8,False,False,0.9999853372573853
41937,3,3,3,False,False,0.9431276321411133
41938,5,5,5,False,False,0.9999268054962158
41956,7,7,7,False,False,0.9859063625335693
41964,1,0,9,True,True,4.825172794653554e-08
41968,7,7,7,False,False,0.9489116668701172
41974,7,7,7,False,False,0.9791579842567444
41989,3,3,3,False,False,0.9874966144561768
41991,2,2,2,False,False,0.9999992847442627
42014,2,2,2,False,False,0.4442635774612427
42027,6,9,6,True,True,1.9320008703971325e-08
42031,1,1,1,False,False,0.8571780323982239
42035,4,4,2,False,True,0.006073789671063423
42036,4,4,7,False,True,1.7049045709427446e-05
42040,4,7,2,True,True,0.012007822282612324
42075,7,7,7,False,False,0.8923342823982239
42079,6,6,6,False,False,0.9982584118843079
42082,7,7,7,False,False,1.0
42097,7,7,7,False,False,1.0
42100,5,5,2,False,True,5.0241584226284886e-09
42105,0,0,0,False,False,0.9996702671051025
42107,2,2,2,False,False,0.9901936650276184
42112,2,2,6,False,True,0.028013907372951508
42115,5,5,5,False,False,0.9999507665634155
42124,1,1,1,False,False,0.9939017295837402
42133,3,3,3,False,False,0.7440063953399658
42139,9,9,1,False,True,0.23872828483581543
42142,4,4,6,False,True,2.8080700076316134e-07
42153,3,3,5,False,False,0.4613383114337921
42158,2,2,6,False,True,0.013852324336767197
42160,4,4,4,False,False,0.9920924305915833
42192,3,3,3,False,False,0.999592125415802
42195,3,5,3,True,True,0.03822275623679161
42196,6,6,6,False,False,0.9905104041099548
42198,3,3,3,False,False,0.7591331005096436
42228,1,0,1,True,True,0.13584427535533905
42234,2,2,2,False,False,0.9999992847442627
42235,0,0,2,False,False,0.4649698734283447
42238,7,7,4,False,True,0.00023153882648330182
42242,5,5,7,False,True,5.967571610199229e-07
42245,8,8,8,False,False,0.9896593689918518
42278,9,1,9,True,True,2.8939716401055193e-08
42280,8,8,8,False,False,0.9999932050704956
42285,4,7,3,True,False,0.32538676261901855
42298,0,0,0,False,False,0.9985804557800293
42300,8,8,8,False,False,0.9803500175476074
42303,4,4,4,False,False,0.8619341850280762
42306,9,9,9,False,False,0.6074734330177307
42313,4,4,7,False,False,0.11260875314474106
42323,5,5,5,False,False,0.999037504196167
42338,7,7,7,False,False,1.0
42339,7,7,7,False,False,0.99893718957901
42343,9,9,1,False,True,2.171528831240721e-05
42344,5,3,6,True,False,0.19314585626125336
42354,3,3,3,False,False,0.9999978542327881
42369,9,9,9,False,False,0.9790797233581543
42409,5,5,2,False,True,0.02763904258608818
42427,2,2,2,False,False,0.9998394250869751
42430,2,2,0,False,True,0.013479644432663918
42432,5,5,5,False,False,0.9999994039535522
42459,6,6,6,False,False,0.9999446868896484
42463,7,7,7,False,False,0.9881350994110107
42477,8,8,8,False,False,0.9575766324996948
42478,7,7,7,False,False,1.0
42481,3,3,3,False,False,0.9998339414596558
42512,4,2,8,True,True,0.05419573932886124
42527,6,6,6,False,False,0.5760412216186523
42539,1,1,1,False,False,0.9866573214530945
42589,0,0,0,False,False,0.9583469033241272
42590,3,3,5,False,True,0.032593775540590286
42592,6,6,6,False,False,0.9999949932098389
42611,8,8,8,False,False,0.9999423027038574
42616,6,6,4,False,True,0.08531307429075241
42626,7,7,7,False,False,1.0
42628,0,0,8,False,True,0.018171394243836403
42645,5,0,5,True,True,0.09074044227600098
42656,4,4,4,False,False,0.5160459280014038
42659,7,7,7,False,False,0.9999768733978271
42660,6,5,6,True,True,0.007267710752785206
42670,3,0,3,True,True,8.601307490607724e-05
42693,8,0,8,True,True,5.668307156980745e-09
42694,2,2,2,False,False,0.9999706745147705
42697,1,1,1,False,False,0.9254192113876343
42701,8,8,2,False,True,4.13264267251634e-09
42704,9,9,9,False,False,0.9135972857475281
42715,1,1,1,False,False,0.9992058873176575
42722,0,0,7,False,True,0.20727837085723877
42724,6,0,6,True,True,4.81450677936035e-11
42731,5,5,7,False,True,0.03586601838469505
42735,1,1,1,False,False,0.39590978622436523
42748,6,6,2,False,True,0.24070104956626892
42758,1,1,1,False,False,0.8664482235908508
42779,3,3,5,False,True,0.32530108094215393
42781,8,8,8,False,False,1.0
42787,3,3,3,False,False,0.9999159574508667
42798,5,5,5,False,False,0.9997877478599548
42802,1,1,8,False,True,0.002954345429316163
42811,4,2,3,True,True,0.0003062494215555489
42813,5,5,5,False,False,0.9999996423721313
42815,2,2,2,False,False,0.9999997615814209
42817,5,5,7,False,True,0.16226701438426971
42819,6,6,6,False,False,0.5263018608093262
42825,3,3,3,False,False,1.0
42835,8,8,8,False,False,0.9999430179595947
42839,2,1,1,True,False,0.9223273396492004
42841,9,9,9,False,False,0.9963335990905762
42862,5,5,7,False,False,0.2227785885334015
42869,0,0,0,False,False,0.9334092736244202
42884,8,8,8,False,False,0.9999134540557861
42885,9,9,9,False,False,0.9992551207542419
42890,9,9,9,False,False,0.9999690055847168
42892,0,0,9,False,False,0.09059406816959381
42900,9,9,9,False,False,0.9843930602073669
42902,5,5,7,False,True,0.12225567549467087
42903,4,4,4,False,False,0.957122266292572
42913,1,9,1,True,True,7.476194696209859e-06
42920,3,3,8,False,True,0.0867370218038559
42923,6,6,6,False,False,0.999998927116394
42924,5,5,5,False,False,0.9853253960609436
42928,2,2,2,False,False,1.0
42943,5,9,5,True,True,1.3337427828830073e-09
42953,3,3,5,False,False,0.3374713659286499
42960,6,6,5,False,True,0.0007098477799445391
42966,5,5,5,False,False,0.9999998807907104
42968,6,6,6,False,False,0.9462652206420898
42982,4,4,4,False,False,0.9978234767913818
43003,8,8,8,False,False,0.9013490080833435
43017,3,3,0,False,True,0.0009070049854926765
43031,4,4,7,False,False,0.3296811878681183
43032,4,4,4,False,False,0.999151349067688
43039,9,9,1,False,True,0.001823844970203936
43047,8,8,0,False,True,0.06594927608966827
43091,7,7,6,False,False,1.271837481908733e-05
43102,1,1,1,False,False,0.6144063472747803
43107,5,5,3,False,True,0.0012994271237403154
43110,3,3,3,False,False,0.7768325209617615
43126,3,5,3,True,True,1.3728553938108234e-07
43140,5,5,5,False,False,0.993022620677948
43143,6,6,2,False,True,6.49768699076958e-05
43159,8,8,9,False,False,0.28727132081985474
43173,2,2,0,False,True,0.2734285295009613
43178,1,1,1,False,False,0.7227997183799744
43187,3,3,3,False,False,1.0
43197,9,9,9,False,False,0.9999901056289673
43204,3,3,3,False,False,0.5662327408790588
43213,5,5,5,False,False,0.9913149476051331
43217,1,1,1,False,False,0.9999934434890747
43218,9,9,9,False,False,0.8502423763275146
43221,5,1,5,True,True,4.641940540750511e-05
43236,6,6,6,False,False,0.8676360249519348
43244,2,2,0,False,True,1.5447791156475432e-05
43246,7,7,7,False,False,1.0
43250,6,6,4,False,True,0.04616791382431984
43254,3,1,3,True,True,5.907901936552662e-07
43262,3,3,5,False,True,0.00020672340178862214
43282,9,9,9,False,False,0.9993748068809509
43284,6,6,6,False,False,0.48878931999206543
43287,2,2,4,False,False,0.15171758830547333
43290,1,1,8,False,True,0.01737808622419834
43297,1,1,1,False,False,0.9997379183769226
43298,6,0,2,True,True,0.011521592736244202
43301,0,0,0,False,False,0.9785327315330505
43306,4,4,4,False,False,0.9467063546180725
43323,5,5,3,False,True,0.3751697540283203
43328,3,3,6,False,True,0.0003877920098602772
43335,4,4,4,False,False,0.9801087975502014
43336,3,3,3,False,False,0.9997530579566956
43339,3,5,4,True,True,0.00039019263931550086
43342,0,0,0,False,False,0.7458338141441345
43379,6,6,1,False,True,0.02273821271955967
43386,4,4,4,False,False,0.9602856636047363
43394,1,1,1,False,False,0.9999942779541016
43410,4,4,4,False,False,0.999985933303833
43431,6,6,6,False,False,0.999962329864502
43439,6,6,6,False,False,0.9998675584793091
43451,0,0,7,False,True,0.02124643325805664
43470,4,4,4,False,False,0.9982442855834961
43491,7,7,7,False,False,0.9999998807907104
43523,2,2,2,False,False,0.8235759735107422
43533,3,3,6,False,True,0.051550451666116714
43534,8,8,8,False,False,0.999991774559021
43554,3,3,3,False,False,0.9999854564666748
43556,7,7,7,False,False,0.9999972581863403
43566,9,9,9,False,False,0.9220670461654663
43569,2,2,2,False,False,1.0
43573,3,3,3,False,False,0.4254876971244812
43583,1,1,1,False,False,0.9995762705802917
43591,9,9,9,False,False,0.9995880722999573
43593,2,2,2,False,False,0.9371415376663208
43609,1,1,1,False,False,0.9996190071105957
43650,4,4,4,False,False,0.5767368078231812
43663,6,6,6,False,False,0.4846374988555908
43706,7,7,8,False,True,0.09133558720350266
43707,3,3,3,False,False,0.9941880702972412
43712,6,1,4,True,True,1.6021193005144596e-05
43715,2,2,2,False,False,0.9511412382125854
43751,3,3,3,False,False,0.9999996423721313
43753,5,5,5,False,False,0.9989822506904602
43759,5,5,5,False,False,0.9818100929260254
43763,2,2,8,False,True,0.0006686801207251847
43770,5,5,3,False,True,0.0020401726942509413
43774,7,7,7,False,False,0.9999253749847412
43778,4,4,9,False,True,0.04090401902794838
43789,1,1,1,False,False,0.9999973773956299
43801,5,5,5,False,False,0.6806764006614685
43826,2,2,2,False,False,1.0
43828,0,0,0,False,False,0.7824709415435791
43855,8,8,8,False,False,0.9999996423721313
43883,8,8,6,False,True,4.7383117873778247e-08
43899,8,8,8,False,False,0.9980494976043701
43904,2,2,2,False,False,0.9997597336769104
43911,1,1,1,False,False,0.9999791383743286
43917,6,6,6,False,False,0.9994614720344543
43929,7,7,2,False,True,0.011449888348579407
43956,5,5,1,False,True,9.938436051015742e-06
43982,8,8,8,False,False,0.9955397248268127
43986,6,6,6,False,False,0.51686030626297
44010,9,9,9,False,False,0.9961479902267456
44025,7,7,7,False,False,0.7029919028282166
44026,1,1,1,False,False,0.7147892117500305
44036,9,9,9,False,False,0.9987367987632751
44037,0,0,0,False,False,0.577314019203186
44050,9,9,9,False,False,0.9244329929351807
44054,8,8,8,False,False,0.9999945163726807
44072,9,9,9,False,False,0.913605809211731
44147,4,4,4,False,False,0.9492263793945312
44148,0,0,0,False,False,0.9591582417488098
44155,9,9,9,False,False,0.9996614456176758
44161,2,2,2,False,False,1.0
44165,0,0,8,False,True,6.514298547699582e-06
44169,7,7,7,False,False,0.9999982118606567
44178,0,0,0,False,False,0.9999849796295166
44190,9,9,9,False,False,0.6749489903450012
44195,2,2,2,False,False,0.9992552399635315
44199,8,8,8,False,False,0.9924886226654053
44201,9,9,9,False,False,0.9989939332008362
44202,4,4,7,False,True,0.0018520234152674675
44213,8,8,1,False,True,3.8766276702517644e-05
44218,2,1,2,True,True,0.00022886689112056047
44223,5,5,3,False,True,0.061019349843263626
44225,1,1,1,False,False,0.8897682428359985
44227,5,5,8,False,True,0.03930794820189476
44255,6,6,6,False,False,0.999936580657959
44264,9,9,9,False,False,0.9999754428863525
44292,7,7,7,False,False,0.9988330006599426
44294,0,0,4,False,True,0.08393169939517975
44309,1,1,1,False,False,1.0
44310,8,8,8,False,False,0.9999922513961792
44317,8,8,0,False,True,0.04005340486764908
44320,0,0,0,False,False,0.9455469846725464
44331,8,8,8,False,False,1.0
44334,2,2,6,False,True,6.969638093323738e-07
44336,4,4,4,False,False,0.8764177560806274
44341,1,1,1,False,False,0.993842363357544
44348,7,7,7,False,False,0.8457583785057068
44369,0,0,0,False,False,0.9963374137878418
44385,1,1,8,False,True,0.16704660654067993
44388,5,5,2,False,True,0.00013818881416227669
44391,9,9,9,False,False,0.9999639987945557
44393,6,6,8,False,False,0.39131292700767517
44398,7,7,3,False,True,0.10197548568248749
44418,1,1,1,False,False,0.9993317723274231
44443,0,0,8,False,True,0.0013776101404801011
44451,3,3,3,False,False,0.947860598564148
44462,9,9,8,False,True,0.00031525545637123287
44465,4,4,4,False,False,0.9921143054962158
44466,1,1,1,False,False,0.9999974966049194
44469,9,9,9,False,False,0.9476298689842224
44476,0,0,0,False,False,0.9268561601638794
44519,4,4,2,False,True,0.0725276917219162
44535,2,2,2,False,False,1.0
44538,5,5,5,False,False,0.9999668598175049
44553,4,4,9,False,True,0.000112433175672777
44558,4,4,4,False,False,0.8456646800041199
44571,1,1,1,False,False,0.8532695174217224
44580,0,0,7,False,True,0.024636367335915565
44583,5,5,5,False,False,0.564556360244751
44588,9,9,9,False,False,0.9999823570251465
44592,0,0,0,False,False,0.9999774694442749
44608,2,2,2,False,False,0.9913047552108765
44637,0,0,0,False,False,0.9999737739562988
44645,0,0,0,False,False,0.5595666170120239
44652,2,2,8,False,True,0.17153555154800415
44655,7,7,4,False,True,0.09789370000362396
44664,7,7,7,False,False,1.0
44673,3,3,3,False,False,0.7155361771583557
44699,9,9,9,False,False,0.9941617846488953
44706,5,5,4,False,True,0.012507705017924309
44712,6,6,2,False,True,0.1948898285627365
44768,3,3,3,False,False,0.9776402711868286
44798,7,7,7,False,False,1.0
44804,4,4,4,False,False,0.7405688762664795
44824,1,1,1,False,False,0.934565544128418
44854,1,1,1,False,False,0.9997649788856506
44878,7,7,7,False,False,0.9999982118606567
44880,8,8,8,False,False,0.9999802112579346
44893,3,2,8,True,False,0.00018091416859533638
44900,4,4,7,False,False,0.16293801367282867
44902,9,9,9,False,False,0.999289870262146
44913,3,2,3,True,True,5.51527925551909e-08
44937,8,8,0,False,True,0.31025922298431396
44938,2,2,3,False,True,0.0019658706150949
44943,3,1,3,True,True,5.798898028430699e-10
44947,9,1,1,True,False,0.9813605546951294
44952,9,9,1,False,True,0.0009215491008944809
44958,7,7,1,False,True,4.593199264490977e-05
44962,4,4,4,False,False,0.7497916221618652
44969,9,9,9,False,False,0.940883219242096
44976,3,3,8,False,True,0.003026839578524232
44980,3,6,2,True,True,1.3086115586702363e-06
44993,1,1,1,False,False,0.9914373755455017
44997,1,1,1,False,False,0.9308097958564758
45006,2,2,2,False,False,0.981123149394989
45010,0,8,0,True,True,0.00010167373693548143
45031,7,7,7,False,False,0.6941935420036316
45033,9,9,9,False,False,0.9989815354347229
45042,2,2,1,False,False,0.37741750478744507
45050,2,2,0,False,True,0.0002566998009569943
45057,3,3,3,False,False,0.987206757068634
45075,3,3,5,False,True,0.1605977565050125
45079,2,2,6,False,True,0.0008044764399528503
45093,9,9,9,False,False,0.8713820576667786
45095,8,8,8,False,False,0.9994717240333557
45097,1,1,9,False,True,7.382946478173835e-06
45104,8,8,8,False,False,0.9895674586296082
45107,9,9,1,False,True,0.15440326929092407
45119,2,2,2,False,False,0.9994354844093323
45131,2,2,2,False,False,0.9999009370803833
45157,1,1,8,False,True,0.07378453016281128
45165,6,6,6,False,False,0.9494602084159851
45167,9,9,9,False,False,0.9988102912902832
45172,7,7,0,False,True,0.11688772588968277
45183,9,9,7,False,True,5.562622027355246e-05
45188,0,0,8,False,True,0.027609309181571007
45199,4,4,4,False,False,0.964975893497467
45202,1,1,1,False,False,0.9921150803565979
45208,6,6,6,False,False,0.9998167157173157
45249,3,3,3,False,False,0.9980837106704712
45254,6,6,6,False,False,0.29463911056518555
45258,1,1,1,False,False,0.8834483623504639
45269,5,5,5,False,False,0.6563212275505066
45271,5,5,5,False,False,0.9999756813049316
45278,5,5,5,False,False,0.8673127293586731
45283,1,1,1,False,False,0.9992502331733704
45290,5,3,9,True,True,0.009326792322099209
45305,6,6,2,False,True,2.29630295507377e-05
45312,5,5,5,False,False,0.4937909245491028
45337,7,0,7,True,True,5.580437090202395e-08
45341,2,2,2,False,False,0.9626463651657104
45346,2,2,2,False,False,0.9999498128890991
45352,7,7,3,False,True,0.002305742586031556
45379,3,1,3,True,True,0.0015856223180890083
45381,4,4,4,False,False,0.9871418476104736
45383,6,2,6,True,True,0.0004600177926477045
45391,0,8,8,True,False,0.9976279139518738
45397,4,0,4,True,True,0.0004862717760261148
45402,3,2,0,True,True,0.004060680512338877
45409,7,7,7,False,False,0.9989018440246582
45410,4,4,7,False,True,0.1264578104019165
45423,0,0,0,False,False,0.9985211491584778
45434,1,1,1,False,False,0.9415532946586609
45441,4,1,8,True,True,0.00021039889543317258
45460,2,2,6,False,True,0.018965916708111763
45475,1,1,1,False,False,0.9844167828559875
45484,0,0,0,False,False,0.999535322189331
45496,4,4,3,False,True,5.748644980485551e-05
45519,5,5,5,False,False,0.9999756813049316
45533,2,4,2,True,True,0.008673012256622314
45538,9,1,9,True,True,0.0005725286900997162
45548,1,1,9,False,True,0.28590214252471924
45566,4,0,3,True,True,1.532475977228387e-07
45589,7,7,7,False,False,0.9911177754402161
45607,6,6,6,False,False,0.9999538660049438
45620,8,8,8,False,False,0.9992650151252747
45622,6,6,6,False,False,0.83026123046875
45624,4,4,4,False,False,0.5744631290435791
45625,3,8,7,True,True,0.0002703926002141088
45626,8,8,8,False,False,0.9894247055053711
45638,6,6,5,False,True,3.1903331546345726e-05
45640,9,9,9,False,False,0.9985230565071106
45646,3,3,3,False,False,0.9991055130958557
45648,8,8,8,False,False,0.9999876022338867
45663,6,6,0,False,False,0.2782270312309265
45664,5,5,3,False,True,3.5450797440717e-05
45668,4,4,4,False,False,0.9971083998680115
45671,9,9,9,False,False,0.9998457431793213
45674,5,5,2,False,True,1.5363806596724316e-05
45685,1,1,1,False,False,0.999984860420227
45698,5,5,5,False,False,0.8962168097496033
45723,4,4,7,False,True,0.02556147798895836
45726,8,8,8,False,False,0.6781001687049866
45740,9,9,9,False,False,0.5531342029571533
45768,1,1,1,False,False,0.9972928166389465
45782,4,4,4,False,False,0.9436783790588379
45797,9,9,9,False,False,0.9994632601737976
45826,6,6,6,False,False,0.9981386661529541
45843,7,7,2,False,True,0.001431922661140561
45845,0,0,0,False,False,0.9741385579109192
45870,5,5,8,False,True,0.005716180428862572
45876,9,9,9,False,False,0.9195878505706787
45882,5,5,5,False,False,0.3773249685764313
45894,4,4,4,False,False,0.9754483699798584
45919,0,0,0,False,False,0.9903512597084045
45922,9,9,9,False,False,0.9912238121032715
45941,5,5,5,False,False,0.9602768421173096
45946,1,1,1,False,False,0.999931812286377
45967,2,2,2,False,False,0.9999821186065674
45970,6,6,6,False,False,0.9973821043968201
45985,8,8,8,False,False,1.0
45987,4,4,6,False,False,0.006860433146357536
45990,2,2,2,False,False,1.0
46016,2,2,2,False,False,0.9567771553993225
46026,1,1,1,False,False,0.9588127732276917
46029,8,8,8,False,False,0.9891707301139832
46040,7,5,7,True,False,0.21701358258724213
46048,8,8,0,False,True,0.012485452927649021
46061,4,4,4,False,False,0.7867544293403625
46068,8,8,8,False,False,0.8187766075134277
46070,3,3,0,False,True,0.0037898761220276356
46075,6,6,6,False,False,0.9995480179786682
46106,2,2,6,False,True,0.16106292605400085
46109,3,3,5,False,True,3.562683161817404e-07
46114,2,2,0,False,True,0.12593285739421844
46125,2,2,2,False,False,1.0
46127,1,1,1,False,False,0.589977502822876
46134,6,6,6,False,False,0.9937732815742493
46149,3,3,3,False,False,0.942648708820343
46154,7,7,7,False,False,0.9996236562728882
46163,9,9,0,False,True,1.1147952136525419e-05
46164,4,4,4,False,False,0.9864481687545776
46172,7,7,7,False,False,0.9778316020965576
46188,6,6,4,False,True,0.28901296854019165
46198,3,5,3,True,True,5.593847527052276e-05
46200,0,0,1,False,True,0.0008592719677835703
46276,4,4,4,False,False,0.9999293088912964
46282,7,7,7,False,False,0.824318528175354
46292,8,8,9,False,True,0.07495194673538208
46304,1,1,1,False,False,0.779062032699585
46305,9,9,9,False,False,0.9998347759246826
46317,6,6,6,False,False,0.9999974966049194
46337,3,3,3,False,False,0.9828373193740845
46346,9,9,9,False,False,0.9779822826385498
46347,3,3,3,False,False,0.6738188862800598
46349,3,3,8,False,True,5.57211424165871e-05
46352,3,3,2,False,True,0.010578684508800507
46356,9,9,9,False,False,0.9999767541885376
46358,1,1,1,False,False,0.9999896287918091
46372,4,4,0,False,True,0.0004376219876576215
46381,5,5,5,False,False,0.9998605251312256
46397,7,7,0,False,True,0.09748079627752304
46405,2,2,2,False,False,0.9999998807907104
46407,6,6,7,False,False,0.25379782915115356
46408,1,1,1,False,False,0.9999781847000122
46433,3,3,3,False,False,0.9999998807907104
46445,8,8,0,False,True,0.12900148332118988
46448,1,1,1,False,False,0.9999899864196777
46449,8,8,8,False,False,0.9999741315841675
46450,2,2,2,False,False,0.9999969005584717
46452,4,4,5,False,True,0.0023246188648045063
46464,8,8,8,False,False,0.9999980926513672
46465,7,7,3,False,True,4.021142558485735e-06
46480,0,0,0,False,False,0.9999366998672485
46481,2,2,2,False,False,0.998997151851654
46496,3,0,8,True,True,0.0035439585335552692
46505,8,8,8,False,False,0.9996318817138672
46513,0,0,2,False,True,0.19406196475028992
46516,2,2,3,False,True,0.3644120693206787
46529,3,5,3,True,True,6.198548618829847e-13
46531,4,4,0,False,True,0.1030004620552063
46550,6,6,6,False,False,0.7939549684524536
46554,0,0,0,False,False,0.5038420557975769
46578,4,4,4,False,False,0.9992545247077942
46589,2,2,2,False,False,0.9999903440475464
46596,3,3,5,False,True,0.007706159725785255
46629,9,9,1,False,True,0.0003922380565200001
46638,5,5,5,False,False,0.9970077872276306
46640,7,7,7,False,False,0.9993694424629211
46682,3,3,6,False,True,0.2103966772556305
46688,3,3,3,False,False,0.9939263463020325
46692,0,0,9,False,True,3.07012269331608e-05
46699,8,8,8,False,False,0.9999496936798096
46708,5,5,3,False,True,0.00885788258165121
46734,5,2,5,True,True,0.0035261015873402357
46743,6,6,6,False,False,0.9981951117515564
46749,0,0,0,False,False,0.9999994039535522
46772,6,6,2,False,False,0.3364219069480896
46778,4,4,4,False,False,0.9997492432594299
46802,0,0,0,False,False,0.9999969005584717
46806,7,7,7,False,False,0.9991862177848816
46808,9,9,9,False,False,0.9448577761650085
46848,9,9,9,False,False,0.9964097142219543
46853,5,5,5,False,False,0.9999730587005615
46862,3,3,2,False,True,3.5954049963038415e-05
46876,0,0,8,False,True,0.027400480583310127
46885,6,6,6,False,False,0.9927573204040527
46902,0,0,0,False,False,0.9999973773956299
46909,2,2,2,False,False,0.9999992847442627
46916,5,5,5,False,False,0.998938262462616
46927,5,3,3,True,False,0.8466635942459106
46944,8,8,8,False,False,0.9996377229690552
46952,6,6,6,False,False,0.9993385672569275
46975,8,8,8,False,False,0.9583667516708374
46978,9,9,1,False,True,0.013624651357531548
46983,2,2,4,False,True,3.1518065934932338e-09
46990,0,2,0,True,True,0.0003120374458376318
46996,7,7,7,False,False,0.9999873638153076
46997,5,3,3,True,False,0.8962271213531494
46998,4,4,5,False,True,0.03361973911523819
47002,9,9,9,False,False,0.9999829530715942
47013,9,9,9,False,False,0.9049071669578552
47026,1,1,1,False,False,0.99955815076828
47027,7,7,7,False,False,0.999976634979248
47067,3,3,3,False,False,0.4902852475643158
47096,6,6,6,False,False,0.9999843835830688
47115,6,6,6,False,False,0.9992644190788269
47120,4,4,2,False,False,0.40340667963027954
47125,7,7,7,False,False,0.9767972826957703
47130,8,8,8,False,False,0.9999892711639404
47157,5,5,5,False,False,0.9999998807907104
47172,2,2,5,False,True,0.013277586549520493
47175,9,9,9,False,False,0.9970334768295288
47182,1,1,1,False,False,0.8498080968856812
47185,7,7,3,False,True,0.011305599473416805
47212,8,8,8,False,False,0.9989159107208252
47216,4,4,8,False,True,1.2398173566907644e-05
47222,6,6,6,False,False,0.9982179999351501
47232,4,4,2,False,True,0.1646764874458313
47241,7,7,7,False,False,0.9999947547912598
47258,5,5,5,False,False,0.9391145706176758
47270,7,7,7,False,False,0.9890483021736145
47285,7,7,4,False,True,0.00019515820895321667
47290,1,1,9,False,True,0.002428005449473858
47305,4,4,7,False,True,0.15072037279605865
47311,4,4,4,False,False,0.9992595314979553
47318,4,2,3,True,True,0.17317792773246765
47336,0,0,8,False,True,0.04735496640205383
47339,0,0,0,False,False,0.9950071573257446
47356,7,7,7,False,False,0.9990860223770142
47371,2,2,2,False,False,0.9717652201652527
47382,7,7,5,False,True,0.045309051871299744
47385,4,4,0,False,True,0.004156407900154591
47391,8,8,9,False,True,0.003195833647623658
47400,8,8,0,False,True,0.3471068739891052
47401,0,0,8,False,True,0.0226521585136652
47403,4,4,4,False,False,0.6442780494689941
47420,9,1,9,True,False,0.4102238118648529
47421,0,0,0,False,False,0.995020866394043
47422,7,7,7,False,False,0.9992924928665161
47457,1,1,1,False,False,0.8875417709350586
47465,6,6,6,False,False,0.9754406213760376
47469,9,9,9,False,False,0.7930753231048584
47490,3,3,9,False,True,0.004350950010120869
47500,2,2,2,False,False,0.8996002674102783
47505,5,5,3,False,True,0.019610079005360603
47509,5,5,2,False,True,0.03762290999293327
47523,3,8,3,True,True,0.05550212785601616
47534,4,4,4,False,False,0.9612690806388855
47540,1,1,1,False,False,0.9996403455734253
47556,7,7,5,False,True,0.12152073532342911
47587,2,2,4,False,True,0.03412314131855965
47615,8,8,8,False,False,0.999971866607666
47617,0,0,0,False,False,0.9545395374298096
47628,8,8,8,False,False,0.9999960660934448
47629,5,5,6,False,False,0.07410253584384918
47638,7,7,7,False,False,0.999998927116394
47643,3,5,3,True,True,0.058961883187294006
47656,9,9,9,False,False,0.991690993309021
47660,9,9,9,False,False,0.9990076422691345
47662,5,5,5,False,False,1.0
47665,7,7,1,False,False,0.23327691853046417
47683,3,3,3,False,False,0.6802307963371277
47686,1,1,9,False,True,0.0024956425186246634
47699,9,9,9,False,False,0.5565255880355835
47701,1,1,1,False,False,0.9709416627883911
47705,3,3,7,False,True,3.3204869396286085e-05
47706,1,1,1,False,False,0.9999858140945435
47709,9,1,9,True,True,3.908910002792254e-06
47730,2,2,2,False,False,0.9953343272209167
47737,3,3,3,False,False,0.9991726279258728
47739,5,5,5,False,False,0.9987192153930664
47741,3,8,3,True,True,0.00909481942653656
47753,5,5,5,False,False,0.6143059134483337
47761,1,1,1,False,False,0.9999829530715942
47776,8,8,8,False,False,1.0
47785,9,9,9,False,False,0.9982801675796509
47787,9,1,1,True,False,0.8463350534439087
47790,6,6,6,False,False,0.9770708084106445
47796,4,4,4,False,False,0.7437524199485779
47799,0,0,9,False,True,0.008744696155190468
47806,8,8,9,False,True,0.14182209968566895
47814,8,8,8,False,False,0.9939637780189514
47819,3,3,5,False,True,0.026804432272911072
47823,3,2,9,True,False,6.110058166086674e-06
47835,7,7,7,False,False,0.9364991784095764
47845,1,1,1,False,False,0.999984622001648
47849,0,0,0,False,False,0.9999895095825195
47853,2,2,2,False,False,0.9992209672927856
47858,6,6,6,False,False,0.9996080994606018
47888,6,6,6,False,False,0.9888193011283875
47899,5,5,5,False,False,0.9574347734451294
47903,2,2,1,False,True,6.81790318646236e-11
47908,4,4,4,False,False,0.9999997615814209
47910,2,2,4,False,True,3.0229758854558725e-14
47920,5,5,5,False,False,0.9999959468841553
47936,2,2,3,False,True,0.06304746121168137
47949,5,2,5,True,True,0.0005373622989282012
47951,4,4,4,False,False,0.8182380795478821
47954,5,5,5,False,False,0.9907742142677307
47961,6,6,6,False,False,0.9987095594406128
47976,6,6,6,False,False,1.0
47980,1,1,8,False,True,3.2477701097377576e-06
48007,3,3,0,False,True,0.0023957332596182823
48017,9,9,7,False,True,0.00017211666272487491
48018,4,8,4,True,True,0.23629051446914673
48055,7,7,0,False,True,0.03754976764321327
48064,2,2,3,False,True,0.18188050389289856
48075,1,1,1,False,False,0.9930994510650635
48083,5,5,3,False,True,6.04409144955298e-09
48086,1,1,1,False,False,0.9992161989212036
48119,0,0,0,False,False,0.9999974966049194
48120,8,8,8,False,False,0.9999969005584717
48141,1,1,0,False,True,0.024442702531814575
48160,6,9,2,True,True,3.6620953665356115e-12
48165,9,9,1,False,True,0.009900478646159172
48172,4,3,6,True,True,0.06681451201438904
48176,6,6,6,False,False,0.95521080493927
48200,3,9,5,True,True,2.2472484317859198e-07
48203,6,6,6,False,False,0.9999992847442627
48204,7,7,7,False,False,1.0
48211,4,4,0,False,True,0.005026922561228275
48214,6,6,6,False,False,0.9999969005584717
48229,6,6,6,False,False,0.955094039440155
48232,2,2,2,False,False,0.759415864944458
48233,3,3,4,False,True,0.006375262048095465
48255,7,7,8,False,True,3.647393668870791e-06
48259,2,2,2,False,False,0.9976174235343933
48262,3,3,5,False,True,0.005204062908887863
48270,2,2,2,False,False,0.9989585876464844
48293,1,1,1,False,False,0.9999456405639648
48303,5,5,0,False,True,0.05885351821780205
48317,0,0,8,False,True,0.008505862206220627
48336,8,8,8,False,False,0.6137452721595764
48339,9,9,9,False,False,0.8101451992988586
48349,7,7,5,False,True,0.001686515868641436
48359,0,0,0,False,False,0.9999139308929443
48367,4,4,0,False,False,0.0005551428184844553
48384,2,2,2,False,False,0.6198612451553345
48393,8,8,0,False,True,0.05514105409383774
48398,5,5,5,False,False,0.999848484992981
48406,6,6,4,False,True,0.32691577076911926
48413,4,4,4,False,False,0.9965407252311707
48426,3,3,3,False,False,0.9996644258499146
48433,4,2,7,True,True,0.018059242516756058
48484,4,4,4,False,False,0.6959228515625
48501,2,2,2,False,False,0.7895599603652954
48521,4,4,4,False,False,0.737477719783783
48539,1,1,1,False,False,0.9946558475494385
48541,8,8,8,False,False,0.9991089701652527
48542,6,6,6,False,False,0.9999997615814209
48547,2,2,2,False,False,0.9998223185539246
48549,2,2,2,False,False,0.999996542930603
48572,3,3,8,False,True,0.00469061266630888
48577,9,1,8,True,True,0.001377037842758
48579,7,7,7,False,False,0.9999326467514038
48601,3,3,3,False,False,0.9998536109924316
48602,8,8,8,False,False,0.9995112419128418
48623,9,0,9,True,False,0.3100699782371521
48627,6,6,2,False,True,0.13488855957984924
48628,2,2,0,False,True,0.0008859174558892846
48633,9,9,9,False,False,0.997991681098938
48644,1,9,1,True,True,0.00026570679619908333
48648,9,9,1,False,False,0.49013781547546387
48671,0,0,7,False,True,0.0009197579929605126
48673,5,5,3,False,True,0.0001488853886257857
48678,8,8,8,False,False,1.0
48693,5,5,6,False,True,0.0002541214053053409
48714,7,7,7,False,False,0.8986015319824219
48728,1,1,1,False,False,0.9999994039535522
48738,4,4,4,False,False,0.8132284283638
48743,9,9,9,False,False,0.9975146055221558
48748,0,0,8,False,True,0.15356013178825378
48750,5,5,5,False,False,0.9230031371116638
48776,3,3,3,False,False,0.9999997615814209
48778,0,0,0,False,False,0.9992545247077942
48800,2,8,7,True,True,2.8333606678643264e-05
48811,7,7,7,False,False,1.0
48817,5,5,7,False,True,0.07581966370344162
48846,3,3,5,False,True,0.06459316611289978
48865,7,7,7,False,False,0.9999998807907104
48870,2,0,0,True,False,0.9586740732192993
48882,5,5,0,False,True,0.30632689595222473
48884,4,0,4,True,True,0.0005906696314923465
48899,1,1,1,False,False,0.9757226705551147
48906,2,2,2,False,False,0.9999229907989502
48914,3,3,5,False,True,0.010757176205515862
48919,9,9,9,False,False,0.9584554433822632
48922,2,2,2,False,False,0.9909493327140808
48969,4,4,0,False,True,0.002428848296403885
48975,1,1,1,False,False,0.9964761137962341
48998,9,9,9,False,False,0.9346129298210144
49011,8,8,8,False,False,0.9999876022338867
49023,4,4,4,False,False,0.8872235417366028
49024,4,4,4,False,False,0.9999977350234985
49026,9,9,9,False,False,0.9994142055511475
49040,1,1,1,False,False,0.9995400905609131
49052,5,5,5,False,False,0.9999964237213135
49072,9,9,9,False,False,0.9994615912437439
49081,3,3,3,False,False,0.9604693651199341
49083,3,3,5,False,True,1.1957398783124518e-05
49090,8,8,8,False,False,0.9960875511169434
49099,2,2,2,False,False,0.9063555598258972
49104,2,2,2,False,False,0.9862101674079895
49121,1,1,1,False,False,0.9961276650428772
49125,9,9,9,False,False,0.9887810945510864
49154,4,4,4,False,False,0.9761409759521484
49180,8,8,8,False,False,0.9890244603157043
49186,1,1,1,False,False,0.7748159766197205
49190,3,3,3,False,False,0.9670381546020508
49204,4,4,2,False,True,2.950691690983831e-09
49213,4,4,2,False,True,0.03641752153635025
49231,7,7,7,False,False,0.9787757396697998
49267,5,5,5,False,False,0.9960504174232483
49273,3,3,3,False,False,0.9999979734420776
49275,2,2,6,False,False,0.44111576676368713
49309,7,7,7,False,False,1.0
49316,5,5,3,False,True,0.03403770178556442
49320,6,6,6,False,False,0.9999994039535522
49321,8,8,8,False,False,0.7994310259819031
49332,7,7,7,False,False,0.9992738366127014
49341,7,7,7,False,False,0.9631713628768921
49345,1,1,0,False,False,0.4476883113384247
49351,6,6,6,False,False,0.9999598264694214
49372,8,8,8,False,False,0.9997410178184509
49377,7,7,4,False,True,0.008890535682439804
49388,8,8,8,False,False,0.9991064667701721
49411,1,1,1,False,False,0.5713295340538025
49417,9,9,1,False,True,0.01887420564889908
49429,8,8,8,False,False,0.5110905766487122
49477,9,9,9,False,False,0.9999703168869019
49488,4,4,4,False,False,0.8012984395027161
49492,3,3,6,False,False,0.46915203332901
49501,8,8,8,False,False,0.9999592304229736
49506,4,4,4,False,False,0.99901282787323
49511,0,0,0,False,False,0.9284979701042175
49534,9,9,9,False,False,0.9430646300315857
49544,3,3,5,False,False,0.3575892746448517
49563,3,3,5,False,True,0.002222915878519416
49564,4,4,2,False,True,0.016652017831802368
49571,8,8,6,False,True,0.00029001632356084883
49577,5,5,4,False,True,0.007254138123244047
49597,4,4,7,False,False,0.0031531613785773516
49610,7,5,7,True,True,0.010714352130889893
49616,1,0,1,True,True,5.743577730754623e-06
49618,3,3,9,False,True,0.24890656769275665
49627,7,7,7,False,False,0.999996542930603
49628,0,0,0,False,False,0.9034408330917358
49629,1,1,8,False,True,0.16630950570106506
49632,3,3,3,False,False,0.5039970874786377
49636,6,6,6,False,False,0.999992847442627
49646,3,5,2,True,True,0.0022556211333721876
49647,5,5,5,False,False,0.8538932204246521
49654,8,8,1,False,True,0.004471675958484411
49672,0,0,8,False,False,0.42269274592399597
49691,3,2,5,True,True,6.181243747960252e-07
49692,3,3,2,False,True,0.1256272941827774
49699,4,7,2,True,True,0.004995285999029875
49718,4,4,8,False,True,0.002591662807390094
49745,7,7,7,False,False,0.9975945353507996
49748,1,1,1,False,False,0.99991774559021
49758,4,4,4,False,False,0.7095902562141418
49762,3,3,3,False,False,0.9733017086982727
49784,2,2,4,False,True,0.014409729279577732
49787,1,1,1,False,False,0.9991970658302307
49793,9,9,9,False,False,0.9809536933898926
49797,5,5,5,False,False,0.9607426524162292
49802,2,2,2,False,False,0.9991866946220398
49804,6,6,6,False,False,0.984181821346283
49816,9,9,1,False,True,0.0038045698311179876
49826,5,5,3,False,True,0.1725141406059265
49844,9,9,9,False,False,0.9974048733711243
49855,3,3,0,False,True,0.0004976860946044326
49858,2,2,2,False,False,0.9915252327919006
49860,9,9,9,False,False,0.9642680883407593
49888,2,2,2,False,False,0.9999613761901855
49901,3,3,4,False,True,1.4630597434006631e-05
49904,9,1,9,True,True,0.14625601470470428
49920,5,5,5,False,False,0.9999998807907104
49925,7,7,5,False,True,0.04908476769924164
49930,0,0,8,False,True,0.1400480717420578
49957,5,5,5,False,False,0.998103141784668
49971,9,9,9,False,False,0.9999728202819824
49975,3,3,5,False,True,0.00012797259842045605
49981,4,4,4,False,False,0.9710187911987305
49991,2,2,2,False,False,1.0
49999,1,1,1,False,False,0.5486060380935669
