original_index,clean_label,human_noisy_label,predicted_label,actual_label_error,cleanlab_flagged,label_quality_score
1,29,63,29,True,True,0.0000000187
2,0,10,0,True,True,0.0023377351
9,31,31,31,False,False,0.9999095201
17,97,34,43,True,True,0.0000000053
19,71,71,71,False,False,0.6811088324
29,64,66,36,True,True,0.0005279852
47,90,90,58,False,True,0.1505704671
53,9,16,16,True,False,0.8837524056
61,55,97,65,True,True,0.0050282031
62,72,64,3,True,True,0.0158004109
69,53,53,53,False,False,0.9317089319
70,92,92,92,False,False,0.9999002218
75,18,93,17,True,True,0.0058645466
83,38,38,89,False,True,0.0020957335
85,42,72,27,True,True,0.0007753504
89,18,41,18,True,True,0.0000000004
92,35,35,35,False,False,0.8121545315
96,75,75,75,False,False,0.5992172956
101,39,39,39,False,False,0.9444248080
110,59,96,33,True,True,0.0154925864
111,64,64,21,False,True,0.0001449954
116,68,68,12,False,True,0.0572374426
118,20,20,20,False,False,0.9930567741
120,34,88,97,True,True,0.1417622715
123,53,53,53,False,False,0.9691212773
124,88,88,88,False,False,0.9998818636
126,70,70,83,False,True,0.0000352509
132,87,87,94,False,True,0.0036471337
133,30,30,73,False,True,0.0000070678
154,33,33,33,False,False,0.9275623560
157,79,30,79,True,True,0.0000000189
161,28,10,28,True,True,0.3012143373
162,85,85,39,False,True,0.0004449480
173,64,64,27,False,True,0.0005314620
175,72,3,32,True,True,0.0000474507
177,44,44,67,False,True,0.0184088256
180,19,19,19,False,False,0.9925767779
184,79,79,32,False,True,0.2451103330
190,46,46,46,False,False,0.8672940135
191,67,30,1,True,True,0.0630915388
198,86,86,78,False,True,0.3356544673
201,73,73,93,False,True,0.1887497157
220,9,9,9,False,False,0.9278308749
224,19,19,55,False,True,0.1693408787
230,90,90,12,False,True,0.0014276643
232,79,79,24,False,True,0.0073180958
237,40,40,40,False,False,0.9964530468
238,29,29,29,False,False,0.7578192949
239,22,22,61,False,True,0.0776310489
247,65,80,65,True,True,0.0509306826
248,39,39,39,False,False,0.9968259335
257,89,48,89,True,True,0.0000392183
258,52,52,96,False,True,0.1784303933
261,95,91,32,True,True,0.0000034224
264,34,34,50,False,True,0.0007897599
267,46,46,89,False,True,0.0002505100
271,1,1,14,False,True,0.0443865433
286,13,13,76,False,True,0.0000095091
290,7,7,7,False,False,0.9989268184
291,41,41,58,False,True,0.0008631082
304,0,0,83,False,False,0.3009570241
305,78,99,99,True,False,0.9980267882
308,2,2,35,False,True,0.0002252566
311,83,83,83,False,False,0.9533450603
314,82,82,6,False,True,0.0010076907
319,5,5,7,False,True,0.0000602028
327,66,72,66,True,True,0.0000000001
330,54,82,70,True,True,0.0020761159
331,57,48,57,True,True,0.0000000002
354,21,21,33,False,True,0.0000850727
362,82,82,82,False,False,0.9999462366
365,65,65,1,False,True,0.0008757751
368,15,15,15,False,False,0.9560682774
375,77,69,93,True,True,0.0000008672
380,55,64,93,True,True,0.0100053418
381,85,85,58,False,True,0.0000474203
388,20,20,20,False,False,0.4549952745
389,4,80,50,True,True,0.0000000000
390,48,48,89,False,True,0.0200350303
392,48,8,48,True,True,0.0000013332
401,46,46,98,False,True,0.0010752615
407,18,33,33,True,False,0.3723048270
410,88,96,88,True,True,0.0000006321
413,24,7,18,True,True,0.0005574383
415,68,68,49,False,True,0.0209285542
417,89,89,41,False,True,0.0000000000
420,7,7,7,False,False,0.9998059869
429,6,6,6,False,False,0.9999556541
432,65,65,3,False,True,0.0000000555
433,9,9,18,False,True,0.0004983512
437,18,18,18,False,False,0.9122669101
444,75,75,7,False,True,0.0203658659
452,90,81,12,True,True,0.0006024705
453,29,29,34,False,True,0.0012971861
456,54,54,54,False,False,0.6004940867
457,77,77,74,False,True,0.0000052153
458,97,97,97,False,False,0.9999421835
461,75,36,75,True,True,0.0000046721
462,60,92,71,True,True,0.0001231182
463,65,65,75,False,True,0.2146372348
465,58,58,58,False,False,0.9634572268
466,82,82,82,False,False,0.3627786338
467,49,49,49,False,False,0.9997766614
469,28,28,10,False,True,0.0001813025
473,61,61,33,False,True,0.2427806407
475,20,20,84,False,True,0.0023904133
505,30,30,73,False,True,0.0276367217
509,20,20,20,False,False,0.6956018806
514,65,36,72,True,True,0.1251424551
515,49,55,49,True,True,0.0051855822
516,71,55,71,True,True,0.0028823379
517,59,55,96,True,True,0.0001547090
531,88,88,88,False,False,0.9991920590
532,10,98,40,True,True,0.0000125558
560,48,58,48,True,True,0.0000005479
574,71,71,85,False,True,0.0693152845
580,2,77,14,True,True,0.0000000452
582,62,67,62,True,True,0.0000002070
588,12,12,76,False,True,0.0000231583
599,11,11,46,False,True,0.2175725698
615,65,65,3,False,True,0.0000003948
619,33,33,33,False,False,0.6260547042
620,5,5,20,False,False,0.2421457022
621,14,14,1,False,True,0.0000256128
637,98,98,98,False,False,0.7623203397
638,4,91,95,True,True,0.0018171994
641,40,98,46,True,True,0.0002481886
652,23,23,23,False,False,0.9635253549
653,60,60,60,False,False,0.2743855715
660,9,9,9,False,False,0.9999864101
673,81,81,55,False,True,0.0002158382
674,25,25,84,False,True,0.0000330142
681,53,53,62,False,True,0.1483170390
682,48,48,48,False,False,0.9992721677
693,37,37,55,False,True,0.0000963407
694,13,13,13,False,False,0.9866216183
700,17,46,69,True,True,0.0000445933
701,24,30,24,True,True,0.0000001097
710,5,5,84,False,True,0.1225875393
714,6,62,45,True,True,0.1008637622
727,62,62,82,False,False,0.0123680076
730,93,55,26,True,True,0.0006464799
737,62,83,86,True,True,0.1052352190
740,98,35,35,True,False,0.9671176076
743,70,70,70,False,False,0.8444865942
750,66,66,98,False,True,0.0001601918
751,92,83,62,True,True,0.0009746708
752,53,53,53,False,False,0.9999148846
759,69,69,69,False,False,0.9886175990
767,98,57,11,True,True,0.0000011527
773,51,51,98,False,True,0.0000050916
789,0,0,57,False,False,0.4241897166
794,64,65,74,True,True,0.0000014243
797,63,64,93,True,True,0.0010837511
801,95,73,30,True,True,0.0000144866
802,65,63,65,True,True,0.0000214143
806,58,55,13,True,True,0.0000008007
816,63,77,64,True,True,0.0000074957
821,26,45,14,True,True,0.0004264356
823,60,23,71,True,False,0.2547492683
826,63,50,50,True,False,0.9998052716
832,64,50,31,True,True,0.0042371969
842,26,79,79,True,False,0.4052076042
847,52,52,33,False,True,0.1332081109
848,65,65,22,False,True,0.0000116035
852,15,15,19,False,True,0.1684608907
864,54,4,54,True,True,0.0000017021
882,17,17,17,False,False,0.4387718439
883,74,74,34,False,True,0.0000010624
885,46,46,98,False,True,0.1324344724
887,85,85,3,False,True,0.0281578265
888,98,98,32,False,True,0.0347424783
895,68,68,23,False,True,0.0000032269
903,97,97,33,False,False,0.2713400722
907,54,92,6,True,True,0.0000004822
909,41,41,41,False,False,0.9118602276
914,29,29,33,False,True,0.0011870245
915,0,0,0,False,False,0.9999530315
919,33,33,33,False,False,0.9168193340
924,71,71,71,False,False,0.9572286010
925,94,94,94,False,False,0.9534959793
927,15,15,49,False,True,0.0001202508
929,98,98,98,False,False,0.9983940721
930,29,29,29,False,False,0.9998819828
943,3,3,41,False,True,0.0002496310
949,42,42,34,False,True,0.0722765997
953,86,86,89,False,True,0.0009318496
974,34,34,36,False,True,0.0048956708
988,23,73,71,True,True,0.0023198666
1000,54,62,54,True,True,0.0006678745
1009,6,6,6,False,False,0.5744230151
1013,42,88,80,True,True,0.0000767829
1030,93,93,6,False,True,0.0001239674
1032,52,60,60,True,False,0.6737745404
1048,59,59,33,False,True,0.0349903293
1051,28,28,28,False,False,0.5729186535
1055,27,91,32,True,True,0.0000440588
1059,53,51,1,True,True,0.0000001643
1062,39,39,39,False,False,0.9983536005
1067,35,9,2,True,True,0.0000002985
1068,85,85,33,False,False,0.0157499630
1069,71,71,71,False,False,0.9933199883
1074,90,90,36,False,True,0.0000001596
1075,74,36,27,True,True,0.0093907826
1080,37,37,37,False,False,0.9973601699
1085,44,44,69,False,True,0.0002583303
1092,5,5,5,False,False,0.4893861413
1110,24,24,79,False,True,0.3807287514
1118,44,44,3,False,True,0.0812643915
1125,34,34,19,False,True,0.0078591947
1137,87,87,25,False,True,0.0000969452
1140,49,49,49,False,False,0.9237083197
1142,77,77,77,False,False,0.8739692569
1147,49,33,33,True,False,0.5437759161
1162,12,12,12,False,False,0.9986892343
1164,77,6,56,True,True,0.0000000074
1165,9,9,9,False,False,0.4959808290
1168,97,97,97,False,False,0.6251865625
1169,63,74,36,True,True,0.0339989588
1180,4,40,91,True,True,0.0012071320
1200,87,87,87,False,False,0.6890847087
1204,93,93,83,False,False,0.0139352446
1207,93,93,74,False,True,0.0000025941
1209,51,93,51,True,True,0.0000166004
1211,58,58,44,False,False,0.1495237947
1213,5,71,71,True,False,0.5510779023
1214,30,95,73,True,True,0.0018667877
1219,7,89,7,True,True,0.0004826403
1223,80,66,72,True,True,0.0000002925
1225,68,68,68,False,False,0.9959897399
1230,12,71,72,True,True,0.0003552556
1232,88,88,88,False,False,0.8256242871
1237,59,59,59,False,False,0.8437382579
1244,86,86,86,False,False,0.9963171482
1246,95,95,73,False,True,0.0231236368
1247,67,67,30,False,True,0.0118780620
1249,11,11,11,False,False,0.4182523191
1250,45,26,26,True,False,0.5651830435
1254,15,15,15,False,False,0.4774036109
1256,41,41,41,False,False,0.9647747874
1262,93,93,99,False,False,0.0002602602
1265,51,51,51,False,False,0.6838389635
1266,35,11,46,True,True,0.0000032199
1280,21,21,21,False,False,0.8204190135
1284,17,12,17,True,True,0.0000000052
1286,60,49,49,True,False,0.9708386660
1287,13,13,13,False,False,0.9806056619
1293,28,72,28,True,True,0.0000000000
1296,82,82,82,False,False,0.8533891439
1302,4,4,55,False,True,0.0003514767
1303,35,35,46,False,True,0.2292907685
1308,4,55,15,True,True,0.0000000019
1311,98,98,11,False,True,0.0840971693
1316,29,29,26,False,True,0.0273934118
1318,43,43,43,False,False,0.9964732528
1320,6,54,54,True,False,0.5127028227
1322,80,65,74,True,True,0.0016248617
1325,38,34,34,True,False,0.5123224854
1328,98,98,26,False,True,0.0000224708
1331,70,32,92,True,True,0.0440786257
1338,3,3,97,False,True,0.0004046318
1342,86,86,86,False,False,0.9999866486
1344,92,1,89,True,True,0.0006241667
1346,38,69,38,True,True,0.0000001850
1347,72,60,23,True,True,0.0000188848
1355,10,61,0,True,True,0.0000416323
1356,67,67,32,False,True,0.0293018632
1368,11,55,2,True,True,0.0000000053
1372,85,29,85,True,True,0.0000001974
1375,9,9,59,False,True,0.3861515820
1376,64,16,35,True,True,0.0026542409
1380,26,79,26,True,True,0.0108035197
1387,94,94,94,False,False,0.8982025981
1404,80,64,41,True,True,0.0000152662
1413,83,83,77,False,True,0.0048330263
1414,16,9,9,True,False,0.9387747645
1423,73,95,93,True,True,0.0739485547
1427,53,53,53,False,False,0.8050261736
1444,28,28,28,False,False,0.6974646449
1450,54,70,18,True,True,0.0176690854
1452,17,17,17,False,False,0.3498758972
1453,74,80,55,True,True,0.0023911460
1454,18,99,6,True,True,0.1695319116
1457,8,8,8,False,False,0.9893175960
1462,94,94,94,False,False,0.9858237505
1465,69,69,92,False,True,0.0936196074
1466,94,94,94,False,False,0.4168727994
1470,19,19,19,False,False,0.9986910224
1473,46,46,98,False,True,0.0003510950
1484,70,92,92,True,False,0.7754034996
1487,25,25,7,False,True,0.0027408900
1488,93,95,2,True,True,0.0004681764
1493,77,14,62,True,True,0.0087772273
1498,95,73,71,True,True,0.0000628669
1502,90,90,90,False,False,0.7208839059
1509,84,84,46,False,True,0.0429225825
1513,86,22,22,True,False,0.7083753943
1519,47,32,52,True,True,0.0027918117
1523,59,52,33,True,True,0.0142822424
1531,64,36,0,True,True,0.0000020639
1536,91,1,32,True,True,0.0003073103
1538,27,27,88,False,True,0.0031782351
1542,49,49,49,False,False,0.9622885585
1548,33,33,33,False,False,0.2727188170
1561,92,0,83,True,True,0.2458924353
1564,8,8,8,False,False,0.9782544374
1575,74,36,44,True,True,0.0000000001
1576,98,98,46,False,True,0.0867275819
1585,44,67,44,True,True,0.0000017484
1593,57,57,83,False,True,0.0004797568
1599,6,6,14,False,True,0.0172211584
1600,6,6,6,False,False,0.9919734001
1608,51,51,51,False,False,0.2955692708
1610,49,49,49,False,False,0.9793106914
1613,37,37,37,False,False,0.3958329260
1622,33,33,33,False,False,0.8525981903
1649,90,90,49,False,True,0.0000203637
1652,1,1,51,False,True,0.0021185775
1653,3,3,3,False,False,0.2235934436
1654,52,52,52,False,False,0.8111160994
1656,66,66,31,False,True,0.0000565440
1658,71,23,33,True,True,0.0184500590
1661,61,61,61,False,False,0.9999247789
1667,79,79,6,False,True,0.0604243502
1668,52,60,52,True,True,0.0031655359
1671,89,89,89,False,False,0.9988916516
1676,15,15,46,False,True,0.0000233796
1687,97,97,97,False,False,0.9978883862
1691,65,65,15,False,True,0.0994286984
1701,56,60,21,True,True,0.0000075734
1702,21,21,21,False,False,0.9999724627
1718,24,24,30,False,True,0.0342629105
1721,87,87,87,False,False,0.7021518946
1732,32,1,7,True,True,0.0000000036
1736,77,77,77,False,False,0.9773696065
1739,52,52,52,False,False,0.4145473540
1746,13,13,13,False,False,0.9970319271
1747,8,8,8,False,False,0.9991642237
1748,87,87,66,False,True,0.0008284716
1752,9,9,9,False,False,0.9358655810
1755,5,84,16,True,True,0.0004116967
1761,97,97,97,False,False,0.9965634942
1765,47,47,47,False,False,0.7071862817
1770,97,36,97,True,True,0.0000027963
1775,84,84,16,False,True,0.0000001962
1777,12,12,69,False,False,0.1847106069
1783,56,33,56,True,True,0.0000438720
1784,2,11,2,True,True,0.0066969162
1801,89,89,26,False,True,0.0079939505
1803,26,74,78,True,True,0.0002743963
1814,65,65,71,False,True,0.0003801809
1815,92,70,62,True,True,0.0007130540
1819,20,20,20,False,False,0.9500824809
1820,64,64,64,False,False,0.9993392825
1822,56,59,59,True,False,0.3716307878
1834,29,43,31,True,True,0.0000000077
1841,48,48,48,False,False,0.9996346235
1843,1,1,1,False,False,0.3548765481
1844,59,96,42,True,True,0.0000135745
1847,69,69,30,False,True,0.0000064439
1852,35,35,35,False,False,0.5205577016
1854,82,82,82,False,False,0.9999946356
1857,83,83,14,False,True,0.0008569871
1858,5,5,30,False,True,0.0000599137
1859,18,59,3,True,True,0.0000420504
1865,44,44,91,False,True,0.0000679705
1869,55,66,34,True,True,0.0001664619
1870,35,35,98,False,False,0.0001211057
1871,46,46,46,False,False,0.6452031136
1875,53,53,51,False,True,0.0000651201
1876,9,9,9,False,False,0.6439662576
1877,12,12,12,False,False,0.7532749176
1881,69,69,69,False,False,0.6945391893
1888,54,54,54,False,False,0.8842786551
1901,52,96,52,True,False,0.1274318844
1910,26,26,6,False,True,0.0027573491
1912,91,73,91,True,True,0.0094350697
1913,82,82,7,False,True,0.0000281061
1919,82,69,82,True,False,0.0021394419
1920,28,28,28,False,False,0.2603746951
1938,34,34,34,False,False,0.8924302459
1942,48,53,48,True,True,0.0000000000
1950,60,60,71,False,True,0.0001493401
1952,41,85,19,True,True,0.0000050685
1957,85,85,89,False,True,0.0218798630
1958,51,51,51,False,False,0.9999198914
1963,75,4,80,True,True,0.0000000000
1965,48,48,48,False,False,0.9860046506
1971,28,28,28,False,False,0.9777842760
1972,92,92,89,False,True,0.0000024119
1974,5,5,84,False,True,0.2288710326
1979,0,57,40,True,True,0.0001353843
1987,71,71,72,False,True,0.2769024670
2003,18,52,18,True,True,0.0005528817
2010,8,8,8,False,False,0.9906463623
2015,36,36,36,False,False,0.9956459403
2019,75,75,27,False,True,0.0000000778
2022,36,36,19,False,True,0.0007889749
2025,95,30,73,True,True,0.0002636531
2027,95,30,95,True,True,0.0000252653
2031,21,21,35,False,True,0.0000716416
2041,30,30,30,False,False,0.6502653956
2046,94,94,94,False,False,0.6654745340
2048,23,23,23,False,False,0.3302583694
2050,41,69,41,True,True,0.0000000750
2052,91,91,51,False,True,0.0815090463
2053,22,22,5,False,True,0.0124224275
2060,20,20,20,False,False,0.9907291532
2063,50,50,4,False,True,0.0002829644
2068,91,74,32,True,True,0.0001145762
2069,30,44,71,True,False,0.0000002053
2075,89,89,90,False,True,0.2504975796
2094,60,60,60,False,False,0.9916651845
2095,62,62,40,False,True,0.0000399854
2096,66,4,80,True,True,0.0000021346
2099,33,68,47,True,True,0.0000262052
2108,96,33,33,True,False,0.3534637988
2109,83,83,83,False,False,0.9651950598
2112,57,57,62,False,True,0.0029658957
2116,68,68,68,False,False,0.9264920354
2125,18,18,57,False,False,0.0041618100
2134,64,50,27,True,True,0.0004788935
2136,93,93,93,False,False,0.9762839079
2140,31,31,31,False,False,0.9557098150
2151,64,64,64,False,False,0.9285508990
2154,99,99,99,False,False,0.9915157557
2155,67,95,73,True,True,0.0782035440
2156,81,13,13,True,False,0.3997403085
2157,63,23,74,True,True,0.0000000726
2168,40,40,93,False,True,0.0072790873
2175,65,65,65,False,False,0.9934327602
2178,28,28,40,False,False,0.2130528688
2184,84,84,87,False,True,0.0755408257
2187,31,31,66,False,True,0.0000459855
2194,40,69,55,True,True,0.0000073813
2197,97,66,34,True,False,0.0000225541
2221,85,67,85,True,True,0.0000000000
2224,40,39,40,True,True,0.0000001825
2226,45,79,24,True,True,0.0000122440
2235,86,86,86,False,False,0.9936107993
2244,73,73,91,False,True,0.0052734190
2245,23,23,23,False,False,0.4259071648
2247,71,71,71,False,False,0.4891668558
2257,31,3,31,True,True,0.0007289088
2264,0,0,0,False,False,0.9972431660
2265,49,49,49,False,False,0.5082558990
2266,31,78,34,True,True,0.0000001650
2267,38,38,38,False,False,0.7928808928
2271,20,20,20,False,False,0.9994903803
2279,92,92,54,False,True,0.0011623078
2280,89,55,89,True,True,0.0000064170
2281,27,55,43,True,True,0.0000053047
2290,59,52,96,True,True,0.3037890792
2293,11,11,35,False,True,0.0002108711
2297,69,69,18,False,True,0.0381614864
2298,94,94,25,False,True,0.1028057113
2301,28,28,40,False,True,0.0092944866
2305,64,64,93,False,True,0.0000000038
2307,41,89,48,True,True,0.0152923800
2308,52,96,52,True,True,0.0475929864
2319,48,48,48,False,False,0.9998463392
2325,73,73,91,False,True,0.0951788351
2328,66,66,66,False,False,0.9155422449
2356,7,7,74,False,True,0.0271750409
2367,44,44,99,False,True,0.0028828348
2377,81,81,90,False,True,0.0339601859
2382,34,34,74,False,False,0.1816475540
2387,10,26,32,True,True,0.1707173586
2390,41,41,7,False,True,0.0144536328
2397,53,53,53,False,False,0.9982694387
2398,15,15,15,False,False,0.2824280858
2401,86,86,9,False,True,0.0040947674
2407,53,53,53,False,False,0.9971557856
2415,36,36,91,False,True,0.0000000808
2416,87,87,98,False,True,0.1143498719
2421,3,3,3,False,False,0.9714671373
2423,11,11,11,False,False,0.5137075782
2429,4,8,3,True,True,0.0000000014
2449,55,55,27,False,True,0.0021974263
2451,66,66,21,False,True,0.0575900748
2452,52,52,23,False,True,0.0006244148
2458,44,44,44,False,False,0.4501124620
2463,72,3,95,True,True,0.0000012056
2465,40,28,84,True,True,0.0000995563
2467,78,78,1,False,True,0.0059619355
2468,42,42,38,False,True,0.2832319438
2479,14,14,60,False,True,0.0001056061
2481,26,55,26,True,True,0.0010653571
2487,92,92,92,False,False,0.9864192605
2494,94,94,69,False,True,0.1802068651
2497,7,96,66,True,True,0.0000915251
2509,12,12,13,False,True,0.0106346523
2510,20,20,20,False,False,0.9681923389
2511,30,30,73,False,True,0.0061431546
2512,42,43,38,True,True,0.0027806351
2514,91,91,55,False,True,0.0000164511
2515,66,97,36,True,True,0.0000168165
2519,27,27,6,False,True,0.0013865995
2521,32,32,46,False,True,0.0000103043
2522,66,80,38,True,True,0.0000063043
2528,64,64,50,False,True,0.0137381870
2535,32,46,46,True,False,0.9693055749
2539,71,71,71,False,False,0.2745191753
2548,31,72,15,True,True,0.0000000005
2549,3,3,21,False,True,0.0021784741
2551,41,95,8,True,True,0.0000001806
2554,18,95,4,True,True,0.1452939659
2566,32,6,32,True,True,0.0000011631
2572,68,32,68,True,True,0.0000445366
2585,35,35,46,False,True,0.0243078023
2586,80,80,80,False,False,0.8495963216
2590,26,14,45,True,True,0.0001368791
2591,1,1,1,False,False,0.7644613981
2593,18,99,18,True,True,0.0028297110
2594,42,19,85,True,True,0.0000110159
2598,48,8,48,True,True,0.0000346210
2600,10,9,10,True,True,0.0000143096
2604,20,20,20,False,False,0.9430601597
2608,94,94,94,False,False,0.9864330888
2609,23,23,49,False,True,0.1975299567
2620,6,23,65,True,True,0.0000175856
2621,66,66,66,False,False,0.9997605681
2636,86,86,87,False,True,0.0002702264
2640,0,0,1,False,True,0.1169261336
2644,16,16,89,False,True,0.0303811524
2649,6,6,48,False,True,0.0000073883
2650,38,64,97,True,True,0.0000000003
2655,20,20,20,False,False,0.8007823229
2661,57,57,57,False,False,0.9990799427
2663,45,45,10,False,True,0.0000092439
2665,77,77,24,False,True,0.1949462146
2671,18,56,18,True,True,0.0001678403
2673,38,38,79,False,True,0.0077879750
2679,57,77,78,True,True,0.0010145874
2680,88,88,50,False,False,0.0000174752
2681,95,95,30,False,True,0.0924832001
2682,61,61,61,False,False,0.9978080392
2687,24,79,24,True,True,0.1508101225
2692,18,18,18,False,False,0.9993268251
2697,19,14,58,True,True,0.0000000001
2703,38,38,38,False,False,0.4296796024
2725,93,93,93,False,False,0.9810194373
2732,41,41,14,False,True,0.0266204663
2735,63,50,44,True,True,0.0163775757
2738,21,21,4,False,False,0.4673890173
2743,55,72,71,True,True,0.0099741826
2745,63,69,64,True,True,0.0000000001
2757,39,39,94,False,False,0.3540593684
2758,20,20,20,False,False,0.6521261334
2763,64,64,97,False,True,0.0000899231
2769,4,5,59,True,True,0.0000000001
2782,72,72,80,False,True,0.0000053453
2783,5,5,20,False,False,0.0813845098
2793,22,61,61,True,False,0.9199921489
2801,60,60,60,False,False,0.8859292269
2811,18,18,29,False,True,0.1433956772
2812,42,88,90,True,True,0.0003199848
2815,68,71,60,True,True,0.0122902561
2816,67,72,30,True,False,0.0015733571
2831,47,47,52,False,True,0.0069069806
2832,46,46,46,False,False,0.8337572813
2846,84,84,84,False,False,0.5851687193
2852,8,8,8,False,False,0.9832491875
2858,2,35,46,True,True,0.0015787930
2860,67,73,67,True,True,0.0002083397
2861,76,69,69,True,False,0.5840059519
2862,49,49,68,False,False,0.3038398623
2865,13,13,13,False,False,0.9795779586
2871,79,79,57,False,True,0.0000005465
2877,23,23,23,False,False,0.8342920542
2880,29,29,1,False,True,0.0000444865
2888,16,16,9,False,True,0.2913559079
2903,92,62,62,True,False,0.7531126142
2906,67,67,36,False,True,0.0692561716
2913,44,82,7,True,True,0.0000015525
2925,2,35,46,True,True,0.0008239188
2929,55,18,50,True,True,0.0009260298
2933,98,98,98,False,False,0.9260298610
2941,38,38,95,False,True,0.1113459170
2948,37,37,13,False,True,0.0086231111
2953,84,20,40,True,True,0.1691894382
2954,35,35,35,False,False,0.8864264488
2962,77,77,78,False,True,0.0000944142
2963,38,88,19,True,True,0.0458709262
2965,37,37,71,False,True,0.0022249564
2966,72,72,43,False,True,0.0014555069
2967,87,94,37,True,True,0.0018619967
2979,14,18,54,True,True,0.0172893647
2990,70,70,70,False,False,0.6443794370
2995,99,99,99,False,False,0.9585031867
3000,73,70,32,True,True,0.0000545691
3003,62,70,59,True,True,0.0000167651
3012,35,35,98,False,True,0.0010285239
3018,64,65,66,True,True,0.0000163951
3025,71,30,71,True,True,0.0000000369
3031,6,6,18,False,True,0.0098494086
3040,82,82,82,False,False,0.9762114882
3041,23,91,23,True,True,0.0002183190
3042,14,14,62,False,True,0.1441237479
3049,14,23,32,True,True,0.0000001754
3060,41,30,69,True,True,0.0000000699
3069,83,59,56,True,True,0.0001959136
3074,3,3,43,False,True,0.0069726999
3077,34,7,34,True,True,0.0000000000
3080,4,64,4,True,True,0.0002285025
3081,99,87,57,True,True,0.0046000988
3083,3,3,31,False,True,0.0000809934
3089,76,62,32,True,True,0.0000852581
3091,63,64,36,True,True,0.0000002956
3097,33,33,33,False,False,0.8985108733
3108,40,40,44,False,True,0.0026716297
3111,34,65,34,True,True,0.0000000972
3114,18,82,6,True,True,0.0002203864
3116,66,66,3,False,True,0.0023632473
3117,20,20,9,False,True,0.1103779972
3120,20,30,40,True,True,0.0000000000
3128,40,40,40,False,False,0.9988262057
3129,69,69,73,False,True,0.0056173317
3140,90,90,12,False,True,0.0323008262
3141,62,62,70,False,True,0.0000047029
3144,91,1,89,True,True,0.0020915444
3147,35,35,98,False,True,0.0023495373
3149,89,89,89,False,False,0.9897412062
3150,64,32,63,True,True,0.0000000939
3153,73,39,4,True,True,0.0165812839
3158,20,20,20,False,False,0.9944883585
3170,68,68,68,False,False,0.8705161810
3178,57,57,57,False,False,0.7626287937
3180,36,36,36,False,False,0.9992676377
3186,38,38,65,False,True,0.0108039491
3192,15,15,15,False,False,0.8657046556
3201,26,79,69,True,True,0.0000000122
3204,52,52,47,False,True,0.2469850630
3207,71,49,30,True,True,0.0000000533
3212,33,33,55,False,True,0.3975285590
3214,28,28,28,False,False,0.9999688864
3225,29,29,72,False,True,0.0059012510
3229,50,36,60,True,True,0.0014893234
3233,76,76,76,False,False,0.9948662519
3237,7,7,7,False,False,0.9911379218
3240,27,67,60,True,False,0.0003404000
3245,76,30,94,True,False,0.0000207441
3248,43,30,43,True,True,0.0000000937
3249,61,69,32,True,True,0.0004400057
3253,11,11,98,False,True,0.1647809744
3258,10,10,61,False,True,0.0123331565
3260,64,74,36,True,True,0.0000075507
3264,64,64,1,False,True,0.0002125095
3266,71,23,71,True,True,0.0135393497
3273,55,74,36,True,True,0.0182141233
3274,38,38,44,False,True,0.0594964288
3276,45,44,45,True,True,0.0000000004
3277,21,72,21,True,True,0.0000000000
3280,43,43,93,False,True,0.4044562280
3295,89,89,89,False,False,0.6172584891
3302,79,79,79,False,False,0.9832153916
3303,97,97,73,False,True,0.1546389759
3304,29,19,79,True,True,0.0003031519
3305,31,31,31,False,False,0.9174880385
3306,99,99,67,False,True,0.0001605712
3308,90,90,81,False,True,0.1376579106
3313,51,51,19,False,True,0.0107602207
3321,95,95,30,False,True,0.0016142721
3325,73,73,95,False,True,0.0013343206
3328,26,63,44,True,True,0.0000207170
3335,81,89,69,True,True,0.0000110907
3338,91,85,72,True,True,0.0001066792
3349,46,85,46,True,True,0.0001137623
3350,16,16,16,False,False,0.9938136339
3364,14,19,14,True,True,0.0000002682
3368,26,51,26,True,True,0.0000004336
3371,9,9,9,False,False,0.9163722396
3378,57,57,57,False,False,0.9999074936
3386,19,19,56,False,True,0.0716771111
3389,99,99,79,False,True,0.1700945050
3391,85,85,85,False,False,0.9076527953
3396,29,29,15,False,True,0.0001220016
3397,43,43,21,False,True,0.2341753840
3401,81,90,13,True,True,0.0000011293
3408,96,96,68,False,False,0.0001430292
3410,29,29,29,False,False,0.8684960604
3411,93,26,95,True,True,0.0000000113
3412,84,20,20,True,False,0.7927470207
3430,86,86,86,False,False,0.9946938157
3434,26,40,55,True,True,0.0000000162
3441,1,1,1,False,False,0.9890551567
3443,45,45,85,False,True,0.0000000031
3446,14,14,66,False,True,0.0008710558
3451,28,9,40,True,True,0.0000014354
3452,90,81,90,True,True,0.0328703821
3457,40,46,21,True,True,0.0000096878
3459,76,76,12,False,True,0.0581002831
3462,61,61,61,False,False,0.6353802681
3464,48,48,48,False,False,0.8824320436
3470,4,21,54,True,True,0.0001385695
3472,64,75,43,True,True,0.0000004935
3480,55,55,55,False,False,0.8337943554
3485,90,90,89,False,True,0.0000016724
3490,24,24,24,False,False,0.9999861717
3492,40,40,17,False,True,0.0145905884
3493,79,79,79,False,False,0.9036514163
3498,97,34,34,True,False,0.9828833938
3502,74,80,50,True,True,0.0000299569
3503,44,44,80,False,True,0.1133328602
3508,63,63,50,False,False,0.0035219986
3511,45,45,51,False,True,0.0000630010
3517,35,98,98,True,False,0.8527039289
3521,58,58,58,False,False,0.9515766501
3522,82,82,82,False,False,0.9952740669
3535,0,0,58,False,True,0.1912531555
3537,89,60,37,True,True,0.0011532287
3538,87,94,87,True,True,0.0000571820
3547,95,95,27,False,True,0.0000000008
3548,42,42,89,False,True,0.0519832149
3554,38,34,34,True,False,0.9832188487
3555,82,23,82,True,True,0.0026533939
3556,18,50,14,True,True,0.0000065954
3559,94,94,5,False,True,0.3844703138
3568,30,95,95,True,False,0.9882056713
3569,82,82,82,False,False,0.9998583794
3584,8,8,8,False,False,0.8654659986
3603,50,72,93,True,True,0.0000067739
3604,21,85,75,True,True,0.0000000260
3613,2,11,11,True,False,0.9982191920
3614,97,34,34,True,False,0.9885774851
3616,8,8,8,False,False,0.4689041972
3618,7,24,24,True,False,0.5039956570
3621,13,81,13,True,True,0.2732318640
3623,87,23,32,True,True,0.0018475464
3624,98,98,98,False,False,0.7880000472
3629,37,37,13,False,True,0.0267197192
3630,42,43,97,True,True,0.0000005838
3631,42,43,64,True,True,0.0020542969
3633,46,46,98,False,True,0.0241737142
3637,13,13,58,False,True,0.0040406627
3640,84,10,5,True,True,0.0000022122
3645,60,33,60,True,True,0.0023889707
3646,32,46,98,True,True,0.0022492986
3654,4,4,74,False,True,0.0048661651
3657,71,71,71,False,False,0.9732629657
3661,3,3,31,False,True,0.0083666202
3663,93,26,93,True,True,0.0000010987
3668,13,13,13,False,False,0.9574629664
3678,3,3,3,False,False,0.9971965551
3683,57,57,57,False,False,0.9974913597
3688,83,92,83,True,True,0.0024292497
3689,12,12,71,False,True,0.3003968596
3697,74,74,38,False,True,0.1408380419
3701,94,94,94,False,False,0.9995754361
3702,42,34,66,True,True,0.0000351386
3715,24,24,24,False,False,0.9656175971
3716,26,26,70,False,True,0.0021380160
3721,45,45,32,False,True,0.0089232037
3726,82,82,7,False,False,0.4183505476
3749,61,61,89,False,True,0.0053987643
3753,91,1,40,True,True,0.0452054068
3757,0,0,0,False,False,0.8707309365
3761,30,91,73,True,True,0.0000089678
3765,33,33,33,False,False,0.7092456818
3768,80,80,80,False,False,0.9935314059
3777,55,93,27,True,True,0.0011129070
3781,51,44,59,True,True,0.0000000255
3791,97,34,65,True,True,0.0004678204
3796,79,79,43,False,True,0.0216215514
3823,45,46,91,True,True,0.0000008225
3834,65,65,64,False,False,0.0000818711
3837,61,10,10,True,False,0.9981119633
3838,65,65,18,False,True,0.0015480024
3839,84,84,94,False,True,0.0004264737
3840,19,19,27,False,True,0.0000058268
3846,7,7,41,False,True,0.1283451617
3848,56,79,56,True,True,0.0002143783
3855,42,42,4,False,True,0.0529654287
3862,85,5,13,True,True,0.0000000101
3863,34,34,29,False,True,0.0000149180
3865,4,21,52,True,True,0.0000116349
3867,40,76,46,True,True,0.0000902878
3868,34,34,42,False,True,0.0008165608
3869,16,16,16,False,False,0.9019526839
3871,81,58,13,True,True,0.0144655053
3877,35,11,11,True,False,0.9132909775
3881,47,52,59,True,True,0.0179382954
3884,83,83,41,False,True,0.1738756448
3889,10,1,49,True,True,0.0079036560
3890,66,66,74,False,False,0.3773913383
3900,21,21,3,False,False,0.3276894689
3903,88,88,89,False,True,0.1838819981
3909,52,56,96,True,True,0.0000017055
3910,27,27,74,False,True,0.0107376659
3911,63,54,99,True,True,0.0000000003
3917,31,21,15,True,True,0.0000000000
3920,36,36,36,False,False,0.9718962908
3921,29,29,32,False,True,0.0007451159
3923,48,48,55,False,True,0.0536070354
3924,80,24,88,True,True,0.0000009340
3934,10,70,10,True,True,0.0000049801
3937,54,89,54,True,True,0.0000000874
3942,24,24,95,False,True,0.0020233602
3947,78,78,78,False,False,0.9468211532
3955,99,99,78,False,True,0.0001866531
3956,31,31,60,False,True,0.0318567082
3960,63,36,58,True,True,0.0006869000
3961,83,10,0,True,True,0.0000056645
3972,88,88,64,False,False,0.1272938848
3978,86,86,86,False,False,0.9648213387
3979,44,44,51,False,True,0.0020914245
3986,93,3,93,True,True,0.0000006833
3990,76,23,76,True,True,0.0185255390
3996,84,25,41,True,True,0.0002584652
4002,26,26,45,False,True,0.0000010264
4009,64,34,97,True,True,0.0770081803
4011,11,11,98,False,True,0.0945082754
4018,59,33,49,True,False,0.0803492889
4021,4,72,55,True,True,0.0836942419
4026,10,10,89,False,True,0.0003777793
4028,72,72,73,False,True,0.0044639069
4029,99,78,78,True,False,0.8955532908
4035,23,23,23,False,False,0.6890882850
4045,9,9,9,False,False,0.6690966487
4047,49,23,85,True,False,0.3668622375
4048,32,46,74,True,True,0.1462206692
4049,3,3,33,False,True,0.0048212274
4059,53,53,53,False,False,0.9570434093
4066,63,63,86,False,True,0.0022755540
4067,45,44,77,True,True,0.0014185674
4071,45,24,43,True,True,0.0000011955
4073,63,3,3,True,False,0.8155696988
4074,19,19,19,False,False,0.9999070168
4078,43,43,42,False,True,0.1100874618
4079,43,43,34,False,True,0.0000275301
4082,76,76,85,False,True,0.0003884906
4086,97,97,79,False,True,0.0088104950
4091,34,34,85,False,True,0.0007497841
4094,85,5,1,True,True,0.0002856243
4096,21,21,46,False,True,0.0030406923
4098,34,97,34,True,True,0.0003676640
4104,50,69,62,True,True,0.0000068256
4114,37,37,37,False,False,0.9824188352
4115,12,58,12,True,True,0.0000755736
4126,93,89,93,True,True,0.0000000852
4127,91,85,27,True,True,0.0011429091
4129,76,41,37,True,True,0.0000050144
4135,11,2,11,True,True,0.0225365218
4137,64,50,64,True,True,0.0001442746
4144,93,93,77,False,True,0.1063592955
4152,90,90,71,False,True,0.0873929784
4154,62,62,55,False,True,0.0012098937
4158,65,19,65,True,True,0.0000003470
4164,43,43,42,False,True,0.0033018969
4175,41,25,41,True,True,0.0000103991
4179,98,98,98,False,False,0.5393986702
4180,33,33,33,False,False,0.5572502017
4181,33,33,52,False,True,0.2376483828
4185,65,65,80,False,True,0.4034292400
4200,57,0,0,True,False,0.8028786778
4201,69,69,69,False,False,0.8708198667
4204,58,58,56,False,False,0.1813779473
4205,93,93,45,False,True,0.1045927629
4216,50,37,64,True,True,0.0000000000
4221,8,8,8,False,False,0.9964297414
4222,26,26,32,False,True,0.0014873899
4226,67,67,69,False,True,0.0011247944
4228,22,22,22,False,False,0.9999977350
4229,36,36,64,False,True,0.0017189240
4230,77,77,77,False,False,0.8714378476
4239,78,78,99,False,True,0.0647136644
4243,71,71,55,False,True,0.0019133298
4254,99,69,78,True,True,0.0002079704
4255,84,84,5,False,True,0.0937866569
4260,78,99,18,True,True,0.0081866700
4264,49,49,30,False,True,0.0000013678
4281,95,53,67,True,True,0.0000016839
4286,6,6,82,False,True,0.0119800186
4289,19,19,19,False,False,0.9991248250
4292,34,97,43,True,True,0.0000035931
4299,28,28,16,False,False,0.0904985741
4301,24,24,24,False,False,0.9225367308
4302,15,32,3,True,True,0.0000000001
4306,32,46,46,True,False,0.7318801284
4309,1,32,1,True,True,0.0001849342
4310,92,92,92,False,False,0.9760865569
4312,34,34,42,False,True,0.0000002083
4314,56,52,56,True,True,0.1112273261
4316,62,82,62,True,True,0.0633910671
4317,42,52,80,True,True,0.0000002840
4324,79,79,79,False,False,0.3912365139
4330,36,85,36,True,True,0.0000233177
4333,78,45,75,True,True,0.0000001820
4344,0,0,0,False,False,0.5819529295
4350,80,6,33,True,True,0.0007315539
4352,30,30,73,False,True,0.2022367269
4359,13,13,25,False,True,0.1351101547
4362,67,32,32,True,False,0.8231280446
4367,8,8,8,False,False,0.9989333749
4370,94,87,87,True,False,0.9971050620
4371,92,54,54,True,False,0.7852677107
4394,41,89,41,True,True,0.0003466517
4399,79,33,73,True,True,0.0019454358
4404,9,9,9,False,False,0.9912153482
4410,3,31,19,True,True,0.0009936537
4412,44,26,78,True,True,0.0000613412
4421,52,52,59,False,False,0.1139054149
4422,56,56,56,False,False,0.3291218877
4423,12,58,71,True,True,0.0006793204
4426,23,32,59,True,True,0.0016182330
4446,64,36,34,True,True,0.0016436621
4452,71,71,49,False,True,0.0313785821
4457,39,39,39,False,False,0.9949797988
4466,95,95,73,False,True,0.1655010432
4470,58,58,58,False,False,0.7260255218
4474,4,64,64,True,False,0.9396237731
4477,9,9,44,False,True,0.0048628519
4482,25,25,5,False,True,0.1414033622
4495,78,78,78,False,False,0.6916002035
4496,51,51,51,False,False,0.7987961173
4503,42,14,59,True,True,0.0186524931
4504,50,41,66,True,True,0.0000001601
4515,35,35,35,False,False,0.6942630410
4522,22,20,86,True,True,0.0031713082
4530,42,34,34,True,False,0.3711773455
4531,66,63,59,True,True,0.0000083821
4541,91,43,30,True,True,0.0000012517
4542,16,52,25,True,True,0.0000000009
4543,63,30,7,True,True,0.0000001165
4547,62,4,62,True,True,0.0000339854
4550,65,65,33,False,True,0.0025653385
4556,34,97,97,True,False,0.7215800285
4557,33,96,33,True,True,0.0041212346
4560,59,59,49,False,True,0.0006797029
4561,80,32,1,True,True,0.0002917981
4573,53,57,82,True,True,0.0202562958
4583,19,3,19,True,True,0.1718547344
4586,20,20,20,False,False,0.9999248981
4596,88,88,88,False,False,0.7080870271
4607,76,76,76,False,False,0.9996474981
4613,95,72,73,True,True,0.0000316798
4635,85,85,85,False,False,0.4820930958
4644,40,40,40,False,False,0.8850309849
4647,22,25,62,True,True,0.0000000002
4652,53,53,53,False,False,0.9998911619
4661,52,55,96,True,True,0.0065951720
4668,24,24,33,False,True,0.0052016247
4673,10,62,61,True,True,0.0000046607
4675,58,58,58,False,False,0.6329620481
4676,83,83,92,False,True,0.0588615052
4679,71,71,23,False,True,0.0027302310
4681,34,34,95,False,True,0.0000064834
4692,95,73,31,True,True,0.0546484143
4704,4,42,43,True,True,0.0000848689
4712,71,71,71,False,False,0.8181816936
4717,40,40,42,False,True,0.0091431029
4721,71,71,95,False,True,0.0077513475
4723,52,47,52,True,True,0.0729687512
4737,43,43,15,False,True,0.0000299059
4738,79,79,79,False,False,0.9049740434
4739,6,6,6,False,False,0.6099068522
4740,11,2,2,True,False,0.9370980859
4741,37,56,85,True,True,0.0001302282
4747,2,62,66,True,True,0.0000000088
4750,2,11,35,True,True,0.0376383029
4751,87,87,94,False,False,0.4475783706
4754,60,23,60,True,True,0.0497848205
4758,36,36,35,False,True,0.0020799453
4770,99,78,99,True,True,0.0016156987
4778,51,51,51,False,False,0.4304258823
4783,9,9,16,False,True,0.0402860157
4784,62,92,62,True,True,0.2094702274
4791,49,60,33,True,True,0.0070340168
4792,40,23,30,True,False,0.0285080206
4794,73,30,66,True,True,0.0307239313
4796,52,96,33,True,True,0.0652398244
4798,18,99,18,True,True,0.0001303040
4804,43,43,50,False,True,0.0117400410
4806,87,9,87,True,True,0.0000141497
4813,4,97,50,True,True,0.0000000038
4820,42,38,97,True,True,0.0000032385
4828,57,57,57,False,False,0.9944767356
4835,57,0,92,True,True,0.1357169300
4852,57,53,85,True,True,0.0155663108
4854,93,93,96,False,True,0.1870042235
4858,15,15,60,False,True,0.0179033838
4867,83,83,92,False,True,0.0009271359
4868,56,56,69,False,True,0.0000568060
4873,79,79,14,False,True,0.0462111942
4883,30,30,30,False,False,0.9999995232
4896,5,5,94,False,False,0.4260032475
4899,4,75,64,True,True,0.0000097595
4904,81,13,33,True,True,0.0000793408
4908,10,10,10,False,False,0.8519760370
4917,60,23,71,True,True,0.1842618138
4918,38,3,65,True,True,0.0000869630
4924,80,80,27,False,True,0.0000223450
4937,99,78,99,True,True,0.2763895094
4944,32,46,70,True,True,0.0000081004
4949,27,27,44,False,True,0.0358984955
4954,81,13,90,True,True,0.0248154122
4956,10,92,48,True,False,0.0000210860
4959,73,1,73,True,True,0.0001864252
4963,63,67,3,True,True,0.0000017726
4965,70,70,70,False,False,0.7627335787
4988,94,94,5,False,True,0.0198040847
4996,64,55,53,True,False,0.4134598374
4997,48,55,48,True,False,0.0000064658
5004,16,16,16,False,False,0.9760742784
5008,33,33,13,False,True,0.0000970524
5010,58,58,58,False,False,0.9289684892
5011,89,89,60,False,True,0.0000093052
5015,93,93,6,False,True,0.0008681100
5021,39,39,52,False,True,0.0074440013
5023,24,24,24,False,False,0.9999575615
5026,33,33,60,False,True,0.1712436676
5027,66,64,18,True,True,0.0015512512
5031,70,92,54,True,True,0.0069116484
5034,4,64,32,True,True,0.0004648865
5041,70,54,70,True,True,0.0064794077
5055,93,93,1,False,True,0.0117616942
5056,85,85,96,False,True,0.0000408673
5058,13,13,89,False,True,0.0929888487
5062,60,55,60,True,True,0.0000018572
5073,82,82,82,False,False,1.0000000000
5077,0,0,57,False,True,0.0172565244
5090,68,60,68,True,True,0.0000017576
5091,76,76,76,False,False,0.9900986552
5103,65,65,34,False,True,0.2435230166
5105,21,21,21,False,False,0.9923071265
5108,13,13,5,False,True,0.0000856296
5110,75,95,78,True,True,0.0000365622
5120,61,61,61,False,False,0.9992908239
5145,33,33,52,False,True,0.0626211166
5147,13,58,81,True,True,0.0021746031
5148,75,58,75,True,True,0.0167507771
5150,65,65,33,False,True,0.0003861013
5155,88,43,88,True,True,0.0096539780
5158,26,26,63,False,True,0.0027650329
5165,88,88,88,False,False,0.9994270802
5172,40,55,40,True,True,0.0000080566
5180,2,2,16,False,True,0.0704971477
5184,97,97,65,False,True,0.1112742200
5189,18,18,46,False,True,0.0198854916
5204,97,34,31,True,True,0.0517572053
5207,75,3,19,True,True,0.0064487210
5208,99,99,99,False,False,0.9179247618
5214,78,99,55,True,True,0.0000363225
5225,72,97,72,True,True,0.0000019689
5232,72,72,66,False,True,0.0000022447
5245,28,72,28,True,True,0.0000035671
5250,22,22,22,False,False,0.9997859597
5251,86,86,86,False,False,0.9993977547
5254,94,40,94,True,False,0.1558403373
5261,91,91,73,False,True,0.0017869219
5269,47,56,47,True,True,0.0000001539
5270,86,86,39,False,True,0.0004556476
5272,53,53,53,False,False,0.9999969006
5277,59,52,52,True,False,0.3156655431
5278,72,80,77,True,True,0.0000198725
5292,3,3,21,False,True,0.0000041434
5297,53,53,53,False,False,0.9293400645
5300,97,97,34,False,True,0.0001606362
5308,34,34,34,False,False,0.8133851886
5311,42,42,42,False,False,0.8146468997
5313,90,90,37,False,True,0.0433451422
5314,31,59,50,True,True,0.0000000073
5315,14,14,92,False,True,0.0000842882
5316,56,56,59,False,True,0.0506458059
5323,43,43,93,False,True,0.0053231646
5326,76,55,46,True,True,0.0000046980
5330,37,37,37,False,False,0.9837427139
5335,2,2,50,False,True,0.0032447707
5338,38,38,66,False,True,0.0063965837
5342,46,46,98,False,True,0.2236776799
5348,78,78,26,False,True,0.0000008619
5353,73,73,30,False,True,0.0042508915
5354,75,75,36,False,True,0.0001183791
5357,38,19,96,True,True,0.0000036888
5360,3,33,77,True,True,0.0000189078
5377,25,20,25,True,True,0.0015758685
5386,8,8,8,False,False,0.9673008323
5387,11,11,2,False,True,0.0039758435
5392,99,99,78,False,True,0.0022766043
5394,66,66,3,False,True,0.0000001986
5395,92,92,92,False,False,0.9913741946
5398,27,64,66,True,True,0.0000374606
5403,48,48,48,False,False,0.9998805523
5409,71,71,71,False,False,0.8425260186
5411,13,58,58,True,False,0.8238157034
5415,67,73,30,True,True,0.0229441784
5417,2,2,36,False,False,0.4062524438
5422,80,18,44,True,True,0.2149415165
5424,66,66,32,False,True,0.0007125124
5428,54,62,70,True,True,0.0294142049
5440,7,7,14,False,True,0.0090128351
5445,85,85,33,False,True,0.0039268387
5463,23,23,23,False,False,0.9346157312
5473,61,61,45,False,True,0.0764063299
5474,44,44,1,False,True,0.0299250204
5475,66,66,80,False,True,0.0000639369
5477,18,41,21,True,True,0.0000001766
5482,23,23,40,False,True,0.1555871069
5494,19,19,19,False,False,0.9999918938
5496,15,97,15,True,True,0.0000005884
5522,90,90,81,False,True,0.0009902272
5528,15,15,66,False,True,0.0000000020
5538,78,78,18,False,True,0.0386536345
5550,12,4,88,True,True,0.0000000000
5552,34,4,38,True,True,0.0000054164
5553,85,30,85,True,True,0.0000000001
5556,33,56,52,True,True,0.0002091990
5561,23,49,60,True,True,0.0009115043
5565,84,72,25,True,True,0.0000136497
5567,72,30,95,True,True,0.0120342299
5580,30,30,73,False,True,0.1421686262
5583,75,80,75,True,True,0.0545127988
5592,91,91,32,False,True,0.0000067583
5593,88,88,32,False,True,0.1683296114
5600,38,38,42,False,True,0.0295357388
5601,34,19,34,True,True,0.0000003669
5610,26,69,61,True,True,0.0000083365
5611,58,85,58,True,True,0.0016112028
5623,84,84,22,False,True,0.0432495140
5629,86,86,86,False,False,0.9999625683
5632,39,39,33,False,True,0.0322377086
5634,96,96,33,False,True,0.1406314522
5663,84,55,84,True,True,0.0000080847
5668,14,14,14,False,False,0.5682309270
5673,39,17,39,True,True,0.0000000000
5675,89,89,58,False,True,0.0241059698
5676,80,64,80,True,True,0.0769334659
5678,99,78,99,True,True,0.0902100950
5679,70,70,62,False,True,0.2179145068
5702,76,76,76,False,False,0.9963507652
5708,95,69,30,True,True,0.0002330357
5710,71,71,71,False,False,0.9880492091
5714,97,97,36,False,True,0.0770965964
5716,5,25,5,True,True,0.0000225016
5722,20,20,20,False,False,0.9962579012
5733,14,85,14,True,True,0.0021191784
5736,74,4,50,True,True,0.0003656913
5742,14,14,14,False,False,0.6391369104
5743,99,99,71,False,True,0.0195083413
5763,13,13,13,False,False,0.9691625834
5766,22,22,22,False,False,0.8644515872
5768,97,97,97,False,False,0.9997239709
5769,26,80,40,True,True,0.0000060479
5782,81,13,25,True,True,0.0496290177
5785,92,92,55,False,True,0.0751994699
5802,2,2,46,False,True,0.0004301893
5803,41,41,20,False,True,0.0027597516
5807,67,95,30,True,True,0.0670576692
5813,93,55,36,True,True,0.0000650281
5821,88,95,77,True,True,0.0000000002
5824,19,95,19,True,True,0.0000000000
5830,8,8,8,False,False,0.9000192881
5836,31,31,31,False,False,0.3398129642
5837,13,58,95,True,False,0.0837060288
5844,60,89,69,True,True,0.0000000124
5846,20,20,20,False,False,0.9890401363
5855,40,62,77,True,True,0.0000000000
5856,51,39,51,True,True,0.0000000010
5867,16,9,16,True,True,0.0002369639
5868,44,44,85,False,True,0.0015872148
5879,64,85,64,True,True,0.0000000089
5883,9,9,9,False,False,0.9999930859
5884,34,34,97,False,True,0.0127891619
5890,87,87,87,False,False,0.9938418865
5896,89,89,13,False,True,0.0732122138
5898,84,84,80,False,True,0.0000291942
5899,44,7,18,True,True,0.0095903212
5900,70,70,70,False,False,0.9986691475
5903,99,99,78,False,True,0.0446617305
5904,82,82,82,False,False,0.9925992489
5910,75,36,36,True,False,0.2342280895
5911,47,33,52,True,True,0.0102520240
5916,78,78,78,False,False,0.8792206049
5921,2,2,2,False,False,0.9998363256
5932,34,34,85,False,False,0.4443446994
5933,53,53,50,False,True,0.0141736846
5935,76,76,76,False,False,0.9985941052
5938,87,87,87,False,False,0.7419872284
5941,57,57,40,False,True,0.0000005339
5946,19,19,31,False,True,0.0476103388
5956,77,77,0,False,True,0.0058222078
5963,96,89,59,True,True,0.0005363671
5967,86,86,86,False,False,0.9361370206
5978,75,64,3,True,False,0.0001402396
5993,97,97,97,False,False,0.9967591166
5995,7,7,43,False,False,0.0050822459
5998,58,58,58,False,False,0.9812187552
6004,71,71,52,False,True,0.0445526950
6006,39,39,39,False,False,0.5073192716
6009,63,21,66,True,True,0.0000031170
6014,36,32,64,True,True,0.0000537067
6018,63,63,11,False,True,0.0017138644
6020,66,46,64,True,True,0.0000000098
6021,98,98,22,False,False,0.0089708753
6022,75,75,80,False,True,0.0077853082
6036,67,55,67,True,True,0.0033757216
6040,65,65,19,False,True,0.0017900968
6041,51,51,51,False,False,0.8391347528
6047,80,34,74,True,True,0.0034081838
6054,89,89,89,False,False,0.9724693298
6057,82,82,82,False,False,0.9618667364
6069,9,95,9,True,True,0.0000000118
6076,12,12,69,False,True,0.0010682541
6080,36,36,36,False,False,0.7006001472
6087,70,85,70,True,True,0.0000000545
6089,44,69,50,True,True,0.0000040016
6094,49,49,23,False,True,0.0093442416
6096,34,34,34,False,False,0.9992309809
6101,90,90,90,False,False,0.9998663664
6103,30,30,95,False,True,0.0377344154
6110,90,90,13,False,True,0.0001255233
6112,29,29,50,False,True,0.0000269807
6113,80,80,66,False,True,0.0000000627
6114,90,81,33,True,True,0.1095205024
6115,70,70,70,False,False,0.8801072240
6116,73,1,93,True,True,0.0094585577
6118,25,25,25,False,False,0.9974704981
6119,40,40,46,False,True,0.0005094887
6125,55,72,72,True,False,0.5845211744
6132,51,51,51,False,False,0.9503555894
6135,66,66,75,False,True,0.0003917891
6140,14,14,14,False,False,0.7778025866
6143,47,47,47,False,False,0.7613876462
6148,43,43,43,False,False,0.9983795881
6166,61,61,22,False,True,0.0126812002
6168,99,78,1,True,True,0.0594438203
6171,58,58,89,False,True,0.0149375135
6174,17,46,76,True,False,0.0027709976
6187,21,21,21,False,False,0.9960703850
6197,16,16,16,False,False,0.9983791113
6204,83,83,92,False,True,0.0341385417
6205,15,46,79,True,True,0.0000000023
6206,1,1,32,False,True,0.0001710841
6208,37,37,37,False,False,0.5264796615
6217,12,12,27,False,True,0.0678806379
6222,8,89,26,True,True,0.0169678275
6225,16,9,16,True,True,0.0000013758
6232,25,25,46,False,True,0.0014166097
6236,95,95,95,False,False,0.6063255072
6241,0,0,10,False,True,0.0773920417
6242,73,73,97,False,True,0.0001930812
6249,43,43,43,False,False,0.8937335610
6253,29,29,29,False,False,0.9994097948
6255,65,65,50,False,True,0.0008527297
6258,81,90,37,True,True,0.1032225564
6260,70,70,92,False,True,0.0033132329
6264,87,87,5,False,True,0.0068308185
6284,68,68,68,False,False,0.4718288183
6286,19,19,66,False,True,0.0506813824
6290,56,56,52,False,True,0.0308256745
6295,53,53,53,False,False,0.9878491163
6300,22,22,20,False,True,0.0656394660
6304,16,16,2,False,True,0.0000991419
6305,16,16,28,False,True,0.0866988972
6310,56,56,79,False,True,0.1941982359
6331,43,43,68,False,True,0.0000152289
6334,93,93,30,False,True,0.2526676953
6335,49,49,49,False,False,0.9970467687
6336,97,34,90,True,True,0.0003381745
6340,23,23,71,False,True,0.0068149660
6343,30,30,4,False,True,0.0430314243
6348,19,19,42,False,True,0.0003967879
6351,49,49,49,False,False,0.9651929736
6356,77,1,85,True,True,0.0012167600
6366,64,21,33,True,True,0.0020292730
6368,28,44,28,True,True,0.0000000002
6374,40,68,41,True,True,0.0000000050
6378,68,60,68,True,True,0.0007908504
6380,67,30,73,True,True,0.1305853426
6382,89,13,89,True,True,0.0000467081
6383,99,14,78,True,True,0.0000295386
6387,73,73,32,False,True,0.0362756923
6393,29,29,56,False,True,0.1572853923
6408,13,13,90,False,True,0.0000341897
6412,96,52,56,True,True,0.0484037511
6435,50,50,50,False,False,0.9598001242
6444,51,51,50,False,False,0.0239665564
6463,74,50,34,True,True,0.0094902804
6467,76,77,76,True,True,0.0000003881
6470,41,41,41,False,False,0.9984349608
6471,2,2,2,False,False,0.7506674528
6472,47,47,85,False,True,0.0066520041
6473,84,84,84,False,False,0.3158117831
6475,60,33,60,True,True,0.0013122372
6476,58,58,13,False,True,0.3822340071
6477,87,87,87,False,False,0.7116349339
6480,28,30,28,True,True,0.0000004056
6481,91,72,58,True,True,0.0000015483
6485,95,55,21,True,True,0.0000279646
6492,89,55,69,True,True,0.0000318513
6495,40,55,40,True,True,0.0000242174
6502,61,61,61,False,False,0.5783060193
6503,75,19,75,True,True,0.0049661445
6504,1,1,1,False,False,0.9491710067
6508,45,55,67,True,True,0.0000090707
6520,37,37,37,False,False,0.8674815297
6523,55,97,66,True,True,0.0000000153
6538,97,30,88,True,True,0.0000000000
6539,27,55,7,True,False,0.0162019935
6549,15,15,98,False,True,0.0021378521
6551,55,72,73,True,True,0.0007309538
6557,31,31,12,False,True,0.0116916383
6560,34,67,34,True,True,0.0000000008
6583,5,5,80,False,True,0.0335911773
6585,21,21,3,False,True,0.0000780059
6588,43,43,43,False,False,0.7995718122
6594,28,28,28,False,False,0.8837649226
6604,63,74,72,True,True,0.0000000003
6605,18,73,14,True,True,0.0023612971
6606,38,44,85,True,True,0.0087113082
6610,38,38,36,False,False,0.2441773713
6615,24,24,43,False,True,0.0000052813
6618,33,99,42,True,True,0.0000176246
6621,61,49,61,True,True,0.0000000000
6624,27,27,27,False,False,0.9992049336
6628,27,30,43,True,True,0.0000003571
6635,89,89,89,False,False,0.9698183537
6636,36,36,36,False,False,0.6183730960
6640,27,72,64,True,True,0.0000400377
6641,5,5,5,False,False,0.9795259237
6643,90,90,90,False,False,0.7464908361
6651,73,95,73,True,True,0.0018594303
6654,41,41,41,False,False,0.8770834208
6657,98,98,11,False,True,0.1464352608
6659,47,52,52,True,False,0.7363519073
6668,57,18,57,True,True,0.0005235213
6669,22,22,22,False,False,0.9999990463
6677,50,80,80,True,False,0.7791035771
6684,14,14,78,False,True,0.1787184626
6693,69,71,30,True,True,0.0008086332
6698,32,46,31,True,True,0.0000036708
6700,66,66,66,False,False,0.8944238424
6701,8,8,26,False,True,0.1946316063
6702,12,12,76,False,True,0.1195427999
6708,65,20,65,True,True,0.0000004807
6709,3,64,75,True,True,0.0001175190
6725,54,54,54,False,False,0.6671527624
6737,70,30,62,True,True,0.0083026225
6738,87,55,87,True,True,0.0008015581
6742,79,79,79,False,False,0.3107426465
6745,18,85,70,True,True,0.0000495851
6748,96,85,62,True,True,0.0038583172
6751,62,62,92,False,False,0.4667583108
6752,29,66,29,True,True,0.0001734130
6754,70,62,70,True,True,0.0523009747
6759,78,78,69,False,True,0.0000629713
6776,39,39,12,False,True,0.0079547558
6777,55,55,31,False,True,0.0000452179
6784,12,69,49,True,True,0.0000000607
6786,66,21,11,True,False,0.0007815113
6796,90,90,89,False,True,0.0539778583
6800,51,67,51,True,True,0.0000632885
6802,43,43,43,False,False,0.7676274180
6824,83,83,83,False,False,0.3989993632
6828,24,24,79,False,True,0.1271365285
6829,56,59,56,True,True,0.1492521465
6830,62,70,62,True,True,0.0010618583
6833,12,71,12,True,True,0.0028761667
6840,69,69,69,False,False,0.9387083054
6848,51,51,51,False,False,0.5599198937
6850,61,61,61,False,False,0.9435526729
6851,0,0,0,False,False,0.9966757298
6864,61,40,30,True,True,0.0000004933
6870,48,48,34,False,True,0.1552177519
6877,77,33,90,True,True,0.0079952013
6889,52,96,96,True,False,0.7456354499
6892,73,1,93,True,True,0.0010076268
6893,1,1,1,False,False,0.8748403788
6895,48,48,8,False,False,0.1687639356
6899,83,83,57,False,True,0.0736361519
6900,66,64,93,True,True,0.0000242927
6903,8,8,8,False,False,0.9999690056
6904,60,60,60,False,False,0.8924533129
6911,61,61,61,False,False,0.9104449749
6919,67,87,72,True,True,0.0000001364
6921,33,60,37,True,True,0.0010232182
6922,30,23,30,True,True,0.0004708941
6923,2,2,35,False,True,0.1918058991
6924,84,16,84,True,True,0.0000013297
6925,4,50,66,True,True,0.0012397445
6926,96,96,52,False,True,0.0308911148
6934,53,61,85,True,True,0.0253198259
6942,25,25,58,False,True,0.0460232198
6949,11,36,73,True,True,0.1280946136
6955,53,41,57,True,True,0.0000000270
6958,40,41,90,True,True,0.0012052058
6960,58,58,58,False,False,0.9967535138
6979,21,21,44,False,True,0.0110088233
6984,51,51,32,False,True,0.0440101326
6986,57,57,57,False,False,0.9259864092
6988,11,46,74,True,True,0.3705548644
6989,63,64,77,True,True,0.0002397976
6991,21,21,21,False,False,0.9860848188
6994,29,29,29,False,False,0.8615823388
6996,66,73,66,True,True,0.0000004525
7002,7,7,7,False,False,0.9758609533
7007,41,41,41,False,False,0.8642558455
7008,58,89,58,True,True,0.0417686477
7010,65,65,50,False,True,0.0050939736
7015,4,67,55,True,True,0.0020508966
7018,23,23,23,False,False,0.9775441885
7020,95,72,72,True,False,0.2763602138
7022,78,99,99,True,False,0.8644992709
7026,48,48,11,False,True,0.0000226873
7031,4,65,7,True,True,0.0007059147
7034,24,24,24,False,False,0.9904142022
7037,59,59,90,False,True,0.0072667375
7039,72,3,66,True,True,0.0373734199
7050,98,98,55,False,True,0.2105343640
7051,91,91,91,False,False,0.5924711227
7055,31,31,31,False,False,0.7791106701
7058,1,1,92,False,True,0.0002855643
7066,2,55,98,True,True,0.0000166667
7068,71,72,71,True,True,0.0000000277
7077,25,25,20,False,True,0.0849089846
7085,66,55,34,True,True,0.0000015574
7088,3,55,3,True,True,0.0080616735
7090,3,3,64,False,True,0.0000014798
7097,99,78,78,True,False,0.9881033301
7142,10,10,10,False,False,0.9817495346
7145,85,85,85,False,False,0.8803799748
7152,50,85,69,True,True,0.0000000002
7154,6,85,80,True,True,0.0005041037
7157,53,85,53,True,True,0.0000000000
7164,67,21,3,True,True,0.0000097519
7169,84,84,84,False,False,0.7760684490
7171,42,88,33,True,False,0.2435128540
7180,88,41,1,True,True,0.0000376076
7181,70,41,14,True,True,0.0000072145
7183,3,41,60,True,True,0.0000193862
7186,69,69,56,False,True,0.0000279445
7192,45,72,89,True,True,0.0000000018
7193,29,47,66,True,True,0.1550769508
7197,45,7,98,True,True,0.0807650685
7199,16,28,9,True,True,0.0000178818
7203,5,5,5,False,False,0.5869324207
7234,0,0,18,False,True,0.0150736114
7238,63,66,36,True,True,0.0000141921
7239,78,78,78,False,False,0.6431121826
7240,15,15,19,False,True,0.0011277469
7250,97,97,36,False,True,0.0004073354
7253,48,48,1,False,True,0.0116111208
7266,0,0,53,False,True,0.0574945100
7268,13,81,60,True,True,0.0000252961
7271,60,60,60,False,False,0.4794010222
7275,54,54,54,False,False,0.6625653505
7282,48,48,89,False,True,0.4643875659
7287,26,72,27,True,True,0.0009233893
7288,24,95,24,True,True,0.0000000000
7289,56,72,79,True,True,0.0015005152
7290,4,44,51,True,False,0.1586934030
7293,19,48,97,True,True,0.0000000487
7296,62,62,92,False,True,0.1131075099
7300,88,88,88,False,False,0.9996787310
7302,10,10,10,False,False,0.3351526558
7309,93,93,93,False,False,0.4331391156
7310,11,11,98,False,True,0.0104267336
7321,96,60,33,True,True,0.0258073639
7328,14,16,7,True,True,0.0000063421
7330,61,61,61,False,False,0.5592930913
7331,11,74,32,True,True,0.0008100619
7333,47,52,33,True,True,0.1133756042
7357,14,14,85,False,True,0.0187765695
7364,60,60,60,False,False,0.9208278060
7372,4,64,50,True,False,0.0000596647
7376,7,79,79,True,False,0.7994914651
7378,30,71,30,True,True,0.0002298464
7380,64,74,51,True,False,0.0088063907
7383,1,1,7,False,True,0.0365217216
7384,19,88,19,True,True,0.0001780995
7385,73,73,95,False,True,0.0016639942
7389,5,5,41,False,True,0.1270009726
7396,62,70,62,True,True,0.1541442424
7400,61,22,58,True,True,0.4659256041
7409,94,94,94,False,False,0.9999766350
7412,68,68,68,False,False,0.9799745083
7416,74,66,66,True,False,0.4252911210
7428,81,81,90,False,True,0.0626166165
7430,67,72,1,True,True,0.0000000782
7433,97,88,36,True,True,0.0000000053
7437,23,49,49,True,False,0.4396929443
7441,49,23,49,True,True,0.0015971613
7446,75,75,75,False,False,0.5936185122
7447,99,78,99,True,True,0.0000001187
7451,30,30,69,False,True,0.0000767138
7452,0,0,0,False,False,0.6918667555
7454,88,88,50,False,True,0.0001148585
7455,32,32,51,False,True,0.0113309138
7460,24,24,30,False,True,0.1223278567
7473,27,27,44,False,True,0.0103462739
7489,93,93,72,False,True,0.0005556130
7493,39,39,39,False,False,0.9999078512
7501,21,21,83,False,False,0.0004451565
7508,33,33,33,False,False,0.8354542255
7521,68,68,68,False,False,0.8601849675
7525,51,51,52,False,True,0.1490653455
7534,14,60,96,True,True,0.0000036485
7541,73,73,4,False,True,0.0227834377
7543,91,91,91,False,False,0.7594913840
7548,21,21,21,False,False,0.9982768297
7551,95,95,95,False,False,0.8037746549
7556,32,91,30,True,True,0.0040424606
7558,24,24,7,False,True,0.0008620029
7561,44,44,85,False,True,0.0069436328
7568,65,65,25,False,True,0.0000313412
7577,0,0,83,False,True,0.0034608722
7578,57,57,1,False,True,0.1005499288
7580,11,35,46,True,True,0.0000362813
7589,93,85,93,True,True,0.0000000474
7601,12,12,5,False,True,0.3247289658
7608,86,86,5,False,True,0.0000676721
7614,2,2,2,False,False,0.9923182726
7620,45,45,83,False,True,0.0024214445
7626,87,87,33,False,True,0.0062400214
7632,31,31,33,False,True,0.0364602283
7633,6,6,79,False,True,0.0004670791
7637,77,77,3,False,True,0.0022090154
7638,25,25,25,False,False,0.9997759461
7641,94,37,25,True,True,0.0001369024
7649,18,59,23,True,True,0.0024022509
7661,72,77,3,True,True,0.0000016317
7672,7,7,7,False,False,0.9996252060
7673,99,99,79,False,True,0.0565883778
7689,19,19,19,False,False,0.7075689435
7690,73,85,21,True,True,0.0000000791
7700,17,17,60,False,True,0.2713221610
7711,62,92,92,True,False,0.5760946274
7712,10,51,0,True,True,0.0002060305
7713,41,13,48,True,True,0.0000000136
7715,8,69,8,True,True,0.0000000059
7716,26,78,79,True,True,0.0000000092
7729,44,85,44,True,True,0.0271093883
7741,80,80,38,False,True,0.0020765762
7749,24,24,77,False,True,0.0000962828
7750,87,72,87,True,True,0.0000000000
7751,56,55,60,True,True,0.0000015633
7765,96,33,47,True,True,0.0038865069
7777,65,1,46,True,True,0.0003514291
7778,68,68,33,False,True,0.1024687812
7780,23,23,23,False,False,0.4766441882
7786,67,67,73,False,True,0.0344472565
7797,46,46,46,False,False,0.3725816011
7800,20,20,25,False,True,0.0063941940
7806,43,88,34,True,True,0.1502701491
7821,19,3,19,True,True,0.0000000001
7834,76,76,76,False,False,0.9999010563
7840,11,11,89,False,True,0.0311093815
7848,58,58,36,False,True,0.0000227777
7851,46,46,46,False,False,0.8828018308
7864,10,0,69,True,True,0.0000000925
7865,26,50,29,True,True,0.0000216961
7867,79,33,56,True,True,0.0003771375
7872,32,32,32,False,False,0.9920296669
7877,2,2,11,False,True,0.0092957476
7878,10,61,61,True,False,0.4634807110
7879,53,53,53,False,False,0.9999141693
7885,11,89,11,True,True,0.0000000000
7887,5,41,5,True,True,0.0000000272
7889,78,41,78,True,True,0.0000779055
7890,20,20,20,False,False,0.9999258518
7895,16,9,28,True,True,0.0010689716
7897,29,29,29,False,False,0.9778102636
7904,32,32,51,False,True,0.0665496960
7907,77,77,45,False,True,0.3015413880
7910,7,7,22,False,False,0.0405266434
7923,0,0,45,False,True,0.0091371778
7924,33,49,71,True,True,0.0010605007
7932,4,31,93,True,True,0.0000031025
7934,90,90,90,False,False,0.8339050412
7935,62,92,37,True,True,0.0006413583
7936,4,23,50,True,True,0.0020963659
7937,42,59,33,True,True,0.0085313655
7953,90,90,49,False,True,0.2747821808
7955,18,18,99,False,True,0.0001601148
7957,43,43,43,False,False,0.9177424312
7959,82,82,82,False,False,0.9920221567
7960,76,76,76,False,False,0.9999970198
7965,87,87,55,False,True,0.0882948712
7968,63,61,61,True,False,0.8057309389
7970,44,44,80,False,True,0.0003852127
7977,13,13,58,False,True,0.2643453181
7986,30,30,73,False,True,0.0000055027
7997,1,32,62,True,True,0.0650215521
8003,63,74,51,True,True,0.0000188556
8004,18,18,18,False,False,0.9951910973
8006,51,51,51,False,False,0.8680231571
8008,4,50,95,True,True,0.0023191897
8010,27,27,27,False,False,0.5777016282
8016,22,22,61,False,True,0.0466917232
8017,53,53,53,False,False,0.9998627901
8018,52,52,33,False,True,0.2078054398
8023,20,20,20,False,False,0.9982738495
8025,49,49,49,False,False,0.4847045541
8035,72,72,23,False,True,0.0002146317
8036,36,36,65,False,True,0.0005191573
8037,47,52,52,True,False,0.4977481365
8045,0,67,77,True,True,0.0001495982
8053,54,54,20,False,True,0.0000360574
8056,28,40,40,True,False,0.3136060834
8063,56,96,59,True,True,0.0067374390
8065,0,0,0,False,False,0.8841203451
8081,59,96,85,True,True,0.0001992125
8085,17,37,37,True,False,0.8878061771
8093,89,89,16,False,False,0.1360762864
8099,82,82,66,False,True,0.0000260548
8100,2,2,83,False,True,0.0013118603
8106,0,0,0,False,False,0.9986981153
8112,34,34,65,False,True,0.0139423329
8129,98,98,98,False,False,0.9492155313
8132,30,30,30,False,False,0.7205950618
8134,72,72,43,False,True,0.0005796127
8140,22,22,22,False,False,0.9890193343
8147,40,85,86,True,True,0.0074042385
8150,61,61,61,False,False,0.9968155026
8154,71,71,49,False,True,0.2945382893
8160,75,21,97,True,True,0.0000132117
8168,25,25,41,False,True,0.1159553379
8169,73,73,23,False,True,0.0012231573
8171,96,59,52,True,True,0.0000073720
8176,67,67,67,False,False,0.3873494267
8180,0,55,0,True,True,0.0000000001
8183,59,55,47,True,True,0.0137032233
8188,42,42,42,False,False,0.2562469244
8193,47,52,96,True,True,0.2681631744
8195,92,92,54,False,False,0.2591451108
8205,36,55,36,True,True,0.0000021337
8208,98,55,25,True,True,0.0003754142
8210,76,76,76,False,False,0.5960754752
8214,42,43,33,True,True,0.0025679225
8216,30,41,32,True,True,0.0232092403
8236,58,58,58,False,False,0.8867578506
8239,29,29,44,False,True,0.0083082011
8248,45,26,24,True,True,0.0031620883
8253,82,82,82,False,False,0.9980303645
8254,40,40,40,False,False,0.5604932904
8256,93,93,34,False,True,0.0002382096
8260,77,77,55,False,True,0.1781699210
8262,7,79,24,True,True,0.0035854143
8266,56,51,56,True,True,0.0000005861
8268,27,67,78,True,True,0.0001732982
8274,96,96,68,False,True,0.0221689269
8275,77,7,93,True,True,0.0977926776
8278,3,3,19,False,True,0.0347532406
8280,61,10,10,True,False,0.8987741470
8281,73,73,69,False,True,0.2996812165
8288,43,43,33,False,True,0.0836992636
8292,4,66,74,True,True,0.0000062593
8305,51,51,57,False,True,0.1582659036
8307,9,9,20,False,True,0.0103153195
8314,64,74,18,True,True,0.0346110612
8317,97,97,65,False,True,0.0000000974
8320,92,92,92,False,False,0.5318878293
8321,81,81,41,False,True,0.0430445932
8323,67,77,79,True,True,0.0000163826
8331,82,82,82,False,False,0.9816137552
8335,2,35,46,True,True,0.0909763426
8347,28,72,40,True,True,0.0007742860
8356,94,94,5,False,True,0.0817802697
8369,45,24,26,True,True,0.0000000001
8371,35,35,11,False,True,0.1188344061
8385,84,62,37,True,True,0.0005679259
8387,33,32,33,True,True,0.0000100242
8389,22,32,94,True,False,0.0000331092
8392,46,35,46,True,True,0.0000506906
8396,34,34,34,False,False,0.9009762406
8399,68,68,68,False,False,0.9910489321
8405,18,18,91,False,True,0.0108346986
8407,74,50,51,True,False,0.0313645788
8408,8,8,8,False,False,0.1593260616
8409,0,0,0,False,False,0.5490632653
8413,46,46,46,False,False,0.9999984503
8417,97,97,97,False,False,0.9962556362
8420,58,58,58,False,False,0.8149208426
8426,42,42,64,False,True,0.0011610198
8429,22,94,72,True,True,0.0049981647
8432,42,42,97,False,True,0.2216978371
8433,54,54,54,False,False,0.7144107819
8438,64,64,96,False,True,0.0022039232
8442,14,14,14,False,False,0.9723210931
8452,33,74,47,True,True,0.0004801861
8453,55,24,99,True,True,0.0055281990
8457,64,66,30,True,False,0.0002374664
8459,30,95,72,True,True,0.0000007093
8464,11,2,2,True,False,0.9360484481
8468,25,30,25,True,True,0.0000007697
8469,23,69,23,True,True,0.0165305529
8476,71,49,71,True,True,0.2652611732
8480,32,32,95,False,True,0.2779827714
8482,71,23,71,True,True,0.0080354223
8483,55,72,64,True,True,0.0084403967
8493,94,20,37,True,True,0.0017554683
8495,72,89,73,True,True,0.0000000000
8499,32,89,46,True,True,0.0013215905
8500,35,98,98,True,False,0.9998959303
8502,92,62,70,True,True,0.0136465440
8503,26,26,1,False,True,0.0000056927
8513,37,17,25,True,True,0.1636702120
8515,49,49,23,False,True,0.0599344894
8521,29,29,56,False,False,0.3484187424
8522,62,62,62,False,False,0.5028960109
8526,65,65,65,False,False,0.7561963797
8527,78,78,78,False,False,0.8329675794
8542,9,9,9,False,False,0.9998163581
8565,24,7,7,True,False,0.9536896944
8568,97,44,14,True,True,0.0000803537
8577,16,10,94,True,False,0.0020703126
8580,82,82,82,False,False,0.9998987913
8589,14,14,78,False,True,0.0441018716
8597,80,80,80,False,False,0.5958282351
8598,78,78,79,False,True,0.0013974914
8609,50,85,50,True,True,0.0298870392
8611,89,89,41,False,True,0.3448088765
8616,4,4,72,False,True,0.0003760662
8619,25,25,55,False,True,0.0008195282
8630,97,34,97,True,True,0.0000885430
8632,77,77,7,False,True,0.0512760505
8637,0,0,0,False,False,0.9648768902
8641,34,34,45,False,True,0.0000158963
8642,41,41,41,False,False,0.7247536778
8654,71,71,71,False,False,0.6252617836
8659,16,28,89,True,True,0.0066308351
8667,44,44,18,False,True,0.0190966669
8671,54,62,32,True,False,0.0280418824
8675,26,26,93,False,True,0.0036655772
8688,21,21,21,False,False,0.9984575510
8689,87,87,22,False,True,0.0020223767
8692,67,67,95,False,True,0.1244044229
8695,12,12,55,False,True,0.0021786285
8698,41,41,41,False,False,0.5460462570
8700,21,21,21,False,False,0.9285079837
8701,60,60,23,False,True,0.0001684471
8704,40,87,40,True,True,0.0000062277
8706,22,22,22,False,False,0.2685119212
8707,10,10,22,False,True,0.0123345433
8716,7,74,93,True,True,0.0509500019
8720,2,6,62,True,True,0.0000000372
8727,82,82,82,False,False,0.2412190586
8731,88,88,88,False,False,0.9970709085
8746,99,99,57,False,True,0.0000030222
8747,46,46,36,False,True,0.0022406541
8748,5,84,5,True,True,0.0002493649
8763,83,83,83,False,False,0.9971184731
8774,92,92,59,False,True,0.0002857785
8789,19,15,36,True,True,0.0345207676
8798,14,14,14,False,False,0.3772766292
8806,80,36,51,True,True,0.0008350839
8810,7,7,7,False,False,0.7963067889
8811,79,79,7,False,True,0.0016819920
8814,37,37,84,False,True,0.0163862575
8818,21,89,3,True,True,0.0000001104
8821,69,69,69,False,False,0.9999552965
8822,94,94,94,False,False,0.9995973706
8825,67,67,89,False,True,0.0000000459
8834,46,46,55,False,True,0.0113866040
8837,9,9,9,False,False,0.9999976158
8840,77,77,44,False,True,0.0041576712
8855,35,35,6,False,True,0.0023950862
8862,47,55,52,True,True,0.0000540373
8864,68,85,68,True,True,0.0000009640
8870,38,34,43,True,True,0.0160067007
8872,40,40,40,False,False,0.8168590069
8874,95,95,73,False,True,0.0152193317
8876,85,85,75,False,True,0.0230541974
8879,75,75,90,False,True,0.0001261373
8882,20,72,20,True,True,0.0000001226
8893,41,89,58,True,False,0.4424781799
8894,44,44,44,False,False,0.7400224209
8896,47,47,47,False,False,0.6044327021
8897,80,52,33,True,True,0.0000249935
8905,64,89,64,True,True,0.0000058892
8906,71,89,71,True,True,0.0011082682
8916,45,44,51,True,True,0.0015725351
8917,26,83,1,True,True,0.0001150394
8919,87,52,95,True,True,0.0021518273
8926,73,73,30,False,True,0.0060906881
8931,59,74,59,True,True,0.0000436367
8945,3,66,72,True,True,0.0001288700
8954,90,68,90,True,True,0.0000964338
8957,0,0,0,False,False,0.9996827841
8962,39,39,69,False,True,0.0086433487
8964,92,92,54,False,True,0.0000546184
8973,56,71,55,True,True,0.0000389792
8979,21,21,32,False,True,0.0000000065
8981,92,54,82,True,False,0.0101754228
8989,24,55,24,True,True,0.0000001075
8994,61,61,78,False,True,0.0000057048
8995,11,30,46,True,True,0.0000000374
8997,49,32,69,True,True,0.1404378414
8998,51,30,59,True,True,0.0000001150
9003,57,89,57,True,True,0.0000000026
9004,1,89,1,True,True,0.0000009842
9006,8,8,8,False,False,0.9650358558
9007,58,58,58,False,False,0.8031006455
9016,9,55,9,True,True,0.0899205059
9021,38,38,80,False,True,0.0000000005
9025,66,50,13,True,True,0.0002463627
9028,14,14,18,False,True,0.0002170719
9031,46,46,84,False,True,0.0005406943
9034,67,67,99,False,True,0.0270176101
9035,48,48,69,False,True,0.0088288886
9038,22,22,22,False,False,0.9965968728
9040,65,65,50,False,True,0.0001109942
9043,21,21,21,False,False,0.7525787950
9046,53,53,53,False,False,0.9955610037
9048,75,75,19,False,True,0.0001130000
9050,56,89,55,True,True,0.0015195921
9052,84,89,62,True,True,0.0000000356
9054,14,89,14,True,True,0.0000000000
9057,1,89,1,True,True,0.0000434936
9070,87,94,86,True,True,0.0017584404
9072,51,76,79,True,True,0.0000009888
9084,61,22,93,True,True,0.0024818678
9090,11,11,2,False,True,0.1230676770
9101,8,8,8,False,False,0.9975954890
9117,92,95,92,True,True,0.0000044453
9133,32,55,67,True,True,0.0009999278
9136,12,90,37,True,True,0.0005749693
9139,11,11,35,False,True,0.1003513411
9141,42,42,80,False,True,0.0019309632
9145,96,52,96,True,True,0.1129190698
9164,1,1,1,False,False,0.8388420343
9166,16,16,89,False,True,0.0569480136
9173,17,17,37,False,True,0.0126545113
9177,21,31,21,True,True,0.0003536652
9180,5,5,5,False,False,0.9985073209
9185,38,38,38,False,False,0.9858540893
9188,26,26,91,False,True,0.1765160412
9191,74,74,74,False,False,0.2378938943
9196,68,33,68,True,True,0.0675612390
9198,66,74,74,True,False,0.6143691540
9200,33,33,59,False,False,0.1573562622
9206,97,97,34,False,True,0.0081559317
9209,10,28,18,True,True,0.0117386905
9214,3,75,33,True,True,0.0000397103
9220,19,51,31,True,True,0.0052863210
9224,19,69,19,True,True,0.0000000083
9236,0,0,0,False,False,0.4398708344
9244,96,12,49,True,True,0.0051038810
9249,95,95,95,False,False,0.5469451547
9250,10,10,10,False,False,0.6469258070
9252,71,71,71,False,False,0.3703826070
9253,55,55,3,False,True,0.0000052669
9255,35,11,46,True,True,0.0006004108
9261,16,16,16,False,False,0.8573018909
9262,88,88,88,False,False,0.8865312934
9274,44,44,45,False,True,0.1058264449
9280,97,72,66,True,True,0.0000196656
9283,31,31,85,False,True,0.0284849219
9284,33,33,33,False,False,0.3314658999
9302,80,80,14,False,True,0.0021181970
9304,94,94,94,False,False,0.9556561112
9307,36,75,95,True,True,0.0000051158
9309,70,70,70,False,False,0.9909159541
9314,44,44,44,False,False,0.7935848236
9315,92,55,32,True,True,0.0009864109
9318,55,30,64,True,True,0.0000427181
9322,22,22,8,False,True,0.0289580561
9331,67,26,32,True,True,0.0003041495
9332,28,28,5,False,True,0.0965958461
9333,56,59,59,True,False,0.5538052917
9342,44,44,44,False,False,0.9967159033
9357,37,37,37,False,False,0.9900848866
9359,87,87,87,False,False,0.9895635247
9376,46,46,98,False,True,0.0348563492
9378,79,79,7,False,True,0.0345726572
9379,5,5,94,False,True,0.0382096507
9381,61,61,61,False,False,0.9131644368
9397,9,41,17,True,True,0.0007599104
9405,19,4,3,True,True,0.0000233395
9407,63,74,3,True,True,0.0073294444
9410,62,62,55,False,True,0.1241848841
9411,51,51,51,False,False,0.9997360110
9413,5,5,5,False,False,0.9944774508
9417,53,53,53,False,False,0.9688732028
9432,67,91,80,True,True,0.0062106000
9437,26,55,99,True,True,0.0000000423
9442,29,29,88,False,True,0.0360057391
9449,52,33,96,True,True,0.0003783278
9453,28,28,10,False,True,0.0000393965
9456,32,32,96,False,True,0.0530730858
9457,89,89,89,False,False,0.9727506042
9459,3,55,97,True,True,0.0000000029
9461,28,40,28,True,False,0.3157734275
9462,84,46,98,True,True,0.0000228605
9465,72,55,3,True,True,0.0000185103
9470,0,0,0,False,False,0.7845370770
9474,64,43,93,True,True,0.0006717887
9476,33,47,33,True,True,0.0002295524
9480,77,77,70,False,True,0.0002742491
9481,65,65,75,False,True,0.0000003641
9490,63,43,50,True,True,0.0302531589
9496,72,55,50,True,True,0.0021578157
9497,85,89,89,True,False,0.6154664755
9504,41,41,41,False,False,0.9652889371
9507,20,20,20,False,False,0.9939269423
9510,78,78,3,False,True,0.0832802504
9512,82,82,82,False,False,0.9998303652
9517,87,87,87,False,False,0.9884564877
9520,38,38,85,False,True,0.0151684852
9521,99,99,18,False,True,0.0532962643
9535,81,13,37,True,True,0.2342051417
9545,57,57,57,False,False,0.9952493906
9562,70,70,70,False,False,0.4584038556
9571,5,5,5,False,False,0.9959428906
9576,55,4,27,True,True,0.0797130540
9589,99,99,53,False,False,0.0248701759
9592,69,69,69,False,False,0.9983729124
9594,60,60,71,False,True,0.0155177806
9599,58,58,41,False,True,0.1976080984
9602,63,3,36,True,True,0.0000540032
9603,14,14,14,False,False,0.8685017824
9604,75,75,74,False,True,0.0128788697
9605,18,18,79,False,True,0.0035492706
9607,61,70,61,True,True,0.0000273318
9609,75,98,91,True,True,0.0000003150
9619,98,98,98,False,False,0.3216655552
9625,7,7,7,False,False,0.7998823524
9632,56,62,52,True,True,0.0000030863
9634,41,67,86,True,True,0.0000000020
9643,36,89,36,True,True,0.0079808673
9646,64,74,66,True,True,0.0000879056
9648,70,70,92,False,True,0.0024684230
9649,11,11,35,False,False,0.3810733259
9658,14,14,14,False,False,0.9989227653
9660,39,55,89,True,True,0.0000002271
9671,92,92,62,False,True,0.0709838495
9677,59,96,96,True,False,0.7945225239
9682,30,91,32,True,True,0.0924766287
9683,43,43,43,False,False,0.9934264421
9689,11,11,11,False,False,0.5639542937
9691,75,75,75,False,False,0.5204570889
9693,55,44,44,True,False,0.1837391704
9716,79,26,0,True,False,0.0000242586
9718,18,18,52,False,True,0.0546709336
9720,57,57,57,False,False,0.9928221107
9721,77,18,27,True,True,0.0000187882
9723,68,60,23,True,True,0.0010284061
9729,25,25,25,False,False,0.3570002019
9731,3,3,3,False,False,0.9982497096
9732,92,70,92,True,True,0.0248721801
9734,41,41,69,False,True,0.1867273897
9739,75,85,55,True,True,0.0000002981
9747,88,88,88,False,False,0.9852820039
9751,31,31,31,False,False,0.9992722869
9753,31,31,31,False,False,0.6965214610
9757,43,4,26,True,True,0.0000011170
9758,35,30,9,True,True,0.0000004556
9760,30,79,72,True,True,0.0008098750
9761,31,31,31,False,False,0.9994266033
9763,74,6,80,True,False,0.0017390494
9766,84,84,20,False,True,0.0093091903
9773,2,2,2,False,False,0.6274935603
9780,81,90,71,True,True,0.0243216883
9788,55,41,43,True,True,0.0000000135
9789,81,85,55,True,True,0.0000159254
9794,45,26,2,True,True,0.0044668266
9801,98,98,35,False,True,0.0044428902
9806,64,64,3,False,True,0.0003334683
9811,56,56,56,False,False,0.8915727139
9817,47,47,52,False,True,0.0452155434
9818,32,32,18,False,True,0.0004143808
9825,75,75,78,False,True,0.0156478062
9828,22,22,22,False,False,0.5761331916
9832,27,27,99,False,True,0.0090291845
9845,34,34,34,False,False,0.9999988079
9847,14,14,6,False,True,0.0204596668
9848,40,40,40,False,False,0.4591481984
9850,1,32,1,True,False,0.4385466874
9859,15,3,97,True,True,0.0057893754
9867,3,3,55,False,True,0.0030456919
9868,95,72,72,True,False,0.5208512545
9869,75,50,3,True,True,0.0000200076
9877,28,28,40,False,True,0.0382018611
9878,19,19,73,False,True,0.0000000343
9885,38,27,97,True,True,0.0000539833
9886,32,32,40,False,True,0.0000007848
9891,82,82,82,False,False,0.9919314981
9892,56,71,59,True,True,0.0002904980
9900,88,88,88,False,False,0.9998610020
9907,52,47,52,True,True,0.0125809116
9909,31,31,31,False,False,0.9779182076
9913,30,73,30,True,True,0.0009748344
9919,72,72,72,False,False,0.9682866335
9922,64,64,64,False,False,0.6262646914
9923,32,32,98,False,True,0.0000000311
9926,11,11,11,False,False,0.9484384656
9930,41,86,66,True,True,0.0001570945
9935,80,65,70,True,True,0.0000028548
9941,84,84,69,False,True,0.2298758179
9945,17,17,17,False,False,0.9970725775
9949,70,70,70,False,False,0.9117925167
9953,63,74,34,True,True,0.0227338504
9961,92,54,62,True,True,0.1313443333
9966,98,98,43,False,True,0.0389133394
9972,8,95,37,True,False,0.0000233027
9975,25,20,37,True,False,0.0000908654
9985,86,86,86,False,False,0.7529883981
9988,58,58,89,False,True,0.0060006971
9994,29,32,6,True,True,0.0000019706
10000,48,48,48,False,False,0.9753392339
10005,36,50,36,True,True,0.0008578658
10028,68,68,60,False,True,0.0042111184
10055,49,85,55,True,True,0.0079870950
10066,4,50,77,True,False,0.0414021090
10074,4,27,20,True,False,0.0000000079
10075,17,17,17,False,False,0.5926910043
10077,73,30,95,True,True,0.3022739291
10097,19,64,66,True,True,0.0099481521
10099,4,50,21,True,True,0.0000000002
10101,25,25,9,False,True,0.0186523218
10111,59,49,76,True,True,0.0000001617
10114,70,70,70,False,False,0.7599197030
10116,44,7,79,True,True,0.0000305880
10122,87,87,87,False,False,0.9087588787
10128,97,34,3,True,True,0.0000287964
10137,49,49,60,False,True,0.0939618424
10139,29,31,29,True,True,0.0363570303
10140,77,77,6,False,True,0.0231760051
10146,29,21,70,True,False,0.0000418974
10156,32,1,44,True,True,0.0000000654
10160,32,46,46,True,False,0.7530304193
10168,18,18,44,False,True,0.0212233104
10174,90,90,68,False,True,0.0020144684
10178,42,88,88,True,False,0.9559146762
10180,81,55,81,True,True,0.0000365040
10182,72,70,97,True,True,0.0000000080
10183,85,10,21,True,True,0.0000272584
10187,36,36,36,False,False,0.8887726665
10212,9,9,9,False,False,0.3153433800
10214,38,34,15,True,True,0.0003911155
10217,55,36,74,True,True,0.0085837431
10219,20,20,20,False,False,0.9415654540
10221,0,0,0,False,False,0.9996926785
10222,81,58,13,True,True,0.0599724464
10223,95,71,71,True,False,0.9696115851
10228,76,76,71,False,True,0.0000000148
10231,6,6,50,False,True,0.0092251189
10233,79,79,79,False,False,0.5965128541
10234,20,20,84,False,True,0.1073989049
10237,6,62,6,True,True,0.0000072171
10238,34,34,34,False,False,0.8053350449
10248,72,74,50,True,True,0.0000007373
10249,89,89,85,False,True,0.0022105463
10253,37,37,37,False,False,0.3813337684
10257,5,5,5,False,False,0.8915255070
10265,79,79,79,False,False,0.9699785113
10274,56,59,59,True,False,0.5311152935
10278,11,11,46,False,False,0.2842378616
10280,10,10,16,False,True,0.0528328754
10282,66,66,55,False,True,0.0072616404
10306,99,99,7,False,True,0.0000139883
10307,12,12,12,False,False,0.4527056217
10323,47,47,47,False,False,0.9971126318
10326,78,78,78,False,False,0.3188161552
10328,87,87,89,False,True,0.1876120716
10331,99,99,99,False,False,0.3826254010
10333,65,65,34,False,False,0.1430637091
10338,91,91,43,False,True,0.0023457338
10342,62,62,62,False,False,0.9660947919
10343,73,1,1,True,False,0.8656383753
10347,77,77,60,False,True,0.0330500938
10355,29,75,27,True,True,0.0000974655
10356,35,98,98,True,False,0.7350082994
10359,18,44,60,True,True,0.0059434557
10360,19,19,19,False,False,0.9893980026
10370,84,55,16,True,True,0.0095215272
10372,29,55,55,True,False,0.9263464212
10385,54,54,62,False,True,0.0080188159
10387,93,93,50,False,True,0.0000210332
10390,56,56,56,False,False,0.4720441699
10391,35,11,11,True,False,0.9114940166
10402,17,17,17,False,False,0.9936695695
10408,66,66,33,False,True,0.0071659866
10410,27,6,36,True,True,0.0000000000
10415,74,74,72,False,True,0.0144956158
10419,18,99,50,True,True,0.0000183501
10432,50,1,4,True,True,0.0000448036
10433,43,43,97,False,True,0.0031417557
10442,29,38,52,True,True,0.0006543840
10451,74,36,65,True,True,0.0011184440
10452,72,55,18,True,True,0.0455554090
10454,96,33,52,True,True,0.0070064277
10458,89,55,13,True,True,0.0000053531
10459,88,85,88,True,True,0.0000000000
10471,93,93,93,False,False,0.4559877515
10474,52,52,52,False,False,0.8092366457
10478,70,70,20,False,True,0.0120195374
10481,23,71,23,True,True,0.0020567200
10482,90,90,90,False,False,0.9989742041
10497,69,69,69,False,False,0.7905161977
10500,38,3,85,True,True,0.0206836667
10506,36,75,36,True,True,0.0000000012
10514,80,80,80,False,False,0.6032104492
10519,82,85,85,True,False,0.9760110378
10520,14,14,6,False,True,0.0116594750
10521,51,92,93,True,True,0.0044169412
10522,51,52,37,True,True,0.0168769769
10528,50,50,91,False,True,0.0017499905
10545,92,62,62,True,False,0.5223616362
10547,78,78,78,False,False,0.4373059273
10551,27,71,71,True,False,0.9985213876
10562,43,43,21,False,False,0.3874567151
10572,46,46,46,False,False,0.9998231530
10575,80,50,80,True,True,0.0023376013
10578,32,11,98,True,True,0.1361116916
10590,7,80,91,True,True,0.0000020521
10596,76,55,62,True,True,0.0245169345
10598,53,55,53,True,True,0.0000000094
10600,92,92,62,False,True,0.1043138430
10606,44,44,23,False,True,0.0512938015
10619,16,16,16,False,False,0.9309540391
10621,42,88,51,True,True,0.0001056816
10632,48,48,48,False,False,0.9993776679
10636,88,88,66,False,True,0.0079098549
10639,10,10,84,False,True,0.0513620973
10641,38,38,38,False,False,0.6355158091
10643,34,97,34,True,True,0.0000000417
10646,80,34,3,True,True,0.0011490220
10656,22,22,22,False,False,0.9999948740
10660,86,86,86,False,False,0.8375464678
10671,30,30,72,False,True,0.0056586154
10680,49,33,96,True,False,0.2628529072
10698,57,57,57,False,False,0.5191191435
10700,98,98,98,False,False,0.9804897904
10703,33,90,49,True,True,0.0629398599
10705,19,19,36,False,True,0.1918995082
10707,99,78,80,True,True,0.0022662485
10709,41,86,85,True,True,0.0000000217
10720,40,40,9,False,True,0.2576743364
10721,80,80,80,False,False,0.9974547029
10730,17,17,17,False,False,0.6503090858
10732,78,78,78,False,False,0.9999679327
10740,31,31,31,False,False,0.8087231517
10744,86,86,9,False,True,0.0008480994
10750,50,74,50,True,True,0.0000158939
10762,8,69,8,True,True,0.0000000346
10774,46,46,13,False,True,0.0000406715
10778,39,39,70,False,True,0.0006603691
10781,29,29,60,False,True,0.0000004465
10782,3,3,19,False,True,0.0000001322
10792,51,51,51,False,False,0.8094856739
10794,8,8,48,False,True,0.0017740875
10797,12,69,49,True,True,0.0004249783
10801,60,68,60,True,True,0.0719329938
10803,36,36,82,False,False,0.3579792678
10805,95,73,3,True,True,0.0003284338
10806,1,32,66,True,True,0.0096667102
10808,94,94,84,False,True,0.0664541423
10810,90,90,90,False,False,0.9999895096
10811,50,50,77,False,True,0.0000005647
10818,37,17,37,True,True,0.0089889662
10819,42,66,42,True,True,0.0010234516
10826,22,22,22,False,False,0.9228426218
10829,18,18,14,False,True,0.1445738524
10834,26,26,78,False,True,0.0013495508
10841,47,59,96,True,True,0.0081498977
10851,24,24,6,False,True,0.2149142027
10857,54,52,77,True,True,0.0000000719
10859,96,33,60,True,False,0.3916541040
10870,43,43,43,False,False,0.9999712706
10873,36,36,50,False,True,0.0799130946
10877,17,17,17,False,False,0.9976740479
10886,83,57,83,True,True,0.0045945388
10891,89,89,65,False,True,0.0180132110
10897,81,13,55,True,True,0.1361991465
10903,36,46,65,True,True,0.0000001523
10904,65,46,65,True,True,0.0000000000
10910,94,56,15,True,True,0.0000000001
10913,55,72,89,True,True,0.0006298329
10917,60,60,13,False,True,0.0000054616
10921,68,68,60,False,True,0.0372315161
10924,40,40,34,False,True,0.0050205826
10936,22,22,22,False,False,0.9929164648
10941,95,30,77,True,True,0.0000222664
10946,67,71,72,True,True,0.0013658374
10955,10,10,10,False,False,0.9104036689
10963,97,97,43,False,True,0.0226718578
10969,68,68,68,False,False,0.8982932568
10981,34,80,4,True,True,0.0000298403
10982,56,56,56,False,False,0.5099881887
10988,67,67,23,False,True,0.0001635228
10989,70,70,99,False,True,0.0021325557
10991,86,86,86,False,False,0.9993182421
10998,12,76,49,True,True,0.2171616554
11000,64,36,51,True,True,0.0018314911
11001,20,20,20,False,False,0.9323593974
11011,39,39,39,False,False,0.9482736588
11014,96,56,52,True,True,0.0705861375
11017,74,36,95,True,True,0.0000006014
11022,12,55,12,True,True,0.0000040240
11036,44,29,99,True,True,0.0000612020
11038,4,50,3,True,True,0.0132343024
11040,11,11,98,False,False,0.3030691445
11041,23,23,23,False,False,0.4427365363
11047,64,36,97,True,True,0.0019719582
11057,69,30,71,True,True,0.0000018986
11066,94,94,5,False,True,0.0724090040
11071,58,58,58,False,False,0.9051496387
11072,0,0,0,False,False,0.9990684390
11076,57,57,57,False,False,0.9942613840
11082,39,39,39,False,False,0.9993286133
11084,82,82,82,False,False,1.0000000000
11085,55,72,55,True,True,0.0368177667
11090,21,35,21,True,True,0.0000064304
11091,75,74,26,True,True,0.0001419630
11107,26,26,9,False,True,0.0000889073
11115,80,80,80,False,False,0.7090270519
11125,21,3,21,True,True,0.0000022085
11126,73,30,95,True,True,0.1262463331
11127,31,31,31,False,False,0.9998452663
11130,29,29,29,False,False,0.3318814039
11131,67,67,67,False,False,0.8545166850
11139,2,2,55,False,True,0.0106989890
11154,99,85,78,True,True,0.0000000283
11166,16,16,16,False,False,0.9837659001
11171,24,24,24,False,False,0.9920352101
11177,27,19,55,True,True,0.0011437150
11180,69,69,23,False,True,0.2496099323
11183,32,32,74,False,True,0.0015914078
11184,27,67,55,True,False,0.0033589795
11199,80,36,46,True,True,0.0000001007
11200,63,56,54,True,True,0.0027504154
11229,8,46,8,True,True,0.0047638630
11240,46,46,86,False,True,0.3085805476
11247,81,81,37,False,True,0.0014387482
11264,0,53,0,True,False,0.3089316785
11268,75,58,19,True,True,0.0006582593
11269,9,9,9,False,False,0.9255195856
11279,51,51,51,False,False,0.9310123324
11285,23,23,6,False,True,0.0088248178
11290,30,73,72,True,False,0.0002027709
11292,33,49,49,True,False,0.9366157651
11296,82,82,82,False,False,0.9986354709
11298,13,81,58,True,True,0.0002186728
11304,42,34,34,True,False,0.5805214047
11307,48,41,68,True,True,0.0173268449
11308,49,49,55,False,False,0.1304575652
11310,79,79,33,False,True,0.1386176199
11311,48,48,48,False,False,0.9920895100
11323,73,30,69,True,True,0.0007770982
11356,28,69,28,True,True,0.0000002644
11362,23,23,23,False,False,0.9987842441
11368,83,83,92,False,True,0.0138449185
11370,45,45,27,False,True,0.0036121835
11371,97,97,97,False,False,0.9718925953
11372,63,50,50,True,False,0.6686232686
11373,94,94,94,False,False,0.9860665202
11374,24,24,24,False,False,0.9071389437
11375,91,91,91,False,False,0.8374647498
11381,8,8,89,False,True,0.0070414324
11384,2,2,2,False,False,0.7372615337
11392,47,52,33,True,False,0.2919427752
11395,13,58,58,True,False,0.6892619133
11397,49,23,95,True,True,0.0013795997
11399,60,60,60,False,False,0.9410441518
11405,82,82,82,False,False,0.3636354506
11410,6,6,54,False,True,0.2422214150
11427,39,39,39,False,False,0.5526319146
11430,24,24,24,False,False,0.9950768352
11433,77,77,93,False,False,0.0430932269
11441,65,65,91,False,True,0.0015762076
11445,42,88,42,True,True,0.0010978075
11446,76,23,89,True,True,0.0000011224
11457,43,43,43,False,False,0.9999244213
11460,87,87,65,False,True,0.0144575424
11466,96,96,96,False,False,0.7730907798
11467,33,52,14,True,True,0.0076728351
11477,72,69,77,True,True,0.0000000171
11481,28,10,40,True,True,0.0008693858
11483,21,21,21,False,False,0.9703932405
11493,71,71,71,False,False,0.9196602106
11494,43,43,43,False,False,0.9990168810
11500,39,39,39,False,False,0.9560510516
11509,77,77,26,False,True,0.0004328522
11515,40,40,40,False,False,0.9998828173
11517,49,49,49,False,False,0.6510493159
11521,6,6,6,False,False,0.9995218515
11522,17,52,37,True,False,0.2350835800
11523,18,18,85,False,True,0.1455365270
11524,44,44,2,False,True,0.0155478902
11539,55,66,19,True,True,0.0001491441
11543,88,88,88,False,False,0.4725432694
11547,98,2,55,True,True,0.0001117922
11554,69,76,13,True,True,0.0000466110
11555,59,30,52,True,True,0.0000113249
11557,6,49,45,True,True,0.0000000009
11559,85,69,14,True,True,0.0000023211
11575,81,90,13,True,False,0.0013115365
11590,12,12,76,False,True,0.1008172333
11599,76,76,95,False,True,0.2943813205
11600,82,82,82,False,False,0.9984672666
11616,16,9,16,True,True,0.0238924325
11617,8,8,8,False,False,0.9997742772
11629,3,3,97,False,False,0.1927741021
11636,92,92,92,False,False,0.7771019340
11637,59,23,23,True,False,0.4930474162
11640,50,36,65,True,True,0.0397052690
11649,75,75,19,False,True,0.0271866377
11655,43,43,49,False,False,0.3631441593
11657,80,91,80,True,True,0.0000002936
11663,51,51,51,False,False,0.9281108379
11665,4,42,44,True,True,0.0007193051
11669,54,70,55,True,True,0.0000542997
11674,96,59,52,True,True,0.0000013375
11678,46,46,46,False,False,0.9715913534
11682,73,91,32,True,True,0.0000540968
11685,42,88,36,True,True,0.0469172150
11693,22,22,61,False,True,0.0035923242
11697,54,54,54,False,False,0.4316473007
11703,23,54,1,True,True,0.0054599429
11736,49,49,49,False,False,0.9995117188
11743,26,26,50,False,True,0.0467118658
11748,77,77,74,False,True,0.0002191852
11771,3,3,52,False,True,0.0013311305
11772,15,15,15,False,False,0.7488877773
11775,39,39,86,False,True,0.0888499767
11789,8,8,8,False,False,0.9999274015
11792,3,3,3,False,False,0.6156235933
11799,38,41,31,True,True,0.0000030120
11805,25,25,81,False,True,0.0000835146
11814,80,80,99,False,True,0.0000000055
11834,13,13,13,False,False,0.9624177217
11844,76,94,9,True,True,0.0052192872
11846,76,76,89,False,True,0.0036676188
11847,42,34,72,True,True,0.0000041521
11855,60,60,60,False,False,0.9884321094
11861,90,90,95,False,True,0.0019035860
11862,72,67,64,True,True,0.0029176085
11864,43,43,97,False,True,0.1884219497
11881,15,15,74,False,True,0.0000041836
11889,87,87,87,False,False,0.4774825871
11890,30,30,72,False,True,0.0139850266
11895,78,69,99,True,True,0.0000033788
11906,50,50,32,False,True,0.0174592752
11908,89,3,89,True,True,0.0007702020
11914,87,87,87,False,False,0.9746366739
11919,49,49,41,False,True,0.0093434239
11922,52,96,52,True,True,0.0262266528
11924,62,70,82,True,True,0.0000055464
11928,33,49,33,True,False,0.2322958261
11929,30,71,71,True,False,0.1976177841
11931,26,12,43,True,True,0.0000000002
11934,98,98,11,False,True,0.2941380739
11936,66,66,66,False,False,0.8241300583
11938,51,51,51,False,False,0.7053272724
11940,78,78,99,False,True,0.1630248874
11947,71,23,89,True,True,0.1645246148
11949,43,43,90,False,True,0.2339318693
11952,7,7,32,False,True,0.0716933012
11954,11,2,46,True,True,0.0000469434
11957,12,12,12,False,False,0.8486753106
11965,61,61,1,False,True,0.2754400671
11971,87,87,87,False,False,0.9999511242
11972,22,22,22,False,False,0.9914918542
11990,46,98,89,True,True,0.0000072151
11993,55,1,33,True,True,0.0059516281
11997,15,15,98,False,True,0.0061950805
11998,35,35,35,False,False,0.5604542494
12006,59,52,48,True,True,0.0073743993
12019,46,46,46,False,False,0.4716552198
12025,39,39,39,False,False,0.9950900078
12031,9,9,9,False,False,0.9257441163
12032,29,38,29,True,True,0.0000008009
12040,41,41,41,False,False,0.9746792316
12043,69,69,69,False,False,0.9873470068
12046,26,26,50,False,True,0.0000031497
12050,33,52,52,True,False,0.6043493152
12055,21,21,21,False,False,0.9090478420
12056,41,41,89,False,True,0.0026146742
12062,54,10,70,True,True,0.0000091751
12069,97,3,45,True,True,0.0000045414
12073,94,94,94,False,False,0.7193168402
12075,97,97,43,False,True,0.0200346299
12077,81,81,81,False,False,0.3575946689
12082,59,33,84,True,True,0.0039239367
12086,20,20,20,False,False,0.9999563694
12087,89,41,89,True,True,0.0000019191
12088,24,24,24,False,False,0.8295173645
12090,72,66,64,True,True,0.0000367621
12098,41,41,89,False,True,0.0078132655
12107,35,35,21,False,True,0.0009261905
12108,99,99,22,False,True,0.1664217263
12116,44,44,93,False,True,0.2838121653
12117,55,70,27,True,True,0.0000001739
12122,4,38,34,True,True,0.0006390396
12135,39,39,39,False,False,0.9639361501
12139,58,58,58,False,False,0.9998518229
12142,40,40,36,False,False,0.2459846735
12143,28,28,28,False,False,0.9999265671
12147,41,41,89,False,True,0.2004396170
12148,38,38,66,False,True,0.0000477637
12151,15,65,15,True,True,0.0031967084
12156,3,3,85,False,True,0.0000014157
12158,80,80,19,False,True,0.0008519608
12159,47,47,88,False,True,0.0244719423
12162,83,83,98,False,True,0.1980458200
12163,98,98,35,False,True,0.0038247232
12175,71,71,71,False,False,0.7735877037
12177,32,46,32,True,True,0.0000011231
12184,39,39,39,False,False,0.9883916974
12185,77,77,32,False,True,0.0295233466
12187,5,5,25,False,True,0.1061495394
12188,8,8,50,False,True,0.0267450195
12193,44,44,18,False,False,0.4405283034
12195,81,55,89,True,True,0.0000660358
12203,11,2,35,True,True,0.2701787651
12205,28,28,30,False,True,0.0542621277
12214,43,43,21,False,False,0.4516291618
12218,1,91,36,True,True,0.0000002271
12224,93,30,93,True,True,0.0003369090
12228,34,42,37,True,True,0.0074606878
12233,4,74,21,True,True,0.0000000001
12236,88,88,55,False,True,0.1681825519
12242,17,17,13,False,True,0.0000118673
12246,81,90,49,True,True,0.0000051954
12248,69,69,69,False,False,0.9999480247
12262,91,32,32,True,False,0.3742302060
12273,52,52,52,False,False,0.4154126942
12276,31,93,31,True,True,0.0000000000
12279,35,11,11,True,False,0.6510791779
12284,66,66,34,False,True,0.0036088109
12285,78,78,78,False,False,0.8055338264
12287,45,23,50,True,True,0.0098232692
12288,98,98,98,False,False,0.9998992682
12289,98,98,35,False,True,0.0000153092
12295,40,40,39,False,True,0.0013951894
12296,8,46,46,True,False,0.9370599985
12299,90,90,9,False,True,0.0000095504
12305,58,58,13,False,True,0.0000459501
12315,23,23,33,False,True,0.0020790054
12324,2,2,46,False,True,0.3770779073
12325,64,55,36,True,True,0.0000000002
12328,71,55,23,True,True,0.0005550797
12331,68,72,59,True,True,0.0000000299
12333,12,87,17,True,False,0.0082237506
12334,21,41,31,True,True,0.0000001731
12337,95,73,71,True,False,0.1347182095
12339,36,64,74,True,True,0.0000000145
12340,16,16,45,False,True,0.0469448492
12344,78,78,69,False,True,0.0000382183
12366,33,33,37,False,True,0.0415724479
12374,75,63,66,True,True,0.0000049653
12384,24,32,32,True,False,0.5367481112
12387,90,90,90,False,False,0.7443709373
12409,71,71,60,False,True,0.0006361866
12410,91,55,91,True,True,0.0002514286
12417,54,62,70,True,True,0.0012924835
12418,36,36,62,False,True,0.0386707224
12419,50,50,34,False,True,0.1259946525
12421,69,69,69,False,False,0.8934571147
12426,23,23,49,False,True,0.0445524678
12429,22,37,80,True,True,0.0422047526
12433,95,58,90,True,True,0.0048110350
12434,79,14,66,True,True,0.0001662887
12437,67,72,77,True,True,0.0000001618
12440,89,89,89,False,False,0.9312579632
12445,84,84,25,False,True,0.0064514573
12447,16,16,16,False,False,0.9676170349
12452,13,46,46,True,False,0.4651754200
12459,34,34,97,False,True,0.0030056480
12463,30,30,30,False,False,0.5938337445
12464,74,74,50,False,True,0.0000014082
12466,13,13,89,False,True,0.0000395685
12468,54,70,54,True,True,0.0010205301
12470,66,66,66,False,False,0.8101581335
12472,10,10,10,False,False,0.9830965996
12473,54,92,14,True,True,0.0259956066
12475,51,60,65,True,True,0.0003771331
12477,73,73,1,False,True,0.0086041419
12485,62,62,70,False,True,0.0000018610
12488,16,9,16,True,True,0.0006216094
12497,12,85,49,True,True,0.0000122518
12504,46,46,46,False,False,0.9566864967
12509,15,15,63,False,True,0.0000239954
12514,38,97,15,True,True,0.0002693429
12519,53,53,53,False,False,0.9999976158
12522,43,43,21,False,True,0.0285430830
12525,43,43,43,False,False,0.5788885355
12527,69,87,85,True,True,0.0000164009
12531,94,94,5,False,True,0.3031627536
12532,66,64,17,True,True,0.0003005882
12535,52,68,68,True,False,0.5941698551
12545,1,1,1,False,False,0.9685288072
12546,92,54,70,True,True,0.0001339702
12550,31,31,31,False,False,0.6699494123
12553,27,67,27,True,True,0.0230519753
12554,49,23,49,True,True,0.1028463766
12559,66,36,97,True,True,0.0000002372
12571,56,56,52,False,True,0.1335271001
12582,17,17,17,False,False,0.4318142831
12583,91,91,44,False,True,0.0139210252
12587,77,77,65,False,True,0.0154765649
12590,83,83,55,False,True,0.0017462546
12592,86,86,22,False,True,0.0674952418
12594,27,44,67,True,True,0.0399952121
12607,50,98,66,True,True,0.0000045279
12609,1,1,1,False,False,0.9941469431
12620,27,27,27,False,False,0.2409019023
12627,22,69,22,True,True,0.0000001219
12631,49,49,49,False,False,0.8850669861
12633,48,90,48,True,True,0.0000001341
12641,69,69,69,False,False,0.5100264549
12642,11,11,2,False,True,0.2015765607
12643,16,16,16,False,False,0.9988102913
12648,22,86,82,True,False,0.0000176746
12655,13,13,76,False,True,0.0077293939
12676,12,33,27,True,True,0.0000514940
12678,66,36,3,True,True,0.0000002332
12680,9,9,9,False,False,0.5379792452
12697,39,39,39,False,False,0.8253241777
12706,74,50,72,True,True,0.0083551304
12743,91,1,91,True,True,0.0033148096
12746,81,13,13,True,False,0.9365134835
12747,78,78,59,False,True,0.0015650605
12752,24,7,32,True,False,0.2669450641
12754,33,33,77,False,True,0.0075112768
12755,86,86,86,False,False,0.3701009154
12758,47,33,52,True,True,0.0105465883
12760,58,58,58,False,False,0.9015605450
12768,30,73,73,True,False,0.7331981063
12783,66,66,3,False,True,0.0032125067
12799,12,76,12,True,True,0.0003697881
12804,32,32,74,False,True,0.0000418570
12805,52,52,23,False,False,0.2082776874
12808,79,6,66,True,True,0.0010616687
12816,10,61,61,True,False,0.9136281013
12817,25,25,25,False,False,0.3004556000
12818,87,39,86,True,True,0.0002030423
12821,17,17,58,False,True,0.1092517376
12822,48,48,48,False,False,0.6047388315
12823,36,64,36,True,True,0.0000864367
12831,20,20,20,False,False,0.9977546334
12832,59,59,52,False,True,0.0082008159
12833,45,93,55,True,True,0.0000026984
12835,36,36,36,False,False,0.9242370129
12839,70,54,54,True,False,0.9108480215
12846,91,93,27,True,False,0.1402040124
12847,1,1,1,False,False,0.9999576807
12848,31,31,31,False,False,0.9937054515
12853,97,97,34,False,True,0.1694227010
12857,90,90,37,False,False,0.2106882632
12862,20,20,81,False,True,0.0620589256
12881,28,28,10,False,True,0.0003781292
12885,6,54,6,True,True,0.0000037317
12887,43,21,43,True,True,0.0000000000
12894,26,26,77,False,True,0.0000005814
12896,92,62,70,True,True,0.0014185777
12900,13,13,58,False,False,0.3255241811
12904,84,5,5,True,False,0.4968993962
12907,59,82,59,True,True,0.0000043728
12911,73,91,1,True,True,0.0001358559
12914,45,79,73,True,True,0.0000358261
12915,45,26,89,True,True,0.0002565521
12916,11,98,46,True,True,0.0475502834
12917,29,34,38,True,True,0.0111833178
12918,99,94,99,True,True,0.0000000000
12922,20,20,20,False,False,0.9580877423
12923,44,44,67,False,True,0.0109379925
12930,14,14,32,False,True,0.0567774475
12931,39,39,39,False,False,0.9888687134
12943,65,50,55,True,True,0.0044531953
12944,15,19,89,True,True,0.1299113631
12945,89,89,89,False,False,0.9507024884
12959,10,10,10,False,False,0.3851732016
12962,31,31,31,False,False,0.9999977350
12968,18,18,18,False,False,0.9999171495
12972,56,56,56,False,False,0.9919800758
12973,79,7,91,True,True,0.0000856500
12974,1,1,75,False,True,0.0000106977
12994,22,22,85,False,True,0.0893006027
12999,60,60,90,False,True,0.0012013876
13005,59,52,67,True,True,0.0000430767
13008,2,2,11,False,False,0.2769024968
13011,50,50,36,False,True,0.0754116103
13019,26,45,89,True,True,0.1193591729
13028,91,32,91,True,True,0.0108165545
13035,92,70,70,True,False,0.6826711893
13037,6,6,54,False,True,0.0045657437
13047,19,19,55,False,True,0.0000673957
13055,35,11,46,True,False,0.2221617997
13067,60,60,85,False,True,0.1209948882
13069,77,77,77,False,False,0.9982391596
13074,34,97,69,True,True,0.0001400325
13080,10,28,10,True,True,0.0056226952
13083,36,50,2,True,True,0.0000034218
13084,22,2,22,True,True,0.0000000055
13092,21,21,66,False,True,0.0646796599
13093,59,33,52,True,True,0.2177047580
13103,46,46,11,False,True,0.0688242018
13106,33,33,33,False,False,0.6772758961
13109,89,89,12,False,True,0.0158311073
13117,25,25,25,False,False,0.9539471865
13120,75,7,89,True,True,0.0044985535
13125,46,46,46,False,False,0.7711541057
13127,84,10,33,True,True,0.0000040926
13131,30,30,95,False,True,0.0185160358
13132,68,68,68,False,False,0.9913588762
13134,40,28,46,True,True,0.0042579016
13137,30,73,32,True,True,0.0527128167
13138,84,84,20,False,True,0.0008329986
13142,14,85,88,True,True,0.0000000020
13145,9,9,86,False,True,0.1010232419
13154,68,68,89,False,True,0.0233445354
13167,69,69,69,False,False,0.9704571366
13168,74,7,21,True,True,0.0000232586
13175,25,25,9,False,True,0.0008056562
13178,59,56,52,True,True,0.0338619389
13179,88,88,33,False,True,0.0039076600
13182,76,37,60,True,True,0.0000319177
13188,57,57,57,False,False,0.9388304949
13190,45,45,29,False,True,0.0002338013
13202,11,98,98,True,False,0.9725884199
13210,36,69,46,True,True,0.0000000000
13216,24,24,7,False,True,0.0076148566
13219,39,39,87,False,False,0.3041891754
13220,6,6,6,False,False,0.9620214701
13221,1,3,32,True,True,0.0000000002
13228,86,86,21,False,True,0.0000538815
13232,5,20,94,True,True,0.0003757604
13236,43,43,43,False,False,0.9983845949
13244,24,24,7,False,True,0.0029515645
13248,79,82,7,True,True,0.0003874091
13250,94,94,94,False,False,0.9058637619
13259,11,11,11,False,False,0.8176794648
13262,76,76,69,False,True,0.2726175785
13269,18,18,18,False,False,0.7426512241
13272,34,97,34,True,True,0.0000000018
13273,55,27,10,True,True,0.0000125199
13280,63,21,64,True,True,0.0000006145
13293,66,21,36,True,True,0.0000030698
13302,3,21,75,True,True,0.0157412607
13303,80,50,34,True,True,0.0009960697
13317,5,5,20,False,True,0.0393607207
13320,47,82,62,True,True,0.0006831052
13340,14,14,14,False,False,0.9986582994
13341,67,71,78,True,True,0.0011123578
13355,84,84,84,False,False,0.5422714949
13361,24,89,77,True,True,0.0000074711
13363,70,89,40,True,True,0.0000006973
13368,32,46,46,True,False,0.9970290065
13371,32,71,65,True,True,0.0001321745
13373,40,40,93,False,True,0.0280570816
13376,36,36,36,False,False,0.9999698400
13378,89,89,90,False,True,0.0887379497
13383,11,11,46,False,True,0.0026488975
13387,39,39,10,False,True,0.0390381552
13389,1,91,14,True,True,0.0788279325
13390,63,75,50,True,True,0.0000002491
13391,84,84,84,False,False,0.8144658208
13406,56,56,79,False,True,0.0049422304
13420,59,59,52,False,True,0.0154439267
13425,73,91,89,True,True,0.0000018542
13429,83,83,83,False,False,0.9155688882
13439,91,91,40,False,True,0.0009566026
13449,78,78,99,False,True,0.0000143372
13452,72,63,50,True,True,0.0000035905
13454,4,95,71,True,True,0.0000837887
13455,78,78,86,False,False,0.4204451144
13456,64,36,34,True,True,0.0853918940
13458,82,82,82,False,False,0.9984992743
13460,51,51,1,False,True,0.0499368683
13467,76,76,39,False,True,0.0217071082
13468,61,61,61,False,False,0.5885272026
13470,91,91,32,False,True,0.0087736435
13471,89,85,58,True,True,0.0083241006
13472,23,23,37,False,True,0.0000014446
13476,7,7,6,False,True,0.0000900452
13486,3,21,66,True,True,0.0000001973
13489,39,39,39,False,False,0.6513034701
13500,97,97,91,False,True,0.0015545900
13505,78,78,77,False,True,0.0000064644
13506,69,99,91,True,True,0.0000942885
13515,90,13,68,True,False,0.0000241686
13525,95,95,95,False,False,0.9955434203
13528,0,0,70,False,False,0.2741931677
13536,13,13,13,False,False,0.9999685287
13539,37,37,58,False,False,0.2095213830
13540,52,52,33,False,True,0.2417238951
13541,59,59,56,False,False,0.2155615389
13546,82,30,82,True,True,0.0000033222
13550,11,11,21,False,True,0.1381909549
13553,15,15,31,False,False,0.3606152236
13558,71,71,71,False,False,0.4194959998
13561,14,14,1,False,True,0.0061698882
13562,85,33,34,True,True,0.0002012088
13572,76,89,31,True,False,0.0188909229
13575,67,67,23,False,True,0.0013669163
13576,48,48,48,False,False,0.9592530131
13579,3,72,97,True,True,0.0014403763
13581,3,3,3,False,False,0.8145365119
13584,16,16,16,False,False,0.9815042615
13591,61,61,61,False,False,0.9989305139
13592,81,90,52,True,True,0.0407029912
13602,45,61,98,True,True,0.0000070915
13603,81,37,9,True,True,0.0004283929
13605,17,17,17,False,False,0.2527774572
13607,36,50,55,True,True,0.0050483849
13609,67,66,34,True,True,0.0068524233
13616,23,23,23,False,False,0.6224821210
13621,40,17,28,True,True,0.0000000216
13635,40,40,69,False,True,0.2255271673
13636,55,78,78,True,False,0.2217344195
13640,95,91,95,True,True,0.0000176274
13641,35,35,11,False,True,0.0571097843
13644,1,1,32,False,False,0.2047637105
13658,37,37,89,False,True,0.0002212549
13659,35,35,21,False,True,0.0974526703
13663,49,49,49,False,False,0.9636141658
13666,98,35,16,True,True,0.2559087574
13678,45,91,99,True,True,0.0548088923
13683,92,92,54,False,True,0.0008832789
13691,35,35,50,False,True,0.0035393038
13697,70,92,54,True,True,0.2128610164
13700,20,20,20,False,False,0.9999221563
13705,84,84,20,False,True,0.0002770352
13707,98,98,46,False,True,0.0039148098
13713,46,11,52,True,True,0.0043077469
13725,16,16,16,False,False,0.3379406929
13738,41,89,41,True,True,0.0348813161
13746,88,88,88,False,False,0.8303854465
13767,88,88,88,False,False,0.9999111891
13776,45,45,51,False,True,0.0000000192
13780,95,72,30,True,True,0.0005954463
13781,22,22,16,False,True,0.0003179414
13782,75,75,21,False,True,0.0000010955
13783,23,23,23,False,False,0.9193373919
13784,62,62,41,False,True,0.0014752160
13791,77,77,99,False,True,0.1169269457
13794,20,20,20,False,False,0.8216933012
13806,21,21,21,False,False,0.9977412224
13819,13,13,55,False,True,0.1108714864
13820,29,71,34,True,True,0.0002728250
13829,57,57,57,False,False,0.5173608661
13837,43,43,55,False,True,0.0246620774
13839,27,27,60,False,True,0.0025885331
13842,95,91,30,True,True,0.0000004309
13848,52,47,47,True,False,0.9974892139
13851,31,31,31,False,False,0.9999960661
13853,32,46,46,True,False,0.7722610831
13859,49,49,49,False,False,0.8249635696
13860,48,48,48,False,False,0.9739792943
13863,75,95,73,True,True,0.0068030618
13865,97,66,88,True,True,0.0000006758
13871,55,3,75,True,True,0.0005292740
13872,19,19,19,False,False,0.9772807956
13874,27,71,69,True,False,0.0055282498
13880,68,68,68,False,False,0.9917715192
13889,55,95,3,True,True,0.0000000000
13896,45,79,73,True,True,0.0151448399
13902,15,15,15,False,False,0.9989886880
13907,47,33,59,True,False,0.3116668463
13912,21,48,21,True,True,0.0000000069
13930,91,1,32,True,True,0.0013767426
13933,44,44,44,False,False,0.9775351286
13938,28,28,40,False,True,0.1131401062
13943,27,89,30,True,True,0.0000000097
13945,73,30,91,True,True,0.0040474255
13949,38,38,38,False,False,0.6943559051
13950,93,93,73,False,True,0.0009836308
13955,27,27,14,False,True,0.2211004049
13960,69,69,76,False,True,0.0030770337
13962,7,9,57,True,True,0.0000459579
13964,1,1,1,False,False,0.9283578396
13972,47,96,96,True,False,0.6858228445
13975,72,73,64,True,True,0.0000014618
13976,88,88,6,False,True,0.0763255581
13982,33,33,33,False,False,0.8124350309
13983,19,19,55,False,True,0.0000124410
13985,7,7,7,False,False,0.9909068346
13990,86,86,9,False,True,0.0793277621
14006,81,13,25,True,True,0.1700912267
14020,53,53,53,False,False,0.7523326278
14023,22,22,22,False,False,0.9981437922
14024,23,74,60,True,True,0.0000284651
14025,13,58,58,True,False,0.4995068312
14031,40,84,9,True,True,0.0000000514
14037,16,9,16,True,True,0.0027283342
14046,19,19,15,False,True,0.2009767443
14051,42,42,42,False,False,0.6036598086
14061,50,32,15,True,True,0.0258254241
14064,15,69,3,True,True,0.0037701058
14071,69,69,76,False,True,0.0351909921
14078,55,64,72,True,True,0.0000001566
14079,61,61,32,False,True,0.0022340328
14088,81,13,81,True,True,0.0002591590
14092,43,43,43,False,False,0.9844969511
14094,38,38,66,False,True,0.0701434985
14098,63,36,36,True,False,0.4494785368
14100,69,68,60,True,True,0.0044589452
14101,21,21,21,False,False,0.7585172057
14111,41,46,48,True,True,0.0558955222
14112,45,83,24,True,True,0.0000280746
14119,59,59,60,False,False,0.0383986533
14128,18,24,55,True,True,0.0000001666
14129,86,86,86,False,False,0.9945278764
14131,82,82,55,False,True,0.0001638001
14136,12,12,37,False,True,0.0010589163
14137,68,68,68,False,False,0.9934618473
14141,46,14,32,True,True,0.0000614383
14142,44,29,50,True,True,0.0000138505
14143,31,31,31,False,False,0.9999102354
14145,52,96,52,True,True,0.2048284560
14149,10,10,10,False,False,0.8802074790
14150,1,32,45,True,True,0.0022835149
14151,82,82,82,False,False,0.5537211895
14152,24,24,6,False,True,0.0026798898
14154,74,32,74,True,True,0.0002063745
14159,16,16,9,False,True,0.0000143910
14164,36,64,36,True,True,0.0038590599
14170,86,69,86,True,True,0.0000007143
14171,33,69,33,True,True,0.0000794949
14181,37,37,13,False,True,0.1501574069
14183,81,13,13,True,False,0.9694452882
14190,15,15,15,False,False,0.8671187162
14195,71,71,60,False,True,0.0304682963
14199,3,3,21,False,True,0.0000014697
14203,95,30,72,True,True,0.0000032781
14207,20,20,20,False,False,0.9523780942
14214,65,35,9,True,False,0.0000105460
14215,56,56,90,False,True,0.0186543074
14217,72,72,3,False,True,0.0000219081
14247,15,15,52,False,True,0.0387151130
14248,91,77,55,True,True,0.0001822787
14257,55,55,65,False,True,0.0000903643
14258,50,50,1,False,True,0.0001593533
14265,42,42,85,False,True,0.0001540063
14278,70,54,54,True,False,0.9458730817
14284,76,76,76,False,False,0.9966013432
14290,81,37,58,True,True,0.0005748703
14291,72,80,95,True,True,0.0001189761
14294,35,35,11,False,True,0.0000011542
14300,11,11,11,False,False,0.9904758930
14309,16,16,16,False,False,0.7773035169
14318,66,66,64,False,True,0.0000535858
14319,50,50,93,False,True,0.0842120573
14321,90,90,68,False,True,0.1629150808
14324,74,50,85,True,True,0.0000019989
14329,20,20,20,False,False,0.9561566710
14333,37,37,89,False,True,0.0717161819
14335,84,84,88,False,True,0.0000007497
14336,41,41,44,False,True,0.1145964190
14339,36,36,64,False,True,0.0576269813
14342,17,17,17,False,False,0.8186063766
14343,32,1,91,True,True,0.0020760528
14362,16,16,16,False,False,0.9861845374
14364,92,54,98,True,False,0.0006668078
14365,71,90,95,True,True,0.0000013044
14373,6,6,62,False,True,0.1499248147
14379,94,94,37,False,True,0.0689999387
14385,28,28,16,False,True,0.0422901884
14393,71,71,71,False,False,0.9568319321
14395,79,79,14,False,True,0.1749115586
14397,11,46,11,True,True,0.1473461241
14402,5,5,5,False,False,0.9793060422
14408,28,46,27,True,True,0.0628687888
14409,15,97,55,True,True,0.0062796120
14421,37,17,17,True,False,0.7393267751
14433,88,97,34,True,True,0.0104115782
14440,85,49,21,True,True,0.0000110546
14444,0,0,16,False,True,0.0301478915
14455,78,18,78,True,True,0.0000000010
14471,30,95,30,True,True,0.0207933765
14478,59,52,49,True,True,0.0305920206
14483,88,88,11,False,True,0.3169656694
14494,32,36,25,True,True,0.0000555134
14496,13,13,13,False,False,0.5526349545
14497,63,93,61,True,True,0.0000003405
14505,47,47,69,False,False,0.3632750511
14507,22,22,22,False,False,0.9998424053
14510,84,84,84,False,False,0.9530573487
14511,68,68,68,False,False,0.7894642353
14520,75,75,3,False,True,0.0030414038
14527,39,39,39,False,False,0.8463088274
14530,5,5,5,False,False,0.5207550526
14532,97,97,19,False,True,0.0123580145
14537,43,43,93,False,True,0.0003095053
14548,11,46,11,True,True,0.0009426525
14556,35,35,35,False,False,0.9066828489
14563,58,58,58,False,False,0.9995730519
14566,31,31,60,False,True,0.0088236621
14572,43,43,97,False,True,0.0000937620
14582,82,7,61,True,True,0.0003114712
14587,9,9,9,False,False,0.9999195337
14596,34,34,34,False,False,0.8528214693
14597,11,46,98,True,True,0.0000222655
14599,29,44,47,True,True,0.0000868109
14603,42,42,42,False,False,0.9818274379
14613,91,1,32,True,True,0.0000024589
14619,34,34,77,False,True,0.0875664800
14622,51,3,98,True,False,0.0016040199
14623,58,89,58,True,True,0.0003340166
14624,62,92,62,True,True,0.0247171409
14632,11,11,11,False,False,0.9950338602
14639,31,31,98,False,True,0.0002463329
14645,23,23,71,False,False,0.4257943034
14658,85,60,85,True,False,0.0003469943
14673,40,40,87,False,False,0.0024147574
14679,48,48,48,False,False,0.6288653612
14680,97,97,97,False,False,0.9646495581
14683,87,87,87,False,False,0.2060205638
14685,54,54,70,False,True,0.1721546054
14694,18,60,80,True,True,0.0000237156
14695,27,69,78,True,True,0.0129448725
14700,73,73,32,False,True,0.0105328839
14713,54,54,54,False,False,0.9886411428
14717,67,67,23,False,True,0.0000001811
14719,10,1,1,True,False,0.4107471704
14732,83,83,83,False,False,0.9847099185
14749,87,87,25,False,True,0.0170272831
14758,59,52,96,True,False,0.3738740981
14760,58,58,41,False,True,0.0004136813
14761,77,77,33,False,True,0.0205783583
14765,75,3,75,True,True,0.0001251226
14770,55,55,91,False,True,0.0000806911
14775,69,69,69,False,False,0.5187435150
14783,8,8,8,False,False,0.8492086530
14792,32,46,74,True,True,0.0002807278
14801,58,58,58,False,False,0.7867138386
14804,49,85,49,True,True,0.0000080786
14805,95,95,72,False,True,0.0000047913
14816,98,98,98,False,False,0.4424557388
14833,24,7,7,True,False,0.9856920242
14838,95,32,21,True,True,0.0000000000
14845,31,31,55,False,True,0.0010562619
14862,22,89,22,True,True,0.0000007105
14867,22,22,22,False,False,0.9959992170
14873,89,89,89,False,False,0.8184443116
14877,17,17,17,False,False,0.9779630303
14899,92,92,92,False,False,0.9980479479
14908,51,68,43,True,True,0.0791682079
14913,74,91,50,True,True,0.0000545159
14919,17,60,17,True,True,0.0037751778
14922,58,58,41,False,True,0.0030330550
14923,29,29,88,False,False,0.1903610975
14929,49,49,23,False,True,0.0347144827
14933,12,12,17,False,True,0.0795846581
14940,38,38,34,False,True,0.0023447508
14943,94,94,94,False,False,0.9968735576
14949,43,43,89,False,True,0.2873060703
14950,91,51,4,True,True,0.0025140888
14952,85,85,85,False,False,0.9886793494
14958,26,45,41,True,True,0.0000265846
14961,97,34,34,True,False,0.9513438940
14962,70,70,62,False,True,0.0722553283
14972,56,60,37,True,False,0.0407145172
14981,58,58,58,False,False,0.9295581579
14982,41,58,55,True,True,0.0038216091
14984,28,28,61,False,True,0.0116819795
14985,70,70,62,False,True,0.0993293896
14986,65,65,65,False,False,0.9916054010
14995,37,37,37,False,False,0.8109090328
14998,13,13,13,False,False,0.9995418787
15007,48,48,48,False,False,0.9358893037
15013,90,81,68,True,True,0.0001254983
15014,36,87,69,True,True,0.0000000072
15019,23,23,23,False,False,0.8395023346
15022,68,68,68,False,False,0.4543658495
15032,27,93,27,True,True,0.0000051864
15039,15,15,29,False,True,0.0550669692
15042,7,6,95,True,True,0.0060431468
15054,58,58,58,False,False,0.8532118201
15056,38,66,44,True,True,0.0080948705
15061,74,85,1,True,True,0.0002215022
15062,63,89,63,True,True,0.0000002010
15077,86,86,87,False,True,0.0695515350
15092,73,30,30,True,False,0.9283145666
15094,16,10,25,True,True,0.1691653877
15098,39,39,25,False,True,0.0000034745
15101,14,14,14,False,False,0.5205932260
15113,82,82,82,False,False,0.9952634573
15118,98,98,98,False,False,0.4162585139
15125,95,67,73,True,True,0.0000022933
15126,41,89,41,True,True,0.0391114242
15147,24,45,24,True,True,0.0000022362
15150,96,96,52,False,True,0.0023870496
15153,98,98,31,False,True,0.0000031895
15155,25,25,89,False,False,0.0452689603
15168,51,51,70,False,False,0.3060349226
15170,63,64,36,True,True,0.0000041880
15174,18,7,66,True,True,0.0000026759
15184,58,41,96,True,True,0.0000468272
15186,66,55,65,True,True,0.0000000966
15191,62,92,14,True,True,0.1669565588
15194,73,97,41,True,True,0.0000006018
15195,55,4,55,True,True,0.0161346383
15197,24,17,24,True,True,0.0000000001
15201,35,35,98,False,False,0.2884142399
15218,28,40,40,True,False,0.6946457624
15219,74,1,36,True,True,0.0000000000
15220,40,40,84,False,True,0.0111114495
15223,83,83,16,False,True,0.0005889998
15226,25,25,28,False,True,0.0179409161
15234,30,95,91,True,True,0.1093441769
15235,92,92,62,False,True,0.0019165416
15241,90,90,81,False,True,0.0375376083
15242,25,25,25,False,False,0.8526466489
15244,9,9,87,False,False,0.0773000568
15245,46,46,46,False,False,0.9819542170
15251,85,85,85,False,False,0.9977954626
15258,99,71,95,True,True,0.0000357763
15267,8,8,8,False,False,0.6884092689
15269,6,44,6,True,True,0.0000006778
15287,95,95,95,False,False,0.9766981006
15297,34,97,43,True,True,0.0272699799
15298,63,64,74,True,True,0.0000272102
15305,79,79,69,False,False,0.0010809940
15306,40,40,67,False,True,0.0002307667
15310,34,64,75,True,True,0.0000027155
15318,22,22,22,False,False,0.9998354912
15325,54,54,54,False,False,0.9876741767
15327,71,71,90,False,True,0.0328484662
15343,31,31,49,False,True,0.1374433935
15349,90,90,49,False,True,0.0000158175
15356,28,28,28,False,False,0.5706368685
15361,8,8,8,False,False,0.9944729209
15381,59,59,96,False,True,0.0068031815
15383,11,11,46,False,True,0.0822420418
15393,75,75,80,False,True,0.0041375929
15395,40,40,32,False,True,0.0025716759
15396,16,16,25,False,True,0.0000141578
15399,32,46,31,True,False,0.2169189900
15400,99,78,99,True,True,0.0771567225
15408,50,36,27,True,True,0.2028832883
15420,85,85,41,False,True,0.1120718196
15421,70,70,62,False,True,0.0116244610
15423,4,3,50,True,True,0.0005763550
15449,79,79,33,False,False,0.1530509889
15450,35,35,35,False,False,0.8411966562
15452,14,14,59,False,False,0.1431417465
15454,35,35,98,False,True,0.0000021905
15459,74,3,36,True,True,0.0001841028
15463,17,76,13,True,True,0.0004885289
15464,9,9,89,False,True,0.0264485478
15472,6,6,7,False,True,0.0079691866
15477,17,17,17,False,False,0.9231017828
15485,45,40,32,True,True,0.0001111237
15494,27,41,65,True,True,0.0000041643
15496,7,7,7,False,False,0.7851577997
15502,27,36,23,True,True,0.0000113834
15507,41,41,41,False,False,0.9986460805
15518,75,49,19,True,True,0.0000000772
15520,52,96,52,True,True,0.2214864641
15527,94,94,94,False,False,0.9974386692
15532,78,78,78,False,False,0.9914099574
15537,38,38,65,False,True,0.0000000603
15541,57,0,57,True,True,0.0706347525
15547,33,60,27,True,True,0.0024191800
15555,40,40,35,False,True,0.0001988676
15557,36,36,36,False,False,0.9990769625
15564,48,48,8,False,True,0.0002530163
15566,54,54,62,False,True,0.0005040705
15567,89,89,89,False,False,0.8904770613
15573,68,68,52,False,True,0.0277085062
15576,71,71,23,False,False,0.4689756036
15580,39,69,39,True,True,0.0000000000
15591,7,7,46,False,True,0.0004474597
15601,55,74,73,True,True,0.0000071842
15603,83,53,41,True,True,0.1972799152
15605,65,65,65,False,False,0.8755337596
15607,5,5,84,False,False,0.4223342836
15622,64,36,42,True,True,0.0000780303
15626,36,36,36,False,False,0.9309569001
15627,32,32,55,False,True,0.0022809624
15635,1,32,1,True,True,0.0052614906
15639,83,83,83,False,False,0.7853597403
15647,93,73,23,True,False,0.0218098275
15650,72,69,55,True,True,0.0000004786
15660,45,26,5,True,True,0.0022123784
15666,97,97,97,False,False,0.9736124873
15669,80,80,72,False,True,0.0013334790
15677,85,58,85,True,True,0.2091048807
15680,22,22,22,False,False,0.9912631512
15682,63,50,88,True,True,0.0004456677
15693,10,40,61,True,True,0.0000001198
15699,7,7,77,False,True,0.0005086681
15705,14,14,32,False,True,0.0000018372
15716,20,20,84,False,False,0.3163781464
15718,78,78,74,False,True,0.0001233484
15719,47,52,52,True,False,0.9434233308
15723,1,32,36,True,True,0.0000012483
15727,73,95,95,True,False,0.8073153496
15731,96,96,59,False,True,0.1370460093
15732,19,4,44,True,True,0.0129008675
15733,8,8,8,False,False,0.9955049157
15735,19,19,19,False,False,0.7737827897
15739,55,66,3,True,True,0.0596921779
15741,10,10,10,False,False,0.9911903143
15743,43,43,88,False,True,0.2012018114
15744,61,61,84,False,True,0.0617716126
15746,50,36,1,True,True,0.2025559098
15763,36,36,7,False,True,0.0688690022
15777,0,0,57,False,True,0.0002073183
15778,1,91,85,True,True,0.0000002207
15781,84,84,66,False,True,0.0000000036
15788,38,38,80,False,True,0.0100488039
15789,65,36,3,True,True,0.0023642897
15790,45,45,94,False,True,0.0000005646
15794,31,31,31,False,False,0.5239832997
15795,13,13,85,False,True,0.0485996082
15798,59,52,52,True,False,0.6279955506
15799,72,66,30,True,True,0.0000000002
15802,28,40,28,True,True,0.0254237391
15805,37,49,37,True,True,0.0280824136
15807,50,50,80,False,True,0.1416892409
15810,59,33,33,True,False,0.5254180431
15814,44,18,6,True,True,0.0000498626
15815,24,24,24,False,False,0.8428292871
15823,23,23,23,False,False,0.9872955680
15829,74,50,23,True,True,0.0077611017
15836,91,55,91,True,True,0.0000000684
15837,21,55,21,True,True,0.0000000001
15838,53,55,53,True,True,0.0000000066
15841,14,14,40,False,False,0.2852932513
15842,65,65,36,False,True,0.0000000000
15848,53,45,53,True,True,0.0000000000
15849,96,79,33,True,True,0.0010267608
15857,92,62,54,True,True,0.0002826778
15859,1,1,98,False,True,0.0022517170
15863,66,30,75,True,True,0.0001897075
15869,54,54,54,False,False,0.8113844991
15870,51,51,51,False,False,0.9349070787
15878,17,17,55,False,True,0.0037978659
15880,41,41,41,False,False,0.9992909431
15881,33,33,33,False,False,0.7953197956
15893,15,15,97,False,True,0.0381700173
15897,39,10,55,True,True,0.0000000008
15905,17,37,37,True,False,0.3351351023
15910,96,33,59,True,True,0.0696296021
15914,54,54,54,False,False,0.8510898352
15929,70,54,54,True,False,0.8963137269
15937,3,3,55,False,True,0.0008004389
15938,35,35,35,False,False,0.6781591177
15939,82,82,62,False,True,0.2634111047
15943,91,32,36,True,True,0.0002935233
15945,96,33,40,True,True,0.0000003970
15948,25,5,32,True,True,0.0051412899
15954,3,46,3,True,True,0.0087477071
15970,5,20,90,True,True,0.0064324946
15971,73,73,32,False,True,0.0221612155
15974,80,80,80,False,False,0.2244592607
15977,72,50,36,True,True,0.0263662804
15981,11,11,21,False,True,0.0109203113
15984,75,21,19,True,True,0.0000128547
15985,9,9,9,False,False,0.9915094376
15993,9,9,57,False,False,0.3695800006
16000,93,93,93,False,False,0.7564446926
16010,19,19,36,False,True,0.0190445222
16015,8,8,8,False,False,0.4724107981
16017,18,18,99,False,True,0.2145686001
16021,50,50,50,False,False,0.6192166805
16025,51,51,51,False,False,0.9829518199
16036,35,35,98,False,True,0.0004853206
16041,65,65,65,False,False,0.8358893991
16047,67,36,72,True,True,0.0274383593
16063,73,73,73,False,False,0.8654523492
16064,87,87,86,False,False,0.1630896479
16068,56,56,56,False,False,0.9339342713
16076,66,36,66,True,True,0.0000019769
16129,29,3,29,True,True,0.0000004792
16134,86,86,61,False,True,0.0025732054
16138,84,84,44,False,True,0.0157566331
16140,32,1,69,True,True,0.0015047510
16143,51,51,51,False,False,0.7219004035
16149,74,36,80,True,True,0.0004006252
16150,48,48,8,False,True,0.0446064211
16153,10,61,13,True,True,0.0000012497
16154,26,26,78,False,True,0.1895691454
16156,85,84,3,True,True,0.0000763458
16157,62,92,53,True,True,0.0021995357
16161,43,43,43,False,False,0.9980706573
16163,31,31,3,False,True,0.0410544537
16168,68,68,60,False,False,0.4833969474
16170,15,88,43,True,True,0.0000086536
16173,91,1,50,True,True,0.0000006694
16175,99,0,99,True,True,0.0000051081
16187,2,2,62,False,True,0.0037913709
16189,59,95,59,True,True,0.0000000160
16193,34,34,48,False,False,0.0512796864
16197,19,19,34,False,True,0.0231208149
16207,92,92,82,False,True,0.0001493640
16208,38,38,38,False,False,0.9951874018
16210,4,4,64,False,True,0.0000013571
16215,50,36,27,True,True,0.0087119127
16216,54,70,14,True,True,0.0032386507
16219,57,41,57,True,True,0.0000000008
16223,30,30,30,False,False,0.7258819938
16224,91,1,32,True,True,0.0024660127
16225,50,27,63,True,True,0.0000001182
16229,50,50,32,False,True,0.0042714546
16230,78,99,78,True,True,0.0001434235
16237,65,65,74,False,True,0.0151832076
16243,87,87,87,False,False,0.9516442418
16244,59,96,85,True,True,0.0027157378
16246,37,37,17,False,True,0.2922619581
16257,90,90,77,False,True,0.2990106344
16259,27,27,38,False,True,0.0000008820
16261,46,46,2,False,True,0.0063079833
16262,28,28,28,False,False,0.9958777428
16265,60,60,60,False,False,0.7342583537
16270,9,9,9,False,False,0.6752566695
16291,70,62,54,True,True,0.0001876511
16293,28,30,28,True,True,0.0000027658
16294,24,24,24,False,False,0.9968138337
16299,34,34,34,False,False,0.9990998507
16309,90,90,90,False,False,0.9999009371
16312,64,50,64,True,True,0.0006133580
16324,21,21,21,False,False,0.5239788294
16325,81,89,58,True,True,0.0038018583
16329,47,69,52,True,True,0.0007066053
16330,61,61,61,False,False,0.5990211964
16333,89,13,67,True,True,0.0112498924
16340,88,88,88,False,False,0.7261875868
16346,67,72,73,True,True,0.0000062866
16350,11,11,21,False,True,0.0000031189
16353,0,0,0,False,False,0.9998952150
16355,28,32,28,True,True,0.0000001664
16356,0,30,57,True,True,0.0000189343
16357,38,0,38,True,True,0.0000000308
16363,49,49,49,False,False,0.8029416203
16365,17,17,17,False,False,0.5185223222
16376,72,72,44,False,True,0.0000978436
16390,96,52,33,True,True,0.1850557774
16391,11,35,98,True,True,0.1374848038
16393,82,82,82,False,False,0.9999127388
16401,28,28,28,False,False,0.9892115593
16403,74,81,50,True,True,0.0000000217
16405,33,33,33,False,False,0.8520330787
16413,91,1,89,True,True,0.0000446867
16414,78,78,99,False,True,0.2337044924
16415,91,91,32,False,True,0.3180641234
16426,96,96,52,False,True,0.0501474775
16432,62,92,1,True,True,0.0000000041
16438,20,20,20,False,False,0.9842867851
16439,89,89,89,False,False,0.9990804195
16447,11,11,11,False,False,0.9078545570
16448,8,8,69,False,True,0.0011918766
16449,39,39,45,False,True,0.0320048854
16454,99,99,78,False,True,0.0007402399
16455,89,89,41,False,True,0.0083396537
16459,74,65,36,True,False,0.1192632243
16460,6,6,41,False,True,0.0004347160
16466,59,56,33,True,True,0.0100506684
16471,59,56,52,True,False,0.1167524159
16472,22,22,40,False,True,0.0000609233
16476,98,98,35,False,False,0.4150796831
16480,5,5,55,False,True,0.0020629491
16490,3,3,31,False,True,0.0023460789
16493,27,1,32,True,True,0.0000933783
16508,99,18,77,True,True,0.0001190688
16512,57,57,57,False,False,0.9348321557
16515,87,87,55,False,True,0.0000145623
16516,88,88,88,False,False,0.9999942780
16518,60,60,59,False,True,0.2935851514
16522,86,86,86,False,False,0.9988788962
16532,97,34,43,True,True,0.0000865877
16534,16,16,49,False,True,0.0284716766
16536,18,18,56,False,True,0.0725158453
16544,24,24,24,False,False,0.9999427795
16551,32,46,32,True,True,0.0225175451
16561,86,86,86,False,False,0.9999935627
16562,73,23,71,True,True,0.0342077874
16579,71,71,49,False,True,0.0008488016
16589,28,16,32,True,True,0.0018605241
16590,16,16,9,False,True,0.0010045925
16591,80,66,89,True,True,0.0000010782
16596,93,70,66,True,True,0.0004787420
16607,13,81,81,True,False,0.6132159829
16608,59,52,52,True,False,0.5005788207
16610,39,39,3,False,True,0.0510906316
16614,28,28,40,False,True,0.0141802812
16619,9,85,9,True,True,0.0001051192
16624,26,24,56,True,True,0.0000001161
16626,76,76,76,False,False,0.7924445271
16630,40,40,36,False,True,0.0022628498
16635,84,25,37,True,True,0.0026363342
16642,19,19,89,False,True,0.0086424146
16644,91,91,14,False,True,0.0002192260
16650,59,23,89,True,False,0.1311044991
16653,53,53,40,False,True,0.0353186615
16667,42,42,42,False,False,0.8654676080
16670,51,51,62,False,True,0.0000116673
16671,32,32,46,False,True,0.0009875955
16678,70,70,54,False,False,0.3879668117
16681,80,98,97,True,True,0.0000000000
16685,46,46,2,False,True,0.0341336466
16691,33,33,33,False,False,0.9689038992
16699,70,70,54,False,True,0.0916229039
16714,87,87,85,False,True,0.0251413025
16716,15,78,15,True,True,0.0000000000
16717,2,2,46,False,True,0.0096122976
16718,85,85,85,False,False,0.6783238649
16723,35,35,21,False,True,0.0000000132
16724,20,20,20,False,False,0.9999723434
16728,58,58,13,False,True,0.2391333282
16729,57,57,35,False,True,0.0367466137
16733,89,90,19,True,True,0.0354495794
16739,29,29,2,False,True,0.0001625070
16746,61,61,53,False,False,0.0171076078
16749,85,85,85,False,False,0.9864513874
16752,1,1,92,False,True,0.0043886197
16762,68,52,68,True,True,0.0000000669
16764,45,24,48,True,True,0.0006491588
16766,55,74,65,True,True,0.0000818852
16768,5,5,5,False,False,0.9173667431
16781,10,10,40,False,True,0.0155864833
16784,82,82,82,False,False,0.9723129869
16788,50,50,61,False,True,0.0033479566
16790,69,69,76,False,True,0.0303826127
16793,95,91,30,True,True,0.0003944298
16794,60,60,60,False,False,0.7065925598
16795,58,58,58,False,False,0.9942305088
16798,43,43,43,False,False,0.6220780611
16801,78,78,78,False,False,0.6820716858
16821,66,3,7,True,True,0.0024027489
16825,74,36,19,True,True,0.0195939839
16836,3,3,46,False,True,0.0001465024
16843,29,29,29,False,False,0.9205675125
16849,84,84,20,False,True,0.0382373333
16855,27,27,43,False,False,0.1870449930
16856,77,99,77,True,True,0.0000021240
16859,51,62,46,True,True,0.1200809926
16866,38,43,15,True,True,0.0006030888
16871,77,77,77,False,False,0.6134461164
16872,90,90,90,False,False,0.9299117923
16874,6,6,77,False,True,0.1064255908
16875,65,65,37,False,True,0.0001860609
16885,83,47,92,True,True,0.0000042431
16891,17,17,33,False,True,0.0969576165
16894,98,35,11,True,True,0.0756556243
16895,28,28,40,False,True,0.0669385269
16898,12,76,95,True,True,0.0029135623
16901,98,98,46,False,True,0.0175456200
16907,62,62,62,False,False,0.3423336744
16908,19,19,3,False,True,0.0215059537
16915,56,59,37,True,False,0.0370879583
16928,78,78,43,False,False,0.0052331998
16932,38,7,50,True,True,0.0000075924
16936,70,70,54,False,True,0.0006423672
16950,5,5,20,False,True,0.0000348587
16968,7,14,7,True,True,0.0000006563
16973,58,85,58,True,True,0.0002245457
16979,23,23,49,False,True,0.0000007227
16980,63,32,61,True,True,0.0009612207
16982,45,20,86,True,True,0.0000023587
16983,52,48,52,True,True,0.0000048394
16985,63,19,36,True,True,0.0000863086
16993,61,61,77,False,True,0.0000547356
17003,68,68,89,False,True,0.0016703797
17012,52,52,52,False,False,0.6122558713
17013,14,60,7,True,True,0.0000000000
17016,66,97,64,True,True,0.0000000497
17017,28,28,28,False,False,0.9671142697
17022,41,89,89,True,False,0.9976329803
17023,60,23,23,True,False,0.9998890162
17027,56,56,56,False,False,0.4714526534
17031,76,76,76,False,False,0.9121782184
17048,53,53,53,False,False,0.7073226571
17056,50,50,77,False,True,0.0101332124
17059,40,40,87,False,True,0.0005677530
17067,87,21,55,True,True,0.0003041169
17068,97,97,97,False,False,0.9998248219
17070,67,32,71,True,True,0.0000480794
17088,79,79,79,False,False,0.9069724083
17093,44,44,44,False,False,0.3247052133
17106,50,50,74,False,True,0.0002268066
17108,16,94,9,True,False,0.0276091993
17115,44,44,79,False,False,0.0076691029
17122,72,93,56,True,True,0.0092626903
17124,43,43,43,False,False,0.9977154732
17125,8,8,8,False,False,0.9884971380
17126,99,78,78,True,False,0.9359645247
17136,83,83,56,False,True,0.0023785918
17144,63,63,3,False,True,0.0000000109
17147,4,64,3,True,True,0.0000006166
17150,95,95,95,False,False,0.9898481965
17152,23,23,23,False,False,0.5884978175
17157,84,84,61,False,False,0.0001778713
17163,67,50,65,True,False,0.0005480946
17175,12,37,37,True,False,0.9887996912
17178,99,40,99,True,True,0.0000058660
17181,70,70,70,False,False,0.8033665419
17186,45,45,91,False,True,0.0000113144
17194,36,36,55,False,True,0.0003623765
17195,84,61,55,True,True,0.0000287513
17200,27,77,99,True,True,0.0000011672
17201,60,56,60,True,True,0.0003832214
17207,10,61,61,True,False,0.8215344548
17211,14,67,68,True,True,0.0000014831
17214,73,73,73,False,False,0.7669157386
17221,61,61,61,False,False,0.5532279015
17223,13,13,85,False,True,0.0029030289
17228,18,18,6,False,True,0.0008279877
17240,86,78,75,True,True,0.0000079148
17241,49,49,49,False,False,0.9853017926
17244,82,82,82,False,False,0.9796552062
17247,34,34,34,False,False,0.9941703081
17252,28,22,9,True,True,0.0000748258
17256,10,45,28,True,True,0.0000324729
17268,65,74,65,True,True,0.0372494757
17274,73,73,30,False,True,0.0491364412
17277,73,52,1,True,False,0.0325894505
17284,31,31,31,False,False,0.9999552965
17285,20,20,20,False,False,0.9083288908
17286,7,7,7,False,False,0.9641055465
17296,14,14,4,False,True,0.0416668579
17302,94,94,94,False,False,0.9472576976
17307,39,60,20,True,False,0.0002360897
17308,58,58,89,False,True,0.0392623655
17310,8,8,44,False,True,0.0332147405
17321,1,32,91,True,True,0.0351622850
17325,25,25,58,False,True,0.1298885643
17329,28,40,32,True,True,0.0057573207
17336,1,32,53,True,True,0.0000068973
17344,10,10,61,False,True,0.0466234386
17345,51,62,14,True,True,0.0806858465
17348,31,31,93,False,True,0.0012794422
17354,73,91,91,True,False,0.9813685417
17355,93,93,71,False,True,0.0141484356
17378,75,58,60,True,True,0.0000105461
17385,88,88,38,False,True,0.0033810751
17387,26,26,77,False,True,0.0068159732
17395,45,46,3,True,True,0.0210330505
17403,21,21,36,False,True,0.0010209418
17408,10,10,61,False,True,0.0606250279
17409,37,37,86,False,True,0.0000061376
17411,67,14,92,True,True,0.0002726959
17417,87,87,87,False,False,0.7386685610
17431,3,21,3,True,True,0.0003824488
17432,61,61,61,False,False,0.8291514516
17435,71,71,71,False,False,0.7102015615
17436,10,10,61,False,True,0.0001038254
17437,39,39,95,False,True,0.2311298996
17439,61,61,61,False,False,0.9997740388
17442,37,37,37,False,False,0.9996694326
17447,69,23,49,True,True,0.0281028003
17459,87,87,87,False,False,0.9232988954
17464,22,22,22,False,False,0.9483796954
17471,8,8,8,False,False,0.9998636246
17475,23,23,23,False,False,0.6485455632
17477,87,87,87,False,False,0.9292428493
17478,53,53,53,False,False,0.9886955023
17483,20,20,20,False,False,0.9816073179
17495,83,92,92,True,False,0.7524732351
17499,32,1,1,True,False,0.9982448816
17505,88,97,42,True,True,0.2015620321
17510,59,33,52,True,True,0.0005006066
17520,79,65,79,True,True,0.0284657665
17525,26,26,45,False,True,0.1221786514
17528,46,46,55,False,True,0.0852478445
17529,57,57,57,False,False,0.8184337616
17535,60,71,23,True,True,0.1136258245
17545,51,62,32,True,True,0.0019375728
17552,96,33,33,True,False,0.9124156237
17553,88,88,41,False,True,0.0000000832
17562,42,42,72,False,True,0.0538513251
17569,79,79,46,False,True,0.2864034474
17589,5,5,84,False,True,0.0127981622
17590,31,31,31,False,False,0.9999965429
17593,46,46,25,False,True,0.0002184163
17598,21,21,21,False,False,0.9957635403
17600,91,91,93,False,True,0.0175308939
17602,66,85,80,True,True,0.0000020225
17604,60,60,23,False,False,0.1264100224
17606,2,2,46,False,True,0.0102955028
17608,34,34,14,False,True,0.0023454993
17609,46,46,11,False,True,0.2243761867
17623,22,22,22,False,False,0.9876037836
17624,24,24,69,False,True,0.0057920837
17626,62,62,83,False,True,0.0366485082
17627,46,46,98,False,True,0.0001036564
17628,3,3,19,False,True,0.0114658466
17631,78,99,78,True,True,0.0000047528
17637,6,70,55,True,True,0.0000000150
17645,96,33,33,True,False,0.5103276372
17649,92,62,82,True,True,0.0889690742
17673,14,14,10,False,True,0.0000021245
17678,23,37,52,True,True,0.0000000032
17680,32,46,46,True,False,0.8024703860
17685,65,65,50,False,True,0.0665273815
17691,37,37,81,False,True,0.0762586668
17692,56,56,56,False,False,0.7719663382
17696,31,46,7,True,True,0.0160042569
17698,27,27,41,False,True,0.0071590291
17706,33,59,52,True,True,0.1505063325
17708,33,33,33,False,False,0.3362726569
17711,10,10,10,False,False,0.7439485788
17723,28,28,28,False,False,0.9907957911
17730,8,65,8,True,True,0.0001054403
17732,45,86,26,True,True,0.0000001980
17736,57,57,57,False,False,0.9554702044
17743,16,16,16,False,False,0.9639107585
17749,53,53,53,False,False,0.9942692518
17750,5,5,94,False,True,0.3044979870
17752,12,12,90,False,True,0.0000054739
17757,75,75,66,False,True,0.1250827014
17762,73,73,91,False,True,0.0028168482
17764,89,89,16,False,True,0.0263565276
17772,62,92,2,True,True,0.0009714278
17776,49,49,49,False,False,0.5364510417
17792,95,95,72,False,True,0.1186581552
17800,62,37,62,True,True,0.0000000006
17801,87,37,94,True,True,0.0000041433
17804,77,85,3,True,False,0.0000000893
17807,21,3,21,True,True,0.0820824504
17808,70,70,70,False,False,0.9864974618
17819,93,77,50,True,True,0.0999730155
17821,25,25,5,False,True,0.0000635003
17822,56,56,33,False,False,0.3637989461
17824,5,5,94,False,True,0.0039305300
17827,26,33,74,True,True,0.0914180949
17836,6,62,6,True,True,0.0006090347
17837,29,33,19,True,True,0.0034461233
17843,53,53,53,False,False,0.9990186691
17846,94,94,87,False,False,0.0096773775
17848,13,58,52,True,True,0.0009090995
17849,1,1,92,False,True,0.0000010778
17854,74,50,3,True,True,0.0011109904
17858,30,30,71,False,True,0.0273835715
17860,85,85,66,False,True,0.0300445519
17862,3,3,3,False,False,0.8608498573
17866,24,24,7,False,True,0.0000011183
17869,60,60,60,False,False,0.9963552952
17872,66,66,21,False,True,0.0001518614
17875,10,10,0,False,True,0.0002011267
17877,17,37,17,True,True,0.2309961021
17882,0,0,70,False,True,0.0058260150
17884,32,1,93,True,True,0.0045211073
17894,59,33,60,True,True,0.0001265461
17904,15,15,15,False,False,0.9572533369
17905,65,10,2,True,True,0.0000048030
17906,29,29,26,False,False,0.3297134042
17913,81,81,90,False,True,0.0000144767
17915,83,83,0,False,True,0.0162098128
17916,72,72,90,False,True,0.0007258485
17927,41,41,58,False,True,0.0000276425
17929,36,50,70,True,False,0.0000630609
17930,38,38,74,False,True,0.0030601122
17939,57,57,57,False,False,0.7563639283
17941,62,62,62,False,False,0.6878728271
17949,80,80,19,False,True,0.0000027939
17950,68,68,71,False,True,0.0083650490
17959,65,64,40,True,True,0.0005640935
17961,41,89,22,True,False,0.0005145076
17963,27,27,6,False,True,0.0000212411
17968,25,20,39,True,True,0.0002690029
17973,57,74,58,True,True,0.0009928811
17974,86,86,86,False,False,0.9997338653
17975,84,84,56,False,True,0.0127389180
17987,72,72,49,False,True,0.0000086073
17988,48,48,89,False,True,0.0018816886
17989,55,55,55,False,False,0.2219063044
17991,75,91,7,True,True,0.0000029907
17992,65,98,80,True,True,0.0000053380
17994,57,57,67,False,True,0.0412350297
17998,78,78,44,False,True,0.2686138153
17999,72,65,36,True,True,0.0000829417
18007,51,62,65,True,True,0.0001085002
18008,42,42,89,False,True,0.0010007530
18009,7,7,7,False,False,0.5586294532
18011,11,46,46,True,False,0.9916139841
18017,70,70,70,False,False,0.8257697821
18025,70,70,70,False,False,0.9971365929
18029,2,2,46,False,True,0.0389136486
18035,11,11,11,False,False,0.9768500328
18036,43,43,43,False,False,0.4313234687
18040,24,24,24,False,False,0.9455100894
18047,60,49,60,True,True,0.0069478853
18052,95,32,95,True,True,0.0000006292
18060,14,55,14,True,True,0.0000001373
18062,96,48,90,True,True,0.0000160018
18064,0,89,53,True,True,0.0000000001
18068,47,47,52,False,True,0.0089597451
18073,38,65,19,True,True,0.0000000024
18083,44,80,95,True,True,0.0501483940
18084,19,88,36,True,True,0.0000002201
18087,30,73,30,True,True,0.0095859859
18094,76,76,76,False,False,0.9861425757
18097,62,62,62,False,False,0.7915905714
18114,17,17,17,False,False,0.4692240357
18119,50,77,65,True,True,0.0281422939
18132,52,47,9,True,True,0.0799515918
18137,21,21,66,False,True,0.0115475589
18144,55,55,36,False,False,0.0731072202
18145,35,11,46,True,True,0.0040370305
18161,25,20,61,True,True,0.0001566153
18167,20,20,20,False,False,0.9984877110
18175,85,85,89,False,True,0.3408814967
18179,59,96,52,True,True,0.0180075746
18188,38,38,65,False,True,0.0004312770
18189,49,59,49,True,True,0.0014657652
18191,46,46,46,False,False,0.8961704373
18198,2,2,11,False,True,0.0501841977
18199,64,66,50,True,True,0.0514721423
18206,39,69,69,True,False,0.8486390710
18207,7,69,7,True,True,0.0000004908
18212,96,96,96,False,False,0.6125677228
18218,76,76,49,False,True,0.0002418270
18219,92,92,70,False,True,0.0641250685
18222,51,51,62,False,True,0.0111864572
18224,43,43,43,False,False,0.9308655858
18244,17,17,17,False,False,0.8921034336
18248,1,1,1,False,False,0.8271610737
18249,89,89,13,False,True,0.0520944148
18251,21,21,21,False,False,0.7958967090
18257,34,34,34,False,False,0.9568219185
18258,88,15,43,True,True,0.0000115879
18261,55,67,66,True,True,0.0000000687
18262,6,82,62,True,True,0.1627731174
18266,87,87,58,False,True,0.0016860667
18267,43,43,3,False,True,0.0173832309
18271,74,93,50,True,True,0.0015060829
18276,43,43,26,False,True,0.0000244281
18278,79,79,53,False,False,0.0102721062
18280,30,30,46,False,True,0.0000576414
18281,88,88,79,False,True,0.0009277768
18288,77,77,32,False,True,0.0048644370
18293,28,40,26,True,True,0.0204244033
18295,67,1,91,True,True,0.0058210059
18301,55,38,66,True,True,0.0004456526
18302,51,93,3,True,True,0.0008079327
18306,91,32,91,True,False,0.2970610559
18319,31,31,31,False,False,0.4745822251
18320,20,20,25,False,True,0.2803628147
18324,67,99,70,True,True,0.0000277158
18329,17,17,37,False,True,0.0221317727
18334,13,46,46,True,False,0.3327111304
18338,41,41,89,False,True,0.0000026279
18341,66,66,64,False,False,0.0829171091
18343,55,75,26,True,True,0.0000012679
18357,39,39,25,False,True,0.0000001712
18359,77,77,80,False,True,0.0005182993
18361,10,28,9,True,True,0.0438972339
18364,58,41,13,True,True,0.0000000121
18366,22,22,22,False,False,0.9999424219
18367,31,31,31,False,False,0.8808965683
18372,35,11,46,True,True,0.0038733790
18377,16,16,9,False,True,0.0003707380
18384,85,41,85,True,True,0.0000685826
18387,25,25,39,False,True,0.0016115252
18389,81,81,90,False,True,0.0000015573
18391,62,62,92,False,True,0.0638533533
18394,45,83,2,True,True,0.0091607012
18400,4,74,21,True,True,0.0000011307
18406,97,3,35,True,True,0.0000196095
18410,95,30,71,True,True,0.2373497784
18415,45,44,93,True,True,0.0012014807
18420,71,71,71,False,False,0.9975231290
18422,33,4,62,True,True,0.0001522512
18427,28,28,34,False,True,0.0152206691
18432,7,79,32,True,True,0.0344782658
18436,62,62,92,False,False,0.4219217896
18440,19,19,3,False,True,0.0000000177
18446,30,55,29,True,True,0.0000237020
18447,30,95,73,True,True,0.0000541560
18450,40,40,30,False,True,0.0691034943
18452,74,50,4,True,True,0.0000001738
18455,17,17,17,False,False,0.6401950717
18460,4,72,34,True,True,0.0085111056
18480,47,33,33,True,False,0.6077669859
18491,51,62,51,True,True,0.0000463997
18499,14,14,14,False,False,0.9999626875
18500,18,59,52,True,True,0.0035900904
18502,75,84,66,True,True,0.0018336338
18506,26,75,41,True,True,0.0075769308
18512,59,59,96,False,True,0.1146421283
18519,41,41,55,False,True,0.0677017346
18523,42,88,45,True,True,0.0011163350
18525,50,50,36,False,True,0.0000044942
18526,38,38,59,False,True,0.0000035952
18531,26,45,62,True,True,0.0574520044
18532,98,98,77,False,True,0.0000010000
18533,21,21,43,False,True,0.3967623413
18549,12,37,55,True,True,0.0129630435
18560,95,50,95,True,True,0.0000286737
18569,71,69,89,True,True,0.0018455666
18571,9,9,9,False,False,0.9999904633
18579,76,17,17,True,False,0.9936889410
18582,29,56,60,True,True,0.0036873810
18588,25,25,32,False,True,0.0024954374
18603,6,6,7,False,True,0.0506371148
18605,10,61,84,True,True,0.0017424633
18612,24,24,24,False,False,0.9976287484
18622,97,34,43,True,True,0.0005060738
18627,28,28,28,False,False,0.7796113491
18631,88,80,17,True,True,0.0000005578
18643,57,57,57,False,False,0.9976354837
18647,79,7,79,True,True,0.0006301737
18650,70,70,70,False,False,0.9029080272
18652,47,47,52,False,True,0.0896599814
18661,88,51,73,True,True,0.0000026138
18664,8,8,40,False,True,0.2810558081
18670,37,17,37,True,True,0.0188414119
18672,51,70,51,True,True,0.0000000017
18674,52,52,96,False,True,0.0219655652
18683,18,18,18,False,False,0.9936490655
18685,41,41,41,False,False,0.9309687018
18696,62,62,82,False,True,0.0610093698
18703,52,31,37,True,True,0.0000036868
18710,92,92,92,False,False,0.9978303313
18712,43,34,88,True,True,0.0000000145
18714,11,46,46,True,False,0.9362183213
18721,54,20,76,True,True,0.0011293214
18722,34,34,38,False,True,0.0011494661
18724,64,64,36,False,False,0.4275920987
18726,62,92,92,True,False,0.9994052649
18729,52,52,47,False,True,0.0058811996
18740,68,68,68,False,False,0.8981329799
18741,78,78,78,False,False,0.4041973650
18750,25,25,41,False,True,0.0270005967
18752,53,53,53,False,False,0.9208902717
18757,59,33,33,True,False,0.3902031779
18765,64,36,66,True,True,0.0001097404
18768,20,25,5,True,True,0.0074072573
18787,48,48,48,False,False,0.9939112663
18790,31,31,31,False,False,0.9999256134
18793,19,19,19,False,False,0.5916502476
18797,49,49,49,False,False,0.9986004233
18801,56,56,52,False,False,0.1170817986
18803,47,52,52,True,False,0.8933695555
18812,67,67,44,False,True,0.0593884662
18813,78,78,78,False,False,0.9686942101
18819,72,55,36,True,True,0.0001098821
18826,74,32,64,True,True,0.0027479979
18827,1,1,1,False,False,0.9570841193
18828,59,59,23,False,True,0.0010764182
18846,17,17,33,False,True,0.0031845986
18847,18,18,85,False,True,0.0136073167
18852,99,78,79,True,True,0.0151860006
18853,43,43,43,False,False,0.9616442323
18854,26,26,26,False,False,0.9388679862
18856,14,14,98,False,True,0.0471482873
18859,51,7,74,True,True,0.0009826551
18860,11,11,55,False,True,0.0002573602
18863,26,51,89,True,True,0.0000087071
18866,28,28,10,False,True,0.0856006965
18869,75,84,49,True,True,0.0232089069
18872,32,46,46,True,False,0.5850102901
18875,39,39,39,False,False,1.0000000000
18897,28,28,28,False,False,0.5087720156
18898,97,43,97,True,True,0.0000344010
18904,69,69,69,False,False,0.8002959490
18905,22,22,22,False,False,0.8868862987
18921,33,85,52,True,True,0.0106632756
18922,82,41,62,True,True,0.0000004541
18927,93,95,15,True,True,0.0000000122
18932,18,85,80,True,True,0.0144395269
18941,61,61,61,False,False,0.5194831491
18942,76,76,84,False,True,0.2294317186
18949,14,14,14,False,False,0.6759152412
18950,62,62,7,False,True,0.0496472269
18952,57,57,55,False,True,0.3990185261
18954,99,99,99,False,False,0.9221515656
18958,90,90,13,False,True,0.1722092330
18960,70,70,70,False,False,0.9689243436
18974,2,2,11,False,True,0.1680374891
18980,12,12,76,False,False,0.2273999751
18988,65,75,65,True,True,0.0000000218
18989,7,74,27,True,True,0.0000617660
18997,55,66,59,True,True,0.0001910935
18998,98,98,32,False,True,0.0003492740
19005,91,32,91,True,True,0.0004278910
19011,43,15,38,True,False,0.0004660827
19014,98,98,35,False,True,0.0000212698
19022,41,41,41,False,False,0.9952888489
19024,14,14,85,False,True,0.0003517742
19034,78,78,66,False,True,0.0424417965
19037,0,0,0,False,False,0.5410724878
19048,49,49,23,False,True,0.1334589422
19050,3,3,64,False,True,0.0005680608
19055,9,9,9,False,False,0.9320875406
19057,97,88,34,True,True,0.0000021589
19059,35,35,11,False,True,0.0035024055
19069,38,34,70,True,True,0.1916034371
19073,89,89,49,False,True,0.0003978557
19074,2,2,35,False,False,0.3039586246
19083,21,66,3,True,True,0.0024194771
19087,14,4,14,True,True,0.0111399814
19093,12,12,37,False,True,0.0000364442
19104,36,1,4,True,True,0.0001018609
19106,26,69,78,True,True,0.0000000000
19109,81,85,87,True,True,0.0000000009
19117,92,92,92,False,False,0.4548117518
19119,77,77,24,False,True,0.0000016264
19120,21,21,69,False,True,0.0008794999
19122,14,14,31,False,False,0.1862289160
19124,35,35,98,False,True,0.0003385208
19125,86,86,86,False,False,0.8736970425
19135,76,76,76,False,False,0.9871515036
19138,86,86,86,False,False,0.8763228059
19146,81,13,12,True,True,0.2246889770
19150,85,89,66,True,True,0.0862129927
19153,10,10,10,False,False,0.6139868498
19156,25,25,58,False,False,0.2074677944
19158,41,58,27,True,True,0.0047425483
19159,26,26,68,False,True,0.2622144818
19162,69,69,25,False,True,0.0015529741
19166,72,72,95,False,False,0.1596130431
19178,53,53,53,False,False,0.9989587069
19181,4,31,50,True,True,0.0000000000
19183,59,59,59,False,False,0.3857572973
19184,83,83,83,False,False,0.5320242643
19186,2,73,40,True,True,0.0000000000
19190,52,52,52,False,False,0.6336116791
19192,62,70,70,True,False,0.9404593706
19194,67,96,89,True,False,0.0006938720
19209,96,33,33,True,False,0.6904780865
19210,33,33,33,False,False,0.4377653301
19211,81,81,37,False,True,0.1090314910
19217,79,79,79,False,False,0.9984930754
19218,0,53,57,True,True,0.0000000000
19222,20,20,20,False,False,0.9998530149
19234,16,16,16,False,False,0.9057623744
19239,68,52,68,True,True,0.0166389663
19243,53,53,53,False,False,0.9981891513
19266,25,68,20,True,True,0.0000000000
19282,21,21,89,False,True,0.3765241802
19283,15,15,29,False,True,0.0092350878
19286,32,52,30,True,False,0.0002580735
19288,89,89,48,False,True,0.0619606599
19292,53,53,53,False,False,0.9999916553
19294,65,65,62,False,True,0.0000393777
19301,23,23,23,False,False,0.9311074615
19302,41,41,4,False,True,0.0183105692
19310,83,83,53,False,False,0.2060807794
19322,1,1,1,False,False,0.8713132143
19323,3,3,32,False,True,0.0000199887
19324,92,32,62,True,True,0.0000391302
19332,52,4,52,True,True,0.0000001422
19337,53,53,53,False,False,0.9906426072
19340,58,32,13,True,True,0.0000015689
19343,48,49,89,True,True,0.0000000010
19351,48,48,48,False,False,0.7907201052
19356,20,20,20,False,False,0.9789704680
19358,6,6,51,False,True,0.0000019689
19359,90,13,13,True,False,0.5409257412
19360,58,58,13,False,True,0.1458598822
19361,94,94,84,False,True,0.0003682793
19367,91,32,91,True,True,0.0004258222
19370,89,60,55,True,True,0.0183226205
19371,76,76,17,False,True,0.0025123737
19380,68,68,59,False,True,0.0703754723
19383,81,98,10,True,True,0.0000421822
19384,59,52,12,True,True,0.0000239689
19385,21,21,21,False,False,0.9986328483
19401,22,22,22,False,False,0.9350602627
19410,35,35,11,False,True,0.1753387749
19420,41,41,21,False,True,0.0004715115
19429,80,43,19,True,True,0.0000646286
19431,59,52,52,True,False,0.7388043404
19440,34,34,80,False,True,0.0799342021
19451,55,60,33,True,True,0.0365293473
19452,46,46,46,False,False,0.4713396430
19455,42,43,85,True,True,0.0000173553
19456,9,9,40,False,True,0.0521328077
19457,96,52,52,True,False,0.5623047948
19459,23,23,23,False,False,0.8933442831
19462,22,22,22,False,False,0.8088739514
19463,72,72,21,False,True,0.0004698186
19468,57,0,41,True,True,0.0685533211
19472,77,77,77,False,False,0.9448491335
19476,75,21,21,True,False,0.9999134541
19478,27,93,96,True,True,0.0268836450
19487,45,45,24,False,True,0.0000009231
19489,78,78,44,False,True,0.0264353901
19490,31,31,75,False,True,0.0006899562
19497,6,6,50,False,True,0.0209505241
19505,88,43,66,True,True,0.0016991403
19508,98,98,2,False,False,0.1916132569
19511,8,8,1,False,True,0.0083251372
19514,50,36,71,True,True,0.2792509794
19523,85,85,85,False,False,0.8634384274
19524,87,87,87,False,False,0.9793148041
19535,15,15,98,False,True,0.0459735207
19538,9,9,9,False,False,0.9985826015
19543,68,49,68,True,True,0.0000007266
19548,62,62,82,False,True,0.0057297060
19549,7,7,77,False,True,0.0001818485
19554,4,93,93,True,False,0.6646066308
19557,91,32,93,True,True,0.0000000126
19565,94,94,84,False,True,0.1981178075
19575,5,5,84,False,True,0.0005066622
19597,4,43,23,True,True,0.0006863410
19602,46,46,2,False,True,0.0000163563
19607,97,34,27,True,True,0.0001798210
19610,62,41,92,True,True,0.0000000012
19612,91,85,91,True,True,0.0000000001
19616,45,45,89,False,True,0.0007609025
19628,8,8,69,False,True,0.1820663661
19629,50,36,32,True,True,0.0001124456
19634,20,20,20,False,False,0.6115112305
19636,84,94,84,True,True,0.0004073280
19639,38,74,32,True,False,0.0000499479
19640,5,5,17,False,True,0.0000404902
19641,76,76,69,False,True,0.0022162485
19642,27,49,69,True,True,0.0006816952
19650,43,43,43,False,False,0.9999936819
19653,72,30,62,True,True,0.0000077917
19665,73,73,69,False,True,0.0000498960
19666,80,66,32,True,True,0.0000000016
19667,65,69,93,True,True,0.0002792336
19669,31,31,31,False,False,0.9998521805
19672,30,30,93,False,True,0.0104117189
19675,8,8,46,False,True,0.0017871733
19676,49,49,17,False,True,0.0000462578
19686,61,61,61,False,False,0.9992126226
19689,32,91,1,True,True,0.0326798260
19691,60,60,23,False,True,0.0081257392
19715,83,83,61,False,True,0.2255307138
19718,56,79,62,True,True,0.0001995604
19721,1,32,31,True,True,0.0000010397
19741,5,5,5,False,False,0.7491837740
19745,0,0,0,False,False,0.9775344133
19747,60,60,60,False,False,0.6829875708
19749,31,31,3,False,True,0.0000202481
19751,5,5,5,False,False,0.7035244107
19754,53,53,53,False,False,0.9719890952
19757,83,83,83,False,False,0.4474713802
19760,16,39,86,True,True,0.0001226340
19761,1,32,32,True,False,0.5825266838
19762,13,13,58,False,True,0.1299120635
19764,36,36,89,False,True,0.1798577756
19768,11,2,2,True,False,0.9412696958
19784,17,17,17,False,False,0.9771215320
19790,61,95,22,True,False,0.0000657411
19793,96,96,74,False,True,0.0013377108
19806,28,61,10,True,True,0.2411621064
19808,46,46,46,False,False,0.8856003284
19809,83,83,83,False,False,0.9921929240
19814,34,97,66,True,True,0.0000000030
19817,82,82,82,False,False,0.9853155613
19824,47,52,96,True,True,0.0484453514
19846,46,46,2,False,True,0.0297615696
19850,38,34,66,True,True,0.0273609646
19851,57,57,10,False,True,0.2538016737
19852,2,2,2,False,False,0.8410800695
19853,20,20,20,False,False,0.9961498976
19857,28,99,28,True,True,0.0000000037
19858,27,66,21,True,True,0.0764793456
19861,23,23,49,False,False,0.0651951134
19865,78,78,78,False,False,0.9999679327
19870,25,25,25,False,False,0.8836873174
19871,69,69,60,False,True,0.0350845717
19873,94,94,94,False,False,0.8565132618
19876,51,62,47,True,True,0.0000775132
19877,53,0,0,True,False,0.7345360518
19885,73,95,30,True,True,0.0000404257
19889,33,33,33,False,False,0.9496933222
19892,68,33,32,True,True,0.0000026461
19899,39,39,39,False,False,0.9326706529
19902,60,60,17,False,True,0.1842963845
19909,6,6,7,False,True,0.0000003562
19910,23,23,23,False,False,0.9445570111
19916,81,81,17,False,False,0.0621429868
19918,77,77,99,False,True,0.0467532948
19920,34,34,34,False,False,0.9555037022
19922,5,5,25,False,True,0.2853940129
19924,87,46,40,True,True,0.0000281579
19930,85,85,58,False,True,0.0726940036
19938,51,51,51,False,False,0.9740532637
19941,8,8,8,False,False,0.9933187962
19943,30,95,91,True,True,0.0231667887
19958,8,8,8,False,False,0.9795526862
19963,16,16,9,False,True,0.0196041465
19980,7,7,7,False,False,0.5627233982
19995,25,89,20,True,True,0.0000000972
19999,30,84,72,True,True,0.0000000488
20011,96,96,3,False,True,0.1102463305
20013,55,3,44,True,True,0.0406360030
20015,35,35,46,False,False,0.1870369911
20036,79,79,6,False,True,0.0876650885
20041,42,42,90,False,True,0.0000000740
20045,30,95,95,True,False,0.6212528944
20055,69,40,76,True,True,0.1514677107
20080,50,36,21,True,True,0.0000944575
20083,5,5,94,False,False,0.2660650015
20084,36,36,53,False,True,0.0000041563
20092,63,50,65,True,True,0.0000001917
20100,71,71,23,False,True,0.0191566367
20104,95,30,67,True,True,0.3519476950
20114,88,34,74,True,True,0.0006296239
20115,21,21,80,False,True,0.0000090482
20118,89,89,89,False,False,0.7226020694
20119,12,12,12,False,False,0.5215062499
20132,49,49,49,False,False,0.8704837561
20135,63,36,64,True,True,0.0100953877
20138,88,88,42,False,True,0.1669592559
20139,35,11,11,True,False,0.8203085661
20140,83,57,83,True,True,0.0036484986
20141,70,70,70,False,False,0.7878327966
20143,18,18,18,False,False,0.9999889135
20145,67,67,30,False,True,0.0213819873
20147,73,95,1,True,True,0.0127978930
20149,89,89,89,False,False,0.5076990128
20153,54,54,54,False,False,0.7378765345
20161,28,40,40,True,False,0.4376474321
20166,29,29,6,False,True,0.3911140263
20168,91,1,85,True,True,0.0000111932
20170,25,68,39,True,False,0.1648243368
20177,48,48,48,False,False,0.4932214022
20180,22,22,22,False,False,0.9999316931
20181,7,7,7,False,False,0.9686426520
20182,71,71,71,False,False,0.6782402396
20186,10,10,28,False,True,0.0868079290
20191,26,26,6,False,True,0.0001378984
20197,19,19,19,False,False,0.9992451668
20200,25,25,58,False,True,0.0310994592
20205,51,95,36,True,True,0.0000000013
20210,20,20,20,False,False,0.9999383688
20213,53,51,1,True,True,0.0000051762
20219,64,36,65,True,True,0.0837711543
20226,81,85,12,True,True,0.0083913784
20228,85,85,12,False,True,0.0522992127
20231,60,71,60,True,True,0.1971174479
20239,89,89,89,False,False,0.7842844725
20242,31,89,34,True,True,0.0000000000
20248,74,46,34,True,True,0.0000194497
20257,2,2,35,False,False,0.3473235071
20262,91,91,91,False,False,0.2517591417
20264,53,53,53,False,False,0.9328864217
20268,19,19,31,False,True,0.0027938122
20278,81,69,37,True,True,0.0000000026
20279,30,69,1,True,True,0.0000040154
20282,42,42,42,False,False,0.5191000104
20287,47,47,47,False,False,0.5098534226
20292,32,67,50,True,True,0.0062460783
20299,51,51,51,False,False,0.9925701022
20300,99,78,14,True,False,0.0537553653
20302,69,69,76,False,True,0.1266883016
20303,19,19,46,False,True,0.0952085853
20306,61,61,61,False,False,0.9425030351
20312,96,52,60,True,False,0.2238149494
20314,27,49,72,True,True,0.0789943039
20331,71,71,71,False,False,0.5135115385
20335,85,58,85,True,True,0.0001193593
20348,65,39,74,True,True,0.0004906811
20353,76,76,52,False,True,0.0074035851
20368,15,15,15,False,False,0.8993093967
20370,6,6,6,False,False,0.3578526974
20376,33,33,33,False,False,0.3492254019
20382,83,83,41,False,True,0.0070547587
20384,36,36,34,False,True,0.0003123690
20394,30,30,30,False,False,0.5732750297
20398,94,94,94,False,False,0.9999519587
20405,57,62,1,True,True,0.0794472173
20414,67,27,95,True,True,0.0000304966
20417,63,36,45,True,True,0.0007792893
20418,14,14,56,False,True,0.0000000068
20419,28,28,28,False,False,0.9632254243
20420,43,43,87,False,True,0.0007484937
20422,67,64,73,True,True,0.0000068397
20433,6,14,70,True,True,0.0007561398
20438,57,57,55,False,True,0.0515731871
20441,94,94,94,False,False,0.9988924861
20444,44,27,15,True,True,0.0000024813
20447,87,87,87,False,False,0.7398194075
20451,38,38,33,False,True,0.0014279403
20464,53,53,32,False,True,0.0756199881
20467,15,15,15,False,False,0.9743501544
20468,2,2,14,False,True,0.0001000298
20472,54,70,7,True,True,0.0000079535
20473,37,17,15,True,True,0.0276397467
20480,90,90,90,False,False,0.7497578263
20483,50,50,33,False,True,0.0171448663
20486,79,79,6,False,True,0.2123583406
20488,66,66,66,False,False,0.9689966440
20489,19,34,97,True,True,0.0033737700
20495,80,74,80,True,True,0.0000001266
20502,70,62,70,True,True,0.0207320359
20503,31,31,31,False,False,0.9984133244
20505,9,28,9,True,True,0.0010441054
20516,74,50,64,True,False,0.3507707715
20520,1,32,1,True,True,0.2507168353
20529,76,76,76,False,False,0.9966237545
20534,46,46,46,False,False,0.4682829976
20544,1,1,94,False,False,0.0009497660
20550,99,99,53,False,False,0.0761744455
20553,16,16,36,False,True,0.3988287747
20556,32,32,95,False,True,0.0000000977
20560,28,83,40,True,True,0.0000032999
20563,44,86,44,True,True,0.0000346542
20565,62,62,70,False,True,0.1087429971
20567,12,96,12,True,True,0.0000000003
20571,90,90,68,False,True,0.0072001428
20573,14,18,65,True,True,0.0044041802
20575,20,20,20,False,False,0.9999802113
20577,40,40,86,False,True,0.0217685904
20579,65,65,97,False,True,0.0007142663
20585,27,72,91,True,True,0.0011956615
20590,34,34,19,False,True,0.0684501454
20608,80,33,79,True,True,0.0005470088
20609,34,34,3,False,True,0.0017124006
20610,79,74,7,True,True,0.0000003081
20612,74,65,44,True,True,0.0000282187
20616,25,25,25,False,False,0.9749401212
20621,5,5,5,False,False,0.4468780160
20624,89,89,89,False,False,0.7463103533
20629,40,40,67,False,True,0.0453344584
20632,76,76,76,False,False,0.9527088404
20644,39,39,39,False,False,0.4907487631
20646,67,67,99,False,True,0.0000006402
20666,38,15,19,True,True,0.0108242165
20677,58,58,96,False,True,0.0011444688
20678,52,56,52,True,True,0.0023514857
20681,89,89,89,False,False,0.9154030681
20684,48,48,48,False,False,0.9696453810
20686,82,82,62,False,True,0.0024524538
20689,17,37,94,True,True,0.0741795748
20697,47,52,52,True,False,0.5219268203
20700,96,96,52,False,True,0.0011756752
20701,80,80,80,False,False,0.3838823438
20705,93,93,50,False,True,0.0002576088
20706,92,62,56,True,False,0.0420255549
20712,48,48,31,False,True,0.1248466671
20714,0,0,0,False,False,0.9988485575
20723,97,66,43,True,True,0.0000004969
20729,60,60,33,False,True,0.0303815510
20732,45,45,26,False,True,0.0015352641
20733,8,8,26,False,True,0.0568822920
20734,68,68,56,False,True,0.0000448772
20738,0,0,70,False,True,0.0867054686
20739,68,49,68,True,True,0.1278119832
20741,3,3,21,False,True,0.0208658092
20743,91,91,95,False,True,0.0172091909
20745,99,99,77,False,True,0.0000004106
20751,83,83,83,False,False,0.9825984240
20754,69,76,69,True,True,0.0002583840
20760,63,36,3,True,True,0.0000007236
20764,38,3,27,True,True,0.0000327374
20766,34,3,89,True,False,0.0005038049
20775,90,90,90,False,False,0.7675925493
20785,23,23,23,False,False,0.9322748184
20789,99,99,99,False,False,0.9972364902
20794,51,51,51,False,False,0.9951121211
20795,66,66,1,False,True,0.0583346374
20798,60,23,55,True,True,0.1654347479
20802,63,63,66,False,True,0.0000860748
20803,17,17,17,False,False,0.9783944488
20804,4,34,64,True,True,0.0000000188
20808,5,5,25,False,True,0.3999379873
20812,59,52,52,True,False,0.8800218105
20821,40,40,40,False,False,0.6241266727
20824,82,82,82,False,False,0.8898946643
20825,42,88,91,True,True,0.0105001004
20835,90,90,90,False,False,0.5047996640
20845,56,56,56,False,False,0.9808812141
20850,60,60,33,False,True,0.2047313303
20852,86,86,86,False,False,0.9197297096
20853,30,73,71,True,True,0.0026994257
20856,38,97,91,True,True,0.0025083390
20858,83,83,45,False,True,0.0043617543
20865,55,80,50,True,True,0.0000009287
20869,52,56,52,True,True,0.0004754149
20875,80,36,73,True,True,0.0002237109
20880,28,84,59,True,True,0.0040540490
20882,80,21,36,True,False,0.0385942757
20883,26,26,66,False,True,0.0000154331
20891,2,2,30,False,True,0.0000000037
20894,49,49,49,False,False,0.7355143428
20899,67,67,23,False,True,0.0521397069
20903,76,37,37,True,False,0.8834401369
20909,84,84,64,False,True,0.1339062154
20910,26,26,75,False,True,0.0006578792
20914,96,52,59,True,False,0.1918455511
20918,86,86,5,False,True,0.3113511801
20925,84,84,84,False,False,0.8754591346
20948,18,18,18,False,False,0.9988111258
20949,53,53,26,False,True,0.0000167366
20954,99,7,50,True,True,0.0002638809
20965,25,25,87,False,False,0.2092820704
20970,4,19,50,True,True,0.0000000694
20978,54,54,56,False,False,0.1246688515
20980,17,17,60,False,True,0.0142835453
20988,15,15,15,False,False,0.9999812841
20989,36,36,50,False,False,0.4746915996
20990,94,86,94,True,True,0.0001437642
20991,53,53,53,False,False,0.9982070923
20992,85,58,60,True,True,0.0000964084
20994,45,51,26,True,True,0.0000000175
20997,39,46,39,True,True,0.0000012538
20998,13,58,58,True,False,0.9711641669
21003,81,13,13,True,False,0.9677234292
21007,50,36,92,True,True,0.1533393115
21010,97,97,38,False,False,0.0066969600
21015,69,69,69,False,False,0.9999688864
21017,21,21,21,False,False,0.9983654618
21025,81,13,81,True,True,0.0539477952
21030,44,27,78,True,True,0.0000000047
21032,79,79,6,False,True,0.0292458702
21037,36,32,56,True,True,0.0000000000
21044,61,84,61,True,True,0.0000000125
21051,9,9,9,False,False,0.8281012774
21056,2,2,46,False,True,0.0053700567
21063,70,70,62,False,True,0.1017516032
21076,99,99,78,False,True,0.0035609005
21093,88,34,0,True,True,0.0000003633
21101,31,31,31,False,False,0.9945625663
21108,96,12,17,True,True,0.0000331574
21112,34,34,34,False,False,0.9900475144
21116,19,19,19,False,False,0.6449476480
21126,23,23,23,False,False,0.5460562110
21130,26,7,26,True,True,0.0000000000
21142,34,34,85,False,True,0.0043836366
21144,59,56,56,True,False,0.8643551469
21146,46,46,11,False,True,0.1588904858
21151,81,13,55,True,False,0.0001683352
21157,81,81,32,False,True,0.0072752926
21158,74,74,95,False,True,0.0000005384
21163,75,75,3,False,False,0.0473534353
21167,10,10,10,False,False,0.9256881475
21181,69,69,76,False,True,0.0181260780
21185,60,60,60,False,False,0.7794181108
21187,26,26,89,False,True,0.0002201812
21194,78,78,78,False,False,0.9997931123
21199,2,2,14,False,True,0.0143037029
21204,63,3,4,True,True,0.0002427591
21205,34,34,31,False,True,0.0027110903
21209,79,59,38,True,True,0.0071444022
21213,73,73,73,False,False,0.8029238582
21214,71,23,73,True,True,0.0040999413
21217,29,27,52,True,True,0.0000095071
21218,28,28,28,False,False,0.7103744745
21224,43,43,11,False,True,0.0059727356
21226,41,89,85,True,True,0.0064288909
21233,85,85,89,False,True,0.0047141830
21234,71,71,59,False,True,0.0092731230
21236,91,91,1,False,True,0.0000004094
21243,33,49,17,True,True,0.0004746338
21253,13,58,85,True,True,0.0008252838
21255,24,24,73,False,True,0.0000194786
21257,37,37,37,False,False,0.8176277280
21258,26,2,98,True,True,0.0001235903
21261,61,61,61,False,False,0.7938682437
21268,35,11,2,True,True,0.0421183296
21270,41,41,55,False,True,0.0026083086
21278,66,95,32,True,True,0.0000204712
21284,57,57,53,False,True,0.1783910245
21287,95,73,30,True,True,0.0059335767
21291,78,78,78,False,False,0.9777343869
21297,99,69,99,True,True,0.0000000001
21301,29,29,29,False,False,0.7551262975
21310,98,98,46,False,True,0.0207692925
21312,35,98,61,True,True,0.0000000046
21318,24,24,24,False,False,0.9984361529
21325,9,9,9,False,False,0.9999805689
21326,97,97,97,False,False,0.9999789000
21334,3,66,97,True,True,0.0026366797
21342,4,75,71,True,True,0.0000002499
21346,52,52,52,False,False,0.4353525341
21352,58,58,58,False,False,0.5049234629
21361,30,30,72,False,True,0.0118124094
21362,91,32,1,True,True,0.2527179420
21363,67,67,67,False,False,0.8904285431
21367,60,60,60,False,False,0.9939880371
21377,31,31,31,False,False,0.7443218231
21378,79,79,24,False,True,0.0155479312
21382,59,52,56,True,False,0.4001244605
21384,77,36,34,True,True,0.0009041423
21391,26,26,1,False,True,0.0829772800
21394,71,49,75,True,True,0.0046395045
21398,57,57,57,False,False,0.9222043753
21409,39,41,39,True,True,0.0000003392
21420,41,41,41,False,False,0.9924690127
21422,87,87,0,False,False,0.0004355888
21429,92,92,92,False,False,0.9977849126
21431,21,21,21,False,False,0.9799864888
21433,45,26,6,True,True,0.0001751836
21435,37,37,85,False,True,0.0003405474
21437,51,43,14,True,False,0.0000195049
21441,57,57,57,False,False,0.9175472856
21444,14,14,70,False,True,0.0038504801
21459,40,40,30,False,True,0.0000004835
21469,98,98,35,False,True,0.0000464488
21472,87,87,87,False,False,0.5734234452
21473,88,88,88,False,False,0.9914978147
21480,27,73,91,True,True,0.0000383926
21484,30,30,73,False,True,0.0050765327
21489,70,54,54,True,False,0.4725569487
21490,42,42,42,False,False,0.8710911870
21497,91,85,64,True,True,0.0012586222
21498,17,37,58,True,True,0.0000645871
21517,64,41,43,True,True,0.0054367762
21521,66,64,33,True,True,0.0000000541
21524,63,3,4,True,True,0.0037310491
21540,5,51,94,True,True,0.0007366773
21548,87,87,58,False,True,0.0449524373
21553,37,37,56,False,True,0.0004837050
21561,26,26,26,False,False,0.8630972505
21562,21,21,36,False,True,0.0148928082
21563,55,43,67,True,True,0.0006140277
21573,50,36,64,True,True,0.0503315181
21575,39,39,24,False,True,0.3915692270
21577,6,18,6,True,True,0.0000093841
21590,82,62,14,True,True,0.0001054965
21591,35,35,98,False,True,0.0338685177
21602,85,46,15,True,True,0.0025635420
21606,36,36,35,False,True,0.0178133883
21609,16,16,16,False,False,0.9334315062
21614,28,28,28,False,False,0.7510768771
21626,66,66,66,False,False,0.7618829608
21632,98,2,36,True,True,0.2258174568
21634,90,81,49,True,False,0.0075303302
21643,68,58,49,True,True,0.0000226694
21648,42,97,60,True,True,0.0008002375
21651,96,33,96,True,True,0.0001545421
21653,87,87,87,False,False,0.7227372527
21660,7,7,85,False,True,0.0595598482
21661,40,51,16,True,True,0.0012116161
21670,60,23,23,True,False,0.6461480260
21673,60,60,60,False,False,0.4039960802
21674,83,83,69,False,True,0.0016894866
21675,65,69,1,True,True,0.0000000001
21704,99,78,99,True,True,0.0010101913
21708,84,84,84,False,False,0.8491674662
21718,16,94,39,True,True,0.0000592171
21723,71,71,72,False,False,0.2817681134
21725,0,0,0,False,False,0.6921767592
21727,49,49,49,False,False,0.7365856767
21729,68,68,68,False,False,0.9706377983
21739,53,53,53,False,False,0.4557304680
21743,32,46,32,True,True,0.1431846619
21744,79,79,79,False,False,0.5114608407
21746,69,69,89,False,True,0.1874883771
21765,35,98,98,True,False,0.6224677563
21766,40,40,32,False,True,0.0000014091
21769,14,14,30,False,True,0.0126153398
21777,13,81,13,True,True,0.0420206897
21783,73,71,30,True,False,0.0160833579
21796,79,79,79,False,False,0.4071568549
21805,28,28,28,False,False,0.7351110578
21806,57,57,57,False,False,0.9028581977
21809,17,17,17,False,False,0.8607872128
21811,10,83,83,True,False,0.9980717301
21812,54,54,54,False,False,0.7461835742
21814,86,86,86,False,False,0.9831231236
21818,74,50,1,True,True,0.0185990166
21820,87,41,68,True,True,0.0000017149
21821,26,26,49,False,True,0.0109374067
21825,79,79,79,False,False,0.9521207213
21826,98,98,35,False,True,0.0002552677
21828,24,7,7,True,False,0.9975752234
21830,91,73,30,True,True,0.0000047722
21832,37,33,49,True,True,0.0000123997
21852,42,43,79,True,True,0.0001094470
21853,31,31,34,False,False,0.3442296386
21860,3,49,76,True,False,0.0000106067
21868,31,31,52,False,True,0.0000630966
21876,77,50,20,True,False,0.0033039798
21878,15,66,4,True,True,0.0054249172
21883,5,60,46,True,True,0.0846081823
21886,7,7,7,False,False,0.9621356726
21887,63,36,36,True,False,0.6171463728
21889,91,1,26,True,True,0.0093374541
21890,23,71,23,True,True,0.3027667105
21891,51,51,51,False,False,0.9457307458
21893,7,6,7,True,True,0.0002116847
21897,84,20,87,True,True,0.0052780574
21901,94,94,72,False,True,0.1401843131
21902,65,65,80,False,True,0.0000002236
21910,73,95,73,True,True,0.0075534307
21917,67,45,67,True,True,0.0000004068
21920,57,57,57,False,False,0.9831820130
21924,97,97,97,False,False,0.7928382158
21925,72,32,50,True,True,0.0000003906
21933,45,45,44,False,True,0.0016599960
21946,6,6,85,False,True,0.0504940785
21947,84,37,11,True,True,0.0341995209
21955,57,57,51,False,True,0.0021640584
21957,88,88,34,False,False,0.2768740654
21962,49,23,49,True,True,0.0456976108
21967,4,63,34,True,True,0.0009789065
21970,63,36,36,True,False,0.6577534080
21972,25,20,5,True,True,0.0000616958
21975,65,69,94,True,True,0.0004912930
21978,24,69,6,True,True,0.0000365621
21984,27,27,91,False,True,0.0278716963
21987,58,58,58,False,False,0.9869416356
21988,62,92,62,True,True,0.0000003272
21989,14,14,59,False,True,0.0002364100
21994,10,24,61,True,True,0.0000000041
21995,66,64,43,True,True,0.0005036942
21998,47,56,52,True,True,0.0656607747
22012,16,9,9,True,False,0.9994801879
22021,54,54,54,False,False,0.9911173582
22023,50,7,32,True,True,0.0000131604
22028,8,8,8,False,False,0.9607790709
22032,70,54,54,True,False,0.8624817729
22035,6,82,82,True,False,0.9985591769
22039,12,12,39,False,True,0.0451046713
22043,1,1,74,False,True,0.1265565753
22054,37,37,37,False,False,0.9551500082
22057,40,40,40,False,False,0.9508152008
22061,93,93,77,False,True,0.0000111251
22062,11,11,2,False,True,0.0381894484
22064,63,50,63,True,True,0.0000036598
22066,6,6,33,False,True,0.0490572564
22075,70,92,70,True,True,0.0241539888
22079,3,3,36,False,True,0.0023267858
22081,23,23,85,False,True,0.1948675513
22085,67,32,26,True,False,0.1072510108
22092,42,42,42,False,False,0.9426214695
22097,95,73,69,True,True,0.0000356380
22099,96,52,33,True,True,0.1304260343
22112,27,27,27,False,False,0.9554836750
22121,2,2,11,False,True,0.0007292692
22125,2,11,46,True,True,0.0003542722
22126,86,86,17,False,True,0.0004289178
22129,98,98,98,False,False,0.9812342525
22133,89,69,13,True,True,0.0036937918
22136,10,10,61,False,True,0.1400099844
22142,87,87,84,False,True,0.0989874899
22148,54,54,54,False,False,0.3629179299
22152,95,72,30,True,True,0.0000608707
22165,0,0,0,False,False,0.9901131392
22166,85,85,85,False,False,0.5291128755
22167,62,62,4,False,True,0.0059010847
22171,2,2,2,False,False,0.9982230067
22173,8,46,89,True,True,0.0194708370
22182,19,19,19,False,False,0.9812064767
22198,62,62,82,False,True,0.0005990096
22206,73,73,30,False,True,0.0000021519
22213,91,91,91,False,False,0.7209284306
22217,54,62,54,True,False,0.2703388035
22219,57,10,51,True,True,0.0000000269
22220,65,77,2,True,True,0.0007509632
22229,86,86,41,False,False,0.2919471264
22234,47,47,47,False,False,0.9996942282
22235,24,24,24,False,False,0.9576979876
22240,86,86,16,False,True,0.0000705536
22254,82,82,82,False,False,0.9959914088
22255,19,19,19,False,False,0.9843069315
22266,14,14,70,False,True,0.0064334748
22274,4,55,64,True,True,0.0002571664
22275,48,48,48,False,False,0.9945417047
22280,77,77,46,False,True,0.0002556267
22308,81,19,19,True,False,0.2700333297
22313,41,89,89,True,False,0.7502301335
22315,43,43,43,False,False,0.7434921861
22320,20,20,20,False,False,0.9707874060
22326,38,53,64,True,True,0.0000016637
22332,7,6,7,True,True,0.2170917690
22335,67,32,73,True,True,0.0000010779
22341,65,46,70,True,True,0.1510444432
22350,64,3,50,True,True,0.0000077939
22368,1,92,1,True,True,0.0000009717
22372,16,16,78,False,True,0.3976436555
22373,77,77,75,False,True,0.0003441100
22374,64,36,64,True,True,0.0000025225
22378,85,39,85,True,True,0.0000000002
22382,70,54,92,True,True,0.0068579027
22387,10,28,16,True,True,0.0000314349
22393,81,37,37,True,False,0.9996176958
22396,15,15,66,False,True,0.0031668541
22401,56,33,69,True,False,0.0937079787
22402,58,58,58,False,False,0.9599394798
22404,53,53,53,False,False,0.9999153614
22409,19,85,19,True,True,0.0000000000
22416,18,33,79,True,True,0.0078502232
22423,9,9,9,False,False,0.7557824850
22425,15,15,73,False,True,0.0002176263
22427,17,60,55,True,True,0.0000059063
22433,97,34,97,True,False,0.4544037282
22439,46,46,11,False,True,0.1869860440
22443,98,98,35,False,True,0.0131103555
22446,7,7,75,False,True,0.0801124275
22448,33,33,69,False,True,0.0135637922
22456,78,78,78,False,False,0.9999984503
22461,90,90,37,False,True,0.0136563489
22463,99,99,78,False,True,0.4137378633
22464,16,9,49,True,True,0.0329462476
22472,57,51,0,True,True,0.0000444055
22480,48,48,41,False,True,0.1870136112
22481,61,61,61,False,False,0.8885827065
22488,76,37,76,True,True,0.0000000776
22491,0,0,0,False,False,0.6220097542
22494,91,91,91,False,False,0.8039398789
22498,65,52,65,True,True,0.0181911681
22504,81,81,85,False,False,0.0165842976
22510,57,79,52,True,True,0.0000697622
22511,6,6,54,False,True,0.0000021776
22516,8,46,48,True,False,0.2077847868
22528,47,47,70,False,True,0.1009405702
22532,27,14,98,True,True,0.0000031930
22547,86,86,86,False,False,0.6421903968
22550,15,15,34,False,True,0.0028563223
22553,12,12,71,False,True,0.0059054419
22554,83,83,83,False,False,0.9925628304
22555,49,23,71,True,True,0.1848148555
22556,39,39,86,False,True,0.0017228711
22557,93,51,93,True,True,0.0000286313
22563,5,5,5,False,False,0.7636907697
22564,48,48,48,False,False,0.9994136095
22566,22,22,22,False,False,0.9999997616
22573,54,53,54,True,True,0.0064412910
22592,51,46,19,True,True,0.0000002724
22595,34,34,34,False,False,0.7345647812
22596,85,46,90,True,True,0.0655486137
22607,73,30,95,True,True,0.0085651679
22623,56,52,59,True,False,0.2105517685
22628,62,62,82,False,False,0.2541364133
22634,38,38,38,False,False,0.9709935188
22638,90,90,13,False,True,0.1067676842
22640,33,33,33,False,False,0.9076468945
22643,99,78,70,True,True,0.0000178948
22653,19,46,55,True,True,0.0027136025
22656,54,54,51,False,True,0.0001878531
22663,39,39,10,False,True,0.0070011672
22669,78,99,99,True,False,0.7310830951
22670,69,69,46,False,True,0.1095205024
22672,46,46,11,False,False,0.4301429391
22696,68,96,60,True,True,0.0001410043
22702,3,3,64,False,True,0.0010323517
22708,64,97,55,True,True,0.0000386749
22712,35,2,9,True,True,0.0000037607
22719,83,83,62,False,True,0.0002378078
22722,77,77,14,False,True,0.0018701472
22756,77,77,77,False,False,0.9999870062
22766,2,2,2,False,False,0.8627406955
22774,22,22,22,False,False,0.7004474401
22778,31,31,31,False,False,0.9988183379
22783,89,89,89,False,False,0.9992327690
22784,7,24,99,True,False,0.4039916694
22785,75,65,75,True,True,0.0000000007
22789,95,95,39,False,True,0.0011430146
22791,84,84,84,False,False,0.9220930934
22797,59,51,85,True,True,0.0000675379
22799,78,53,85,True,True,0.0000000016
22801,65,65,65,False,False,0.9912944436
22803,71,23,60,True,True,0.0031364036
22810,20,20,20,False,False,0.9999879599
22818,88,0,88,True,True,0.0000000000
22822,61,61,61,False,False,0.5647569299
22828,24,24,24,False,False,0.9999483824
22831,58,58,21,False,True,0.1532413512
22832,10,9,40,True,True,0.0000033795
22838,2,2,21,False,True,0.0077037481
22842,13,81,81,True,False,0.9413205385
22854,25,20,20,True,False,0.9896154404
22861,89,89,89,False,False,0.4357079566
22865,20,20,20,False,False,0.9664003253
22866,59,52,56,True,True,0.0988504440
22874,64,66,18,True,True,0.0000795373
22876,55,75,3,True,True,0.0000034345
22881,91,57,50,True,True,0.0000000001
22882,30,51,30,True,True,0.0000000000
22894,47,52,96,True,True,0.0312180333
22901,44,27,27,True,False,0.5771693587
22909,57,57,57,False,False,0.9577287436
22911,9,9,9,False,False,0.9996422529
22912,14,14,24,False,True,0.0007566948
22919,21,53,21,True,True,0.0000000000
22920,34,34,34,False,False,0.9999984503
22922,54,62,54,True,True,0.1030187830
22928,89,8,8,True,False,0.6291991472
22929,26,26,93,False,True,0.0000001375
22930,9,9,84,False,True,0.2928330600
22932,15,15,31,False,True,0.0008292786
22939,80,33,66,True,True,0.0000416159
22946,75,79,51,True,True,0.0025734177
22948,8,48,78,True,True,0.0002650511
22962,13,58,71,True,False,0.0187210198
22966,81,13,13,True,False,0.6445953846
22970,82,82,82,False,False,0.9933668971
22972,25,25,25,False,False,0.7691798806
22984,2,2,2,False,False,0.4158906341
22991,30,72,30,True,True,0.0002284575
23014,12,37,37,True,False,0.6632372141
23028,21,21,21,False,False,0.9899843931
23036,1,1,6,False,True,0.0807192475
23037,68,68,33,False,False,0.1867642701
23040,80,80,38,False,True,0.0729480311
23044,59,98,85,True,True,0.0001507737
23057,62,62,41,False,True,0.0007449483
23058,94,94,94,False,False,0.9992303848
23076,99,99,78,False,True,0.1363665909
23077,49,71,23,True,True,0.1176906079
23080,56,59,56,True,True,0.0923992842
23093,66,66,89,False,True,0.0003381174
23107,51,51,51,False,False,0.9315468073
23120,3,3,19,False,True,0.0754301623
23122,16,16,16,False,False,0.7087189555
23123,37,37,37,False,False,0.9886099100
23126,71,71,71,False,False,0.9172267318
23136,91,48,67,True,True,0.0000824479
23140,66,97,66,True,True,0.0136116948
23141,73,30,72,True,True,0.0015495309
23146,74,17,80,True,True,0.0000000003
23155,26,26,26,False,False,0.9442646503
23156,64,64,66,False,True,0.0000154295
23157,83,83,83,False,False,0.9990246296
23166,3,3,3,False,False,0.9956698418
23167,60,23,71,True,True,0.0270563345
23174,21,21,21,False,False,0.9999582767
23179,98,35,98,True,True,0.0001940529
23180,52,96,96,True,False,0.3725250363
23182,32,32,32,False,False,0.7690585256
23183,19,68,77,True,True,0.0001261453
23187,50,50,74,False,True,0.0000328044
23188,49,49,49,False,False,0.9384642243
23197,19,19,70,False,True,0.2519709170
23204,40,86,85,True,True,0.0147154899
23207,72,72,50,False,True,0.0004741438
23213,60,60,60,False,False,0.7763490081
23215,39,39,39,False,False,0.9203860164
23230,19,19,19,False,False,0.9842557311
23231,52,59,33,True,True,0.0015341439
23232,72,77,72,True,True,0.0000002042
23236,17,17,17,False,False,0.6690251827
23240,57,51,45,True,True,0.0000000185
23245,47,47,47,False,False,0.9978210926
23249,24,24,85,False,True,0.1364308596
23270,4,50,65,True,True,0.0068938872
23272,79,79,79,False,False,0.9681435823
23273,24,7,86,True,False,0.0000419486
23276,54,54,54,False,False,0.8707904816
23277,75,66,75,True,True,0.0064788260
23279,9,28,94,True,False,0.0188535936
23289,59,56,56,True,False,0.6868230700
23303,9,9,9,False,False,0.7237081528
23310,61,61,10,False,True,0.0192110706
23314,30,30,30,False,False,0.7231415510
23320,25,25,58,False,True,0.0841125026
23322,12,12,12,False,False,0.8916866183
23335,8,8,79,False,True,0.0062192199
23337,30,30,91,False,True,0.0003866862
23339,70,54,70,True,True,0.0201085526
23344,38,66,3,True,True,0.0018255612
23346,19,19,19,False,False,0.9964800477
23350,83,57,83,True,True,0.0000621108
23351,8,46,46,True,False,0.7986115217
23353,46,46,11,False,True,0.0137191340
23354,7,91,6,True,True,0.0072944500
23356,27,27,27,False,False,0.2698542476
23364,26,26,86,False,True,0.1191566363
23383,72,72,66,False,True,0.0473405309
23385,30,30,30,False,False,0.5101906657
23393,7,24,24,True,False,0.8966326118
23395,45,66,32,True,True,0.0066147074
23402,82,82,62,False,True,0.0564264394
23405,34,97,88,True,False,0.2606714964
23406,83,83,83,False,False,0.9955719709
23409,63,93,36,True,True,0.0138842594
23415,11,11,2,False,True,0.0382300131
23419,69,69,28,False,False,0.0034517185
23420,1,32,32,True,False,0.9976498485
23423,29,3,32,True,True,0.0000038360
23428,45,92,72,True,True,0.0000000031
23430,86,86,39,False,True,0.0751794502
23434,85,85,44,False,True,0.0010104944
23436,80,80,46,False,True,0.4479825199
23441,99,99,99,False,False,0.3689810932
23445,74,74,74,False,False,0.8587285280
23446,31,31,31,False,False,0.9940845370
23448,19,19,19,False,False,0.9904069304
23454,22,22,22,False,False,0.8778694272
23455,72,34,28,True,True,0.0000031369
23461,56,60,59,True,True,0.0009770596
23476,19,15,85,True,True,0.0567057468
23480,6,6,62,False,True,0.0012575458
23492,39,39,39,False,False,0.9994028807
23494,29,38,29,True,True,0.0003769484
23499,74,50,55,True,True,0.0073161414
23501,13,13,90,False,True,0.0353939421
23508,27,27,21,False,True,0.0012219078
23511,46,46,46,False,False,0.6795312166
23521,43,43,43,False,False,0.9999871254
23523,93,93,3,False,True,0.0002087829
23524,23,23,23,False,False,0.8379480839
23535,79,79,79,False,False,0.9993762374
23541,31,31,31,False,False,0.5425811410
23542,96,59,52,True,True,0.0987928510
23545,59,56,52,True,True,0.1195779145
23549,19,64,55,True,True,0.0017814685
23552,1,1,41,False,True,0.0290348362
23588,35,2,2,True,False,0.4076083302
23594,14,14,6,False,True,0.0000665952
23603,8,8,78,False,True,0.0013602620
23608,67,63,85,True,True,0.0000210811
23611,55,55,72,False,True,0.0003304953
23613,93,93,51,False,True,0.0000177891
23614,38,38,34,False,True,0.0081334990
23617,74,1,75,True,True,0.0000004174
23621,38,38,38,False,False,0.8920563459
23626,12,12,71,False,False,0.2726048231
23629,47,59,52,True,True,0.0781776756
23631,53,53,51,False,True,0.0000898366
23635,23,71,46,True,True,0.0809230432
23640,88,43,42,True,True,0.0004196471
23642,30,95,55,True,True,0.1003075242
23654,20,20,20,False,False,0.7833878398
23655,12,37,90,True,True,0.0018778502
23656,40,40,40,False,False,0.7784866691
23658,6,6,6,False,False,0.8409085870
23665,96,33,33,True,False,0.7026661038
23672,79,79,44,False,True,0.3334821463
23673,72,13,90,True,True,0.0075915884
23676,75,19,19,True,False,0.6832796931
23694,23,23,71,False,False,0.1441138685
23697,80,80,55,False,True,0.0007708740
23706,55,66,3,True,True,0.0003266011
23711,98,35,98,True,True,0.0000922805
23717,85,85,85,False,False,0.9321846962
23719,82,82,82,False,False,0.9914494157
23721,33,47,80,True,True,0.1920885146
23723,99,99,78,False,True,0.0226206277
23731,76,76,76,False,False,0.9999895096
23734,90,90,90,False,False,0.9760011435
23744,48,41,48,True,True,0.0046198275
23748,12,33,58,True,True,0.0002032002
23750,99,99,78,False,True,0.0030559890
23755,50,21,50,True,True,0.0000001200
23756,76,76,76,False,False,0.7844589353
23760,91,91,50,False,True,0.0011876221
23764,42,42,43,False,True,0.0005194723
23766,65,20,60,True,True,0.0001821418
23774,2,2,58,False,True,0.0752506778
23791,74,3,85,True,False,0.0108082443
23799,27,64,63,True,True,0.0000939084
23800,95,30,30,True,False,0.6654244065
23802,24,24,36,False,True,0.0000045302
23807,73,73,23,False,True,0.0594771020
23813,60,23,23,True,False,0.9576340318
23816,54,62,66,True,True,0.0013711698
23818,44,44,44,False,False,0.9017310143
23821,49,49,49,False,False,0.9704220891
23822,96,52,96,True,True,0.2562865317
23825,65,65,36,False,True,0.0000146211
23826,54,92,92,True,False,0.5509348512
23839,56,56,59,False,True,0.0889582485
23843,51,77,65,True,True,0.0000596517
23851,15,15,80,False,True,0.0000003126
23853,4,74,66,True,True,0.0002504969
23868,92,62,92,True,True,0.0029674082
23870,49,23,49,True,True,0.0107713202
23873,95,50,73,True,True,0.0000436093
23876,36,6,50,True,True,0.0018991431
23883,67,23,73,True,True,0.0041504833
23903,28,28,62,False,True,0.0010619687
23905,5,5,5,False,False,0.6864569187
23912,36,36,81,False,True,0.1435310245
23914,26,93,91,True,True,0.0005140412
23923,45,45,45,False,False,0.8577550054
23925,41,41,41,False,False,0.4650914073
23929,50,50,2,False,True,0.0049824230
23931,24,24,24,False,False,0.9987474680
23932,52,33,52,True,True,0.0010333661
23933,33,33,33,False,False,0.9951863885
23934,78,78,78,False,False,0.6908077598
23935,93,4,23,True,True,0.0478319190
23955,82,82,82,False,False,0.9999996424
23957,32,32,41,False,True,0.0001738027
23959,42,97,93,True,True,0.0027887470
23962,90,90,90,False,False,0.6313160062
23972,92,92,92,False,False,0.6988726258
23973,69,69,69,False,False,0.9878853559
23974,68,68,68,False,False,0.9852349758
23980,93,93,32,False,True,0.0275005177
23983,66,66,30,False,True,0.0000011099
23985,67,71,71,True,False,0.2994529605
23988,15,15,31,False,True,0.0892185718
23989,30,30,14,False,True,0.0070226737
23991,55,95,93,True,True,0.0162492525
24004,86,86,86,False,False,0.9967792630
24009,42,88,42,True,True,0.0000221889
24012,57,57,57,False,False,0.9945960641
24019,25,20,94,True,True,0.0000611960
24025,14,14,14,False,False,0.9525099993
24040,14,7,65,True,True,0.0006907930
24043,61,40,40,True,False,0.4706410468
24044,50,31,21,True,True,0.0004207091
24052,20,20,25,False,True,0.0315937214
24055,5,5,5,False,False,0.9928510189
24060,63,75,74,True,True,0.0000042009
24068,89,89,89,False,False,0.9734234214
24085,40,40,94,False,True,0.1753683239
24096,55,66,36,True,True,0.0003111628
24099,21,44,35,True,True,0.0000000000
24100,84,84,10,False,True,0.0540321916
24107,24,0,24,True,True,0.0000000889
24113,12,48,17,True,True,0.0000000006
24120,38,97,36,True,True,0.0065864203
24122,29,29,29,False,False,0.8524096608
24130,48,48,48,False,False,0.9975727201
24132,16,16,16,False,False,0.9956331849
24145,83,83,83,False,False,0.9998670816
24147,22,22,22,False,False,0.5677559376
24150,68,68,60,False,True,0.0339336060
24162,32,32,40,False,True,0.0000000151
24166,68,68,33,False,True,0.0025162341
24175,83,62,41,True,True,0.0016621270
24183,52,96,96,True,False,0.6520687938
24187,69,69,69,False,False,0.9893407226
24192,87,87,87,False,False,0.7296268344
24195,80,64,80,True,True,0.0109954663
24201,61,82,61,True,True,0.0000623801
24202,13,13,89,False,True,0.0563450642
24204,22,22,22,False,False,0.9580319524
24206,53,53,53,False,False,0.9999196529
24211,46,46,19,False,True,0.0000299229
24217,64,64,3,False,True,0.0066238954
24237,75,75,49,False,True,0.0107560642
24238,47,47,62,False,True,0.0032968579
24239,75,63,19,True,True,0.0000000727
24254,57,57,57,False,False,0.8596425056
24258,35,98,46,True,True,0.2426003516
24259,28,10,40,True,True,0.0577857606
24262,22,22,61,False,True,0.0325906761
24264,3,43,43,True,False,0.9856151342
24275,81,13,37,True,True,0.0000125344
24276,94,94,84,False,True,0.0039775544
24279,76,76,69,False,True,0.4133017063
24280,47,47,47,False,False,0.5251466036
24285,33,49,60,True,True,0.0015994011
24289,15,15,15,False,False,0.9999986887
24293,4,19,3,True,True,0.0000000406
24294,89,89,89,False,False,0.9736647010
24295,21,21,21,False,False,0.5847222805
24300,55,71,72,True,False,0.0717705041
24302,10,10,53,False,False,0.0000008642
24304,64,34,36,True,True,0.0032656707
24310,60,23,71,True,True,0.2874035537
24323,24,24,7,False,False,0.4611673355
24327,91,91,1,False,True,0.1356238127
24332,38,19,90,True,True,0.0000000003
24341,89,49,79,True,False,0.1027789563
24357,38,38,38,False,False,0.9835563898
24364,68,68,81,False,True,0.0027363161
24368,52,52,52,False,False,0.6101015210
24370,57,57,49,False,True,0.0000808734
24376,34,34,6,False,False,0.0318528526
24386,72,21,21,True,False,0.9920803905
24400,66,25,55,True,True,0.0036910872
24402,94,94,20,False,False,0.0397510529
24407,45,84,11,True,True,0.0228433907
24411,8,46,46,True,False,0.3972530365
24417,38,69,50,True,True,0.0000000496
24420,32,86,32,True,True,0.0000000041
24424,47,83,82,True,True,0.0000009795
24425,40,40,85,False,True,0.0017191821
24426,90,90,58,False,True,0.0926383734
24444,81,81,85,False,True,0.0367214978
24455,94,94,94,False,False,0.8952346444
24465,37,37,37,False,False,0.9924319983
24470,24,24,7,False,True,0.0005204079
24471,38,66,15,True,False,0.2595190108
24476,92,70,62,True,True,0.1507392526
24482,26,51,83,True,True,0.0022966799
24489,71,71,71,False,False,0.9901520610
24491,51,51,51,False,False,0.5165309906
24493,79,7,66,True,True,0.0032852089
24494,92,62,55,True,True,0.1392239779
24498,67,72,98,True,True,0.0001490170
24503,59,33,52,True,True,0.0635992512
24507,14,14,62,False,True,0.0000745723
24515,43,43,43,False,False,0.9578293562
24523,60,60,60,False,False,0.9743695855
24528,69,69,69,False,False,0.9899799824
24542,37,17,85,True,True,0.0043418878
24543,63,65,50,True,True,0.0020699000
24545,4,80,19,True,True,0.0000000829
24552,95,30,73,True,True,0.0000030084
24555,41,71,69,True,True,0.0000003150
24559,34,97,34,True,True,0.0057037603
24564,87,87,87,False,False,0.9882031083
24568,3,19,36,True,True,0.0769772530
24575,1,1,39,False,True,0.3712080419
24582,7,6,7,True,True,0.0000000001
24584,62,41,75,True,True,0.0001802098
24592,76,76,23,False,True,0.0389497727
24601,18,18,18,False,False,0.9532129169
24602,18,44,76,True,False,0.0061753062
24606,90,90,90,False,False,0.7882702351
24615,41,20,41,True,True,0.0000065111
24618,69,69,69,False,False,0.4660660326
24621,13,58,55,True,True,0.0030020545
24640,81,13,81,True,True,0.2262748778
24644,71,71,23,False,True,0.1060151607
24659,45,62,1,True,True,0.0000000688
24662,73,73,30,False,True,0.0000148592
24667,83,83,83,False,False,0.9637643695
24674,15,78,52,True,True,0.0000484493
24675,32,46,46,True,False,0.8847923875
24677,25,25,39,False,False,0.0937050804
24679,2,2,98,False,True,0.1095476896
24687,31,31,31,False,False,0.9998192191
24690,31,31,86,False,True,0.0001336280
24694,76,37,76,True,True,0.0000393202
24699,45,23,34,True,True,0.1118043363
24703,71,23,71,True,True,0.2205648869
24705,37,37,17,False,True,0.0985264778
24710,35,98,98,True,False,0.6491183639
24719,17,17,17,False,False,0.9322707653
24721,16,16,16,False,False,0.9048999548
24722,68,33,52,True,True,0.1002771780
24723,8,8,8,False,False,0.9007257819
24731,90,13,90,True,True,0.0000440319
24737,62,62,62,False,False,0.9687258601
24746,44,64,29,True,True,0.0001742974
24751,36,36,35,False,True,0.0000031337
24752,40,40,40,False,False,0.9252550006
24757,41,41,1,False,False,0.0014464128
24758,76,76,70,False,True,0.2912375629
24765,50,36,36,True,False,0.9261651039
24768,39,39,39,False,False,0.7986033559
24777,51,79,51,True,True,0.0002001121
24782,43,43,34,False,False,0.3811128438
24791,85,85,85,False,False,0.9990791082
24792,49,49,49,False,False,0.9646061659
24794,55,71,90,True,True,0.0000015357
24795,18,99,41,True,True,0.0660974756
24797,96,68,60,True,True,0.0065697357
24800,80,80,84,False,False,0.0040207170
24801,81,13,13,True,False,0.9768276215
24802,70,70,62,False,True,0.0395984426
24811,30,30,30,False,False,0.9999160767
24813,48,48,48,False,False,0.5016893148
24817,24,24,79,False,True,0.1959897131
24823,84,84,84,False,False,0.5579863787
24824,35,35,98,False,False,0.4462972879
24826,21,98,64,True,True,0.0000054180
24829,20,20,20,False,False,0.8279024363
24839,18,77,18,True,True,0.0000000000
24840,11,11,2,False,True,0.0723240003
24843,78,78,51,False,False,0.3292538822
24856,3,58,95,True,True,0.0000096320
24873,69,69,76,False,True,0.0201766286
24880,73,78,91,True,True,0.0000000002
24882,69,69,69,False,False,0.9999954700
24893,40,9,69,True,True,0.0471326448
24895,5,5,58,False,True,0.0993259698
24898,23,23,23,False,False,0.8242206573
24905,91,91,1,False,False,0.2963436842
24918,2,5,5,True,False,0.5917847753
24923,4,66,32,True,True,0.0004261720
24925,36,50,64,True,True,0.0000355375
24926,43,42,79,True,True,0.0093387580
24931,87,87,87,False,False,0.8791736364
24932,23,71,49,True,True,0.1705376655
24934,7,7,7,False,False,0.4407797456
24938,32,22,78,True,True,0.0000149383
24942,91,1,1,True,False,0.3855229020
24946,72,72,71,False,True,0.0042340476
24947,32,46,35,True,True,0.0081928913
24958,87,87,87,False,False,0.9434320331
24960,36,36,36,False,False,0.9999995232
24965,81,13,81,True,True,0.3463417888
24995,55,97,64,True,False,0.0333656333
24998,29,29,31,False,True,0.0489180759
25011,67,1,93,True,True,0.1883057058
25014,2,2,2,False,False,0.9981570840
25016,54,54,92,False,True,0.2161211371
25017,61,61,53,False,False,0.3232273757
25025,35,35,98,False,True,0.0005469216
25044,44,84,91,True,True,0.0000000159
25045,55,65,74,True,True,0.0000008424
25046,65,58,2,True,True,0.0000010577
25051,40,37,41,True,True,0.0011781532
25054,76,76,39,False,False,0.4283838570
25078,44,44,18,False,True,0.0165156722
25079,99,99,18,False,True,0.0000036690
25080,99,78,78,True,False,0.4551536739
25081,71,71,49,False,True,0.2654328048
25091,73,91,11,True,True,0.0000129364
25092,88,88,97,False,True,0.0082510924
25093,93,93,73,False,True,0.0933922529
25097,88,88,38,False,True,0.0184814781
25099,4,50,95,True,True,0.0000002643
25105,80,80,65,False,True,0.0007640771
25106,65,80,6,True,True,0.0070231617
25108,69,69,69,False,False,0.9959000945
25113,52,96,56,True,True,0.1338421553
25136,20,20,20,False,False,0.9990737438
25153,25,20,87,True,True,0.0382184871
25154,61,67,13,True,True,0.0546926446
25160,32,55,27,True,True,0.0000018936
25166,38,19,66,True,True,0.0000615860
25174,6,24,6,True,True,0.0000000030
25180,5,5,84,False,False,0.3448528051
25192,9,9,9,False,False,0.9946122169
25195,88,88,11,False,True,0.0054667490
25204,84,5,1,True,True,0.0000000331
25205,21,21,21,False,False,0.9688889980
25207,2,2,83,False,True,0.0059381328
25217,11,11,46,False,True,0.0674330816
25221,34,34,33,False,True,0.0001970564
25227,30,32,73,True,True,0.0030559280
25230,48,48,48,False,False,0.9991981387
25231,7,80,55,True,True,0.0145745482
25233,43,88,43,True,True,0.0001215636
25235,29,64,38,True,True,0.0000150266
25239,61,61,61,False,False,0.9957893491
25247,37,37,37,False,False,0.7018687725
25248,53,53,53,False,False,0.9415491819
25251,34,34,97,False,False,0.3076781929
25256,24,24,79,False,True,0.0106329024
25258,86,86,86,False,False,0.9960832596
25260,46,11,98,True,True,0.1745477319
25268,88,88,42,False,True,0.0000140089
25272,78,78,78,False,False,0.9992990494
25276,21,21,21,False,False,0.9462059736
25278,67,67,71,False,True,0.0017097954
25291,62,62,62,False,False,0.9993699193
25295,77,77,79,False,True,0.0000025551
25317,78,78,78,False,False,0.9724365473
25319,48,48,93,False,True,0.0504797213
25322,44,44,44,False,False,0.6496720314
25324,76,76,76,False,False,0.9957406521
25333,29,29,29,False,False,0.4374765158
25335,17,17,37,False,True,0.0039701471
25336,74,64,77,True,True,0.0000123517
25352,44,44,18,False,False,0.0859112442
25357,27,91,73,True,False,0.0163073521
25361,47,47,33,False,True,0.1184739396
25363,34,34,34,False,False,0.9499596357
25369,32,95,32,True,True,0.0000000064
25371,48,48,86,False,True,0.0402338356
25373,11,11,46,False,False,0.3280134499
25377,50,50,4,False,True,0.0001001530
25381,96,52,52,True,False,0.5742905736
25385,3,33,59,True,True,0.0268871356
25386,39,25,19,True,True,0.0001728093
25387,65,65,34,False,True,0.0174980480
25388,42,88,56,True,True,0.0181329511
25389,92,92,82,False,True,0.1417511553
25391,76,76,52,False,False,0.2881239057
25393,23,60,23,True,True,0.0020013007
25394,76,76,76,False,False,0.9992133379
25405,35,35,98,False,True,0.0185667519
25407,74,36,34,True,True,0.0034594585
25408,75,1,75,True,True,0.0000020082
25409,14,14,98,False,True,0.0008961403
25412,5,5,5,False,False,0.9999202490
25416,83,83,83,False,False,0.9982132912
25430,89,89,89,False,False,0.9163690209
25432,84,84,20,False,False,0.3546369374
25437,77,77,30,False,True,0.0200679637
25438,40,40,40,False,False,0.9970086217
25439,52,47,43,True,True,0.0002051570
25441,25,25,3,False,True,0.0048731766
25442,95,95,95,False,False,0.9800260067
25449,98,98,15,False,True,0.0687437877
25453,88,88,33,False,True,0.0000569316
25455,38,38,17,False,True,0.0003182270
25457,22,22,22,False,False,0.9466758370
25465,43,43,93,False,True,0.0008633616
25475,38,80,14,True,False,0.0036813880
25477,36,65,1,True,True,0.0037864093
25487,44,44,7,False,True,0.0000267229
25494,75,21,75,True,True,0.0003740109
25517,74,29,27,True,True,0.0006848533
25519,56,56,56,False,False,0.8859007955
25522,78,78,30,False,True,0.0005440888
25524,60,60,23,False,True,0.2078110725
25526,55,55,91,False,True,0.0000413503
25536,52,96,59,True,True,0.0224089306
25545,60,15,60,True,True,0.0005866876
25554,54,54,54,False,False,0.9405890703
25559,37,37,37,False,False,0.9808721542
25566,59,56,96,True,False,0.0070243157
25567,11,2,98,True,True,0.0148869697
25576,47,59,96,True,True,0.1507388204
25582,50,6,79,True,True,0.0009171288
25585,30,30,30,False,False,0.9787221551
25587,95,95,95,False,False,0.9509538412
25588,19,19,69,False,True,0.0018302597
25592,31,31,31,False,False,0.9999698400
25593,14,14,14,False,False,0.1925592422
25598,52,52,60,False,True,0.0700605288
25611,47,47,47,False,False,0.9709884524
25612,17,17,33,False,False,0.2759170532
25613,14,14,7,False,True,0.0000000242
25614,5,5,94,False,True,0.0178421475
25621,49,49,49,False,False,0.4692718983
25624,53,53,53,False,False,0.7570280433
25629,59,96,49,True,True,0.1450383365
25638,38,97,27,True,True,0.0000557097
25639,10,1,7,True,True,0.0001110986
25645,48,48,48,False,False,0.9998606443
25657,42,19,42,True,True,0.0000000000
25659,88,64,42,True,True,0.0020922550
25670,21,21,77,False,True,0.0101351673
25674,51,51,51,False,False,0.9925476909
25681,7,7,24,False,True,0.0014110671
25682,31,31,31,False,False,0.9654304981
25684,32,32,67,False,True,0.0000084483
25687,17,17,17,False,False,0.3789618611
25688,89,89,33,False,True,0.0008970093
25696,71,95,95,True,False,0.9571767449
25708,85,58,85,True,True,0.1650941074
25715,69,69,69,False,False,0.9965129495
25719,94,94,94,False,False,0.9734100103
25724,82,82,85,False,True,0.1480083317
25728,77,6,79,True,True,0.0057076002
25731,32,32,73,False,True,0.0021175505
25732,81,33,90,True,True,0.0000000030
25735,58,58,58,False,False,0.9988189340
25738,90,90,90,False,False,0.5951457024
25742,54,62,28,True,False,0.0088541172
25745,35,35,98,False,True,0.0000242513
25760,90,90,90,False,False,0.8843417764
25762,52,52,52,False,False,0.9288377762
25766,60,33,49,True,True,0.0000003815
25779,66,66,66,False,False,0.9999110699
25782,63,48,50,True,True,0.0000000000
25786,96,55,52,True,True,0.0013730457
25794,33,52,33,True,True,0.0005458375
25796,88,88,88,False,False,0.9765638113
25797,73,95,30,True,True,0.0405672565
25801,37,37,33,False,True,0.0732946619
25813,7,24,55,True,True,0.0021521936
25822,49,49,89,False,True,0.1622400284
25829,51,65,65,True,False,0.2065233141
25830,11,11,35,False,True,0.2093118280
25832,79,77,79,True,True,0.0004761394
25836,71,71,23,False,True,0.1456277668
25848,98,46,11,True,True,0.0783107057
25850,80,80,38,False,True,0.0001236508
25851,95,95,30,False,True,0.0215106867
25855,64,64,74,False,True,0.0036733758
25857,81,90,13,True,True,0.0004652474
25861,2,2,46,False,True,0.0049845730
25863,48,48,48,False,False,0.9871212840
25866,48,48,48,False,False,0.6409939528
25871,48,48,48,False,False,0.6281363368
25872,55,3,70,True,True,0.0002767570
25873,52,52,52,False,False,0.3741928637
25877,45,79,51,True,True,0.0000214965
25887,39,39,39,False,False,0.9642745256
25892,66,66,66,False,False,0.9661272764
25894,81,13,45,True,True,0.2673444152
25902,0,57,0,True,True,0.0000017476
25917,44,44,78,False,True,0.1659262180
25918,89,89,90,False,True,0.0032546935
25930,59,52,75,True,True,0.0001742354
25936,66,30,67,True,True,0.0000252953
25941,90,37,19,True,True,0.0002762882
25945,38,55,27,True,True,0.0484820195
25946,50,4,65,True,True,0.0000038056
25947,2,70,44,True,True,0.0000000000
25952,29,29,29,False,False,0.9861984253
25955,52,52,33,False,True,0.2097687274
25994,86,39,86,True,True,0.0009109467
25997,82,82,82,False,False,0.9993283749
26003,36,50,50,True,False,0.4946402013
26009,35,35,35,False,False,0.8338987827
26013,62,70,19,True,True,0.0000007369
26018,69,69,71,False,True,0.0000165115
26026,48,55,89,True,True,0.0036491714
26027,74,55,50,True,True,0.0000618247
26030,1,1,1,False,False,0.9973566532
26044,68,68,68,False,False,0.9595575929
26045,81,40,16,True,True,0.0010027231
26047,76,76,40,False,True,0.1513478905
26048,16,33,84,True,True,0.0000000012
26049,41,86,89,True,True,0.0292657968
26051,2,2,11,False,False,0.1849458367
26057,92,92,62,False,True,0.0003731397
26059,13,13,13,False,False,0.9733603001
26060,8,8,8,False,False,0.9811851382
26063,49,49,76,False,True,0.0183469448
26071,45,50,92,True,True,0.0045677410
26075,63,26,77,True,True,0.0000001296
26076,28,28,40,False,False,0.4592057467
26077,43,43,88,False,True,0.0003583404
26082,14,82,96,True,True,0.0383861214
26087,72,44,93,True,False,0.2983196676
26089,83,32,61,True,True,0.0032132971
26091,26,26,10,False,True,0.0030496754
26095,43,43,80,False,True,0.1222797260
26096,96,52,56,True,True,0.0317738689
26107,99,99,78,False,True,0.0913742930
26114,8,8,8,False,False,0.8876697421
26126,10,63,35,True,True,0.0000504273
26128,58,58,58,False,False,0.9047477841
26145,16,16,16,False,False,0.9995904565
26147,97,66,32,True,True,0.0000002691
26153,56,71,52,True,True,0.0566640683
26158,57,57,57,False,False,0.9963676929
26164,7,7,30,False,True,0.1459001899
26165,46,46,11,False,True,0.2953683734
26168,23,23,23,False,False,0.3359135687
26169,41,41,41,False,False,0.4590040743
26180,6,6,26,False,True,0.0253597815
26184,62,62,62,False,False,0.9914346337
26188,79,6,52,True,True,0.0078381244
26193,65,65,32,False,True,0.1084404960
26195,14,14,46,False,True,0.0287963450
26199,83,83,83,False,False,0.8539488912
26203,47,52,96,True,True,0.1159827113
26207,5,5,5,False,False,0.8056975603
26209,62,62,41,False,True,0.2513065040
26216,8,8,23,False,True,0.0051965858
26225,89,89,85,False,True,0.0008076246
26228,8,8,8,False,False,0.9993054867
26232,31,31,31,False,False,0.9977359772
26234,57,57,85,False,True,0.0240460876
26236,79,79,85,False,True,0.0049047135
26237,78,78,55,False,True,0.0010823318
26250,75,78,93,True,True,0.0004410585
26254,1,1,9,False,True,0.0642381757
26258,45,83,45,True,True,0.0000957672
26261,75,75,69,False,True,0.0241901241
26263,11,11,36,False,True,0.0000000000
26264,72,72,74,False,True,0.0000024521
26268,6,6,62,False,True,0.1298042089
26277,19,88,19,True,True,0.0002293561
26279,91,91,50,False,False,0.0994922221
26288,36,50,64,True,True,0.0018212505
26296,98,98,11,False,True,0.0639532357
26298,10,61,22,True,False,0.1025577486
26301,47,56,47,True,True,0.0000999788
26305,47,33,52,True,True,0.0225438867
26307,78,78,78,False,False,0.4587985873
26315,27,71,67,True,True,0.0000545655
26319,4,21,45,True,True,0.0003836508
26321,25,25,20,False,True,0.0002387232
26323,49,49,49,False,False,0.8209786415
26329,84,84,84,False,False,0.9885857701
26332,55,29,27,True,True,0.0000241454
26333,98,98,30,False,True,0.1074278727
26334,1,1,1,False,False,0.7624334097
26341,25,25,16,False,False,0.4892984331
26342,47,47,47,False,False,0.7562006116
26357,75,75,38,False,True,0.0000000421
26364,17,17,17,False,False,0.7538865805
26367,41,41,41,False,False,0.6714289784
26372,57,57,57,False,False,0.2864263952
26378,70,70,47,False,True,0.0104094166
26383,45,45,98,False,True,0.0000012047
26385,19,19,75,False,True,0.0000634660
26396,88,88,80,False,True,0.0000005832
26404,23,71,73,True,True,0.0299560539
26406,43,43,29,False,True,0.0184817240
26408,88,88,36,False,True,0.0057302876
26410,56,59,59,True,False,0.7385748029
26411,67,67,67,False,False,0.5398148894
26413,80,34,49,True,True,0.0000090719
26415,26,26,45,False,True,0.0525114350
26431,89,89,89,False,False,0.9861917496
26433,88,88,99,False,True,0.0313226022
26438,95,73,95,True,True,0.0019174007
26440,82,82,82,False,False,0.6492287517
26445,74,93,55,True,False,0.0000924037
26450,54,54,32,False,True,0.0097494358
26459,86,86,46,False,True,0.0000041226
26467,80,80,36,False,True,0.0165977236
26470,9,9,9,False,False,0.9892567992
26486,48,48,48,False,False,0.9835906625
26490,44,44,50,False,True,0.0000863543
26493,71,71,79,False,True,0.0002946050
26497,21,21,21,False,False,0.9752192497
26498,21,21,21,False,False,0.7538323998
26505,89,89,89,False,False,0.8959842920
26508,63,36,74,True,True,0.0026497275
26511,69,95,9,True,True,0.0000021495
26512,72,72,64,False,True,0.0102420161
26526,3,3,3,False,False,0.9958077669
26529,8,71,69,True,True,0.0005992654
26538,20,20,20,False,False,0.9999883175
26543,92,92,62,False,True,0.0142065696
26546,24,7,24,True,True,0.0000018156
26557,69,69,40,False,True,0.0073543284
26559,71,23,23,True,False,0.9066982269
26568,23,23,60,False,True,0.1780802757
26572,20,20,5,False,True,0.0002278483
26573,7,79,7,True,True,0.0480480194
26574,26,26,7,False,True,0.0608246215
26577,83,83,83,False,False,0.7358216643
26578,12,85,69,True,True,0.0000006052
26585,89,41,89,True,True,0.0004583211
26588,3,75,3,True,True,0.0000065770
26590,27,93,50,True,True,0.0061831595
26599,54,54,70,False,True,0.0022925399
26614,51,32,78,True,True,0.0165521018
26619,13,13,13,False,False,0.7982230186
26625,64,64,66,False,False,0.1210675761
26626,87,87,87,False,False,0.8040348291
26630,24,24,72,False,True,0.0572897829
26635,8,8,8,False,False,0.9995338917
26636,59,33,55,True,True,0.0003579846
26638,79,79,79,False,False,0.6030775905
26642,47,96,33,True,True,0.1574042290
26645,37,37,37,False,False,0.7806391716
26647,50,50,50,False,False,0.6908458471
26655,50,74,32,True,True,0.0009943801
26657,35,35,2,False,False,0.1757389605
26660,61,61,10,False,True,0.0598121732
26663,60,60,33,False,True,0.2818030119
26665,86,86,86,False,False,0.7002544403
26669,76,76,55,False,True,0.0013760527
26674,43,43,43,False,False,0.7376726866
26675,6,6,6,False,False,0.4935047030
26682,29,29,34,False,True,0.0382247306
26686,78,78,99,False,True,0.0091647767
26690,27,27,93,False,True,0.0000000315
26695,85,85,85,False,False,0.6226571798
26698,85,85,89,False,True,0.0058666593
26703,15,15,44,False,True,0.0361466780
26719,86,86,39,False,True,0.0954869986
26720,12,91,54,True,True,0.0120433280
26721,83,83,83,False,False,0.8385221958
26723,50,50,88,False,True,0.0008784282
26741,24,7,14,True,True,0.0000834324
26747,9,9,58,False,False,0.0332101621
26751,37,17,17,True,False,0.9569419622
26754,69,18,71,True,True,0.0033110362
26756,18,56,18,True,True,0.0008221694
26760,16,16,9,False,True,0.1609009653
26762,52,52,96,False,True,0.0028754428
26765,56,59,56,True,True,0.0049307724
26775,24,7,24,True,True,0.0000134237
26776,62,62,92,False,True,0.0649867505
26778,22,22,61,False,True,0.0029600398
26785,43,43,80,False,True,0.0093473531
26786,76,76,49,False,True,0.0140263038
26793,68,68,68,False,False,0.9385638833
26816,89,89,89,False,False,0.7653895020
26821,61,83,61,True,True,0.0001089797
26825,56,56,56,False,False,0.4639713168
26837,12,12,90,False,True,0.0004097496
26843,42,34,43,True,True,0.0005635998
26846,30,73,71,True,True,0.0046782014
26851,89,89,48,False,True,0.0041748025
26854,29,6,99,True,True,0.0000063044
26859,61,61,61,False,False,0.9777737856
26863,15,15,32,False,True,0.0066547561
26866,77,77,69,False,True,0.1727075279
26868,28,28,28,False,False,0.9263027906
26869,33,96,56,True,True,0.0001910234
26873,97,97,97,False,False,0.7908623815
26886,7,6,99,True,True,0.0015693960
26888,49,49,33,False,True,0.0018277607
26898,14,14,14,False,False,0.4687976539
26899,54,40,69,True,True,0.0000028497
26902,41,41,48,False,True,0.0020419038
26907,86,86,87,False,True,0.2735848725
26911,79,79,24,False,True,0.0250913352
26920,62,54,70,True,True,0.0238341726
26924,72,71,3,True,True,0.0000307286
26926,86,86,86,False,False,0.9994520545
26928,81,81,27,False,True,0.0034021535
26936,79,79,79,False,False,0.8179255128
26942,85,85,85,False,False,0.7857424021
26945,43,43,88,False,True,0.0167783946
26946,62,70,70,True,False,0.9088113904
26948,8,8,8,False,False,0.9822188616
26957,66,66,66,False,False,0.9994959831
26965,82,82,62,False,True,0.0006261409
26974,12,60,12,True,True,0.0046632602
26976,82,82,82,False,False,0.9150694013
26977,59,33,33,True,False,0.7484271526
26980,14,14,14,False,False,0.7700380087
26985,87,11,13,True,True,0.0000000030
26989,86,86,40,False,True,0.0039196960
26991,96,96,52,False,True,0.0077739572
26993,11,46,2,True,True,0.0011525984
26994,71,71,71,False,False,0.9896005988
27000,35,35,35,False,False,0.5865232348
27003,6,54,6,True,True,0.0802599862
27005,68,68,85,False,True,0.1096904278
27011,9,9,9,False,False,0.9994783998
27012,22,22,22,False,False,0.9979202151
27019,4,55,36,True,True,0.0000093095
27022,71,71,23,False,True,0.0036634710
27023,19,19,19,False,False,0.9998043180
27029,12,12,69,False,False,0.1663316935
27032,39,39,39,False,False,0.9914979339
27036,67,74,93,True,True,0.0000007735
27038,56,59,56,True,True,0.0000691997
27040,54,19,70,True,True,0.0000000000
27050,93,93,93,False,False,0.9681960940
27051,7,6,66,True,True,0.0000009797
27056,4,64,4,True,True,0.0096528996
27058,25,25,5,False,True,0.0000562884
27063,82,82,82,False,False,0.9402622581
27067,99,99,99,False,False,0.2945042253
27068,17,17,17,False,False,0.9956687689
27069,56,56,79,False,True,0.1335959733
27074,78,78,78,False,False,0.9694555998
27077,96,52,33,True,False,0.2914977074
27078,95,95,73,False,True,0.0001880071
27084,32,32,32,False,False,0.9010487795
27087,88,88,88,False,False,0.9990888834
27098,49,49,85,False,True,0.0361974724
27099,81,13,13,True,False,0.7257023454
27100,79,79,79,False,False,0.9916437268
27101,68,60,68,True,True,0.0000908716
27111,63,63,74,False,True,0.0000000004
27113,7,7,77,False,True,0.0063483580
27114,81,90,81,True,True,0.0000179695
27115,38,34,34,True,False,0.9974098802
27122,49,49,79,False,True,0.0362204015
27123,41,41,41,False,False,0.9999102354
27132,58,58,58,False,False,0.9612437487
27133,47,96,56,True,True,0.0617690831
27134,8,8,8,False,False,0.9998276234
27140,61,82,61,True,True,0.0000007664
27152,1,1,1,False,False,0.9686183929
27155,13,13,13,False,False,0.9217715859
27156,2,2,2,False,False,0.9999488592
27157,67,1,71,True,True,0.0051698764
27161,32,46,69,True,True,0.0023669349
27163,56,56,56,False,False,0.9681060314
27164,19,19,19,False,False,0.9997064471
27166,54,54,70,False,True,0.1333407909
27173,11,2,2,True,False,0.9996341467
27175,70,70,62,False,True,0.0251317471
27176,17,17,17,False,False,0.9628551602
27179,46,46,46,False,False,0.4485617578
27180,75,80,26,True,True,0.0062229433
27183,67,93,96,True,True,0.0004503855
27201,33,52,33,True,True,0.1444491893
27204,91,91,98,False,True,0.0050348188
27211,21,21,21,False,False,0.7321296930
27212,37,37,37,False,False,0.9531496167
27213,69,69,49,False,True,0.0494232960
27218,13,13,13,False,False,0.9152358770
27226,43,74,43,True,True,0.0000001621
27230,9,9,9,False,False,0.9840658307
27236,13,13,81,False,True,0.2889215052
27243,54,54,54,False,False,0.9973461628
27254,1,1,1,False,False,0.8605708480
27266,28,28,16,False,True,0.0249780901
27267,40,40,55,False,True,0.3178376257
27269,30,30,91,False,False,0.2537514865
27270,3,3,31,False,True,0.1209465265
27275,10,10,10,False,False,0.4964022934
27277,50,50,80,False,True,0.0000259426
27286,27,27,36,False,True,0.0005353357
27288,99,99,99,False,False,0.7919923067
27290,55,80,55,True,True,0.0011679218
27292,29,31,93,True,True,0.0003372474
27301,8,8,22,False,False,0.1757338792
27302,57,53,57,True,True,0.0022190136
27310,60,60,71,False,True,0.0000061027
27311,6,79,6,True,True,0.0002027580
27321,29,66,66,True,False,0.3234004378
27325,20,20,20,False,False,0.9999363422
27329,92,92,62,False,True,0.0112929353
27334,2,2,2,False,False,0.9976266026
27345,8,8,8,False,False,0.9987069368
27351,53,53,53,False,False,0.9999651909
27357,27,27,27,False,False,0.7239432335
27363,3,3,71,False,True,0.0003150034
27364,11,11,2,False,True,0.0000404713
27368,11,11,11,False,False,0.7999321818
27369,6,6,54,False,True,0.0020250897
27371,18,18,7,False,True,0.0183583871
27378,65,65,1,False,True,0.0000003940
27380,67,71,73,True,True,0.0012916405
27381,73,95,73,True,True,0.0146351447
27384,73,73,30,False,True,0.0000085772
27398,98,98,11,False,True,0.0002961814
27400,65,36,43,True,True,0.0001210523
27402,43,43,42,False,False,0.3051905036
27403,70,92,70,True,True,0.0001908805
27415,77,7,77,True,True,0.0008992672
27428,57,57,57,False,False,0.8823186755
27432,2,2,11,False,True,0.0032464885
27436,80,26,21,True,True,0.0000556106
27437,88,88,88,False,False,0.6830421090
27444,46,46,46,False,False,0.9689307213
27452,71,39,23,True,True,0.0000288752
27457,56,52,56,True,True,0.0168953314
27462,84,84,65,False,True,0.0959337726
27463,14,14,43,False,True,0.0000007747
27466,55,37,55,True,True,0.0000010433
27471,60,60,60,False,False,0.6697264314
27473,77,50,18,True,True,0.0055658990
27474,17,17,17,False,False,0.8726159334
27485,1,1,32,False,True,0.0362120792
27486,55,78,93,True,True,0.0099308845
27487,82,82,82,False,False,0.9974168539
27497,22,22,22,False,False,0.9999691248
27499,27,27,58,False,False,0.0607091263
27505,83,83,83,False,False,0.9997417331
27506,63,43,43,True,False,0.5437679291
27508,70,70,70,False,False,0.5961930156
27509,96,52,52,True,False,0.5708658099
27518,54,54,56,False,True,0.0504431129
27521,13,13,13,False,False,0.6949487329
27532,70,62,15,True,True,0.0004856864
27534,21,21,46,False,True,0.0051003038
27540,88,88,88,False,False,0.9621635079
27546,44,29,78,True,True,0.0000394218
27552,61,61,61,False,False,0.9795075059
27561,95,95,95,False,False,0.4429359138
27564,93,93,1,False,True,0.0918096229
27574,91,91,91,False,False,0.6650420427
27575,83,83,83,False,False,0.5462529063
27593,77,7,7,True,False,0.9372720122
27599,68,68,68,False,False,0.5541254878
27610,68,68,68,False,False,0.9756243229
27613,18,80,93,True,True,0.0000121322
27624,78,78,33,False,True,0.0019987405
27629,35,98,11,True,True,0.0001511043
27640,39,39,39,False,False,0.9983012080
27642,67,23,23,True,False,0.5914036632
27646,51,51,19,False,True,0.0052443980
27652,31,31,31,False,False,0.6311643124
27657,58,58,58,False,False,0.3427475691
27660,75,60,75,True,True,0.0003352489
27671,90,13,90,True,True,0.0000240421
27672,39,39,25,False,True,0.0679844916
27680,61,61,61,False,False,0.9991508722
27683,45,45,26,False,True,0.0332286805
27694,74,34,38,True,True,0.0000974049
27697,75,75,67,False,True,0.0107270647
27698,18,7,81,True,True,0.0000002959
27712,7,24,7,True,True,0.2451567501
27713,97,43,31,True,True,0.0000000839
27716,88,33,79,True,True,0.1175253093
27717,28,28,40,False,False,0.2159770876
27721,40,40,69,False,True,0.0162229724
27726,7,7,85,False,True,0.2322773933
27739,43,43,43,False,False,0.9850753546
27745,87,87,87,False,False,0.8304995894
27748,18,54,62,True,True,0.0021564551
27755,69,69,89,False,True,0.2513674796
27763,88,42,90,True,True,0.0298908632
27765,9,9,95,False,True,0.0012680579
27768,56,52,56,True,True,0.1207537353
27771,2,2,2,False,False,0.8253144026
27772,73,95,73,True,True,0.0069896909
27773,33,18,33,True,True,0.0015702740
27776,81,13,16,True,True,0.0017513076
27788,48,48,48,False,False,0.9994857311
27790,94,94,5,False,True,0.0934556499
27795,98,98,46,False,True,0.0041132797
27803,36,3,50,True,True,0.0000010090
27804,38,38,43,False,True,0.0000540781
27808,8,8,8,False,False,0.6033113599
27811,12,12,5,False,True,0.0063231639
27814,56,56,56,False,False,0.9722312093
27817,84,84,5,False,True,0.1477786303
27819,89,33,42,True,True,0.1001796946
27827,92,92,5,False,False,0.1272471994
27833,84,84,94,False,True,0.0078974143
27836,60,49,23,True,True,0.0157225486
27838,69,76,69,True,True,0.0000041767
27841,79,79,10,False,True,0.0000004094
27843,51,70,93,True,True,0.0010418318
27847,22,22,22,False,False,0.9999186993
27858,59,19,96,True,False,0.0745858625
27866,24,24,24,False,False,0.9707667232
27867,40,40,41,False,True,0.1342652887
27871,24,24,24,False,False,0.9999306202
27874,7,7,6,False,True,0.0016961036
27877,69,69,69,False,False,1.0000000000
27878,14,14,6,False,True,0.0507609881
27881,98,55,35,True,True,0.0000066794
27883,32,4,24,True,True,0.0000000000
27891,84,84,39,False,True,0.3643976450
27893,45,26,33,True,True,0.1053948328
27894,72,72,55,False,True,0.0004290214
27896,81,13,13,True,False,0.9094421268
27909,9,9,45,False,True,0.0000055996
27911,22,17,60,True,True,0.0006424639
27930,91,1,46,True,True,0.0000000091
27933,17,17,89,False,True,0.0021221461
27938,92,30,54,True,True,0.0001400599
27944,54,54,54,False,False,0.9800783396
27953,96,70,33,True,True,0.0000013990
27959,2,2,50,False,True,0.0483615510
27970,23,23,23,False,False,0.9593201280
27977,63,74,93,True,True,0.0983509719
27979,52,52,96,False,False,0.2935057878
27983,1,1,1,False,False,0.9904972315
27990,0,0,0,False,False,0.9637463093
27998,97,97,66,False,True,0.0000000460
28002,50,36,50,True,True,0.0004746000
28005,52,33,52,True,True,0.2072893977
28014,8,8,8,False,False,0.8712037802
28019,85,85,85,False,False,0.6915181279
28020,78,99,83,True,True,0.0000000018
28033,92,92,62,False,True,0.0121801095
28041,64,34,75,True,True,0.0000024935
28048,18,54,30,True,True,0.0000278827
28049,83,45,83,True,True,0.0000271235
28052,54,54,54,False,False,0.8685211539
28056,85,85,17,False,False,0.0243168436
28057,21,21,21,False,False,0.9758518338
28061,6,6,78,False,True,0.0005317680
28066,33,23,33,True,True,0.0006441004
28076,38,38,39,False,True,0.0000101415
28087,92,62,62,True,False,0.2973486781
28098,10,10,10,False,False,0.8789967299
28101,82,82,82,False,False,0.9900431633
28103,71,49,66,True,True,0.0619439073
28109,22,22,22,False,False,0.9999983311
28111,7,7,7,False,False,0.8312599063
28113,24,24,24,False,False,0.9916234612
28116,4,55,85,True,True,0.0229446311
28120,16,16,16,False,False,0.9981701374
28122,85,85,33,False,True,0.0005214527
28124,21,21,46,False,True,0.0111341979
28125,1,1,1,False,False,0.9999468327
28137,9,9,9,False,False,0.9986880422
28138,19,19,72,False,True,0.0036003261
28139,4,18,77,True,True,0.0000649293
28150,66,3,80,True,True,0.0267023202
28151,81,90,90,True,False,0.8545844555
28155,73,73,73,False,False,0.3339795470
28157,79,79,79,False,False,0.9983402491
28162,84,84,84,False,False,0.5592221022
28165,41,16,74,True,True,0.0005937252
28175,86,1,89,True,True,0.0000184472
28188,79,79,79,False,False,0.9221693873
28191,71,12,59,True,True,0.0001237765
28197,44,29,88,True,True,0.0000258369
28204,79,79,26,False,True,0.0007177690
28207,77,77,65,False,True,0.0006502536
28218,59,59,52,False,True,0.0063558691
28233,10,40,10,True,True,0.0026046757
28234,69,69,69,False,False,0.9423517585
28239,85,85,85,False,False,0.9292238951
28241,71,71,49,False,True,0.0166724082
28244,22,22,22,False,False,0.4786670208
28250,29,29,44,False,True,0.4057533145
28260,24,24,24,False,False,0.9711554646
28265,82,82,82,False,False,0.9906270504
28266,52,96,96,True,False,0.5988445878
28275,69,69,64,False,True,0.0000009172
28281,11,11,40,False,True,0.0545493253
28284,46,46,98,False,True,0.0119769340
28289,16,89,16,True,True,0.0000000000
28290,84,84,5,False,True,0.0111084133
28295,48,48,48,False,False,0.9894585609
28297,93,78,43,True,True,0.0005068975
28298,76,17,90,True,True,0.0011833644
28305,84,20,84,True,True,0.0166538078
28312,90,90,27,False,True,0.0044621821
28315,15,31,46,True,True,0.0008871218
28319,84,39,84,True,True,0.0000002565
28322,17,17,37,False,True,0.2674208283
28331,13,13,81,False,True,0.0668686852
28334,13,13,13,False,False,0.9869770408
28337,27,27,91,False,True,0.1185361147
28338,27,27,27,False,False,0.6706155539
28339,34,34,34,False,False,0.8496173024
28340,20,20,20,False,False,0.9998180270
28346,47,47,52,False,True,0.3104909956
28353,13,13,81,False,True,0.0063096993
28362,65,25,75,True,True,0.0003927367
28371,97,97,40,False,True,0.1576126963
28373,95,95,30,False,True,0.0471186154
28375,65,65,55,False,True,0.0000000630
28376,72,72,98,False,True,0.0072413632
28385,15,15,15,False,False,0.9329113364
28386,70,70,70,False,False,0.9163569212
28387,99,99,51,False,True,0.0232006609
28390,88,88,65,False,True,0.0070369798
28392,2,2,65,False,True,0.0000106956
28399,6,75,6,True,True,0.0000037998
28403,67,30,67,True,True,0.0310738850
28405,85,85,93,False,True,0.0003304458
28407,6,50,80,True,True,0.0155199589
28410,3,3,89,False,False,0.1808930486
28412,0,0,0,False,False,0.9978569150
28414,24,24,14,False,True,0.0364824496
28417,44,44,27,False,True,0.0001876642
28419,37,37,37,False,False,0.9999449253
28420,30,30,30,False,False,0.9705975652
28422,15,66,42,True,True,0.0000981323
28431,76,76,76,False,False,0.5656837225
28461,86,86,86,False,False,0.8189597726
28463,97,97,78,False,True,0.0002360388
28466,85,85,78,False,True,0.0000043408
28473,3,51,72,True,True,0.0062540472
28475,41,41,41,False,False,0.9998537302
28476,23,95,73,True,False,0.0648336187
28480,31,31,31,False,False,0.8791125417
28491,5,5,5,False,False,0.9967204928
28495,72,4,80,True,True,0.0011405041
28496,15,55,3,True,True,0.0022864130
28497,86,55,86,True,True,0.0000000135
28500,8,8,33,False,True,0.0002896215
28512,89,89,89,False,False,0.9361450672
28517,76,76,76,False,False,0.9656940699
28521,91,91,1,False,True,0.0003016623
28526,59,3,95,True,True,0.1102084741
28530,8,8,68,False,False,0.0003642965
28537,71,23,68,True,True,0.0001510455
28541,13,85,81,True,True,0.0000000009
28561,62,70,62,True,True,0.1537133604
28563,69,52,52,True,False,0.9198620319
28574,50,4,36,True,True,0.0042500473
28575,2,2,2,False,False,0.9948285222
28578,6,6,7,False,False,0.2601530552
28579,77,51,57,True,True,0.0000018608
28585,26,79,70,True,True,0.0038288939
28604,93,93,4,False,True,0.0207489822
28609,47,96,47,True,True,0.0425117612
28612,60,60,33,False,True,0.0392938592
28614,65,26,65,True,True,0.0000000669
28616,57,16,57,True,True,0.0050892523
28619,15,15,75,False,True,0.0041582272
28626,53,53,53,False,False,0.9899006486
28628,4,55,65,True,True,0.0000027427
28634,47,52,96,True,False,0.1852895319
28641,2,2,35,False,True,0.0033381109
28650,42,3,97,True,True,0.0000007013
28651,60,60,60,False,False,0.8218069077
28652,83,83,57,False,True,0.0018225462
28657,67,66,78,True,True,0.0001284250
28658,60,60,60,False,False,0.8805557489
28659,42,42,43,False,True,0.0126918126
28661,84,10,89,True,True,0.0038407384
28667,42,42,43,False,True,0.0520862304
28668,26,26,45,False,True,0.1072989777
28672,34,36,31,True,True,0.0261225924
28674,64,66,98,True,True,0.0000029443
28675,25,20,20,True,False,0.7246062160
28681,91,91,32,False,True,0.1323796958
28685,83,83,83,False,False,0.9437546730
28694,97,97,66,False,True,0.0001549152
28701,17,17,96,False,True,0.0064363726
28703,46,46,35,False,True,0.1510319859
28709,80,80,29,False,True,0.0198716782
28712,62,62,82,False,True,0.0037493315
28718,55,55,3,False,True,0.0000048292
28727,27,51,78,True,True,0.0006122370
28733,39,39,39,False,False,0.9831347466
28737,35,35,11,False,True,0.0060909828
28740,89,89,89,False,False,0.9265995622
28748,10,41,26,True,True,0.0000001109
28749,78,78,99,False,True,0.1899425387
28756,58,58,58,False,False,0.9981842637
28761,92,92,70,False,True,0.0407768749
28769,2,2,2,False,False,0.6554806232
28778,7,24,69,True,True,0.2976810038
28780,12,17,85,True,True,0.0033812486
28784,88,88,88,False,False,0.9868061543
28788,29,29,37,False,True,0.0140766315
28798,87,87,87,False,False,0.7767487168
28803,72,72,67,False,True,0.0000004680
28805,46,46,46,False,False,0.7655608058
28808,70,70,70,False,False,0.8477408290
28816,2,2,70,False,True,0.0000000464
28818,60,60,60,False,False,0.6472299695
28819,13,13,90,False,True,0.0012051625
28829,18,18,18,False,False,0.9361717105
28835,73,73,1,False,False,0.1975803226
28841,21,21,21,False,False,0.9297478199
28844,49,49,95,False,True,0.0019725319
28848,71,71,71,False,False,0.8154665232
28858,17,17,49,False,True,0.0003886804
28869,33,33,33,False,False,0.7817132473
28871,27,27,95,False,True,0.0000021055
28873,50,50,10,False,True,0.0133396769
28881,54,54,70,False,True,0.0338956080
28893,82,82,82,False,False,0.9146046042
28895,14,52,38,True,True,0.0000500331
28897,30,30,95,False,False,0.3740373850
28901,37,37,17,False,True,0.0427833796
28907,69,76,76,True,False,0.7151649594
28908,81,13,90,True,True,0.0174729247
28914,79,79,3,False,True,0.0035507295
28916,60,60,78,False,False,0.1217914447
28924,94,94,94,False,False,0.5183207393
28928,80,50,36,True,True,0.0391370095
28929,90,90,55,False,True,0.0102103185
28931,80,80,33,False,True,0.0000003105
28937,98,98,94,False,True,0.0000001315
28941,63,66,27,True,True,0.0009019512
28943,47,37,59,True,True,0.0468754619
28947,28,10,28,True,True,0.0077635869
28951,85,85,17,False,True,0.0292864479
28955,68,68,68,False,False,0.7042379975
28956,44,60,44,True,True,0.0000075987
28959,27,27,38,False,True,0.0025061783
28977,97,84,66,True,True,0.0000171912
28979,23,71,23,True,True,0.0011440162
28987,80,50,88,True,True,0.0000020034
29002,29,27,25,True,True,0.0000936063
29021,22,22,22,False,False,0.9732600451
29025,53,53,10,False,True,0.1768898368
29030,66,66,55,False,True,0.1597112268
29035,47,47,49,False,True,0.0000384091
29047,41,41,41,False,False,0.5578815937
29048,67,67,93,False,True,0.0027951251
29050,39,39,39,False,False,0.9793588519
29058,79,79,7,False,True,0.0000389306
29059,79,79,14,False,True,0.0023290131
29066,42,42,42,False,False,0.8670533895
29067,65,74,33,True,True,0.0007009752
29068,93,93,95,False,True,0.0000000117
29073,98,98,98,False,False,0.9648888111
29081,31,31,31,False,False,0.9870491624
29087,75,75,63,False,True,0.0099963890
29095,89,89,36,False,True,0.0035131883
29099,10,10,10,False,False,0.5675190687
29102,32,32,40,False,True,0.0002707111
29111,23,72,23,True,True,0.0000000545
29114,3,36,42,True,True,0.0007088491
29115,42,42,88,False,True,0.2285202146
29116,84,66,4,True,True,0.0000003091
29117,68,68,90,False,True,0.0017237086
29122,46,46,46,False,False,0.7789505720
29125,43,43,3,False,True,0.0083808256
29128,23,23,23,False,False,0.9014433026
29131,22,22,22,False,False,0.9995139837
29141,10,10,10,False,False,0.9758000970
29142,86,86,58,False,True,0.0102057103
29144,84,84,20,False,True,0.0001701459
29154,1,1,0,False,True,0.0000096728
29160,39,39,86,False,True,0.0005964353
29164,59,46,85,True,True,0.0126535380
29186,17,17,49,False,True,0.0003067214
29191,10,10,28,False,True,0.0098183602
29200,27,27,64,False,True,0.0011310810
29203,92,62,92,True,True,0.0012956813
29222,7,7,6,False,True,0.0006815719
29230,19,19,19,False,False,0.9995881915
29234,44,44,44,False,False,0.9746324420
29248,84,84,40,False,True,0.0007266829
29251,92,92,92,False,False,0.6940310001
29254,12,12,69,False,True,0.1144996211
29255,17,17,55,False,True,0.2143692076
29256,29,12,56,True,True,0.0121460557
29258,77,77,52,False,True,0.0153586250
29262,43,43,43,False,False,0.9510042667
29263,11,11,45,False,True,0.0006723963
29264,41,41,41,False,False,0.7393712401
29273,60,60,71,False,True,0.0232324954
29288,74,50,80,True,True,0.0394608788
29292,36,36,84,False,True,0.1508074999
29296,17,37,37,True,False,0.5081922412
29309,29,31,67,True,True,0.0000307880
29312,58,58,85,False,True,0.0888186172
29316,12,76,33,True,True,0.0000000000
29319,66,66,72,False,True,0.2609595358
29322,1,32,28,True,True,0.0001293764
29324,62,92,70,True,True,0.0032125581
29326,86,86,8,False,False,0.1738850176
29327,96,96,33,False,True,0.0051682154
29330,21,19,69,True,True,0.0000011464
29332,34,34,34,False,False,0.9769772291
29333,31,31,31,False,False,0.4294839203
29338,24,24,36,False,True,0.0000512947
29344,9,9,1,False,True,0.0017043555
29348,82,82,85,False,True,0.0121353799
29350,49,49,49,False,False,0.9962307811
29353,31,31,21,False,True,0.0013054931
29359,75,75,75,False,False,0.3067629933
29361,72,66,27,True,True,0.0000939600
29363,1,32,85,True,True,0.0497255027
29367,59,59,33,False,True,0.0189447701
29369,26,0,26,True,True,0.0001940039
29375,56,56,54,False,True,0.0119255781
29381,14,14,8,False,False,0.0273533594
29384,46,46,98,False,True,0.3363020420
29391,4,50,42,True,True,0.0001170093
29392,19,43,19,True,True,0.0000000000
29399,0,0,0,False,False,0.9715527296
29405,0,53,0,True,True,0.0832211971
29411,1,1,32,False,True,0.0148239406
29416,13,90,5,True,True,0.1426592469
29420,69,60,79,True,True,0.0000081759
29423,98,98,36,False,True,0.0000001993
29427,70,70,92,False,False,0.0190806631
29433,19,19,19,False,False,0.9565595388
29437,75,80,41,True,True,0.0000059299
29438,15,15,19,False,True,0.2062197775
29439,44,44,32,False,True,0.0006710620
29451,13,13,81,False,True,0.1334487051
29453,67,67,95,False,True,0.1197452843
29461,23,49,23,True,True,0.1433937699
29462,49,49,23,False,True,0.0004958580
29464,96,96,52,False,True,0.1918956488
29469,94,94,94,False,False,0.9989953637
29473,68,23,23,True,False,0.3260616660
29480,67,67,30,False,True,0.0234552845
29485,66,66,55,False,True,0.2348750532
29486,9,9,86,False,True,0.0006062066
29488,89,81,13,True,True,0.0011736010
29494,50,36,50,True,True,0.0383841842
29496,4,36,3,True,True,0.0000533792
29508,69,69,69,False,False,0.9982982278
29510,69,69,69,False,False,0.9188647866
29511,89,89,89,False,False,0.8945139050
29515,90,81,68,True,True,0.0251155477
29517,87,87,37,False,True,0.0141756199
29522,58,58,58,False,False,0.9999941587
29527,75,75,78,False,True,0.0000008374
29540,26,26,26,False,False,0.5922752023
29548,68,68,33,False,True,0.3232898712
29550,8,81,69,True,True,0.0000000333
29552,84,84,84,False,False,0.6107740998
29554,96,96,52,False,True,0.0091206115
29555,19,19,97,False,True,0.0882914141
29558,6,6,62,False,True,0.0148528023
29562,81,90,59,True,False,0.0270409212
29564,54,54,54,False,False,0.9875356555
29565,98,98,98,False,False,0.5676370859
29566,72,44,97,True,True,0.0000003426
29572,26,26,46,False,False,0.0014993930
29574,74,72,36,True,True,0.0718893409
29575,85,85,51,False,True,0.0039907075
29578,21,21,21,False,False,0.9999997616
29581,93,93,85,False,True,0.0218208153
29589,21,21,21,False,False,0.8551997542
29591,20,20,20,False,False,0.9982913136
29600,23,68,23,True,True,0.0038480908
29602,37,37,37,False,False,0.8204594254
29608,24,24,10,False,True,0.0416392945
29613,93,93,71,False,True,0.0688327551
29616,55,55,34,False,True,0.0000116099
29618,17,17,17,False,False,0.9979791045
29622,38,38,38,False,False,0.4613716602
29623,97,49,34,True,True,0.0000000031
29629,2,2,50,False,True,0.0059806146
29636,94,94,94,False,False,0.2832455337
29637,27,59,33,True,True,0.0000309530
29641,22,22,22,False,False,0.9998161197
29649,58,58,58,False,False,0.3063532710
29651,10,61,85,True,True,0.3230968416
29652,46,46,80,False,True,0.1980532855
29653,58,58,58,False,False,0.9986748695
29657,47,47,52,False,False,0.0315291956
29665,69,69,69,False,False,0.9772486091
29674,67,67,73,False,True,0.0011330479
29676,5,5,5,False,False,0.5825516582
29677,40,40,9,False,True,0.0007451120
29679,93,26,93,True,True,0.0014200120
29680,54,54,30,False,True,0.0197703652
29686,39,41,40,True,True,0.0000000000
29697,7,66,7,True,True,0.0038958460
29700,58,58,89,False,True,0.3186016083
29705,92,92,83,False,True,0.2249228060
29707,74,97,80,True,False,0.0177513696
29713,47,59,96,True,False,0.1728480905
29715,99,78,78,True,False,0.7506074309
29720,30,30,30,False,False,0.8064957857
29724,58,58,58,False,False,0.9779940248
29727,61,61,61,False,False,0.4642427862
29732,7,7,7,False,False,0.9606962800
29735,63,74,36,True,True,0.1546511203
29736,78,78,0,False,True,0.0047290106
29740,63,74,51,True,True,0.0001690748
29741,40,40,84,False,True,0.4174360931
29744,77,77,23,False,True,0.0036167349
29746,86,86,86,False,False,0.9986768365
29747,28,28,9,False,False,0.0169234406
29749,82,82,82,False,False,0.9811018109
29755,16,76,9,True,True,0.0058273422
29777,49,23,49,True,True,0.0086746495
29778,5,5,20,False,True,0.0097762616
29784,19,20,50,True,True,0.0272062197
29786,13,13,13,False,False,0.9096835852
29792,60,60,60,False,False,0.9415065646
29799,16,16,16,False,False,0.6645597219
29801,25,25,89,False,True,0.0279307663
29804,59,59,96,False,True,0.1589930952
29816,98,98,35,False,True,0.0002008351
29823,69,69,32,False,True,0.0016493622
29830,38,4,66,True,True,0.0000000000
29833,69,11,71,True,True,0.0003220786
29836,62,82,82,True,False,0.6804141402
29844,91,26,89,True,True,0.0000120755
29855,96,33,56,True,False,0.1473613828
29865,85,85,89,False,True,0.0092852321
29876,94,94,94,False,False,0.8991225362
29879,46,46,46,False,False,0.6187694073
29885,44,26,44,True,True,0.0001953095
29886,25,84,55,True,True,0.0113474214
29887,95,95,95,False,False,0.7243118882
29895,0,0,96,False,True,0.0531926490
29906,51,51,34,False,True,0.0045259423
29909,98,98,35,False,True,0.1545099467
29912,43,43,43,False,False,0.9999842644
29913,36,64,36,True,True,0.0000021948
29916,13,13,20,False,True,0.0000281948
29921,26,26,62,False,True,0.0097019598
29922,60,60,71,False,True,0.0041579939
29928,1,32,1,True,True,0.0031561686
29932,66,66,66,False,False,0.8617390394
29933,90,90,52,False,True,0.0559181571
29935,66,66,55,False,True,0.0000703818
29941,36,36,36,False,False,0.9999918938
29950,22,94,9,True,True,0.0000003188
29951,81,81,5,False,True,0.1611640006
29955,84,84,48,False,True,0.0021116682
29964,79,79,79,False,False,0.9806100130
29968,59,52,56,True,True,0.0369377173
29978,52,59,37,True,True,0.0002693902
29982,12,12,37,False,True,0.3251611590
29984,46,46,30,False,True,0.0028949534
29989,57,57,2,False,True,0.0000031420
29991,92,92,92,False,False,0.8485590816
29995,94,94,37,False,True,0.1401799172
29999,22,22,23,False,True,0.0020227858
30000,39,39,86,False,False,0.3915788829
30007,54,62,54,True,True,0.0001214094
30008,48,48,48,False,False,0.9999332428
30032,87,46,73,True,True,0.0006555703
30033,40,60,37,True,True,0.0000016361
30034,53,53,53,False,False,0.8648854494
30040,35,35,54,False,True,0.0079064425
30043,18,52,77,True,True,0.0000012732
30056,93,93,36,False,True,0.0001488039
30057,97,97,97,False,False,0.4505016208
30060,74,55,7,True,True,0.0000395981
30061,7,7,30,False,True,0.1908798665
30074,88,88,88,False,False,0.6391210556
30078,16,16,16,False,False,0.5686383247
30079,56,52,56,True,True,0.0002279336
30080,70,70,85,False,True,0.0297167283
30083,10,10,28,False,True,0.2575590909
30086,75,72,19,True,True,0.0000007599
30094,58,58,69,False,True,0.0012209901
30096,24,24,7,False,True,0.0784896761
30100,5,5,84,False,True,0.0411186591
30104,62,70,54,True,False,0.3402397335
30106,62,62,62,False,False,0.9209755063
30108,62,62,92,False,True,0.0250255074
30118,1,95,1,True,True,0.0013422777
30126,53,53,53,False,False,0.9831582308
30128,76,76,76,False,False,0.9795494676
30135,80,80,65,False,True,0.0015747891
30136,20,20,20,False,False,0.9999386072
30138,6,6,54,False,True,0.0002746771
30145,56,96,52,True,True,0.0146938832
30146,96,96,52,False,True,0.0880390629
30164,37,37,37,False,False,0.9927173853
30171,7,7,24,False,True,0.0000753203
30184,67,67,30,False,True,0.0005842190
30187,57,53,92,True,True,0.0018130735
30190,58,58,89,False,True,0.1294586211
30204,96,52,71,True,True,0.0824847668
30213,44,44,73,False,True,0.0075682160
30217,17,17,37,False,True,0.0559034757
30222,12,12,37,False,True,0.0000042362
30223,65,65,44,False,False,0.2605741322
30224,9,9,67,False,True,0.1961709559
30229,39,39,39,False,False,0.9999988079
30231,31,31,31,False,False,0.9977763295
30233,47,52,47,True,True,0.0604630783
30235,21,21,21,False,False,0.7029317617
30246,33,32,33,True,True,0.0026207508
30254,22,22,30,False,True,0.0428843200
30255,96,49,52,True,True,0.0014914169
30256,36,36,36,False,False,0.9656688571
30257,23,4,33,True,True,0.0002038152
30260,46,46,32,False,True,0.0696250647
30264,72,29,71,True,True,0.0000000010
30265,7,7,6,False,True,0.0224110205
30270,96,52,33,True,True,0.0382141247
30271,27,27,91,False,True,0.0088452045
30283,23,23,23,False,False,0.8290200830
30304,29,50,1,True,True,0.0287153665
30306,18,18,80,False,True,0.0004540214
30312,50,39,64,True,True,0.0000000006
30319,60,23,23,True,False,0.9941949248
30320,58,58,58,False,False,0.9987731576
30337,40,40,46,False,True,0.1933573484
30338,14,14,6,False,True,0.0020359347
30339,79,1,32,True,True,0.0000004012
30341,68,60,68,True,True,0.1125297993
30346,87,87,87,False,False,0.4229505658
30356,92,79,55,True,True,0.0003388581
30361,46,46,46,False,False,0.9482247829
30382,28,28,40,False,True,0.2596448660
30385,63,40,36,True,True,0.0011839323
30386,15,17,15,True,True,0.0000000022
30392,12,94,17,True,True,0.0000012281
30394,95,67,69,True,True,0.0042816801
30406,77,77,7,False,True,0.0055233319
30408,58,58,58,False,False,0.9921637774
30426,50,93,26,True,True,0.0000615306
30436,20,20,20,False,False,0.9987223744
30441,3,31,66,True,True,0.1765970439
30445,95,95,95,False,False,0.7802595496
30447,87,87,30,False,True,0.2714293897
30448,24,24,24,False,False,1.0000000000
30456,68,68,68,False,False,0.3843415082
30463,95,95,95,False,False,0.9833690524
30466,37,37,28,False,True,0.0000002898
30476,83,83,83,False,False,0.8486349583
30477,75,66,95,True,True,0.0000000002
30483,95,30,95,True,True,0.0000086229
30500,26,91,14,True,True,0.0002585015
30503,13,13,13,False,False,0.3843001723
30514,70,70,70,False,False,0.8018910289
30526,8,8,8,False,False,0.9910933375
30527,94,94,25,False,True,0.0000740933
30535,83,83,83,False,False,0.7814030051
30537,44,44,44,False,False,0.5281210542
30540,53,0,51,True,True,0.2092910856
30542,9,86,16,True,True,0.0002083330
30544,40,41,84,True,True,0.0000217446
30550,84,84,84,False,False,0.9037753940
30557,94,94,94,False,False,0.9976783395
30558,92,92,62,False,True,0.0955558717
30559,32,46,46,True,False,0.8306410909
30563,38,34,38,True,True,0.0000004767
30567,42,60,42,True,True,0.0000000000
30568,55,70,95,True,False,0.0000000002
30578,84,55,1,True,True,0.0000607764
30581,97,97,97,False,False,0.8940274715
30590,64,64,64,False,False,0.9696435928
30614,31,31,31,False,False,0.9403386712
30619,74,50,50,True,False,0.3056361079
30622,91,78,91,True,True,0.2185775042
30625,15,77,55,True,True,0.0001549002
30627,99,78,99,True,True,0.1771793067
30646,44,44,77,False,True,0.0433138944
30651,6,6,82,False,True,0.0076668416
30660,83,0,89,True,True,0.0091818310
30661,65,50,36,True,True,0.0000001563
30667,42,36,60,True,True,0.0000233326
30670,6,7,36,True,True,0.0000511519
30672,78,78,78,False,False,0.9333352447
30673,43,43,36,False,True,0.3443247378
30675,44,44,44,False,False,0.9261631370
30677,81,81,89,False,True,0.0124547062
30678,56,59,59,True,False,0.6186442375
30682,5,20,20,True,False,0.4387953579
30689,36,32,36,True,True,0.0000006163
30692,50,50,80,False,True,0.0000673378
30698,5,5,5,False,False,0.8292307854
30716,80,80,80,False,False,0.6448647976
30717,10,10,10,False,False,0.8532831669
30721,50,4,74,True,True,0.0010258638
30731,0,0,0,False,False,0.9997014403
30752,26,26,55,False,True,0.0097759701
30764,22,22,61,False,True,0.0002660455
30765,74,50,36,True,True,0.0409682021
30775,87,40,86,True,True,0.0001512352
30781,12,13,69,True,True,0.0074312892
30782,23,23,23,False,False,0.9731864333
30783,1,1,82,False,True,0.0009285487
30790,40,40,84,False,True,0.0631085336
30792,37,37,37,False,False,0.7949609756
30803,68,68,52,False,True,0.1445290595
30806,86,69,30,True,True,0.0641650558
30810,83,83,52,False,True,0.0000112910
30811,6,54,6,True,True,0.0000341650
30822,97,97,65,False,True,0.0754818916
30826,49,49,49,False,False,0.9897402525
30839,30,30,73,False,True,0.0937493294
30846,34,34,34,False,False,0.6847999692
30853,4,7,34,True,True,0.0000000019
30857,69,69,69,False,False,0.8176146150
30861,26,26,26,False,False,0.9981250167
30871,78,99,41,True,True,0.0000005443
30873,77,77,77,False,False,0.5305173993
30874,93,93,44,False,True,0.0047531375
30887,71,71,60,False,True,0.3417220712
30889,33,79,77,True,True,0.1654427797
30893,3,3,34,False,True,0.0001814773
30907,28,16,16,True,False,0.3546333015
30911,82,82,82,False,False,0.9877697825
30913,49,49,23,False,True,0.0586960129
30914,44,91,44,True,True,0.0001557197
30916,47,52,47,True,True,0.1250011474
30924,91,1,91,True,True,0.0271301121
30930,39,39,39,False,False,0.9999979734
30935,87,87,87,False,False,0.9994225502
30936,80,80,80,False,False,0.9118935466
30940,39,65,39,True,True,0.0000000000
30941,26,7,78,True,True,0.0083721895
30944,54,92,92,True,False,0.5316357613
30947,19,19,97,False,True,0.0019057486
30949,67,41,50,True,True,0.0000000000
30953,1,62,62,True,False,0.7264445424
30955,96,59,56,True,True,0.0239231437
30956,50,74,69,True,True,0.0000005730
30960,23,85,23,True,True,0.0000055243
30967,13,58,58,True,False,0.9885432720
30972,71,71,71,False,False,0.6277973652
30979,57,57,57,False,False,0.5328936577
30981,55,44,43,True,True,0.0000000155
30986,12,37,60,True,True,0.1942141652
30989,65,32,65,True,True,0.0085830530
30997,54,62,0,True,True,0.0154630458
30998,45,75,59,True,True,0.0000004203
31002,84,84,84,False,False,0.9967771173
31003,49,49,23,False,True,0.1011591405
31004,55,31,36,True,False,0.0040984494
31011,5,5,25,False,True,0.0777393505
31027,54,54,62,False,True,0.0008993098
31028,95,73,5,True,True,0.0000000895
31029,33,96,33,True,True,0.0009732754
31033,16,16,16,False,False,0.9996623993
31038,65,65,50,False,False,0.0001212617
31041,69,73,91,True,True,0.0000273661
31044,68,68,68,False,False,0.6991536617
31048,71,71,71,False,False,0.5702532530
31049,16,16,9,False,True,0.0860384032
31050,71,23,93,True,True,0.0000811721
31064,35,35,35,False,False,0.9866417646
31071,78,78,38,False,True,0.0016632123
31075,10,61,61,True,False,0.9572136402
31100,93,93,46,False,True,0.0001608563
31103,1,1,92,False,True,0.0026206940
31104,12,12,37,False,True,0.0102614425
31106,2,2,2,False,False,0.2728237212
31119,60,60,60,False,False,0.5920102000
31122,58,58,58,False,False,0.9966598749
31133,52,96,52,True,False,0.2195412368
31136,31,31,31,False,False,0.6716246605
31137,47,33,33,True,False,0.9359984398
31138,62,62,62,False,False,0.4988203645
31144,77,77,77,False,False,0.8080269098
31145,26,7,24,True,True,0.0043799165
31146,49,39,49,True,True,0.0000047443
31149,9,57,9,True,True,0.0000000662
31156,6,82,82,True,False,0.9567207694
31164,48,48,48,False,False,0.5198565722
31166,50,50,75,False,True,0.0004980038
31167,23,23,23,False,False,0.3023000360
31171,80,80,80,False,False,0.9852580428
31172,63,36,64,True,True,0.0000000022
31173,79,7,14,True,True,0.0370794274
31174,63,65,46,True,True,0.0008822110
31180,81,81,13,False,True,0.1169652194
31187,15,15,15,False,False,0.7211170197
31189,60,60,60,False,False,0.9878260493
31190,23,23,23,False,False,0.9702657461
31197,20,20,20,False,False,0.9440250993
31198,3,3,3,False,False,0.4881826937
31208,5,5,5,False,False,0.9520081282
31209,8,8,8,False,False,0.5913680792
31211,88,88,59,False,True,0.0049850275
31220,25,25,83,False,True,0.0000304120
31223,22,22,22,False,False,0.9145901203
31225,66,4,26,True,True,0.0000238582
31227,95,32,73,True,True,0.0000002388
31230,8,8,8,False,False,0.6016850471
31231,14,6,6,True,False,0.7024615407
31236,85,85,85,False,False,0.9994099140
31249,82,82,32,False,True,0.0002697313
31257,6,6,77,False,True,0.0000014150
31260,48,48,65,False,True,0.0653868318
31268,2,2,11,False,True,0.0005005325
31274,18,33,56,True,False,0.1406932473
31280,94,94,94,False,False,0.9996805191
31285,29,29,29,False,False,0.5660502911
31286,85,85,17,False,True,0.2507548928
31293,71,71,71,False,False,0.7914299369
31296,54,54,70,False,True,0.0009546233
31297,74,74,80,False,True,0.0000000000
31302,9,9,9,False,False,0.4950400293
31305,17,40,17,True,True,0.0000000003
31309,98,98,46,False,True,0.0004064927
31313,94,94,8,False,False,0.0057487888
31316,89,33,97,True,True,0.0000001219
31319,48,7,65,True,True,0.0001904387
31328,1,31,31,True,False,0.5321506262
31329,23,41,23,True,True,0.0000000413
31348,98,98,98,False,False,0.2729792893
31351,6,6,29,False,True,0.0185980331
31357,86,5,9,True,False,0.0000000001
31361,50,36,50,True,False,0.0053632921
31366,83,98,2,True,True,0.0000002037
31367,64,64,66,False,True,0.0000011757
31368,70,98,52,True,True,0.0001148725
31370,48,41,89,True,True,0.0001058484
31372,18,6,18,True,True,0.0000000000
31374,35,2,35,True,True,0.0000794934
31375,95,73,95,True,True,0.0000397577
31380,31,3,3,True,False,0.4378123879
31382,85,37,58,True,True,0.0000499425
31391,41,41,7,False,True,0.1567909420
31394,52,59,96,True,True,0.0292597637
31400,3,97,5,True,True,0.0000071257
31405,62,55,92,True,True,0.0000000223
31408,88,55,43,True,True,0.0000000372
31429,94,94,94,False,False,0.9990938902
31446,69,69,69,False,False,0.9996464252
31450,68,68,71,False,True,0.0217443295
31453,42,43,43,True,False,0.9999845028
31456,82,82,6,False,True,0.0019541383
31457,46,46,2,False,True,0.0724148527
31458,51,51,85,False,True,0.0398529693
31460,10,40,1,True,True,0.0000667062
31463,9,9,9,False,False,0.9865471125
31473,78,78,78,False,False,0.9985952973
31484,46,46,46,False,False,0.6195425391
31485,51,51,40,False,True,0.0000293924
31490,17,17,49,False,True,0.0083103050
31495,11,11,46,False,True,0.1118807942
31496,74,95,93,True,True,0.0000038912
31497,62,62,6,False,True,0.0112996278
31498,53,53,53,False,False,0.5437287688
31500,64,80,3,True,True,0.0000000001
31505,2,85,2,True,True,0.0000000000
31512,18,18,18,False,False,0.9849543571
31528,8,8,41,False,True,0.1091453582
31530,18,56,14,True,True,0.0000688889
31534,7,7,89,False,True,0.0140391970
31548,28,36,72,True,True,0.0000000003
31550,26,26,89,False,True,0.0013073827
31558,99,99,99,False,False,0.9880554080
31563,85,25,33,True,True,0.0000258131
31572,40,9,89,True,True,0.0009774250
31579,76,69,32,True,True,0.0000018462
31581,16,22,94,True,True,0.0005931588
31587,63,58,76,True,True,0.0019249655
31593,39,39,39,False,False,0.9998358488
31597,86,86,86,False,False,0.9373314977
31601,48,48,48,False,False,0.9984661341
31611,81,13,13,True,False,0.9794234633
31614,51,78,18,True,False,0.0813472494
31625,31,31,19,False,True,0.2653284073
31626,76,76,68,False,True,0.3136260211
31628,17,17,17,False,False,0.9391266704
31631,72,49,97,True,True,0.0272240695
31632,36,36,1,False,True,0.1914640814
31642,73,73,73,False,False,0.7137141824
31650,7,7,7,False,False,0.7553953528
31655,81,49,13,True,True,0.0000286767
31656,66,97,70,True,True,0.0000002256
31660,3,3,43,False,True,0.0006484116
31662,14,14,92,False,True,0.0009377427
31665,98,98,35,False,True,0.1076408327
31666,88,88,43,False,False,0.2822225094
31668,91,36,51,True,True,0.0025050079
31669,5,5,20,False,True,0.0000000292
31671,56,59,47,True,True,0.0124597931
31677,15,15,15,False,False,0.9557775259
31679,23,71,71,True,False,0.4246071577
31682,97,97,32,False,True,0.0000000141
31685,59,52,59,True,True,0.0138039123
31690,19,19,19,False,False,0.9947134852
31694,60,60,33,False,False,0.3714473546
31708,64,38,97,True,True,0.0003840431
31711,29,15,58,True,False,0.0005213109
31716,1,1,3,False,True,0.0237356089
31719,27,27,32,False,False,0.1944279522
31720,57,57,70,False,False,0.3797116578
31724,45,45,66,False,True,0.0081169112
31725,54,54,35,False,True,0.0009474684
31736,18,18,77,False,True,0.0000945362
31738,96,33,52,True,True,0.1721778810
31740,36,50,32,True,True,0.0019387590
31743,42,42,34,False,True,0.2035279721
31748,62,70,62,True,True,0.0000375727
31759,82,82,82,False,False,0.9998807907
31775,82,82,82,False,False,0.9999972582
31777,9,9,9,False,False,0.9993042946
31779,8,8,8,False,False,0.9965485930
31785,20,20,20,False,False,0.9940047860
31791,77,77,77,False,False,0.9896577001
31805,29,51,34,True,True,0.0001083280
31808,80,32,43,True,True,0.0000000547
31813,79,79,7,False,True,0.0000219922
31814,41,41,41,False,False,0.9650303125
31841,83,83,83,False,False,0.9928627610
31851,41,41,85,False,True,0.0866127461
31863,84,84,60,False,True,0.0016587563
31864,34,34,34,False,False,0.9999377728
31865,93,30,95,True,True,0.0000053889
31881,57,53,13,True,True,0.0000019866
31888,24,24,24,False,False,0.9919384122
31901,12,71,76,True,True,0.1435263604
31908,66,36,40,True,True,0.0009228479
31909,53,53,53,False,False,0.7565873861
31913,73,30,95,True,False,0.1559232175
31918,67,91,95,True,True,0.0000000256
31923,23,23,23,False,False,0.9996668100
31931,22,22,22,False,False,0.8354552388
31933,17,76,17,True,True,0.0000000478
31934,36,36,5,False,False,0.0012551355
31940,76,5,55,True,True,0.0008416431
31948,51,11,89,True,True,0.0000868822
31949,77,77,46,False,True,0.0042347466
31955,29,4,38,True,True,0.0000000012
31957,47,60,14,True,False,0.0004983115
31961,18,18,44,False,True,0.0017626737
31975,49,49,49,False,False,0.9901326895
31980,66,64,19,True,True,0.0005341073
31981,9,9,9,False,False,0.9999994040
31986,63,61,61,True,False,0.5500453711
31993,42,43,76,True,True,0.0000420363
31994,44,34,44,True,True,0.0004739176
32000,42,42,88,False,True,0.0003738411
32002,15,15,15,False,False,0.9053160548
32004,99,99,78,False,True,0.0643815175
32009,52,59,52,True,True,0.0976360664
32013,74,67,88,True,False,0.0294855703
32014,38,38,34,False,False,0.3986310661
32023,8,60,60,True,False,0.4732770324
32025,31,31,31,False,False,0.9997504354
32027,46,98,46,True,True,0.0005796169
32032,7,7,7,False,False,0.9621010423
32033,13,13,90,False,False,0.4158317447
32034,75,80,75,True,True,0.0010181713
32035,61,61,61,False,False,0.9352554083
32048,0,83,70,True,True,0.0001357389
32052,15,4,15,True,True,0.0000054471
32055,33,33,33,False,False,0.6434622407
32056,35,11,46,True,True,0.0050198706
32058,45,47,14,True,True,0.0446120910
32064,72,3,81,True,True,0.0000000037
32070,83,83,1,False,True,0.0044494532
32071,27,55,26,True,True,0.0237807874
32078,48,48,48,False,False,0.7484528422
32082,67,67,32,False,True,0.0000333157
32086,36,36,50,False,True,0.0525461622
32088,61,61,61,False,False,0.9953563809
32094,34,46,75,True,True,0.0236454811
32095,60,23,49,True,False,0.2197251916
32100,90,90,55,False,True,0.0005224321
32109,81,12,37,True,True,0.0347857662
32113,92,92,92,False,False,0.6303385496
32135,49,33,60,True,True,0.0023921130
32136,59,33,52,True,True,0.1179092899
32143,8,8,8,False,False,0.9327359200
32144,19,19,41,False,True,0.0156955458
32146,32,46,5,True,False,0.0556534715
32147,56,52,96,True,True,0.0120411180
32150,83,83,57,False,True,0.0237484463
32152,80,80,33,False,True,0.0000054713
32157,70,70,70,False,False,0.8773897886
32187,52,63,60,True,True,0.0000015418
32198,43,43,3,False,True,0.0222351477
32200,17,17,49,False,True,0.0000121417
32203,18,18,18,False,False,0.3562833965
32228,44,44,78,False,True,0.0019293737
32236,90,90,90,False,False,0.8753739595
32241,42,21,46,True,True,0.0302246716
32251,85,17,85,True,True,0.0034423620
32254,12,71,49,True,True,0.0023291258
32271,46,11,46,True,True,0.0172216594
32275,72,18,97,True,True,0.0000725127
32278,23,68,23,True,True,0.0048677456
32279,64,86,37,True,True,0.0000518441
32286,61,55,2,True,True,0.0000000082
32288,58,55,85,True,True,0.0000249898
32293,47,56,56,True,False,0.4344296455
32294,96,85,52,True,True,0.0000367888
32302,99,78,99,True,True,0.1138830483
32305,39,39,39,False,False,0.9621106386
32309,31,31,31,False,False,0.9934031367
32310,9,9,98,False,True,0.0327497758
32324,72,33,15,True,True,0.0001178793
32328,67,55,67,True,True,0.0000030055
32331,4,80,65,True,True,0.0007369459
32334,83,83,83,False,False,0.7181182504
32344,21,21,98,False,True,0.0018987263
32350,42,42,64,False,True,0.0005442090
32351,83,61,22,True,True,0.0068738549
32354,93,93,78,False,True,0.1199589074
32357,17,17,17,False,False,0.7073338032
32360,61,20,53,True,False,0.0000319277
32364,58,58,58,False,False,0.9564561248
32368,82,82,82,False,False,0.9989584684
32372,59,52,33,True,True,0.0072316937
32373,28,28,28,False,False,0.9809385538
32376,82,82,23,False,True,0.0161855984
32380,36,36,64,False,True,0.0345664285
32383,58,58,89,False,True,0.0030622603
32386,49,49,49,False,False,0.9974357486
32393,26,26,93,False,True,0.0907345861
32402,36,36,81,False,True,0.0016694828
32404,0,0,53,False,True,0.0001105808
32405,97,36,88,True,True,0.0016066224
32410,76,76,76,False,False,0.9693956375
32414,63,50,77,True,True,0.0001218722
32421,87,87,20,False,True,0.0030628510
32423,73,16,55,True,True,0.0000000017
32425,83,83,0,False,True,0.0291891545
32426,47,52,85,True,True,0.0223991089
32430,51,21,34,True,True,0.0004603644
32435,79,24,99,True,True,0.0008609134
32438,22,22,22,False,False,0.9998219609
32439,39,39,39,False,False,0.5582102537
32441,40,35,55,True,True,0.0001223864
32451,74,34,52,True,True,0.0437206998
32461,58,69,89,True,True,0.0000011163
32464,57,0,57,True,True,0.0271030180
32474,27,21,50,True,True,0.0000002619
32477,97,34,70,True,True,0.0338883139
32485,65,55,55,True,False,0.7598849535
32486,79,55,79,True,True,0.0000006805
32488,15,55,59,True,True,0.0002616420
32493,53,53,53,False,False,0.9980833530
32498,60,60,60,False,False,0.9340167642
32502,37,37,37,False,False,0.8112739921
32505,22,22,22,False,False,0.9999785423
32508,44,76,6,True,True,0.0000522217
32509,56,56,56,False,False,0.9863739014
32515,10,61,93,True,True,0.0246438570
32519,97,43,43,True,False,0.3899246454
32520,30,73,67,True,True,0.0000507500
32533,51,34,65,True,False,0.1192757487
32545,6,7,60,True,True,0.0009474071
32547,79,79,79,False,False,0.8003447056
32550,57,57,16,False,True,0.0027815553
32556,12,12,12,False,False,0.9857857823
32571,98,98,98,False,False,0.6529582739
32576,86,86,86,False,False,0.9988111258
32579,60,60,68,False,True,0.3377658725
32584,41,41,89,False,True,0.0038743645
32585,65,65,65,False,False,0.4804571569
32590,77,77,77,False,False,0.8183305860
32592,49,49,49,False,False,0.9613899589
32593,34,3,34,True,True,0.0000054115
32595,92,92,50,False,True,0.0000001152
32602,82,82,82,False,False,0.6781002283
32603,40,86,40,True,True,0.0164388772
32604,67,67,32,False,True,0.0973209217
32605,86,86,86,False,False,0.9994120598
32616,14,17,14,True,True,0.0041073682
32619,3,64,3,True,True,0.0252255294
32620,39,39,39,False,False,0.9999883175
32625,81,55,58,True,True,0.0007872506
32634,39,39,49,False,True,0.2237120867
32638,26,54,55,True,True,0.0000002715
32640,50,4,34,True,True,0.0000003764
32642,93,93,91,False,True,0.0972162113
32643,78,78,58,False,True,0.0017275440
32645,47,52,55,True,True,0.0003307936
32648,59,33,52,True,True,0.0372477435
32656,42,42,21,False,True,0.0719424188
32659,9,9,9,False,False,0.5003271699
32666,1,7,1,True,True,0.0000000571
32669,41,4,41,True,True,0.0000000347
32672,20,20,20,False,False,0.9637305737
32673,89,90,13,True,True,0.0000019843
32677,48,48,89,False,True,0.0640611500
32679,35,2,2,True,False,0.5257980227
32685,39,39,25,False,False,0.4455953836
32688,2,35,46,True,True,0.0638007820
32695,93,93,85,False,True,0.0396426395
32700,25,25,25,False,False,0.8376413584
32705,20,20,5,False,True,0.0753243044
32706,61,51,61,True,True,0.0000000810
32710,94,94,94,False,False,0.9860127568
32711,15,15,31,False,False,0.0010571908
32714,0,0,0,False,False,0.9739757776
32720,18,18,18,False,False,0.6710819006
32735,49,23,71,True,True,0.0151598183
32740,68,60,60,True,False,0.9005103707
32745,30,30,30,False,False,0.9961174726
32759,26,26,48,False,True,0.0000000320
32766,40,40,73,False,True,0.0002848674
32774,76,76,68,False,True,0.0004335836
32775,18,18,83,False,True,0.0106348544
32776,92,92,92,False,False,0.8792709708
32777,76,76,76,False,False,0.9998700619
32793,78,40,78,True,True,0.0000209396
32794,86,39,22,True,True,0.0008293089
32795,73,73,73,False,False,0.6822735667
32796,29,29,44,False,True,0.0015135510
32798,38,38,65,False,True,0.0000181673
32802,39,5,68,True,True,0.0012234545
32807,47,47,47,False,False,0.9373881817
32809,73,27,90,True,True,0.0050840504
32818,42,42,88,False,True,0.0496434234
32825,21,36,21,True,True,0.0000000432
32826,0,0,0,False,False,0.9956731200
32836,20,20,5,False,True,0.1278856695
32838,66,66,66,False,False,0.9963524342
32841,50,50,75,False,True,0.0000000347
32848,39,39,84,False,True,0.1236082688
32850,93,93,93,False,False,0.7852982283
32853,47,59,34,True,True,0.0000000056
32854,36,36,3,False,True,0.0180646516
32859,63,63,66,False,False,0.0119070150
32871,50,64,64,True,False,0.8528262377
32875,28,28,52,False,True,0.0802119449
32880,99,78,99,True,True,0.0362408943
32883,54,70,70,True,False,0.1840134263
32888,84,84,86,False,True,0.0000057707
32902,41,49,88,True,True,0.0000075820
32929,86,86,58,False,True,0.0548690036
32931,76,76,76,False,False,0.9957515001
32932,10,28,0,True,True,0.0049192505
32937,73,73,1,False,True,0.0001014307
32941,2,35,38,True,True,0.0002282679
32952,18,99,12,True,True,0.0000025660
32953,64,64,64,False,False,0.8396597505
32957,28,28,94,False,True,0.0200571883
32958,9,61,84,True,True,0.0001052366
32968,72,71,71,True,False,0.7882606387
32969,70,70,70,False,False,0.9995637536
32973,35,35,11,False,True,0.1080364734
32974,48,48,48,False,False,0.9878402352
32976,46,46,36,False,True,0.0000000004
32981,37,37,55,False,False,0.3759384155
32982,75,75,75,False,False,0.3750636876
32989,52,96,52,True,True,0.0087358030
32996,72,77,55,True,True,0.0021626097
33005,78,99,99,True,False,0.8972711563
33008,21,3,21,True,True,0.0023527448
33014,47,52,59,True,True,0.0343761891
33019,69,69,69,False,False,0.6831024289
33026,13,68,68,True,False,0.8298475146
33031,49,32,69,True,True,0.0001019576
33032,77,7,7,True,False,0.2272614688
33033,43,36,50,True,True,0.0001462635
33035,3,66,15,True,True,0.0102070654
33037,55,32,72,True,True,0.0000005419
33047,71,23,71,True,True,0.0301014204
33053,30,30,73,False,True,0.0020909775
33071,1,1,80,False,True,0.0000162100
33081,53,53,53,False,False,0.9752060175
33085,96,52,52,True,False,0.6760334373
33087,99,78,78,True,False,0.5178009868
33091,76,23,64,True,True,0.0000002076
33099,70,92,92,True,False,0.9212262630
33101,86,86,86,False,False,0.5577179193
33103,83,83,83,False,False,0.9752007723
33110,98,98,98,False,False,0.7720131278
33111,6,77,49,True,True,0.0007199371
33113,11,46,11,True,True,0.0003653753
33116,42,38,64,True,True,0.0000596060
33117,23,23,89,False,True,0.0855480358
33118,16,16,5,False,True,0.0278263446
33120,88,88,44,False,True,0.0038743215
33127,72,23,21,True,True,0.0000033308
33132,38,38,38,False,False,0.2000054121
33144,25,25,5,False,True,0.0080643659
33151,70,70,70,False,False,0.4991643727
33153,20,20,20,False,False,0.6491100788
33160,42,42,43,False,True,0.0216805451
33162,84,84,2,False,True,0.0411362462
33170,90,90,37,False,True,0.0295628440
33178,32,32,32,False,False,0.8886461258
33185,18,56,91,True,True,0.0019480683
33186,91,0,78,True,True,0.0002408489
33187,32,46,2,True,True,0.0416000187
33191,50,50,74,False,True,0.0026180886
33192,72,93,73,True,True,0.0003583201
33214,14,77,50,True,True,0.0013568668
33215,36,36,44,False,True,0.0101384474
33221,28,28,10,False,True,0.0770529285
33228,67,67,91,False,True,0.0000546287
33245,60,55,60,True,True,0.0000018819
33248,94,55,94,True,True,0.0000000446
33252,79,75,7,True,True,0.0000629864
33255,89,89,89,False,False,0.9853603244
33257,11,11,11,False,False,0.5812926292
33261,97,34,11,True,True,0.0518469065
33282,77,72,18,True,True,0.0000036443
33284,13,89,81,True,True,0.0019526777
33286,84,5,52,True,True,0.0135503029
33290,85,85,30,False,True,0.0131394854
33296,55,55,71,False,True,0.0096884724
33299,16,9,28,True,True,0.0004130281
33312,4,74,29,True,True,0.0426131897
33318,75,75,36,False,True,0.0060703340
33321,78,78,55,False,False,0.1728502959
33323,81,90,13,True,True,0.0081113959
33326,99,99,99,False,False,0.5871922970
33330,80,34,65,True,True,0.0000018611
33337,38,38,34,False,True,0.1050783843
33339,43,41,43,True,True,0.0000022760
33348,80,80,67,False,True,0.0037027840
33349,29,44,69,True,True,0.0000000048
33350,99,99,99,False,False,0.9858120680
33352,45,61,26,True,True,0.0009561172
33354,31,31,31,False,False,0.9973419309
33357,13,13,13,False,False,0.9999979734
33373,87,39,87,True,True,0.0005637347
33377,60,33,60,True,True,0.0002884370
33383,10,67,28,True,True,0.0002431552
33393,68,68,68,False,False,0.4922765493
33406,54,54,56,False,False,0.0371398479
33408,38,38,34,False,True,0.0073719244
33412,72,66,3,True,True,0.0009143545
33425,42,66,38,True,True,0.0000089896
33429,30,30,95,False,True,0.0020528922
33431,45,75,79,True,True,0.0000020135
33432,18,18,55,False,True,0.0003852358
33438,64,66,73,True,True,0.0001487993
33446,62,62,62,False,False,0.9918775558
33452,12,37,58,True,False,0.2180548310
33460,87,83,1,True,True,0.0409897752
33463,25,25,20,False,True,0.2305690050
33467,32,35,46,True,True,0.0000027177
33470,33,56,33,True,True,0.0018086404
33476,95,67,78,True,False,0.0000260625
33477,82,37,23,True,True,0.0000346937
33478,27,86,85,True,True,0.0000000007
33484,53,61,55,True,True,0.0225448105
33485,13,13,13,False,False,0.5431277752
33492,0,0,57,False,True,0.0015445227
33502,33,37,33,True,True,0.0000098415
33509,91,91,91,False,False,0.6068491936
33511,15,15,15,False,False,0.9980844259
33517,12,85,69,True,True,0.0016732969
33519,79,79,78,False,True,0.0001406048
33521,46,46,98,False,True,0.0019325572
33522,82,82,82,False,False,0.9155941606
33523,84,84,89,False,False,0.0000021499
33532,75,34,36,True,True,0.0000100040
33537,70,70,70,False,False,0.4561965466
33542,14,66,14,True,True,0.0000129958
33545,93,93,93,False,False,0.7572418451
33546,11,11,11,False,False,0.8443391919
33547,9,9,20,False,True,0.0919765085
33551,60,23,82,True,True,0.0015883510
33555,34,97,43,True,True,0.0000199269
33556,93,67,93,True,True,0.0000116388
33558,52,56,52,True,True,0.1027965993
33560,72,7,50,True,True,0.0011662840
33561,5,5,93,False,True,0.0045965561
33572,15,15,21,False,True,0.0145181436
33576,88,88,65,False,True,0.0051593254
33580,63,80,43,True,True,0.0008312361
33586,56,96,79,True,True,0.0014622699
33600,30,95,30,True,True,0.0026421668
33601,1,1,89,False,True,0.0054799174
33606,18,18,3,False,True,0.0594175011
33608,84,84,84,False,False,0.3374052942
33609,8,8,23,False,True,0.0326035917
33624,5,5,5,False,False,0.9953792095
33629,90,90,13,False,True,0.0278790519
33630,37,33,59,True,True,0.0952095166
33632,0,0,0,False,False,0.9998718500
33639,62,62,62,False,False,0.8676047921
33643,91,1,91,True,False,0.4839122593
33648,98,98,46,False,True,0.0000017809
33649,73,73,23,False,True,0.0054376111
33652,12,60,13,True,True,0.0000000000
33654,66,36,66,True,True,0.0248778276
33675,37,67,45,True,True,0.0015446990
33677,20,6,5,True,True,0.0067057167
33681,42,42,88,False,True,0.0013722691
33683,99,99,78,False,True,0.1964623481
33685,59,96,33,True,True,0.0609793179
33686,0,0,53,False,True,0.0000111068
33706,17,17,17,False,False,0.9779776335
33710,9,9,76,False,False,0.3616046309
33715,3,3,43,False,False,0.3667614460
33717,32,98,46,True,True,0.0000975464
33726,58,58,58,False,False,0.9374307990
33731,95,30,50,True,True,0.0000001341
33734,75,65,14,True,True,0.0007461552
33739,58,62,86,True,True,0.0000000000
33746,51,51,51,False,False,0.9971725345
33750,63,21,36,True,True,0.0000250321
33754,46,46,11,False,True,0.0017091997
33759,76,69,17,True,True,0.0001630531
33761,67,37,1,True,True,0.0000000325
33762,17,60,17,True,True,0.0000127125
33774,63,77,91,True,True,0.0000003645
33776,42,42,42,False,False,0.9774486423
33787,41,41,41,False,False,0.7201966047
33790,62,55,54,True,True,0.0000059813
33795,3,11,5,True,True,0.0004451165
33797,63,50,11,True,True,0.0003470023
33809,50,74,50,True,True,0.0000006596
33810,54,54,54,False,False,0.9901787043
33813,33,33,99,False,True,0.1616971642
33815,5,5,5,False,False,0.9118360281
33819,6,6,82,False,False,0.0543513745
33824,55,66,3,True,True,0.0011091999
33828,90,90,90,False,False,0.4197729826
33831,35,35,35,False,False,0.6070132256
33842,51,10,49,True,True,0.0000010799
33843,13,13,37,False,True,0.0007855576
33859,39,39,39,False,False,0.9996745586
33868,64,50,64,True,True,0.0842952132
33871,36,36,66,False,True,0.0385171399
33877,22,22,30,False,True,0.0003435893
33878,2,2,2,False,False,0.9299166799
33884,9,9,9,False,False,0.9986147881
33889,2,2,65,False,True,0.0000160703
33892,31,31,85,False,True,0.0028095483
33901,92,92,62,False,False,0.2326638252
33904,35,35,95,False,True,0.0733542368
33911,51,51,70,False,True,0.1176762134
33913,31,31,31,False,False,0.9991618395
33923,50,50,74,False,True,0.0931421965
33929,79,23,79,True,True,0.0009037493
33931,82,82,82,False,False,0.9792503119
33938,29,29,85,False,True,0.0000001181
33940,77,72,49,True,True,0.0124622444
33941,77,55,77,True,True,0.0000085725
33961,77,77,33,False,True,0.0000022730
33974,96,62,33,True,True,0.0023926892
33975,77,77,55,False,True,0.0005127554
33977,2,2,11,False,True,0.0000907978
33978,66,63,3,True,True,0.0001654978
33979,37,17,17,True,False,0.9999982119
33986,2,2,62,False,True,0.1864461303
33989,72,72,72,False,False,0.9928816557
33993,62,62,14,False,True,0.0117272567
34004,23,60,23,True,True,0.0001441748
34005,33,47,63,True,True,0.0000000105
34009,79,41,65,True,True,0.0000001092
34010,95,73,32,True,True,0.0036506222
34014,43,43,34,False,True,0.0163200554
34015,52,52,52,False,False,0.3233196437
34016,14,62,62,True,False,0.7211768031
34018,56,56,37,False,True,0.0132364798
34019,31,31,74,False,True,0.2943818271
34020,26,45,51,True,True,0.0021299159
34023,18,18,34,False,True,0.0104090879
34024,17,17,37,False,True,0.0289229192
34035,32,32,67,False,True,0.0095721073
34054,12,55,70,True,True,0.0001942157
34058,17,17,17,False,False,0.5955330729
34062,61,61,82,False,True,0.0793072730
34066,24,24,24,False,False,0.9788587689
34074,72,72,4,False,True,0.0084239393
34075,87,87,37,False,True,0.1180226058
34086,15,15,53,False,True,0.0121802427
34087,17,17,85,False,True,0.0823137835
34093,83,83,10,False,True,0.1621064991
34100,60,60,56,False,True,0.0059876661
34110,0,0,0,False,False,0.8451726437
34137,7,7,24,False,True,0.2903335989
34143,0,0,0,False,False,0.9999716282
34147,25,25,37,False,True,0.0380823798
34148,50,36,64,True,True,0.0411314331
34149,9,9,85,False,True,0.0067183981
34151,54,70,62,True,True,0.0356540829
34157,78,78,69,False,True,0.1938689351
34160,39,39,39,False,False,0.9999784231
34173,33,17,33,True,True,0.0001654112
34175,18,18,52,False,True,0.0030044799
34180,9,9,9,False,False,0.9945618510
34183,56,56,62,False,True,0.1166571528
34190,44,91,31,True,True,0.0435080342
34195,86,86,86,False,False,0.9030269384
34199,11,11,11,False,False,0.5794478059
34208,73,67,30,True,True,0.0000001817
34218,83,0,62,True,True,0.0000003118
34219,61,61,61,False,False,0.5602515340
34222,30,30,30,False,False,0.9999887943
34226,14,33,7,True,True,0.0000000906
34236,98,98,98,False,False,0.5319851637
34241,13,13,58,False,True,0.0078666378
34243,36,80,50,True,True,0.0000068032
34254,0,0,0,False,False,0.9953682423
34255,87,4,87,True,False,0.0000000468
34264,41,41,41,False,False,0.5068063140
34266,2,2,2,False,False,0.6958558559
34267,82,82,82,False,False,0.9997654557
34268,90,60,37,True,True,0.0000001814
34273,79,7,59,True,True,0.0112396171
34274,79,14,79,True,True,0.0000526479
34275,14,14,14,False,False,0.7238166332
34283,3,85,4,True,True,0.0000000469
34285,7,7,77,False,True,0.0395047814
34292,41,41,83,False,False,0.2043278813
34297,57,14,61,True,True,0.0000293310
34310,83,83,83,False,False,0.7737653255
34316,74,36,50,True,True,0.0001702679
34323,6,24,59,True,True,0.0261945538
34324,78,78,78,False,False,0.8946105242
34335,89,26,89,True,False,0.0005147700
34336,20,20,20,False,False,0.9809479713
34338,52,68,56,True,True,0.3059673607
34339,68,68,33,False,True,0.1579351276
34340,82,82,7,False,True,0.2572227120
34348,79,14,79,True,False,0.0539495088
34352,39,13,69,True,True,0.0000000543
34354,8,8,33,False,False,0.3089701235
34362,83,92,83,True,True,0.0000014394
34366,96,52,59,True,True,0.0245660171
34380,62,70,54,True,True,0.0003490709
34395,39,39,39,False,False,0.9999986887
34396,45,36,32,True,True,0.0000576680
34397,48,36,93,True,True,0.0000000345
34398,81,13,90,True,True,0.0033989858
34399,54,7,70,True,True,0.0000816296
34406,7,7,32,False,True,0.0788964182
34427,70,70,54,False,True,0.3715342879
34428,73,95,73,True,True,0.0006251679
34429,57,57,57,False,False,0.9926030040
34430,88,31,88,True,True,0.0000000121
34433,4,36,43,True,True,0.0025438841
34434,48,41,48,True,True,0.0000134520
34439,17,17,85,False,True,0.0744866952
34442,63,42,42,True,False,0.9921596646
34446,49,49,33,False,False,0.3592299819
34462,94,94,94,False,False,0.9993023872
34465,32,32,85,False,True,0.1178118959
34467,94,94,94,False,False,0.9984453321
34489,87,98,55,True,True,0.0660792291
34496,36,34,36,True,True,0.0000614764
34501,39,39,69,False,True,0.0069701602
34503,96,52,52,True,False,0.6419959068
34505,73,73,95,False,True,0.0840647519
34506,33,33,33,False,False,0.5473496318
34513,93,93,1,False,True,0.0019123092
34514,81,81,90,False,True,0.0025007119
34520,83,83,83,False,False,0.9864072800
34523,79,79,69,False,True,0.0000616570
34533,42,42,60,False,True,0.0000104773
34535,15,77,76,True,True,0.0000000096
34545,29,44,55,True,True,0.0000000003
34546,16,16,16,False,False,0.8570903540
34548,96,56,33,True,False,0.3347719908
34554,92,92,92,False,False,0.9962906837
34569,33,5,33,True,True,0.0000217197
34572,45,26,88,True,False,0.0243146811
34581,53,53,21,False,True,0.0000025671
34593,74,74,4,False,True,0.0000025806
34595,44,44,79,False,True,0.0002115033
34599,35,2,2,True,False,0.5581472516
34607,63,36,17,True,True,0.0011125293
34609,97,43,66,True,True,0.0000000004
34613,99,99,39,False,True,0.0119105391
34622,61,61,10,False,True,0.0192454029
34627,48,41,89,True,True,0.0001532726
34640,26,40,93,True,True,0.0000000000
34644,8,8,78,False,True,0.0458118394
34649,70,70,70,False,False,0.9726209044
34659,57,57,57,False,False,0.9037471414
34668,74,50,34,True,False,0.1747102141
34670,16,16,9,False,True,0.0000372001
34672,45,45,79,False,True,0.0010978845
34677,42,42,80,False,True,0.3055442572
34683,57,47,83,True,True,0.0000000002
34685,48,48,41,False,True,0.1574162096
34688,15,15,77,False,True,0.0044680811
34691,70,70,62,False,True,0.0446241945
34700,14,14,14,False,False,0.9011567831
34701,14,14,6,False,True,0.0078327255
34705,97,97,34,False,True,0.1141835004
34706,41,41,74,False,True,0.0035028409
34712,9,9,86,False,True,0.0612455718
34714,99,18,85,True,True,0.0002709044
34716,96,52,52,True,False,0.7809342146
34725,89,41,89,True,True,0.0000000409
34729,55,4,15,True,True,0.0090174386
34734,93,93,73,False,True,0.0000067048
34737,37,37,52,False,True,0.0025860225
34747,51,51,45,False,True,0.0012217920
34752,92,62,62,True,False,0.3218600750
34757,34,62,1,True,True,0.0000227044
34759,17,70,17,True,True,0.0000024941
34760,42,64,42,True,True,0.0001543055
34762,85,85,27,False,True,0.0595045760
34763,35,35,46,False,True,0.0000788078
34767,24,24,98,False,True,0.0000169760
34768,6,7,6,True,True,0.0000015887
34769,73,95,55,True,True,0.0535356551
34771,30,72,33,True,True,0.0128773181
34774,75,67,21,True,True,0.0002517478
34779,59,33,56,True,True,0.0007279451
34780,71,71,71,False,False,0.8281329870
34787,66,66,66,False,False,0.9919984937
34790,71,60,71,True,True,0.0003875252
34796,6,6,14,False,True,0.0583091490
34797,20,20,25,False,True,0.2590078712
34798,21,21,44,False,True,0.0200229529
34802,30,95,30,True,True,0.0126505932
34806,18,23,59,True,True,0.0000002501
34814,2,2,84,False,True,0.0000036025
34818,61,61,61,False,False,0.9633257389
34821,29,29,19,False,True,0.0061623575
34830,60,60,60,False,False,0.4669197202
34834,45,52,49,True,True,0.0000385809
34845,43,43,43,False,False,0.9999998808
34846,99,99,78,False,True,0.0551219396
34858,53,53,85,False,True,0.1374875903
34861,48,48,48,False,False,0.5252318978
34864,84,84,20,False,True,0.0000975733
34868,17,17,17,False,False,0.9942697287
34871,0,89,83,True,True,0.0000000000
34872,6,65,49,True,True,0.0000000358
34873,22,40,2,True,True,0.0000017009
34880,19,19,37,False,True,0.0994591415
34886,16,16,16,False,False,0.5395839214
34889,18,73,85,True,True,0.0001185971
34893,87,94,13,True,False,0.0249991603
34896,39,39,93,False,True,0.0001998474
34900,11,2,46,True,True,0.0028087751
34903,48,41,62,True,True,0.0062972242
34905,68,68,68,False,False,0.6400666237
34907,69,76,69,True,False,0.3338792622
34909,99,99,32,False,True,0.0000091590
34910,54,85,54,True,True,0.0000773940
34913,13,89,58,True,True,0.0000000046
34917,23,23,67,False,False,0.1887458116
34922,15,15,64,False,True,0.0000063225
34929,69,69,69,False,False,0.9935963154
34937,61,22,1,True,True,0.0093617328
34965,37,17,37,True,True,0.0174296089
34967,35,35,46,False,True,0.0005635389
34972,58,58,58,False,False,0.4251562655
34976,90,55,90,True,True,0.0000000465
34978,25,55,89,True,True,0.0067259264
34987,29,36,29,True,True,0.0000000032
34988,95,21,95,True,True,0.0000210679
34996,13,58,58,True,False,0.8975459337
35002,31,31,46,False,True,0.0120101254
35007,65,65,65,False,False,0.7057108283
35018,20,84,40,True,True,0.0249262936
35027,25,46,69,True,True,0.0047588493
35028,4,63,65,True,True,0.0142520880
35029,92,92,47,False,True,0.0183422510
35032,13,13,13,False,False,0.2602205575
35034,41,79,8,True,True,0.0000151965
35045,77,93,2,True,True,0.0000020349
35053,74,50,49,True,True,0.0000006204
35054,66,66,36,False,True,0.0000018539
35055,66,74,65,True,True,0.0003276056
35059,93,95,1,True,False,0.0083626090
35068,72,3,80,True,True,0.0000000050
35069,22,22,29,False,True,0.0011588861
35075,98,98,45,False,True,0.0000260016
35076,26,78,55,True,True,0.0000000337
35080,78,78,78,False,False,0.9698947668
35082,91,32,26,True,True,0.0000436739
35087,5,5,5,False,False,0.8869438171
35090,86,86,86,False,False,0.4215329587
35091,58,58,94,False,True,0.0002358517
35097,81,13,89,True,True,0.1364163756
35102,81,13,58,True,True,0.0597007982
35108,27,68,80,True,True,0.0097714113
35109,98,46,46,True,False,0.9896335602
35111,16,61,61,True,False,0.9958670139
35112,87,87,94,False,True,0.0828303918
35118,53,53,55,False,True,0.0546310283
35126,93,93,73,False,True,0.1769786328
35127,19,19,19,False,False,0.7539677024
35140,91,32,46,True,True,0.0000000449
35143,93,93,1,False,True,0.3572818935
35150,84,84,84,False,False,0.4975168705
35161,43,19,4,True,True,0.0024692675
35163,25,3,60,True,True,0.0002019944
35167,92,70,67,True,True,0.0000643626
35178,95,30,95,True,True,0.0004694043
35197,33,33,56,False,True,0.2571702600
35203,93,72,70,True,True,0.0008414590
35204,0,53,53,True,False,0.8139169216
35206,48,48,48,False,False,0.9649935365
35216,6,6,6,False,False,0.9918246865
35218,71,49,49,True,False,0.5536064506
35238,8,8,46,False,True,0.0146541493
35243,45,32,6,True,True,0.1493613869
35244,39,39,39,False,False,0.9979764819
35254,66,41,66,True,True,0.0000000000
35257,91,1,91,True,True,0.0003951479
35258,79,96,69,True,False,0.2357608974
35263,52,52,33,False,False,0.3308672309
35265,73,73,95,False,False,0.1968800277
35266,53,53,53,False,False,0.9537445903
35270,61,61,61,False,False,0.7543903589
35273,23,60,55,True,True,0.0007104324
35277,93,95,93,True,True,0.0000137035
35281,76,76,76,False,False,0.9657591581
35282,37,17,17,True,False,0.9199081063
35285,82,82,82,False,False,0.5259311199
35288,63,66,93,True,True,0.0001801156
35291,73,72,95,True,True,0.0000014835
35305,56,37,17,True,True,0.0240620561
35309,86,86,22,False,True,0.0893002748
35314,25,36,30,True,True,0.0000031955
35316,96,60,59,True,True,0.0388707742
35318,24,24,79,False,True,0.2511487305
35319,27,95,68,True,True,0.0011884636
35320,16,16,25,False,True,0.0265836418
35321,77,51,64,True,True,0.0077915061
35332,14,14,1,False,True,0.1261958182
35343,69,69,40,False,True,0.0033784057
35347,57,74,3,True,True,0.0000015267
35348,61,61,22,False,True,0.1607827991
35349,92,92,82,False,False,0.0421682000
35357,41,41,41,False,False,0.9999250174
35358,85,85,85,False,False,0.9941253662
35362,27,27,91,False,True,0.2308092713
35370,44,44,29,False,True,0.0067430111
35375,42,74,43,True,True,0.0157270990
35376,80,50,7,True,True,0.0000218113
35383,45,77,26,True,True,0.0000000086
35384,20,20,20,False,False,0.9996434450
35386,76,23,71,True,True,0.0044389940
35399,7,24,7,True,True,0.0019518759
35410,9,9,9,False,False,0.9964004755
35414,58,58,58,False,False,0.9982004166
35416,17,17,17,False,False,0.7368751168
35419,80,80,55,False,True,0.0001959295
35437,69,69,76,False,True,0.0001339961
35439,47,52,96,True,True,0.0978594348
35442,18,56,18,True,True,0.0000019111
35444,94,94,94,False,False,0.4405186772
35449,35,35,21,False,True,0.1838075221
35458,14,14,1,False,True,0.0903675556
35461,60,60,60,False,False,0.9225237370
35464,11,11,11,False,False,0.6227325797
35465,9,9,9,False,False,0.9999898672
35477,19,31,3,True,True,0.0092048384
35478,27,77,32,True,True,0.0000000113
35479,53,53,53,False,False,0.9999858141
35481,48,48,49,False,True,0.0591194928
35482,88,88,41,False,True,0.1738021970
35485,23,23,23,False,False,0.8892168999
35496,40,85,40,True,True,0.0000019057
35498,7,43,18,True,True,0.0000000083
35501,59,59,56,False,True,0.0103712277
35507,89,89,89,False,False,0.4998370409
35516,12,12,12,False,False,0.9815731049
35518,49,49,49,False,False,0.9995481372
35530,50,64,97,True,False,0.0170133729
35532,13,13,90,False,True,0.0009702942
35536,83,83,55,False,True,0.4208165109
35541,99,78,79,True,True,0.0601054914
35544,6,82,6,True,True,0.0073672445
35545,5,5,25,False,True,0.0053227339
35559,93,93,26,False,True,0.0040263585
35562,87,87,84,False,True,0.0000115246
35564,71,71,71,False,False,0.8614510894
35567,30,73,91,True,True,0.0030935016
35570,84,20,68,True,True,0.0002693942
35571,24,7,24,True,True,0.0043556858
35573,36,36,1,False,True,0.0334301367
35576,4,80,3,True,True,0.0000003500
35578,60,60,60,False,False,0.9711884260
35579,56,59,52,True,True,0.0160077792
35582,74,67,67,True,False,0.5254746675
35591,63,3,51,True,True,0.0000110376
35598,79,79,7,False,True,0.0011028085
35603,77,77,50,False,True,0.0000644026
35605,78,78,78,False,False,0.9178003669
35606,42,42,42,False,False,0.9993246794
35613,6,18,6,True,False,0.0073705190
35615,49,49,60,False,True,0.0345078930
35629,44,44,36,False,True,0.0002678738
35634,39,39,39,False,False,0.9747890830
35639,37,37,37,False,False,0.4125683308
35644,44,79,24,True,True,0.0000197115
35646,75,19,41,True,True,0.0000024448
35648,81,13,81,True,True,0.0864949599
35649,4,4,72,False,True,0.0000202291
35651,18,91,60,True,True,0.0000000698
35653,0,0,0,False,False,0.6895830035
35656,40,58,86,True,True,0.0003825078
35667,5,84,25,True,True,0.0031468491
35673,24,24,24,False,False,0.9694982767
35674,22,22,22,False,False,0.9440021515
35675,34,88,34,True,True,0.0003207994
35687,31,31,31,False,False,0.9203810692
35694,46,46,28,False,True,0.0332749709
35695,8,8,8,False,False,0.9738362432
35703,22,22,61,False,True,0.0000257695
35709,51,51,88,False,False,0.0099955751
35710,1,32,1,True,True,0.0000105674
35712,52,52,52,False,False,0.5817493200
35714,26,26,41,False,True,0.0001626029
35717,27,63,72,True,True,0.0004983385
35718,72,67,91,True,True,0.0035353871
35719,89,82,89,True,True,0.0000000001
35732,22,22,22,False,False,0.9998919964
35733,65,65,80,False,False,0.1264602393
35741,87,87,87,False,False,0.9845951796
35745,16,16,16,False,False,0.4759925008
35749,67,67,1,False,True,0.1256328523
35750,84,84,84,False,False,0.9255110025
35751,47,33,56,True,True,0.0030815282
35754,36,36,3,False,True,0.0001489995
35756,69,69,76,False,True,0.2585110366
35764,42,42,36,False,True,0.0000087845
35769,11,11,46,False,True,0.0007711162
35772,39,89,5,True,True,0.0000000183
35777,39,39,39,False,False,0.9999902248
35778,98,98,98,False,False,0.5948997736
35782,43,43,42,False,True,0.0266354196
35796,70,54,54,True,False,0.9997555614
35798,16,16,16,False,False,0.5242110491
35799,3,3,21,False,True,0.3529070020
35800,6,54,54,True,False,0.7220060825
35801,2,2,2,False,False,0.9968344569
35805,43,43,43,False,False,0.7309206724
35808,24,24,5,False,True,0.0916672647
35818,78,77,58,True,True,0.0000005160
35823,47,33,52,True,True,0.0180725586
35830,76,17,76,True,True,0.0001465196
35833,51,51,51,False,False,0.8806167245
35835,3,3,66,False,True,0.2078884840
35845,57,57,57,False,False,0.9862521291
35846,40,40,61,False,True,0.0025728741
35848,96,96,52,False,True,0.2321733683
35860,92,70,14,True,True,0.0848683789
35865,99,99,78,False,True,0.0039965110
35867,49,49,49,False,False,0.9985588193
35871,80,78,72,True,True,0.0000228170
35873,11,35,98,True,True,0.0004966757
35875,90,90,90,False,False,0.4808657467
35886,2,2,50,False,True,0.0000209428
35890,45,45,45,False,False,0.9866954088
35891,50,34,67,True,True,0.0005105774
35894,29,96,49,True,True,0.0000374721
35895,28,28,28,False,False,0.9824368954
35897,66,66,52,False,True,0.0000642465
35898,61,61,52,False,True,0.0017990611
35908,0,0,0,False,False,0.9989345670
35911,49,49,12,False,True,0.0025062356
35915,49,49,49,False,False,0.9950659275
35925,51,92,33,True,True,0.0079501392
35926,22,22,99,False,True,0.0612100884
35928,58,58,55,False,True,0.1764077097
35930,52,52,96,False,True,0.1605128050
35943,15,15,30,False,True,0.0328879356
35944,78,99,99,True,False,0.8325284123
35953,45,45,91,False,True,0.0000654825
35955,17,17,17,False,False,0.9656733274
35970,97,97,3,False,True,0.0062728217
35974,52,52,52,False,False,0.9841629267
35975,31,31,31,False,False,0.9999012947
35986,50,50,50,False,False,0.5463594794
35987,79,79,79,False,False,0.9333488345
35988,48,48,89,False,True,0.0240409058
35996,45,41,66,True,True,0.0008237926
36011,19,33,49,True,True,0.0006779594
36023,10,61,61,True,False,0.8561491966
36025,53,53,53,False,False,0.9952650070
36027,77,77,86,False,True,0.0001275497
36029,74,72,43,True,False,0.0193226151
36038,15,15,15,False,False,0.8512666225
36039,20,20,86,False,True,0.3254317343
36040,69,49,13,True,True,0.0016532360
36041,23,49,23,True,True,0.0004312595
36047,74,50,66,True,True,0.0688382238
36058,11,11,11,False,False,0.6539129019
36069,22,22,1,False,True,0.2005117238
36072,87,87,22,False,True,0.0414264277
36075,83,83,83,False,False,0.7859977484
36079,74,65,19,True,True,0.0000166206
36081,28,28,28,False,False,0.6326117516
36094,32,32,92,False,True,0.0006802049
36106,72,30,57,True,False,0.0017354516
36107,90,90,90,False,False,0.6427139044
36108,33,68,96,True,True,0.0439338461
36112,63,36,64,True,True,0.0000045505
36115,75,3,91,True,True,0.0003049769
36116,29,29,38,False,True,0.0735600367
36121,98,46,46,True,False,0.9908351898
36124,4,3,31,True,False,0.0183486827
36127,32,45,77,True,True,0.0000036711
36130,79,18,59,True,True,0.0040047718
36132,94,94,5,False,True,0.1714705825
36133,87,87,94,False,True,0.0076964144
36134,19,19,19,False,False,0.7538531423
36139,13,13,58,False,True,0.1530821025
36140,15,15,15,False,False,0.9999982119
36147,55,73,32,True,True,0.0426866971
36152,18,18,69,False,True,0.0051739663
36162,36,74,77,True,True,0.0000003262
36164,25,25,5,False,True,0.0100001087
36176,76,37,6,True,True,0.0000014512
36177,34,97,97,True,False,0.4422407448
36178,47,59,52,True,True,0.0011585929
36188,8,8,8,False,False,0.9999991655
36191,98,98,98,False,False,0.5936715603
36202,42,42,31,False,False,0.1448547393
36211,44,44,50,False,True,0.0022078401
36229,96,33,96,True,True,0.1433554888
36233,64,50,36,True,True,0.0000317683
36234,57,57,57,False,False,0.9996770620
36235,49,95,23,True,True,0.0364912562
36239,71,49,71,True,True,0.0000048191
36242,84,39,25,True,True,0.0000000190
36248,65,34,38,True,False,0.0058892248
36256,57,52,57,True,False,0.3411186039
36260,96,33,33,True,False,0.5960726142
36262,92,82,82,True,False,0.8684759140
36264,12,23,25,True,True,0.0000250807
36267,6,6,14,False,True,0.0000300608
36271,84,84,37,False,True,0.0478104502
36272,82,82,82,False,False,0.9999554157
36273,15,15,20,False,True,0.0362511873
36288,86,86,39,False,False,0.1990795285
36293,30,30,95,False,True,0.1717793643
36296,81,90,89,True,True,0.1163148433
36311,73,73,73,False,False,0.9840006828
36313,10,51,78,True,True,0.0000112061
36316,25,7,25,True,True,0.0000090544
36318,94,17,94,True,False,0.0000526452
36323,0,0,30,False,True,0.1967584640
36326,91,93,44,True,True,0.0010406307
36329,82,82,82,False,False,0.9850326777
36330,34,64,64,True,False,0.7888439894
36341,33,71,52,True,True,0.0002891566
36343,97,97,97,False,False,0.9977023005
36352,17,49,17,True,True,0.0187399499
36360,12,71,17,True,True,0.0023744113
36362,42,34,34,True,False,0.8355210423
36363,89,89,89,False,False,0.9996029735
36391,0,0,0,False,False,0.9825480580
36392,12,49,52,True,True,0.0000000001
36398,25,25,2,False,True,0.0026298817
36399,1,95,1,True,True,0.0000017228
36411,88,88,88,False,False,0.9999976158
36413,31,31,31,False,False,0.9992770553
36417,94,94,94,False,False,0.9520207644
36420,7,66,44,True,True,0.0000121026
36446,41,41,41,False,False,0.9953645468
36454,25,25,25,False,False,0.8697991967
36455,64,88,67,True,True,0.0007290161
36462,28,28,28,False,False,0.9988227487
36463,3,3,64,False,True,0.0000093114
36473,45,99,18,True,True,0.0001005979
36478,57,57,57,False,False,0.8200126290
36480,35,11,2,True,True,0.0219640639
36483,53,53,53,False,False,0.9996410608
36485,97,97,21,False,True,0.0305540860
36489,22,22,30,False,True,0.0229008291
36494,58,58,58,False,False,0.9999152422
36499,19,19,65,False,True,0.0000000934
36506,75,75,75,False,False,0.7048237920
36520,82,82,82,False,False,0.9999973774
36521,99,99,99,False,False,0.9869264364
36523,49,49,49,False,False,0.5442195535
36526,52,52,37,False,True,0.0991436094
36528,10,28,84,True,True,0.0001263442
36530,48,48,48,False,False,0.9921327233
36533,2,2,46,False,False,0.4274682403
36538,33,33,25,False,True,0.0004934942
36539,95,95,95,False,False,0.7592723370
36540,71,49,95,True,True,0.0247398019
36550,77,77,55,False,True,0.0328707881
36552,60,60,60,False,False,0.4602571428
36554,66,66,21,False,True,0.0338205807
36556,3,3,72,False,True,0.0000001457
36557,20,20,20,False,False,0.5343103409
36564,30,71,73,True,True,0.0000054276
36566,25,25,25,False,False,0.8477785587
36567,68,68,49,False,False,0.3112024367
36569,1,1,32,False,True,0.0358153395
36574,60,60,60,False,False,0.9887689352
36579,38,97,38,True,True,0.0000002502
36581,39,39,39,False,False,0.9620687962
36589,3,3,3,False,False,0.9862486720
36603,26,26,69,False,True,0.0454594456
36613,44,93,44,True,True,0.0420846827
36620,62,70,62,True,True,0.0009269692
36624,78,78,78,False,False,0.9994783998
36627,2,2,50,False,True,0.0002706781
36628,70,70,53,False,True,0.0121274348
36630,74,65,55,True,False,0.0374068916
36640,32,14,55,True,True,0.0149008799
36659,62,62,70,False,False,0.3355231881
36663,7,7,86,False,True,0.0000654596
36664,69,76,0,True,True,0.0003989527
36674,93,93,67,False,True,0.0013000228
36679,54,10,54,True,True,0.0034912599
36696,73,71,55,True,False,0.0482458472
36698,46,46,46,False,False,0.8671414852
36703,68,68,68,False,False,0.9651022553
36708,67,95,30,True,True,0.0001212419
36714,16,16,16,False,False,0.9737958908
36720,89,33,89,True,True,0.0000411855
36724,81,81,13,False,True,0.0503115207
36725,92,92,0,False,False,0.3663575351
36726,64,36,89,True,True,0.0000392552
36730,47,52,52,True,False,0.3788945079
36750,29,89,24,True,True,0.0000000000
36753,4,89,33,True,True,0.0005851100
36757,95,95,73,False,True,0.0297712702
36759,47,96,52,True,True,0.0596605204
36765,29,29,29,False,False,0.9910334945
36767,11,11,11,False,False,0.9989972711
36775,27,27,74,False,True,0.0000260491
36776,65,33,33,True,False,0.1507212073
36779,93,93,51,False,True,0.0235566348
36781,1,1,1,False,False,0.6552522182
36788,80,80,80,False,False,0.8003329039
36791,18,1,4,True,True,0.0000624470
36796,61,61,61,False,False,0.3539767861
36805,76,76,30,False,True,0.0186239295
36814,96,52,52,True,False,0.4673870206
36818,70,70,70,False,False,0.9769313931
36824,68,23,52,True,True,0.0128870951
36830,2,2,98,False,True,0.0009393315
36833,45,44,2,True,True,0.0000001289
36840,33,59,33,True,True,0.0644582063
36845,54,54,54,False,False,0.6176332235
36846,92,92,85,False,True,0.0030604056
36847,49,49,49,False,False,0.8699780703
36849,36,50,50,True,False,0.4229133129
36850,45,45,93,False,True,0.0001925168
36851,40,40,10,False,True,0.0775210634
36854,78,78,99,False,True,0.0021238846
36860,54,54,70,False,True,0.0800738409
36861,33,33,97,False,True,0.0445387736
36865,79,78,55,True,True,0.0000484870
36867,15,15,3,False,True,0.0000169226
36870,78,99,18,True,True,0.0000015305
36875,19,43,34,True,True,0.0012946725
36880,95,73,73,True,False,0.7189574242
36884,13,13,58,False,True,0.0007612287
36889,77,7,26,True,True,0.0017506377
36899,99,99,99,False,False,0.9812893271
36909,43,34,43,True,True,0.0011983403
36911,99,78,99,True,True,0.0322863273
36912,39,39,39,False,False,0.9999829531
36914,71,71,71,False,False,0.8377226591
36915,73,1,92,True,True,0.0489350893
36916,37,37,55,False,True,0.0009407674
36922,63,4,61,True,True,0.0000000021
36927,47,52,96,True,False,0.4174100459
36931,37,37,37,False,False,0.9955993891
36932,42,21,3,True,True,0.0154008716
36933,83,83,57,False,True,0.0014369482
36938,67,93,87,True,True,0.0000000009
36939,85,85,40,False,True,0.0004888191
36941,40,84,5,True,True,0.2043230236
36943,34,65,34,True,True,0.0000000089
36948,93,78,93,True,True,0.0014261659
36953,1,1,32,False,True,0.0001288988
36960,34,97,23,True,True,0.0000014149
36961,34,97,97,True,False,0.5359005928
36964,12,23,17,True,True,0.0000103515
36966,7,7,7,False,False,0.9564002752
36972,30,30,73,False,True,0.0171001628
36980,43,43,43,False,False,0.3448395133
36984,79,7,79,True,True,0.0017551134
36995,7,7,82,False,True,0.0010960923
36997,24,24,24,False,False,0.2818537056
37008,48,48,48,False,False,0.9953001738
37012,67,4,71,True,True,0.0017968613
37014,86,86,86,False,False,0.9944962859
37015,2,2,2,False,False,0.9990676045
37021,83,57,83,True,True,0.0089830225
37023,56,47,82,True,True,0.0000635669
37024,8,8,8,False,False,0.9907559752
37028,3,3,17,False,True,0.0049432782
37034,66,66,43,False,True,0.0000014152
37044,86,86,86,False,False,0.9666296244
37046,21,21,92,False,True,0.0000000001
37051,74,50,50,True,False,0.9836232066
37053,80,36,3,True,True,0.0000001125
37054,78,99,78,True,True,0.0001960654
37056,0,0,0,False,False,0.4118942320
37061,85,13,85,True,True,0.0001101501
37067,37,37,37,False,False,0.9997976422
37068,94,94,5,False,True,0.0032410866
37069,37,17,37,True,True,0.0091001634
37074,59,23,23,True,False,0.9814813137
37079,21,21,72,False,True,0.3294865787
37081,8,8,8,False,False,0.9993643165
37082,96,59,52,True,True,0.0593782030
37083,77,77,32,False,False,0.2177050263
37089,56,56,56,False,False,0.5535008907
37091,52,23,96,True,True,0.0035370691
37098,71,71,71,False,False,0.9786898494
37103,12,76,37,True,False,0.0106526464
37106,6,6,6,False,False,0.4516123533
37108,24,24,24,False,False,0.2800745368
37113,54,54,54,False,False,0.4254662693
37117,64,65,34,True,True,0.0000173927
37122,66,31,36,True,True,0.0000000009
37139,61,51,49,True,True,0.0000000222
37140,19,19,19,False,False,0.9977183342
37159,43,43,43,False,False,0.9085826874
37163,2,35,57,True,False,0.0000044859
37184,60,60,60,False,False,0.8653054833
37186,79,79,75,False,True,0.0016185438
37191,91,32,14,True,True,0.0001720823
37192,45,45,45,False,False,0.7358064651
37195,91,91,77,False,True,0.0122684352
37204,19,3,21,True,True,0.0047553545
37207,19,19,19,False,False,0.9682661891
37210,13,13,13,False,False,0.9983976483
37211,10,10,55,False,True,0.0000135922
37212,95,71,71,True,False,0.6267495155
37217,16,16,10,False,True,0.0580039211
37223,53,53,53,False,False,1.0000000000
37228,59,49,69,True,True,0.0046511567
37229,70,33,70,True,False,0.0046567740
37232,68,68,96,False,True,0.1123582870
37235,84,20,37,True,False,0.0000209275
37245,79,79,79,False,False,0.4140949249
37247,24,6,37,True,True,0.0000000631
37254,95,72,84,True,True,0.0124829011
37263,92,92,92,False,False,0.5672503710
37265,91,85,91,True,True,0.0063738730
37274,68,60,68,True,True,0.2375379652
37277,10,10,53,False,True,0.1244851202
37281,56,56,59,False,False,0.2580667436
37290,81,13,55,True,True,0.0471734628
37291,12,12,76,False,True,0.0607032664
37294,75,46,75,True,True,0.0000010782
37299,56,59,56,True,False,0.2654162645
37307,63,3,21,True,True,0.0004613948
37310,5,20,5,True,True,0.1616129428
37311,90,90,90,False,False,0.7799310684
37322,1,1,3,False,True,0.0026097295
37328,93,93,36,False,True,0.0291675013
37336,95,30,73,True,True,0.1163692996
37341,54,92,56,True,True,0.0016816739
37344,32,98,46,True,True,0.2664717138
37348,79,79,79,False,False,0.5031967759
37351,15,15,15,False,False,0.9256901741
37352,56,56,79,False,True,0.0003950093
37354,52,96,56,True,True,0.2032890916
37356,87,87,87,False,False,0.7933226228
37359,50,36,50,True,True,0.0449643992
37360,23,23,23,False,False,0.7538424730
37361,7,7,33,False,True,0.0032918791
37364,81,81,90,False,True,0.1905860752
37375,24,26,51,True,True,0.0008261217
37377,68,60,68,True,True,0.1154205278
37383,53,53,0,False,True,0.1033669561
37386,5,84,72,True,True,0.0018947420
37388,16,16,16,False,False,0.7870594859
37393,80,65,50,True,True,0.0007159591
37402,0,0,0,False,False,0.9999589920
37403,61,51,2,True,True,0.0000300693
37405,93,93,55,False,True,0.0263557229
37416,60,33,71,True,True,0.0000061027
37420,64,4,64,True,True,0.0000000006
37427,58,58,58,False,False,0.5784429312
37429,13,13,69,False,False,0.3705162108
37434,4,34,19,True,True,0.0000079836
37440,56,59,33,True,False,0.0302198678
37443,53,53,53,False,False,0.9969565868
37444,70,70,92,False,False,0.3580721915
37451,38,38,38,False,False,0.9841598868
37452,58,58,89,False,True,0.0327599719
37453,96,52,56,True,True,0.0276211482
37470,27,27,60,False,True,0.0000060323
37471,42,42,36,False,True,0.0024856923
37472,75,75,19,False,True,0.0002881161
37477,7,32,14,True,True,0.0213297959
37481,19,19,19,False,False,0.5149566531
37487,2,2,2,False,False,0.6573156714
37488,74,75,27,True,True,0.0107663199
37491,91,73,93,True,True,0.0005616871
37494,25,25,56,False,False,0.1888442934
37504,57,57,9,False,True,0.2688238025
37520,16,16,16,False,False,0.9830728769
37526,43,43,43,False,False,0.8625639081
37529,54,54,55,False,True,0.0613911226
37539,8,8,8,False,False,0.8837223649
37541,97,34,64,True,True,0.0359151922
37555,36,36,50,False,True,0.0001533019
37556,76,76,76,False,False,0.9959912896
37567,40,40,10,False,True,0.0211868901
37572,77,77,77,False,False,0.5072951317
37578,28,64,22,True,True,0.0000039933
37580,61,10,89,True,False,0.0211531408
37581,6,82,56,True,True,0.0004961460
37590,25,25,20,False,True,0.0024613910
37594,8,8,8,False,False,0.9831304550
37599,81,81,13,False,True,0.0000206885
37607,9,9,9,False,False,0.9952418804
37608,35,35,62,False,True,0.0004798879
37615,52,47,52,True,True,0.0069434494
37617,43,43,43,False,False,0.5950610042
37644,88,41,88,True,True,0.0000000000
37647,10,22,78,True,True,0.0007985351
37651,69,69,9,False,True,0.0074731871
37669,45,6,60,True,True,0.0000001356
37684,66,66,66,False,False,0.4046835005
37686,29,27,47,True,True,0.0000045336
37687,37,49,60,True,True,0.0000059120
37706,58,58,58,False,False,0.9961059690
37708,23,23,78,False,True,0.0000367857
37710,38,38,55,False,True,0.0011705974
37712,70,70,54,False,True,0.0060919090
37717,99,99,44,False,True,0.1047067493
37723,44,44,51,False,True,0.0207143612
37725,49,49,49,False,False,0.7371597290
37726,10,61,61,True,False,0.8965997696
37754,22,22,61,False,True,0.0126236426
37761,27,27,27,False,False,0.4099260867
37762,92,54,70,True,True,0.1401114017
37767,36,36,50,False,False,0.3194109797
37785,68,68,68,False,False,0.9991821647
37791,71,71,71,False,False,0.6704193950
37795,17,17,37,False,False,0.3448793590
37796,93,93,32,False,True,0.0279187635
37798,38,38,38,False,False,0.4850038290
37810,79,79,79,False,False,0.9803111553
37818,63,64,50,True,True,0.0027389270
37820,79,79,6,False,True,0.0006524136
37821,30,30,29,False,True,0.0719828606
37823,10,20,40,True,True,0.0000223870
37825,3,3,21,False,True,0.0054377993
37828,62,92,70,True,True,0.0553195588
37836,86,86,86,False,False,0.6191512346
37843,18,18,44,False,True,0.0192512348
37850,41,89,41,True,True,0.0045907986
37859,92,62,82,True,True,0.0871242210
37867,64,50,36,True,True,0.0001414406
37869,23,23,23,False,False,0.9221243858
37877,1,1,36,False,True,0.0000004973
37878,11,46,37,True,True,0.0110422252
37881,39,39,56,False,True,0.1714797616
37882,54,54,54,False,False,0.9713482261
37887,3,3,3,False,False,0.6795958877
37893,55,33,97,True,True,0.0000005626
37895,69,69,76,False,True,0.0043136384
37906,12,42,12,True,True,0.0000001392
37908,38,29,13,True,False,0.0000937955
37927,9,9,40,False,True,0.0045544966
37937,92,49,92,True,True,0.0000000000
37944,76,76,76,False,False,0.7171878219
37945,88,43,88,True,True,0.0000061648
37951,63,63,64,False,True,0.0000000002
37952,88,88,88,False,False,0.9985905290
37957,49,49,60,False,True,0.1036396027
37962,70,70,1,False,True,0.0000002719
37967,40,40,40,False,False,0.9904273748
37972,47,56,52,True,True,0.0024285819
37974,68,68,33,False,True,0.0001992801
37979,90,90,37,False,True,0.0000274638
37984,61,61,61,False,False,0.7767494917
37989,71,71,55,False,True,0.0000256158
37992,65,6,32,True,True,0.0002314054
37995,72,72,69,False,True,0.0010994847
38000,9,9,9,False,False,0.9992844462
38001,6,54,6,True,True,0.0075292382
38002,45,32,64,True,True,0.0000011897
38007,31,43,66,True,True,0.0004716897
38010,93,93,30,False,True,0.0007622287
38022,22,22,22,False,False,0.9990973473
38036,5,5,40,False,True,0.0018402888
38054,22,22,22,False,False,0.9994360805
38059,4,3,80,True,True,0.0047273296
38068,63,63,77,False,True,0.0000146476
38069,44,44,6,False,True,0.0054490841
38078,17,17,17,False,False,0.2274721563
38079,81,81,81,False,False,0.5203847289
38083,31,31,31,False,False,0.9848949313
38091,96,52,33,True,True,0.0032881442
38092,18,62,14,True,True,0.0026110583
38096,74,3,72,True,True,0.0000025374
38100,0,0,0,False,False,0.7952194214
38107,72,85,64,True,True,0.0000406670
38115,65,65,65,False,False,0.8634573221
38117,21,21,21,False,False,0.9999908209
38118,18,18,14,False,True,0.1742631346
38127,93,93,93,False,False,0.3464206457
38128,72,72,72,False,False,0.4832637906
38141,21,93,21,True,True,0.0019702869
38142,37,37,37,False,False,0.9487119913
38148,16,16,16,False,False,0.9905827045
38160,54,54,54,False,False,0.8568400741
38165,71,71,71,False,False,0.5545141101
38169,31,31,31,False,False,0.9895020127
38172,67,19,3,True,True,0.0025827584
38174,34,34,3,False,True,0.0045226673
38186,92,54,54,True,False,0.8347091079
38188,24,24,24,False,False,0.9977847934
38205,75,27,75,True,True,0.0036932542
38206,28,10,28,True,True,0.0126185939
38208,31,31,31,False,False,0.4791225493
38213,68,68,68,False,False,0.9964079261
38216,59,56,49,True,True,0.0000095380
38266,83,83,62,False,True,0.0396761261
38270,75,75,66,False,True,0.0007280821
38280,85,46,85,True,True,0.0835015476
38293,10,10,61,False,False,0.0976118743
38294,29,29,15,False,True,0.0264256317
38296,58,58,86,False,False,0.0437656641
38298,86,69,5,True,True,0.0001368862
38300,33,52,33,True,True,0.0217147339
38306,27,73,66,True,True,0.0065321820
38307,32,32,74,False,True,0.0051206904
38308,65,65,65,False,False,0.9985044003
38311,61,61,61,False,False,0.8778605461
38316,75,46,3,True,True,0.0101797814
38321,87,58,87,True,True,0.0000496848
38328,93,91,23,True,True,0.0278778691
38331,76,76,49,False,True,0.0345966555
38335,91,1,52,True,True,0.0016444760
38339,78,78,78,False,False,0.9381197691
38341,98,85,2,True,True,0.0000385654
38349,36,46,35,True,True,0.0324197896
38357,14,70,85,True,True,0.0314181224
38359,1,1,7,False,True,0.0610787980
38361,98,98,35,False,True,0.0003360782
38368,80,35,80,True,True,0.0003679564
38369,14,14,14,False,False,0.7000623345
38374,91,91,78,False,False,0.1975420713
38385,23,23,23,False,False,0.7775789499
38391,8,8,22,False,True,0.1270497143
38395,39,39,39,False,False,0.9996290207
38397,26,26,7,False,True,0.0000055029
38401,5,5,5,False,False,0.6774642467
38405,26,26,26,False,False,0.9409560561
38412,86,86,95,False,True,0.0000635157
38414,97,97,66,False,True,0.0005973633
38415,56,56,55,False,True,0.0000715054
38421,63,92,56,True,True,0.0090079913
38428,19,19,37,False,True,0.0098922672
38433,5,5,25,False,True,0.0018579586
38452,89,89,89,False,False,0.7398891449
38453,55,44,66,True,True,0.0000046302
38457,53,53,53,False,False,0.8782697916
38461,28,40,28,True,True,0.0000000010
38463,85,25,85,True,True,0.0000020691
38475,84,84,84,False,False,0.8441730738
38482,0,0,0,False,False,0.8430950046
38486,82,82,82,False,False,0.9974138141
38488,96,96,33,False,True,0.0891545936
38489,65,65,40,False,True,0.0028161802
38493,17,17,17,False,False,0.5983659029
38494,60,60,94,False,False,0.1510793567
38498,18,6,96,True,True,0.0000034252
38507,44,44,99,False,True,0.0000242398
38511,69,69,69,False,False,0.5299388170
38513,17,37,11,True,True,0.0000013552
38521,29,29,97,False,True,0.0000104998
38526,15,15,46,False,True,0.0000099661
38530,41,89,89,True,False,0.8995921612
38531,7,7,24,False,True,0.0191110615
38532,74,74,69,False,True,0.0000007711
38537,99,99,99,False,False,0.7856181860
38541,83,26,18,True,True,0.0000015664
38542,33,33,23,False,True,0.1210078299
38543,24,44,69,True,True,0.0055705472
38553,94,94,94,False,False,0.9981343150
38568,5,5,32,False,True,0.1636269689
38573,48,48,55,False,True,0.0032675301
38576,28,28,9,False,True,0.0624809414
38580,61,61,10,False,True,0.3821732700
38583,46,46,35,False,True,0.0157736372
38596,89,89,89,False,False,0.9507936239
38598,70,70,6,False,True,0.0000224452
38600,23,23,71,False,True,0.0024679857
38603,71,71,71,False,False,0.9602225423
38604,87,87,87,False,False,0.8793216348
38606,93,18,27,True,True,0.0000026988
38610,83,83,83,False,False,0.9998071790
38627,79,79,6,False,True,0.0012258026
38638,16,16,55,False,True,0.0477037504
38650,16,16,22,False,False,0.2775805593
38655,92,92,89,False,True,0.0000014496
38658,43,97,43,True,True,0.0035114498
38662,60,69,11,True,True,0.0082300203
38664,90,69,81,True,True,0.0000075995
38666,13,58,58,True,False,0.9856606722
38669,95,91,50,True,True,0.0642323121
38673,54,54,33,False,False,0.1509744078
38675,12,33,23,True,True,0.0000106227
38676,18,91,14,True,True,0.0003798543
38688,15,15,15,False,False,0.9999943972
38690,7,24,7,True,True,0.0197876617
38699,83,83,51,False,True,0.0108411508
38701,52,59,52,True,True,0.1603781879
38706,25,25,25,False,False,0.3582925797
38709,83,83,83,False,False,0.2539972067
38717,66,85,36,True,True,0.0000000002
38724,0,0,0,False,False,0.9970226884
38734,86,86,86,False,False,0.9153569937
38736,76,17,76,True,True,0.0000135980
38741,92,92,30,False,False,0.3042421937
38752,48,48,48,False,False,0.8943884373
38763,93,93,85,False,True,0.0140284849
38767,53,53,53,False,False,0.7497510910
38770,40,76,22,True,True,0.0817891955
38779,56,56,56,False,False,0.8792301416
38786,4,72,24,True,True,0.0001064756
38802,23,23,23,False,False,0.8205420375
38803,96,33,52,True,True,0.0058218283
38805,27,72,85,True,True,0.0000459608
38814,69,41,69,True,True,0.0000000002
38817,25,25,84,False,True,0.0645443946
38823,92,92,92,False,False,0.9962344766
38828,36,36,36,False,False,0.9999433756
38830,63,36,93,True,True,0.0002652268
38831,29,6,95,True,True,0.0005102913
38832,55,65,65,True,False,0.5559229851
38847,5,5,84,False,True,0.1109590828
38849,62,62,54,False,True,0.0001849419
38850,64,64,3,False,True,0.0186224282
38853,26,92,26,True,True,0.0002656683
38856,89,89,89,False,False,0.9811856151
38858,83,83,78,False,True,0.0000000020
38859,40,96,28,True,True,0.0000000000
38875,94,30,94,True,True,0.0000000454
38882,31,31,31,False,False,0.9999167919
38885,61,10,61,True,True,0.0011415113
38889,56,56,56,False,False,0.5849808455
38891,98,98,98,False,False,0.7916482687
38899,73,91,30,True,True,0.0026314987
38901,22,22,61,False,True,0.2722551227
38914,50,89,36,True,True,0.0000000002
38916,12,52,8,True,True,0.0007466315
38920,95,95,95,False,False,0.4569827914
38922,62,62,92,False,True,0.0664301664
38929,73,30,73,True,True,0.0003805356
38931,80,80,80,False,False,0.9978356957
38934,0,0,0,False,False,0.9972348809
38936,48,48,48,False,False,0.6949905753
38937,43,43,43,False,False,0.9998637438
38942,85,85,4,False,True,0.0018466454
38948,58,58,58,False,False,0.7591260672
38957,59,85,96,True,True,0.0009991979
38963,40,86,35,True,True,0.0000216130
38967,63,63,36,False,True,0.0000015512
38973,48,48,89,False,True,0.1039074212
38978,19,19,85,False,False,0.0002566791
38991,59,56,56,True,False,0.3786590397
38994,53,53,53,False,False,0.9266668558
38996,20,20,20,False,False,0.6423124075
39009,28,28,40,False,False,0.3955377638
39011,9,9,17,False,True,0.0000226080
39012,13,13,89,False,True,0.1630200744
39018,78,78,99,False,True,0.2156795710
39023,5,25,14,True,True,0.0342973396
39033,3,3,21,False,True,0.0001407780
39042,34,97,72,True,True,0.0006367956
39047,72,1,80,True,True,0.0000000998
39048,92,92,92,False,False,0.9159877896
39051,5,5,5,False,False,0.6891686916
39063,14,14,14,False,False,0.1847605556
39065,61,61,22,False,True,0.0501284376
39081,88,88,88,False,False,0.9999607801
39085,31,34,19,True,True,0.0000196919
39086,10,23,1,True,True,0.0001252249
39088,74,34,4,True,True,0.0284050871
39092,94,94,33,False,True,0.0035585773
39093,22,22,22,False,False,0.7828475237
39094,45,84,88,True,True,0.0000279029
39107,99,78,78,True,False,0.6979607940
39114,82,82,82,False,False,0.9249446392
39118,2,11,2,True,True,0.0221740734
39120,69,69,69,False,False,0.4305978715
39121,90,90,46,False,True,0.0022211883
39124,37,37,37,False,False,0.9844622612
39126,90,90,70,False,False,0.0632757097
39128,45,26,55,True,False,0.0850312263
39132,18,18,85,False,True,0.0010978281
39134,44,44,4,False,True,0.0642922521
39136,14,14,88,False,True,0.0000561358
39140,60,60,60,False,False,0.3823608458
39143,40,84,40,True,True,0.0083110863
39144,21,21,46,False,True,0.0503523052
39158,68,41,68,True,True,0.0000510019
39162,58,58,58,False,False,0.9898610115
39168,69,69,76,False,True,0.0411604084
39171,60,60,23,False,True,0.1089764312
39178,72,3,7,True,True,0.0064947004
39181,99,99,78,False,True,0.0000546060
39198,83,83,83,False,False,0.8409000039
39201,16,16,9,False,True,0.1382702589
39205,99,99,44,False,True,0.1551483274
39208,78,78,30,False,True,0.0104728211
39209,95,95,30,False,True,0.0001802086
39215,84,84,5,False,True,0.0556433275
39216,36,36,36,False,False,0.9795603156
39228,82,82,60,False,True,0.2367136329
39238,92,92,92,False,False,0.9826363325
39251,37,37,37,False,False,0.9292221665
39254,64,74,66,True,True,0.0005346471
39260,27,68,97,True,True,0.0007432726
39261,93,67,96,True,True,0.0001566263
39265,27,27,3,False,True,0.0000000502
39271,17,17,17,False,False,0.8345025182
39273,33,60,23,True,False,0.1760501266
39282,48,48,48,False,False,0.9071984291
39283,37,37,37,False,False,0.8214609623
39287,48,48,46,False,True,0.0022098897
39290,14,11,7,True,True,0.0000020557
39294,29,29,1,False,True,0.0001699071
39301,36,21,65,True,True,0.0000022898
39302,25,25,66,False,True,0.0048709656
39303,0,0,83,False,True,0.0000108958
39306,88,88,34,False,True,0.0000011031
39312,17,17,17,False,False,0.7878816128
39313,72,72,76,False,True,0.0003381007
39314,56,96,33,True,True,0.0013139371
39320,31,30,46,True,True,0.0000000018
39321,33,53,91,True,True,0.0000942546
39323,13,3,13,True,True,0.0000000000
39324,53,69,53,True,True,0.0000052615
39327,94,94,94,False,False,0.9993234873
39332,24,51,7,True,True,0.0000000003
39338,64,74,64,True,False,0.0013959660
39339,60,60,49,False,True,0.1765833944
39342,10,61,61,True,False,0.6813539863
39346,30,32,30,True,True,0.0000151730
39352,70,9,55,True,True,0.0000208453
39353,89,89,62,False,True,0.0676943660
39362,85,85,81,False,True,0.0153044043
39365,80,30,36,True,True,0.0000000108
39376,17,17,17,False,False,0.9534440637
39379,16,16,16,False,False,0.8817461729
39383,31,31,31,False,False,0.9993622899
39387,87,46,98,True,True,0.0344444998
39389,37,37,37,False,False,0.9948323965
39390,19,19,19,False,False,0.9531408548
39399,34,34,34,False,False,0.7573180795
39403,74,63,36,True,True,0.0008558946
39416,76,76,76,False,False,0.9694293737
39419,77,77,77,False,False,0.8868888617
39420,98,98,46,False,False,0.4332519174
39422,94,94,94,False,False,0.8428617716
39428,34,19,3,True,True,0.0004120728
39437,38,97,19,True,True,0.0000000081
39441,11,2,2,True,False,0.9991959929
39443,52,96,52,True,True,0.0943639949
39444,23,71,23,True,True,0.0003118534
39461,75,80,58,True,True,0.0000010745
39462,0,0,0,False,False,0.9962368011
39465,76,23,32,True,True,0.0734066367
39469,12,20,41,True,True,0.0003787941
39475,46,46,98,False,False,0.4496552348
39478,38,65,70,True,True,0.0000242681
39480,80,42,99,True,True,0.0000994485
39481,59,52,52,True,False,0.5193248391
39482,71,71,71,False,False,0.4192852080
39501,97,34,66,True,True,0.0030351258
39503,10,10,10,False,False,0.5010706782
39504,35,35,72,False,True,0.0000138619
39506,74,50,99,True,True,0.2329661697
39514,82,82,82,False,False,0.9996113181
39515,21,21,96,False,True,0.0000034206
39520,40,76,76,True,False,0.4195195138
39521,18,18,99,False,True,0.0021279745
39522,75,36,93,True,True,0.0000142838
39526,35,11,46,True,True,0.0050823898
39532,28,28,28,False,False,0.9719787240
39540,90,13,13,True,False,0.5480116010
39545,11,11,35,False,True,0.0003664318
39547,56,56,15,False,True,0.0009220015
39553,51,51,38,False,True,0.0405153483
39554,60,23,60,True,True,0.2448359132
39568,25,25,20,False,True,0.1790500432
39580,51,51,62,False,True,0.0000337148
39583,18,18,18,False,False,0.9142096639
39587,65,16,71,True,True,0.0051961597
39598,75,75,75,False,False,0.9956354499
39599,56,56,52,False,True,0.1211087331
39601,34,34,50,False,True,0.0000757301
39606,16,16,9,False,True,0.2068712562
39607,38,38,66,False,False,0.2072094083
39608,92,92,70,False,True,0.0053968886
39609,19,19,19,False,False,0.9998722076
39618,52,96,52,True,True,0.2183493227
39619,91,58,1,True,True,0.0000009382
39620,85,33,89,True,True,0.0000013196
39621,22,22,66,False,True,0.0405744277
39625,21,21,21,False,False,0.9908812046
39628,68,68,46,False,True,0.0000058892
39631,83,83,0,False,True,0.0092769600
39644,49,49,49,False,False,0.5993546844
39649,70,70,70,False,False,0.4841147065
39650,3,71,95,True,True,0.0013817943
39655,21,21,21,False,False,0.9100921750
39656,80,4,34,True,True,0.0148690604
39657,9,9,9,False,False,0.9997883439
39660,31,31,31,False,False,0.9657518268
39661,47,52,49,True,True,0.0001274384
39679,62,82,70,True,True,0.0055776518
39680,53,57,53,True,True,0.0000228773
39685,6,6,62,False,True,0.0122510847
39688,21,21,34,False,True,0.0125318076
39691,98,98,98,False,False,0.5899208188
39706,18,18,18,False,False,0.8963627219
39710,12,60,85,True,True,0.0176459439
39717,32,32,73,False,False,0.0203263760
39727,46,46,46,False,False,0.6153391600
39730,4,72,36,True,True,0.0024704947
39733,55,79,73,True,True,0.0023375847
39735,88,88,97,False,True,0.0341114290
39741,35,35,40,False,True,0.0001675076
39743,21,21,95,False,True,0.0379063189
39748,4,4,3,False,True,0.0002436251
39749,13,13,58,False,True,0.0035906907
39750,69,76,69,True,True,0.0033132518
39762,52,59,52,True,True,0.0003341682
39768,67,33,34,True,True,0.0000569615
39771,9,9,9,False,False,0.9706106186
39778,70,70,70,False,False,0.5708661675
39782,58,58,58,False,False,0.9679816365
39783,2,2,46,False,True,0.0062696259
39784,62,62,1,False,True,0.0159671456
39785,97,97,34,False,True,0.0000008825
39795,73,30,73,True,True,0.0004072894
39815,16,28,9,True,False,0.3824722171
39818,7,7,7,False,False,0.9668379426
39825,2,2,35,False,True,0.0042929673
39832,7,7,24,False,True,0.0000003333
39836,23,23,23,False,False,0.7618970871
39845,11,11,2,False,True,0.0013231308
39848,48,48,48,False,False,0.7179214954
39849,20,20,20,False,False,0.8129227757
39850,63,50,74,True,True,0.0338036418
39854,77,77,7,False,True,0.0000000337
39855,10,28,52,True,True,0.0346221961
39872,32,32,79,False,True,0.0001969299
39873,19,19,69,False,True,0.0002955827
39877,58,58,58,False,False,0.9994706511
39885,97,66,97,True,True,0.0029494632
39887,9,9,9,False,False,0.5624700785
39894,23,49,23,True,True,0.0132977283
39902,87,25,5,True,True,0.0381281190
39909,17,19,23,True,True,0.0000522914
39922,28,10,16,True,True,0.0729702711
39923,54,54,54,False,False,0.9977038503
39929,33,33,33,False,False,0.2808854580
39932,92,92,92,False,False,0.8467294574
39934,10,35,1,True,True,0.0000000002
39938,13,13,58,False,False,0.4005804062
39941,71,71,71,False,False,0.9786235094
39942,16,16,52,False,False,0.0035115583
39948,86,86,86,False,False,0.9701929092
39951,96,96,52,False,True,0.2497021556
39955,17,37,76,True,True,0.0075830165
39956,10,16,57,True,True,0.0000001265
39964,99,99,78,False,True,0.0349722616
39965,37,17,17,True,False,0.4989276826
39966,71,60,60,True,False,0.7321253419
39968,38,38,38,False,False,0.1951618046
39971,58,58,13,False,True,0.0558423735
39972,48,48,48,False,False,0.6265956163
39981,12,12,37,False,True,0.0004457497
39985,94,94,94,False,False,0.9220892191
39991,49,49,49,False,False,0.8505017757
39994,52,52,96,False,True,0.0027943377
39998,88,42,42,True,False,0.6875662804
40002,98,89,98,True,True,0.0000000012
40006,7,7,79,False,True,0.0095144073
40011,33,33,33,False,False,0.5835522413
40024,5,5,5,False,False,0.9803007245
40033,34,34,36,False,True,0.0007491356
40034,22,22,22,False,False,0.5560848713
40039,55,4,66,True,False,0.1172548383
40040,7,7,83,False,True,0.0097840857
40041,8,6,79,True,True,0.0156983212
40042,14,6,43,True,False,0.0489070825
40044,73,73,71,False,True,0.2329671085
40050,48,48,48,False,False,0.9139822721
40052,21,21,35,False,True,0.0017329191
40057,11,11,11,False,False,0.9067690969
40058,5,5,84,False,True,0.0074712723
40060,45,40,66,True,True,0.0000000045
40061,57,57,57,False,False,0.7847301960
40068,57,0,57,True,True,0.0111421682
40073,53,53,53,False,False,0.8348797560
40074,40,40,40,False,False,0.9973698854
40075,46,46,35,False,True,0.0008694505
40076,46,46,68,False,True,0.0026566745
40090,78,78,78,False,False,0.8347206116
40099,7,62,45,True,True,0.0000000442
40109,44,44,27,False,True,0.0059112073
40113,32,32,93,False,True,0.0203310791
40120,55,55,72,False,True,0.0009277724
40125,72,72,77,False,True,0.0000133088
40140,58,58,58,False,False,0.9193200469
40141,28,28,28,False,False,0.9956876636
40146,45,61,45,True,True,0.0010066504
40149,16,9,16,True,False,0.4705392122
40154,74,50,36,True,False,0.1157337204
40159,84,84,84,False,False,0.9141755104
40160,66,64,50,True,True,0.0002448689
40165,12,12,12,False,False,0.9938404560
40172,64,50,36,True,True,0.0366169512
40174,50,36,50,True,True,0.0008659325
40192,41,41,41,False,False,0.9804195762
40197,47,96,96,True,False,0.7468569875
40210,35,98,11,True,True,0.0058004353
40212,68,68,68,False,False,0.9775955081
40217,30,30,46,False,True,0.0000124643
40223,69,69,90,False,False,0.3328925967
40228,3,3,55,False,True,0.0000255093
40234,72,34,50,True,True,0.0000530807
40236,45,79,24,True,True,0.0000000174
40238,75,75,75,False,False,0.8665607572
40239,53,53,53,False,False,0.9982768297
40240,93,93,26,False,True,0.0173842907
40241,85,85,85,False,False,0.9582130313
40245,87,87,87,False,False,0.9552664161
40254,16,10,80,True,True,0.0026544735
40260,42,88,88,True,False,0.9998621941
40261,35,35,2,False,True,0.0000586936
40262,27,27,78,False,True,0.0009554526
40263,98,98,46,False,True,0.0025616435
40270,21,21,21,False,False,0.9994458556
40272,38,97,34,True,True,0.0001890123
40278,23,23,23,False,False,0.8810652494
40279,55,7,77,True,True,0.0012421042
40285,67,32,67,True,True,0.0017902708
40286,10,84,41,True,True,0.0000712651
40292,22,17,49,True,True,0.0126421917
40298,44,44,29,False,True,0.0003083676
40299,50,50,80,False,False,0.0000194323
40308,29,29,38,False,False,0.2157287449
40311,16,10,10,True,False,0.8903489709
40312,68,68,68,False,False,0.9961153269
40313,16,16,10,False,False,0.2894117832
40314,3,3,60,False,True,0.0006274074
40320,59,59,33,False,True,0.0558028780
40322,80,80,3,False,True,0.0004886102
40324,69,28,18,True,True,0.0000000002
40332,89,89,41,False,True,0.3857279420
40345,35,98,98,True,False,0.1994279623
40349,22,22,22,False,False,0.9999941587
40359,97,97,58,False,True,0.0000041850
40361,36,30,55,True,True,0.0000017159
40374,44,43,44,True,True,0.0003284743
40377,26,89,30,True,True,0.0000000109
40378,85,89,60,True,True,0.0003120726
40385,58,58,41,False,True,0.0050851442
40387,42,42,78,False,True,0.2016004026
40392,13,58,58,True,False,0.4206006229
40407,74,50,92,True,True,0.0064610331
40412,84,84,84,False,False,0.9511455297
40413,27,27,44,False,True,0.0006088899
40421,85,58,32,True,True,0.0112780528
40423,80,46,46,True,False,0.9361833334
40425,6,6,51,False,True,0.0012796670
40426,65,19,36,True,True,0.0000000002
40429,73,73,95,False,True,0.1274961233
40436,14,14,88,False,True,0.0116357366
40444,70,70,92,False,True,0.2135107964
40450,70,70,0,False,False,0.0681394562
40456,44,44,77,False,True,0.0263981279
40458,94,94,94,False,False,0.8307310343
40461,73,73,30,False,True,0.0689860135
40474,32,32,69,False,True,0.0013513266
40479,84,84,84,False,False,0.3307751715
40489,25,25,5,False,True,0.0484474003
40493,37,33,33,True,False,0.8703756332
40500,88,88,72,False,True,0.0000001677
40506,76,76,69,False,False,0.2683970332
40507,5,5,87,False,True,0.0017505271
40510,31,31,15,False,True,0.0015172581
40513,27,27,74,False,False,0.3961942494
40521,67,71,67,True,True,0.0166001450
40524,66,75,66,True,True,0.0000333177
40525,39,39,39,False,False,0.9801787734
40537,8,8,34,False,True,0.0012675703
40541,73,73,73,False,False,0.4967838228
40548,60,23,23,True,False,0.9966461062
40549,58,58,14,False,True,0.0000083099
40557,21,21,4,False,True,0.0010581596
40560,53,53,53,False,False,0.9989865422
40562,70,62,70,True,True,0.0210273061
40567,90,81,68,True,False,0.2225667536
40576,41,41,41,False,False,0.9565302730
40583,66,32,38,True,True,0.0000001329
40593,99,99,99,False,False,0.9998483658
40594,72,3,80,True,True,0.0289269686
40596,99,99,99,False,False,0.3798328340
40597,34,34,50,False,True,0.0041098753
40599,90,90,37,False,True,0.1412028670
40603,73,30,73,True,True,0.0320047475
40604,86,86,33,False,True,0.0023622045
40606,30,60,73,True,True,0.0000001437
40607,0,0,0,False,False,0.4975603521
40614,25,25,5,False,False,0.4088228941
40625,16,16,10,False,True,0.0053511425
40631,81,49,25,True,True,0.0000096870
40633,98,83,46,True,True,0.0000458196
40636,82,82,82,False,False,0.9898172617
40653,16,16,22,False,True,0.0532391444
40659,4,50,36,True,True,0.0013163252
40662,10,28,60,True,True,0.0000109394
40664,77,70,51,True,True,0.0058738552
40671,97,97,97,False,False,0.9938573241
40686,8,8,89,False,True,0.0041427636
40696,41,41,67,False,True,0.0670071393
40715,0,0,0,False,False,0.7736792564
40721,66,66,73,False,True,0.0000571150
40722,60,33,60,True,True,0.0195771083
40723,59,52,96,True,True,0.0470961705
40728,45,24,77,True,True,0.0000196039
40729,1,32,3,True,True,0.0000013125
40731,9,9,9,False,False,0.9680700898
40734,7,7,24,False,True,0.0797466114
40737,77,19,3,True,True,0.0000178913
40738,69,69,94,False,True,0.0002500176
40747,49,68,23,True,True,0.0001244829
40749,78,78,99,False,False,0.0474072583
40754,91,32,1,True,True,0.0000002558
40758,4,21,42,True,True,0.0002745012
40761,20,20,72,False,True,0.0870130211
40764,37,17,17,True,False,0.9984555244
40765,52,56,52,True,True,0.0052811094
40766,93,93,26,False,True,0.0242346227
40769,59,56,52,True,True,0.0063607716
40770,20,20,20,False,False,0.8723607659
40783,61,61,61,False,False,0.9930645823
40790,81,13,90,True,True,0.0248777959
40793,68,68,68,False,False,0.9218590856
40794,33,33,33,False,False,0.5590235591
40796,0,0,2,False,False,0.0431591049
40800,2,2,25,False,True,0.0071755257
40804,99,91,99,True,True,0.0095118070
40817,44,44,99,False,True,0.0005159586
40826,54,54,54,False,False,0.7325300574
40831,30,30,30,False,False,0.4238296151
40834,94,37,94,True,True,0.0002890527
40839,70,70,32,False,True,0.0950915888
40842,6,6,6,False,False,0.3180630505
40844,80,80,80,False,False,0.9686738253
40847,62,92,62,True,True,0.0005577001
40852,94,94,33,False,True,0.0275062975
40861,15,15,15,False,False,0.9962179065
40863,15,15,34,False,True,0.0000000050
40869,57,57,67,False,True,0.1399119794
40881,81,81,46,False,True,0.0068235076
40884,47,56,96,True,True,0.0002438879
40892,48,48,41,False,True,0.2076581270
40903,35,35,35,False,False,0.9978173971
40911,45,7,83,True,True,0.0004858566
40914,42,6,42,True,True,0.0000000008
40916,74,50,36,True,True,0.0037564016
40922,59,59,96,False,True,0.0032606365
40924,69,30,69,True,True,0.0000178745
40926,68,68,69,False,True,0.0000029124
40928,0,0,0,False,False,0.5076369047
40930,81,13,13,True,False,0.4753421843
40936,98,98,98,False,False,0.4893565178
40944,73,71,30,True,True,0.0135584241
40945,24,24,24,False,False,0.8156162500
40946,18,18,44,False,True,0.1903806627
40956,40,40,69,False,False,0.1874652356
40957,81,9,13,True,True,0.0000004465
40961,85,58,89,True,True,0.0331696607
40964,97,34,34,True,False,0.7700789571
40965,81,81,96,False,True,0.0005879908
40968,30,30,30,False,False,0.8565953374
40971,11,11,9,False,True,0.0000005393
40983,3,3,3,False,False,0.9666945338
40987,57,57,57,False,False,0.7546690702
40990,36,36,36,False,False,0.9678670168
40992,12,12,71,False,True,0.0000317784
40998,78,78,99,False,False,0.4477641582
41001,1,1,74,False,True,0.1274067312
41008,29,43,29,True,True,0.0045333835
41009,98,46,98,True,True,0.0000457315
41011,56,56,56,False,False,0.6773772240
41023,80,99,24,True,True,0.0107039670
41027,98,98,98,False,False,0.5169777274
41029,36,1,80,True,True,0.0000093258
41031,62,62,41,False,True,0.0045979721
41035,52,96,47,True,True,0.0000278336
41037,49,49,49,False,False,0.7385272980
41066,52,52,52,False,False,0.8319367766
41068,54,75,26,True,True,0.0000000002
41072,15,60,15,True,True,0.0000648585
41081,24,24,24,False,False,0.9999767542
41082,35,35,98,False,True,0.2659602761
41084,69,69,69,False,False,0.9949784875
41089,52,59,32,True,True,0.0023044893
41098,80,66,58,True,True,0.0552420355
41099,74,7,24,True,False,0.2273442000
41104,62,62,62,False,False,0.9885320663
41115,53,53,53,False,False,0.9994099140
41116,66,66,80,False,True,0.0066062328
41117,47,47,59,False,True,0.0023178780
41125,12,12,76,False,True,0.0296660401
41131,51,14,93,True,True,0.0028772668
41132,85,85,85,False,False,0.9942414761
41134,90,90,90,False,False,0.7178697586
41138,12,12,12,False,False,0.9570158124
41139,3,3,3,False,False,0.5036353469
41141,1,1,1,False,False,0.9755134583
41142,89,89,46,False,False,0.0050052498
41146,93,53,55,True,True,0.0000029730
41151,28,40,28,True,True,0.0067252796
41159,52,96,33,True,True,0.0444473438
41162,99,99,99,False,False,0.6835932732
41184,33,68,68,True,False,0.4010106325
41186,33,37,81,True,True,0.0000044134
41197,76,37,76,True,True,0.0000031724
41199,37,84,94,True,True,0.0228782780
41200,73,73,25,False,True,0.0119390795
41201,9,9,9,False,False,1.0000000000
41210,40,40,40,False,False,0.4677502513
41216,72,55,36,True,True,0.0000037526
41227,97,97,85,False,True,0.0104161734
41229,50,50,32,False,True,0.0019975458
41230,57,57,57,False,False,0.9855816960
41234,94,94,87,False,True,0.0992107764
41235,20,20,20,False,False,0.7606803775
41237,30,30,73,False,True,0.0239189360
41246,71,71,23,False,True,0.1169108599
41247,30,32,50,True,True,0.0344011560
41251,71,60,71,True,True,0.0002628637
41252,50,50,64,False,True,0.0206003059
41259,0,0,70,False,True,0.1270157844
41261,69,69,69,False,False,0.6600157619
41266,2,2,98,False,True,0.0020656351
41268,56,56,56,False,False,0.3055345118
41270,5,5,5,False,False,0.8873135448
41272,20,20,20,False,False,0.9835611582
41276,62,62,1,False,True,0.0034690110
41286,53,53,53,False,False,0.9934961796
41288,62,92,62,True,True,0.0694749579
41289,72,74,36,True,True,0.0014785532
41297,30,30,91,False,True,0.0002435304
41298,91,91,59,False,True,0.1174318269
41302,18,18,51,False,True,0.1749574542
41304,4,19,14,True,True,0.0000182254
41310,70,62,77,True,True,0.0000268771
41311,46,46,11,False,True,0.0402164944
41315,76,76,76,False,False,0.9943454862
41320,49,49,96,False,True,0.0151975090
41326,80,78,34,True,True,0.0027197190
41329,92,92,62,False,True,0.2024382353
41333,81,81,81,False,False,0.8822063208
41335,2,2,2,False,False,0.9955039620
41337,78,78,78,False,False,0.9946225882
41350,77,77,57,False,True,0.0085141435
41353,32,32,64,False,True,0.0010755188
41354,80,84,37,True,True,0.0000243954
41360,86,86,86,False,False,0.9806959033
41361,12,68,90,True,True,0.0022864342
41362,32,1,32,True,True,0.0002167953
41365,53,53,0,False,True,0.1082199290
41370,7,24,0,True,True,0.0020443213
41387,90,90,85,False,True,0.0003398729
41393,35,35,3,False,True,0.1771490127
41404,84,10,5,True,True,0.0000032363
41417,65,65,80,False,True,0.0003134435
41422,61,61,61,False,False,0.9992040992
41425,59,21,33,True,True,0.0801793113
41426,31,31,97,False,True,0.0143060870
41427,5,5,5,False,False,0.9961059690
41435,98,98,2,False,False,0.1331832409
41439,48,48,48,False,False,0.9989036322
41452,70,92,92,True,False,0.7862578034
41455,39,40,71,True,True,0.0002134764
41460,45,63,26,True,True,0.0000017621
41462,51,51,51,False,False,0.6871301532
41464,37,37,33,False,True,0.0984967798
41466,20,20,20,False,False,0.5650053620
41468,17,71,33,True,True,0.0579741038
41472,30,95,95,True,False,0.9930807948
41474,41,41,41,False,False,0.9201802611
41476,14,14,32,False,True,0.0000027059
41486,79,79,72,False,True,0.0000388971
41489,75,3,2,True,True,0.0000002208
41494,99,23,30,True,True,0.0000377058
41502,31,31,3,False,False,0.3110382855
41507,86,86,51,False,True,0.1709718704
41510,91,73,32,True,True,0.0590152107
41514,51,51,51,False,False,0.6587759852
41515,13,85,13,True,True,0.0000000434
41532,18,85,3,True,True,0.0000000912
41533,37,85,37,True,True,0.0000001631
41537,98,98,98,False,False,0.9973273277
41545,97,34,66,True,True,0.0089478781
41547,82,82,82,False,False,0.9971109629
41557,4,3,66,True,True,0.0000001351
41558,0,0,51,False,False,0.2206242532
41564,79,7,7,True,False,0.4387551546
41568,26,26,46,False,True,0.0021273587
41573,57,57,57,False,False,0.9136605263
41574,58,58,90,False,True,0.0018257872
41594,32,46,46,True,False,0.5854125619
41621,64,36,30,True,True,0.0847401693
41622,30,30,65,False,True,0.0001220674
41625,11,2,2,True,False,0.4979417622
41626,4,3,42,True,True,0.0026386771
41628,37,37,85,False,False,0.2973848581
41636,43,43,43,False,False,0.8730345368
41640,68,68,68,False,False,0.9993289709
41643,67,51,50,True,True,0.0263618939
41646,84,46,46,True,False,0.7005038857
41651,70,70,69,False,True,0.0004901086
41656,42,42,42,False,False,0.9838066101
41665,4,43,27,True,True,0.0014119587
41666,11,11,11,False,False,0.7264005542
41668,40,40,9,False,True,0.0017413024
41674,55,44,74,True,True,0.0000000099
41678,59,59,56,False,True,0.1133292094
41679,77,77,77,False,False,0.9973444343
41680,37,17,55,True,True,0.0129232435
41685,30,30,73,False,True,0.0722778887
41689,46,46,46,False,False,0.8975088000
41692,66,66,31,False,True,0.0006754977
41696,45,45,83,False,True,0.0000261251
41705,4,4,36,False,True,0.0000022284
41707,81,90,97,True,True,0.0004811405
41711,27,27,32,False,True,0.0000677627
41714,3,3,19,False,True,0.0390847921
41720,33,33,5,False,False,0.1756226867
41725,2,2,2,False,False,0.9814576507
41731,95,30,73,True,False,0.3877996206
41732,20,20,20,False,False,0.9999898672
41733,35,98,2,True,True,0.0416505150
41737,80,36,80,True,True,0.0057745888
41745,88,88,97,False,True,0.0988721102
41752,25,25,48,False,True,0.2267582268
41758,72,55,75,True,True,0.0001092795
41772,21,21,21,False,False,0.5998294950
41775,88,42,88,True,True,0.0000257654
41776,24,24,24,False,False,0.9982307553
41779,89,89,89,False,False,0.9992389679
41786,64,36,11,True,False,0.0007225964
41794,26,26,22,False,False,0.0784401223
41796,4,4,97,False,True,0.0000036546
41801,66,64,65,True,True,0.0000528470
41804,36,50,36,True,True,0.0000217422
41815,46,46,46,False,False,0.9973022938
41824,73,73,32,False,True,0.0000001485
41829,98,35,98,True,True,0.0000145746
41837,64,66,3,True,False,0.1241616905
41847,33,33,27,False,True,0.0102353748
41850,13,13,81,False,False,0.1823793203
41851,89,89,89,False,False,0.5221614838
41867,2,2,2,False,False,0.7115879655
41871,91,32,64,True,True,0.0679602027
41878,46,46,9,False,False,0.0000021916
41890,16,16,16,False,False,0.6669365764
41891,75,75,91,False,True,0.0486501902
41894,36,36,36,False,False,0.9982318282
41897,19,19,19,False,False,0.9962033629
41899,56,56,59,False,True,0.1109621748
41901,39,39,39,False,False,0.9999911785
41903,94,94,94,False,False,0.2570144534
41909,1,1,1,False,False,0.3397914767
41918,40,40,40,False,False,0.3015887439
41920,63,88,34,True,True,0.0009009599
41924,20,20,20,False,False,0.7378008366
41929,30,91,30,True,True,0.0000003828
41941,86,86,86,False,False,0.2540082932
41946,56,56,56,False,False,0.4586966336
41948,9,9,9,False,False,0.9912342429
41955,86,86,86,False,False,0.9906657934
41960,30,30,73,False,True,0.3990402818
41968,82,82,85,False,True,0.0009764310
41969,85,60,12,True,True,0.0000183890
41975,32,32,68,False,True,0.0014735679
41980,12,17,12,True,True,0.0506314710
41983,25,23,40,True,True,0.1222158745
41987,80,65,33,True,True,0.0000497420
41996,61,61,61,False,False,0.9975428581
42000,19,19,19,False,False,0.9993484616
42001,66,96,66,True,True,0.0000001295
42005,3,3,19,False,True,0.0079280240
42012,17,37,17,True,True,0.0004371750
42014,22,22,22,False,False,0.3858037889
42017,15,66,33,True,False,0.0403510109
42018,17,78,19,True,True,0.0000000371
42020,34,97,65,True,True,0.0000364598
42022,3,3,14,False,True,0.0043040579
42023,30,32,95,True,True,0.0000000004
42034,84,84,11,False,True,0.0039345464
42035,93,93,90,False,True,0.0001167314
42040,21,21,3,False,True,0.0000480974
42045,55,4,72,True,True,0.0000176937
42048,94,94,13,False,True,0.0010468494
42049,34,34,34,False,False,0.9984281063
42052,7,7,14,False,True,0.0647358969
42054,60,60,71,False,True,0.0683498904
42057,50,50,66,False,True,0.0052588722
42062,22,22,22,False,False,0.9978142977
42067,97,55,32,True,True,0.0000101122
42072,62,1,89,True,True,0.0001494681
42073,62,62,62,False,False,0.4693312347
42076,32,1,67,True,True,0.0000643511
42079,60,60,60,False,False,0.4820006490
42085,6,62,62,True,False,0.5904477239
42092,36,65,66,True,True,0.0096673369
42093,34,34,65,False,True,0.0968247876
42097,98,98,2,False,True,0.0011114223
42105,51,59,70,True,True,0.0023340350
42108,60,11,60,True,True,0.0000256950
42111,70,70,89,False,True,0.0096175550
42113,17,17,17,False,False,0.6438121796
42119,70,70,54,False,True,0.0102230227
42120,45,99,50,True,True,0.0000560319
42124,14,14,90,False,True,0.0006209402
42125,19,19,77,False,True,0.0120414514
42135,37,37,85,False,True,0.0002291246
42141,27,44,43,True,True,0.0005241586
42149,46,46,46,False,False,0.7043005824
42151,37,37,17,False,True,0.1709946394
42154,8,8,17,False,True,0.0064056539
42159,39,39,50,False,True,0.0008855445
42160,32,1,89,True,True,0.0000000844
42176,95,3,3,True,False,0.9855045676
42184,79,7,6,True,True,0.0105824294
42194,57,57,57,False,False,0.9997923970
42196,23,23,23,False,False,0.8906961083
42197,44,44,18,False,True,0.0019298070
42199,74,50,79,True,True,0.0007782662
42206,80,3,34,True,True,0.0065230858
42208,30,32,72,True,True,0.0087639792
42214,77,80,85,True,True,0.0015288357
42215,79,79,7,False,False,0.4821861386
42220,27,27,27,False,False,0.9999122620
42223,35,98,11,True,True,0.0012126260
42231,12,16,37,True,True,0.0000000157
42236,21,3,21,True,True,0.0000000000
42271,92,62,62,True,False,0.9925453067
42278,1,1,1,False,False,0.6527112126
42279,23,23,23,False,False,0.9226070642
42291,31,7,32,True,True,0.0002248464
42302,2,2,2,False,False,0.9903674126
42313,57,98,98,True,False,0.8652904034
42314,96,60,59,True,True,0.0053040967
42318,9,53,9,True,True,0.0000000000
42323,52,56,52,True,True,0.0190543123
42334,74,50,21,True,True,0.0002369882
42339,49,49,49,False,False,0.9895403981
42341,25,51,85,True,True,0.0000003276
42343,43,43,43,False,False,0.8439995646
42352,68,49,49,True,False,0.3028602302
42354,98,98,35,False,True,0.0001208078
42355,70,62,92,True,True,0.0062822253
42357,34,34,34,False,False,0.9975365400
42358,81,81,13,False,True,0.1621282697
42360,5,25,25,True,False,0.4601369798
42361,42,42,34,False,True,0.0002419274
42365,55,3,71,True,True,0.0000032775
42366,96,96,33,False,True,0.0000046939
42377,85,69,52,True,True,0.0000705300
42380,10,10,10,False,False,0.9506067038
42382,68,68,68,False,False,0.4563472867
42383,54,54,6,False,True,0.3134834468
42384,38,97,38,True,True,0.0000017365
42387,68,71,68,True,True,0.0000000029
42400,44,27,6,True,True,0.0000011697
42401,13,13,58,False,False,0.2003536075
42403,83,83,83,False,False,0.6203511357
42404,50,50,50,False,False,0.9607481360
42405,28,28,84,False,False,0.3826327920
42407,34,97,35,True,True,0.0000003881
42414,62,54,6,True,True,0.1177298054
42415,45,26,62,True,True,0.0000371669
42426,95,30,30,True,False,0.4786838591
42427,87,87,87,False,False,0.9956010580
42431,68,68,68,False,False,0.9678603411
42432,32,4,1,True,True,0.0001414703
42434,27,27,66,False,True,0.0003590806
42456,36,50,19,True,False,0.0016820313
42468,93,93,30,False,True,0.0002049409
42473,56,56,56,False,False,0.4340018034
42476,85,85,85,False,False,0.6018104553
42478,11,11,65,False,True,0.0059493012
42482,56,56,71,False,True,0.0058087651
42483,23,60,76,True,False,0.0000483935
42486,95,73,90,True,True,0.0014090944
42489,5,5,5,False,False,0.7941830158
42492,35,35,21,False,True,0.2140162140
42495,25,25,87,False,True,0.0674496442
42497,54,70,55,True,False,0.0685452074
42503,93,93,30,False,True,0.0346937142
42507,64,3,64,True,False,0.2519037426
42515,30,67,72,True,True,0.0000014779
42519,82,82,70,False,True,0.0190477632
42523,53,53,53,False,False,0.5400470495
42525,47,52,52,True,False,0.3190291524
42526,52,59,96,True,True,0.0013884524
42535,79,79,79,False,False,0.9112524390
42536,89,89,36,False,True,0.0014288155
42543,48,48,13,False,True,0.0088456189
42544,10,92,23,True,True,0.0744368061
42558,66,66,19,False,True,0.0294035710
42563,42,66,74,True,True,0.0100790253
42564,83,83,57,False,False,0.2646726668
42579,34,36,88,True,True,0.0009624687
42591,47,96,2,True,True,0.0004525744
42596,17,17,17,False,False,0.6288153529
42600,44,29,65,True,True,0.0000000743
42613,8,56,66,True,True,0.0009303942
42619,89,89,75,False,True,0.1573901772
42621,57,57,0,False,True,0.0305383932
42624,89,89,46,False,True,0.0001786795
42627,50,50,50,False,False,0.5526355505
42637,39,39,39,False,False,0.9999967813
42649,25,5,84,True,True,0.2893404067
42650,42,42,88,False,True,0.0024815619
42652,80,64,80,True,True,0.0000001014
42657,55,27,79,True,True,0.0000005998
42665,13,13,13,False,False,0.5320667028
42669,7,7,7,False,False,0.9282732010
42675,10,61,22,True,True,0.0049111638
42676,23,23,23,False,False,0.8998743296
42678,45,32,51,True,True,0.0007551194
42694,29,64,29,True,True,0.0000013578
42700,72,72,75,False,True,0.0000445358
42708,54,54,54,False,False,0.8324843645
42717,0,0,0,False,False,0.9969964027
42719,20,25,20,True,True,0.0000009071
42721,46,46,46,False,False,0.9970166683
42726,61,61,61,False,False,0.9995560050
42738,57,57,57,False,False,0.6963451505
42741,95,73,30,True,True,0.0059166346
42742,46,46,2,False,True,0.0259030107
42748,6,62,6,True,True,0.0010582020
42751,53,53,53,False,False,0.9987163544
42754,11,11,11,False,False,0.9473065734
42758,56,23,56,True,True,0.0032269806
42760,24,24,24,False,False,0.8679646850
42766,66,64,52,True,True,0.0036301946
42777,14,18,1,True,True,0.0442234650
42791,35,35,85,False,True,0.2483324111
42794,35,98,46,True,True,0.0000182390
42796,42,88,34,True,True,0.1263660938
42799,50,50,64,False,True,0.0000059531
42803,49,49,71,False,True,0.1856185347
42805,44,85,44,True,True,0.0000001142
42812,40,60,51,True,True,0.0000213928
42819,32,32,44,False,True,0.0107624689
42827,58,58,58,False,False,0.9668125510
42833,82,82,82,False,False,0.9992347956
42836,63,50,31,True,True,0.0000018168
42840,64,50,36,True,True,0.0245680995
42844,4,18,72,True,True,0.0000102792
42856,8,8,8,False,False,0.9970165491
42857,17,37,76,True,True,0.0000781085
42858,98,98,98,False,False,0.8909120560
42871,77,77,64,False,True,0.0000243759
42872,67,67,67,False,False,0.4863389134
42876,13,13,58,False,True,0.0009352122
42878,84,84,52,False,True,0.0000001262
42890,29,38,29,True,True,0.0000882079
42893,27,60,27,True,True,0.0022721612
42898,7,24,99,True,True,0.0000423286
42900,19,19,98,False,True,0.0084215226
42902,47,56,52,True,True,0.0296822842
42905,38,66,97,True,True,0.0010097349
42911,15,15,46,False,True,0.0424509495
42912,59,54,32,True,True,0.0001173749
42916,23,71,23,True,True,0.2135559618
42919,6,6,97,False,True,0.0000033580
42920,69,40,69,True,True,0.0000190151
42922,64,36,42,True,True,0.0794469193
42928,32,32,26,False,True,0.0060206214
42929,51,53,55,True,True,0.0000479093
42932,1,32,1,True,True,0.0000942538
42937,4,33,34,True,True,0.0000000010
42945,67,4,93,True,True,0.0006176251
42954,3,64,61,True,True,0.0000001589
42963,20,20,20,False,False,0.7891139984
42964,32,46,46,True,False,0.7568022013
42971,82,82,55,False,False,0.0626982376
42973,82,82,82,False,False,0.9999830723
42974,51,51,62,False,True,0.0065814466
42981,73,71,1,True,True,0.0002043693
42982,90,90,69,False,True,0.2755491138
42990,80,80,78,False,True,0.0172085669
42994,40,87,20,True,True,0.0000183988
42996,36,43,36,True,True,0.0002775049
42997,95,30,30,True,False,0.9433038831
42998,35,98,98,True,False,0.9717885256
43003,2,2,2,False,False,0.8774938583
43024,69,46,38,True,True,0.0004855065
43025,80,36,34,True,True,0.0000000003
43039,85,56,89,True,True,0.0752109736
43043,12,12,81,False,True,0.0753250495
43046,51,51,43,False,True,0.0000032763
43047,96,59,52,True,True,0.0063814754
43065,89,89,89,False,False,0.5747290254
43071,87,87,87,False,False,0.9945865870
43078,42,42,73,False,True,0.0004520000
43080,64,64,64,False,False,0.9998381138
43084,86,86,86,False,False,0.9853565097
43092,90,90,93,False,True,0.0000243857
43101,31,3,55,True,True,0.0003371721
43103,71,71,71,False,False,0.9675394893
43106,92,92,92,False,False,0.9599984884
43107,54,54,54,False,False,0.9754789472
43108,15,15,51,False,True,0.0057383482
43110,58,58,58,False,False,0.9699114561
43122,50,89,64,True,True,0.0000000000
43127,73,73,30,False,True,0.0108647598
43129,73,73,51,False,True,0.0000072289
43131,94,37,37,True,False,0.3912166655
43132,33,52,59,True,True,0.0496535189
43137,80,80,80,False,False,0.5889508128
43138,24,24,24,False,False,0.8358906507
43143,41,58,41,True,True,0.0005117086
43144,52,33,52,True,True,0.1410842687
43147,75,75,93,False,True,0.0002152877
43150,74,32,44,True,True,0.0001540515
43153,89,89,33,False,False,0.0019685398
43171,88,88,88,False,False,0.7546704412
43172,38,38,65,False,True,0.0000977507
43173,52,56,52,True,True,0.0302081946
43174,24,24,24,False,False,0.9837338924
43176,65,65,2,False,True,0.0000461303
43183,18,18,50,False,True,0.0451548882
43185,90,90,90,False,False,0.9999794960
43187,62,70,62,True,False,0.3709801137
43194,28,40,46,True,True,0.0000000390
43203,33,33,33,False,False,0.8882312775
43207,47,47,47,False,False,0.9572756290
43210,0,40,0,True,True,0.0000002292
43211,97,97,42,False,True,0.0004576967
43215,50,50,55,False,False,0.1942710727
43219,0,0,40,False,True,0.1684918255
43221,19,19,19,False,False,0.9997822642
43224,47,47,47,False,False,0.5778040290
43225,69,72,69,True,True,0.0000041512
43231,76,76,69,False,True,0.0002449486
43232,4,66,71,True,True,0.0000315918
43234,83,83,83,False,False,0.9996569157
43238,41,41,89,False,False,0.4612849951
43239,98,98,98,False,False,0.9745386839
43243,92,0,92,True,True,0.0000001523
43244,19,83,84,True,True,0.0000014761
43245,65,51,94,True,True,0.0000126831
43247,4,53,53,True,False,0.4389243126
43257,61,61,10,False,True,0.0238131564
43267,5,5,25,False,True,0.1645297706
43271,51,26,4,True,True,0.0043415846
43272,50,77,55,True,True,0.0000002690
43284,61,61,61,False,False,0.9965445399
43289,96,56,52,True,True,0.0058053406
43300,73,0,73,True,True,0.0000000931
43302,21,39,93,True,True,0.0000018943
43321,10,28,10,True,True,0.0537957437
43325,54,54,92,False,True,0.1685241461
43328,23,19,54,True,True,0.0006149697
43332,9,9,40,False,True,0.0005741572
43342,15,15,93,False,True,0.0000647243
43354,70,32,92,True,True,0.0001753780
43355,6,6,14,False,True,0.2623232901
43374,56,23,33,True,True,0.0096683828
43378,36,32,36,True,True,0.0180292316
43379,19,31,15,True,True,0.0134091116
43390,83,10,30,True,True,0.0433867536
43391,94,94,94,False,False,0.8858797550
43410,37,17,49,True,True,0.0014173470
43412,8,8,8,False,False,0.9996362925
43413,63,43,50,True,True,0.0000881099
43428,78,78,75,False,False,0.2879194021
43432,91,32,93,True,True,0.2008955628
43436,36,34,74,True,True,0.0000000545
43452,46,46,11,False,True,0.0324894190
43453,82,82,82,False,False,0.9711889029
43454,75,75,55,False,True,0.0036135823
43455,89,89,19,False,True,0.0208820272
43457,40,40,51,False,True,0.0319715403
43472,50,75,50,True,True,0.0001776020
43477,1,1,32,False,True,0.0000018693
43485,96,56,52,True,True,0.0383085534
43494,93,93,98,False,True,0.0047754967
43497,87,53,94,True,True,0.0000020726
43510,77,9,9,True,False,0.9421386123
43511,59,96,59,True,True,0.0136783458
43512,49,49,49,False,False,0.9981340766
43519,53,53,53,False,False,0.8885068297
43522,1,1,1,False,False,0.3790373802
43536,13,55,37,True,True,0.0000002148
43538,23,67,23,True,True,0.0011969587
43540,99,99,99,False,False,0.3521025181
43546,54,32,18,True,True,0.0007610830
43547,93,93,67,False,True,0.0023091366
43552,34,32,72,True,True,0.0000251176
43568,6,6,21,False,True,0.0027180864
43574,65,64,1,True,True,0.0002642800
43582,9,9,86,False,True,0.0776162371
43600,77,77,88,False,True,0.0083537502
43602,85,85,56,False,True,0.0009026129
43603,50,36,32,True,True,0.0473872386
43612,94,94,94,False,False,0.7825978994
43615,83,83,83,False,False,0.5803543329
43617,87,87,87,False,False,0.6440815330
43619,5,5,20,False,True,0.0017339828
43624,40,40,89,False,True,0.0000005427
43626,25,25,5,False,True,0.0023793401
43628,5,5,25,False,True,0.2703289986
43632,85,37,89,True,True,0.0004240535
43634,35,35,2,False,True,0.0190839507
43650,56,52,59,True,True,0.0058011981
43658,36,64,50,True,True,0.0047108978
43659,31,31,31,False,False,0.9986366630
43662,78,78,78,False,False,0.7576507926
43666,6,9,83,True,False,0.0124187041
43672,35,46,35,True,True,0.0886754915
43676,86,86,86,False,False,0.9999467134
43681,92,62,62,True,False,0.8555206060
43684,5,5,5,False,False,0.9977368116
43686,76,76,76,False,False,0.8202471733
43704,6,6,14,False,True,0.0000406904
43709,15,15,15,False,False,0.9959581494
43710,20,20,20,False,False,0.7790389657
43725,99,99,99,False,False,0.9271255732
43727,54,54,54,False,False,0.9979470372
43739,12,12,17,False,True,0.0000722277
43742,68,68,72,False,True,0.0011315582
43751,45,7,96,True,True,0.0000035466
43754,10,61,69,True,True,0.1320967823
43759,55,46,84,True,True,0.0000082293
43763,40,40,23,False,False,0.4325163066
43773,83,52,57,True,True,0.0015753813
43781,67,68,32,True,True,0.0000000492
43783,6,42,82,True,True,0.0000043315
43784,99,31,78,True,True,0.0000000292
43787,12,76,17,True,True,0.0003348865
43790,85,85,89,False,True,0.0131384796
43791,27,97,14,True,False,0.0000573201
43792,33,33,33,False,False,0.2681674361
43800,54,92,54,True,True,0.0947052315
43807,96,33,52,True,True,0.0463274829
43809,22,22,87,False,True,0.0028644255
43813,56,52,56,True,True,0.0065560057
43815,56,56,56,False,False,0.7643464804
43833,40,40,0,False,True,0.0134428563
43836,51,15,97,True,True,0.0000749493
43841,25,25,25,False,False,0.4272214174
43843,74,36,50,True,True,0.0006994142
43857,79,14,93,True,True,0.0000072243
43858,49,45,23,True,True,0.0000000111
43863,29,26,29,True,True,0.0000004500
43868,96,70,30,True,True,0.0000002706
43873,17,17,17,False,False,0.8987836838
43876,98,48,98,True,True,0.0000007661
43885,61,40,61,True,True,0.0000861284
43886,1,1,16,False,True,0.0314068757
43890,69,69,69,False,False,0.9678882360
43894,55,5,89,True,True,0.0000277851
43896,37,37,89,False,True,0.0480566323
43898,87,80,55,True,True,0.0000042619
43904,26,26,44,False,False,0.1382148117
43909,32,61,4,True,True,0.0000048649
43913,40,40,46,False,True,0.0001243051
43914,37,37,37,False,False,0.4347141683
43917,64,64,74,False,True,0.0292727239
43923,79,6,91,True,True,0.0000371095
43925,90,37,90,True,True,0.0000016226
43926,24,24,7,False,True,0.0000140370
43928,35,35,2,False,True,0.0000000535
43929,12,12,12,False,False,0.9626918435
43935,71,23,71,True,True,0.0024843048
43943,4,63,34,True,True,0.0011894467
43945,44,44,18,False,True,0.0000298025
43955,68,60,68,True,True,0.0110309198
43961,58,58,58,False,False,0.8671410680
43970,87,0,98,True,True,0.0000000387
43972,16,57,16,True,True,0.0000000019
43973,78,83,78,True,True,0.0000002720
43990,3,36,62,True,True,0.0005893505
43996,55,71,71,True,False,0.9220227599
44003,25,85,25,True,True,0.0000005248
44010,15,15,15,False,False,0.4034411311
44013,74,63,93,True,True,0.0000181910
44015,48,48,48,False,False,0.9632518888
44019,37,37,58,False,False,0.2368662059
44023,50,80,14,True,True,0.0003503815
44028,15,15,15,False,False,0.9999741316
44040,19,19,91,False,True,0.1531882286
44044,72,4,72,True,True,0.0000897868
44055,53,53,41,False,True,0.0046541756
44059,21,21,21,False,False,0.7532482147
44064,85,85,50,False,True,0.2541720271
44076,90,37,13,True,True,0.0038636157
44090,49,49,49,False,False,0.9788819551
44092,47,47,47,False,False,0.7800309658
44094,67,91,95,True,True,0.0384626016
44101,94,94,94,False,False,0.4962780774
44116,29,75,85,True,True,0.0000000171
44117,24,24,24,False,False,0.9959263802
44124,62,14,62,True,True,0.0274657514
44130,16,16,9,False,True,0.0113770738
44139,14,7,14,True,True,0.0000265811
44142,48,48,48,False,False,0.5014379621
44144,61,61,40,False,True,0.1940414906
44148,1,55,1,True,True,0.0005685174
44150,0,0,53,False,True,0.0091199288
44153,43,43,3,False,True,0.0048346021
44155,61,61,61,False,False,0.9980681539
44163,32,46,46,True,False,0.5675759912
44174,53,53,53,False,False,0.9935185313
44179,74,74,3,False,True,0.0018573153
44180,0,0,57,False,True,0.0260286126
44194,78,99,99,True,False,0.9959354401
44200,4,93,32,True,True,0.0019707871
44201,21,21,21,False,False,0.9606395364
44209,20,89,25,True,True,0.0000002087
44210,7,7,7,False,False,0.9050027728
44214,47,47,52,False,True,0.0691995993
44220,33,33,88,False,True,0.0043614279
44222,57,57,57,False,False,0.9820245504
44223,58,58,58,False,False,0.9849581718
44225,44,44,14,False,True,0.0000314681
44230,71,71,11,False,True,0.1487113237
44232,31,31,31,False,False,0.4407649338
44233,21,21,21,False,False,0.9994553924
44235,75,75,19,False,True,0.0933556631
44241,77,18,7,True,True,0.0000499495
44244,59,96,52,True,True,0.0212325528
44262,72,64,67,True,True,0.0000148600
44266,39,39,39,False,False,0.9999923706
44267,62,62,70,False,True,0.0731521249
44270,51,51,51,False,False,0.9021506310
44281,28,28,54,False,True,0.0047084689
44282,33,33,52,False,True,0.1738070548
44285,39,39,39,False,False,0.6741669774
44287,68,49,60,True,True,0.0000597248
44289,13,58,58,True,False,0.4295459986
44295,15,3,55,True,True,0.0000000038
44298,22,61,65,True,True,0.0030211732
44305,60,60,60,False,False,0.8837283254
44321,29,29,4,False,True,0.0000001260
44322,15,15,89,False,True,0.0175570305
44325,11,11,11,False,False,0.9976291060
44348,45,44,79,True,True,0.0000002355
44351,48,48,48,False,False,0.9821280241
44352,1,32,30,True,True,0.0000223299
44359,5,5,25,False,True,0.3134715855
44360,54,70,70,True,False,0.2897543609
44366,64,50,74,True,True,0.0008778846
44369,73,4,95,True,True,0.0000000154
44371,76,76,15,False,True,0.0000007586
44372,14,14,86,False,True,0.0000990232
44381,5,84,94,True,True,0.0010259935
44390,84,84,3,False,True,0.0051964405
44392,61,61,61,False,False,0.9535698295
44397,3,64,23,True,True,0.0002664879
44400,95,95,95,False,False,0.8222202659
44402,68,49,68,True,True,0.0000496247
44409,46,83,46,True,True,0.0000046853
44415,97,97,64,False,True,0.0034679638
44420,93,93,30,False,True,0.0447285138
44424,96,52,33,True,True,0.0116127534
44427,76,76,39,False,True,0.0722234249
44432,90,90,90,False,False,0.9856511950
44434,1,1,1,False,False,0.9995299578
44446,90,13,85,True,True,0.0000783345
44447,84,84,20,False,True,0.0298145898
44450,0,0,0,False,False,0.7010248303
44457,83,83,78,False,True,0.0007897816
44460,86,86,86,False,False,0.9579249024
44462,13,13,13,False,False,0.6031867862
44474,25,38,41,True,True,0.0000000000
44494,50,50,36,False,True,0.0000010442
44496,61,61,61,False,False,0.9651722312
44501,5,84,95,True,True,0.0049239276
44507,78,78,78,False,False,0.6160830855
44522,92,70,53,True,True,0.0639262795
44523,82,82,82,False,False,0.9999450445
44529,22,22,22,False,False,0.9983958602
44530,18,18,18,False,False,0.4768417776
44533,46,98,35,True,True,0.2530208230
44536,62,62,32,False,True,0.0693379939
44542,28,9,28,True,True,0.0000077150
44546,36,36,67,False,False,0.0628588647
44559,26,74,77,True,True,0.0015593836
44566,13,58,66,True,True,0.0002094363
44580,80,65,67,True,True,0.0010690250
44584,32,67,98,True,True,0.0000047530
44585,25,25,25,False,False,0.7966848016
44586,77,77,65,False,True,0.0000045507
44601,97,66,41,True,True,0.0000170668
44609,25,25,5,False,True,0.3552015722
44627,25,25,25,False,False,0.9277536273
44628,15,15,15,False,False,0.9993463159
44630,53,53,53,False,False,0.4967891574
44643,47,33,33,True,False,0.4646330774
44644,39,25,39,True,True,0.0000344859
44649,43,43,34,False,True,0.0000119368
44652,68,68,68,False,False,0.8769255877
44655,18,6,18,True,True,0.0188018512
44657,63,36,4,True,True,0.0409615673
44667,11,46,35,True,True,0.0049045114
44678,48,8,13,True,True,0.0000001106
44686,67,32,78,True,True,0.0002787823
44687,72,50,65,True,True,0.0000013857
44703,74,74,79,False,False,0.0598870330
44704,22,22,22,False,False,0.9436974525
44720,94,94,94,False,False,0.9619622231
44741,65,56,33,True,True,0.0207935888
44746,11,35,98,True,True,0.0000372438
44748,90,81,37,True,True,0.0001426027
44757,25,25,13,False,True,0.0000292245
44762,13,13,13,False,False,0.9954547882
44765,15,15,29,False,True,0.0161419362
44775,1,1,32,False,True,0.1616065800
44782,24,7,79,True,False,0.1105712652
44787,44,78,44,True,True,0.0032520844
44792,46,46,46,False,False,0.9998156428
44796,31,31,31,False,False,0.9996088147
44808,56,56,56,False,False,0.7938992381
44832,9,9,94,False,True,0.0083178543
44834,80,80,23,False,True,0.0000001924
44837,84,84,5,False,True,0.0006192633
44840,44,44,36,False,True,0.0000200905
44845,60,23,60,True,True,0.1408999860
44846,3,3,96,False,True,0.0000229442
44848,58,58,58,False,False,0.9967173934
44859,26,85,26,True,True,0.0000037309
44860,7,7,7,False,False,0.9999785423
44867,3,34,19,True,True,0.0112765571
44872,4,0,3,True,True,0.0000007065
44884,72,97,66,True,True,0.0000493517
44885,62,92,62,True,True,0.2010374963
44887,21,46,30,True,True,0.0000083899
44888,6,6,51,False,True,0.0000277722
44892,90,72,68,True,True,0.0000009710
44906,9,9,9,False,False,0.9734855890
44907,44,42,19,True,True,0.0004548983
44908,41,89,48,True,True,0.0000018995
44915,62,62,62,False,False,0.6470417976
44922,63,32,36,True,True,0.0000147097
44924,74,36,74,True,False,0.3892925680
44925,42,42,42,False,False,0.9999960661
44929,83,83,83,False,False,0.9025884271
44948,29,15,18,True,True,0.0008644877
44957,55,57,46,True,True,0.0000000000
44963,44,6,24,True,True,0.0000000000
44965,64,78,2,True,True,0.0000046621
44973,74,66,50,True,True,0.0038804677
44976,72,55,66,True,True,0.0000001301
44980,55,3,3,True,False,0.4485158026
44987,76,76,37,False,True,0.0562480502
44988,68,68,79,False,True,0.0014448827
45000,85,58,89,True,True,0.0001415225
45008,94,94,94,False,False,0.6167626381
45015,35,11,35,True,True,0.1810515523
45016,46,11,46,True,True,0.1294874996
45020,68,60,68,True,True,0.0002290929
45034,78,99,99,True,False,0.8913352489
45039,98,98,98,False,False,0.9226557612
45043,85,85,85,False,False,0.9999486208
45049,85,89,85,True,True,0.0040429332
45051,3,19,21,True,True,0.0054929648
45056,57,57,57,False,False,0.8401861787
45057,83,83,7,False,True,0.0000187375
45062,28,28,16,False,False,0.0533133559
45070,13,13,37,False,False,0.2529112399
45082,95,30,71,True,True,0.0001577461
45087,9,9,40,False,True,0.0956234485
45091,52,59,52,True,True,0.0654101148
45094,89,20,89,True,True,0.0000833547
45097,9,9,84,False,True,0.2792769372
45109,39,39,86,False,True,0.0034383349
45110,61,10,61,True,True,0.0020665608
45125,42,88,50,True,True,0.0100918394
45127,57,57,0,False,True,0.1202449203
45132,65,47,3,True,True,0.0000000000
45133,53,3,14,True,True,0.0000648137
45138,55,73,55,True,True,0.0002675223
45139,64,36,84,True,True,0.0000004226
45141,86,86,86,False,False,0.9999837875
45144,53,53,53,False,False,0.9673408866
45145,37,37,96,False,True,0.0005018945
45150,9,55,55,True,False,0.6902493238
45159,93,93,93,False,False,0.7249289751
45163,4,36,66,True,True,0.0000308890
45169,19,19,34,False,True,0.0377828702
45171,0,0,0,False,False,0.9687606692
45174,12,12,12,False,False,0.9510706663
45176,36,36,41,False,True,0.0211814065
45178,93,77,93,True,True,0.0000049084
45187,86,86,61,False,False,0.0099838730
45196,29,55,29,True,True,0.0063437894
45202,38,38,17,False,True,0.0005020188
45212,84,46,32,True,True,0.0036823298
45213,57,57,77,False,True,0.0051339772
45221,7,45,7,True,True,0.0144082839
45226,83,83,83,False,False,0.9023232460
45234,84,84,62,False,True,0.0155690452
45241,37,37,17,False,True,0.2010962367
45243,61,61,61,False,False,0.9529404640
45247,84,84,5,False,False,0.2086735517
45249,27,29,27,True,True,0.0000420043
45256,94,94,94,False,False,0.9330155253
45261,91,95,95,True,False,0.8155189157
45265,22,22,23,False,True,0.0004759645
45267,59,59,56,False,True,0.0273349043
45272,38,38,3,False,True,0.0001952414
45274,46,46,46,False,False,0.9656278491
45282,76,76,76,False,False,0.9986770749
45284,43,43,43,False,False,0.5465163589
45285,39,84,39,True,True,0.0000305438
45287,65,65,80,False,True,0.0086467685
45291,34,34,1,False,True,0.0885679796
45294,85,7,85,True,True,0.0000000009
45296,6,82,82,True,False,0.8091278076
45302,14,80,14,True,True,0.0002497044
45314,9,9,9,False,False,0.6267544627
45316,46,11,89,True,True,0.1407628506
45329,62,62,70,False,True,0.1031421944
45337,72,97,69,True,True,0.0135880439
45338,85,85,17,False,True,0.1321948916
45341,46,60,95,True,True,0.0006604902
45348,32,1,88,True,True,0.0013032358
45349,90,90,76,False,True,0.0022994524
45355,93,97,77,True,True,0.0000670252
45357,16,28,16,True,True,0.0254192408
45358,41,4,41,True,True,0.0000000003
45365,47,96,52,True,True,0.1685427576
45366,82,82,82,False,False,0.9996478558
45367,4,66,14,True,True,0.0000290166
45372,2,2,2,False,False,0.7051028609
45373,82,82,82,False,False,0.9999713898
45379,90,90,37,False,True,0.0276222173
45384,85,85,85,False,False,0.9991876483
45388,39,39,87,False,True,0.1556359529
45390,21,21,21,False,False,0.9973165393
45391,77,77,94,False,True,0.0000034843
45392,44,44,73,False,True,0.0000170821
45393,48,48,41,False,True,0.1283918917
45398,94,94,5,False,True,0.3523074389
45401,63,72,74,True,True,0.0069898814
45402,25,25,49,False,True,0.0004394123
45403,47,47,59,False,True,0.0196053255
45407,91,72,97,True,True,0.0006404570
45408,37,37,22,False,False,0.1340154707
45418,63,70,96,True,True,0.0000000012
45419,31,21,63,True,True,0.0056312177
45422,28,28,28,False,False,0.8169434071
45426,25,25,87,False,False,0.0495255701
45441,43,43,71,False,True,0.0000282699
45445,2,2,2,False,False,0.9823082685
45446,23,23,72,False,True,0.0039096382
45448,59,52,23,True,True,0.0038257407
45449,8,8,0,False,True,0.0551270172
45452,88,88,42,False,True,0.0039111814
45453,20,20,28,False,True,0.0154554769
45466,0,0,0,False,False,0.9825310111
45471,51,51,51,False,False,0.9946240783
45474,70,92,62,True,True,0.1262939870
45480,5,5,5,False,False,0.3756663501
45482,82,82,82,False,False,1.0000000000
45483,48,48,48,False,False,0.9979901314
45484,97,97,19,False,True,0.3466184735
45487,99,99,99,False,False,0.9795078635
45492,73,73,73,False,False,0.9996770620
45495,69,76,46,True,True,0.0031190235
45509,11,11,46,False,True,0.0000092128
45521,79,79,77,False,True,0.0000555893
45523,30,73,32,True,False,0.4611107707
45525,54,54,62,False,True,0.0014346597
45537,89,89,66,False,True,0.0001768624
45548,88,88,43,False,True,0.0180573203
45552,66,36,58,True,True,0.0006585640
45553,55,23,33,True,True,0.0002653085
45556,64,64,64,False,False,0.9495159388
45564,45,45,55,False,True,0.0002151757
45572,90,90,90,False,False,0.7759313583
45575,94,94,37,False,True,0.0007985577
45581,21,21,44,False,True,0.0104144076
45582,55,75,21,True,True,0.0123585192
45584,53,53,20,False,True,0.0540948808
45588,70,70,70,False,False,0.9998199344
45598,18,18,6,False,True,0.0563370995
45610,75,75,21,False,False,0.3196153939
45618,79,79,79,False,False,0.6381020546
45624,49,49,33,False,True,0.0040364880
45644,90,90,37,False,False,0.1796522737
45645,41,48,41,True,True,0.0041448008
45646,30,30,30,False,False,0.9151052833
45649,44,44,27,False,True,0.0008593407
45673,8,8,8,False,False,0.9986389279
45677,64,66,85,True,True,0.0000193660
45684,85,85,85,False,False,0.8692114949
45685,14,67,21,True,True,0.0000034965
45689,88,88,38,False,True,0.2400789857
45695,82,82,82,False,False,0.9986995459
45696,83,57,82,True,True,0.0093463389
45714,68,49,60,True,True,0.0612588748
45733,52,59,52,True,True,0.0008736235
45740,10,10,40,False,True,0.1709655672
45741,98,98,98,False,False,0.6979324818
45742,25,25,2,False,True,0.0000735172
45749,60,33,60,True,True,0.0460824519
45750,64,64,64,False,False,0.9360051155
45752,72,36,44,True,True,0.0140726184
45753,21,21,86,False,True,0.0043574497
45755,63,74,63,True,True,0.1170788929
45768,64,64,97,False,True,0.0835886598
45773,51,51,51,False,False,0.9845703244
45776,70,70,65,False,True,0.0000872071
45781,26,26,49,False,True,0.0000002501
45784,87,87,87,False,False,0.3454676569
45787,94,94,28,False,True,0.3478607237
45791,71,71,95,False,True,0.0057880636
45796,41,89,89,True,False,0.6060467362
45802,64,74,64,True,True,0.0000040562
45804,87,87,40,False,False,0.0705752447
45806,12,12,12,False,False,0.8534938097
45809,7,79,52,True,True,0.0039819004
45812,53,53,53,False,False,0.9980298877
45817,18,18,72,False,True,0.0000273753
45818,90,89,68,True,False,0.0016519706
45826,66,66,88,False,True,0.0000024654
45829,66,66,66,False,False,0.4227422774
45830,57,57,57,False,False,0.9956842661
45835,73,73,73,False,False,0.3848519921
45850,97,3,66,True,True,0.0000355355
45855,50,44,79,True,True,0.0000667529
45861,86,39,86,True,True,0.0483040698
45868,11,11,46,False,True,0.0006939530
45871,86,86,86,False,False,0.9743686914
45872,51,45,66,True,True,0.0003104630
45873,76,76,76,False,False,0.9956961870
45874,44,63,66,True,True,0.0001267852
45876,20,20,20,False,False,0.9998967648
45881,89,89,25,False,True,0.0111115547
45894,66,66,66,False,False,0.8625560999
45904,29,56,3,True,True,0.0000000000
45910,93,93,44,False,True,0.0006670700
45916,43,42,43,True,True,0.0000101634
45920,99,41,1,True,True,0.0000000001
45923,54,54,70,False,True,0.0670193210
45927,90,13,13,True,False,0.9962112904
45929,98,98,98,False,False,0.7498264313
45932,16,16,16,False,False,0.8258242607
45941,50,50,86,False,True,0.0000912297
45947,32,98,98,True,False,0.5389638543
45949,25,25,25,False,False,0.9032912254
45956,51,62,51,True,True,0.0000101928
45967,0,0,0,False,False,0.9654424787
45968,2,2,11,False,False,0.3884798586
45973,1,32,62,True,True,0.0025101218
45980,13,81,13,True,True,0.0000669717
45981,62,54,7,True,True,0.0000000001
45987,61,61,61,False,False,0.9836090207
45991,45,79,96,True,True,0.0000075077
45993,68,86,68,True,True,0.0000424216
46006,75,75,3,False,True,0.0367055014
46008,20,20,20,False,False,0.9991993308
46010,56,56,6,False,False,0.2434430569
46016,6,7,54,True,False,0.0001655293
46020,98,98,98,False,False,0.6451662779
46026,29,29,56,False,True,0.0153276511
46027,80,80,65,False,True,0.0031807609
46030,90,90,81,False,True,0.0906499773
46032,94,94,94,False,False,0.9949009418
46042,69,76,69,True,True,0.0322927572
46044,49,49,49,False,False,0.9947293401
46051,7,6,7,True,True,0.0000000166
46056,16,16,16,False,False,0.8925915956
46057,6,6,7,False,True,0.2685237527
46061,25,25,87,False,True,0.0031628744
46068,92,54,92,True,True,0.0026675723
46070,57,57,57,False,False,0.7396044731
46071,44,44,20,False,True,0.0000033105
46084,86,86,24,False,True,0.0000000010
46091,35,35,35,False,False,0.5330513716
46092,93,93,75,False,True,0.0011743954
46093,59,52,55,True,True,0.0000005929
46105,76,76,76,False,False,0.4522196651
46111,95,71,71,True,False,0.9974386692
46114,57,41,57,True,True,0.0000000950
46115,77,50,31,True,True,0.0043667397
46117,5,5,20,False,True,0.0234311633
46126,88,23,43,True,True,0.0000001539
46127,88,88,88,False,False,0.9986554384
46133,40,76,69,True,True,0.0873645768
46134,16,16,9,False,True,0.1174798980
46137,64,63,36,True,True,0.0009354017
46138,4,74,98,True,True,0.0170415789
46139,87,87,94,False,True,0.0759721994
46149,14,14,54,False,False,0.2218158841
46154,97,97,88,False,True,0.0225608349
46156,29,29,29,False,False,0.9042882919
46159,51,51,70,False,True,0.0693762898
46162,86,86,40,False,True,0.1122664586
46180,75,19,75,True,True,0.0003459931
46181,85,85,55,False,True,0.0010269460
46185,94,94,94,False,False,0.7948997617
46197,37,23,49,True,True,0.0005072895
46199,9,9,97,False,True,0.0880770758
46200,88,26,88,True,True,0.0604940690
46203,8,8,66,False,True,0.0007026957
46207,98,98,35,False,True,0.0004275179
46211,27,27,66,False,True,0.0185353775
46215,66,66,13,False,True,0.0000022264
46221,69,69,69,False,False,0.9992089868
46225,97,34,36,True,True,0.0000032566
46228,71,71,23,False,True,0.0008378280
46231,39,39,78,False,True,0.0701124817
46232,63,74,67,True,False,0.0837867036
46233,99,78,99,True,True,0.2420034707
46242,85,85,58,False,False,0.1132802963
46245,10,61,24,True,True,0.0103971986
46247,95,73,95,True,True,0.0118706645
46254,15,15,49,False,True,0.0799260885
46255,91,91,32,False,True,0.0242486391
46257,47,33,96,True,True,0.0743668452
46267,76,76,76,False,False,0.5285546184
46268,67,95,67,True,True,0.0061566220
46270,63,64,63,True,True,0.0003218838
46273,46,46,11,False,True,0.2522138357
46274,0,0,0,False,False,0.9994933605
46287,90,90,60,False,False,0.0100248400
46289,99,78,44,True,True,0.0239313003
46298,5,5,25,False,False,0.2872741222
46299,64,64,89,False,True,0.0000005105
46301,58,58,58,False,False,0.7923289537
46307,7,6,79,True,True,0.0114507228
46308,55,72,55,True,True,0.0000000318
46328,1,1,32,False,True,0.0316903964
46335,4,50,5,True,True,0.0026274733
46336,47,96,56,True,True,0.0001489644
46343,55,55,1,False,True,0.0567264073
46347,96,52,96,True,True,0.1927714348
46351,3,3,66,False,True,0.0218894947
46352,30,95,95,True,False,0.9658007026
46354,94,94,94,False,False,0.9984127283
46358,0,0,0,False,False,0.9992262125
46363,48,48,48,False,False,0.9968594313
46369,33,33,56,False,True,0.0423922874
46371,51,51,51,False,False,0.3061729670
46378,15,15,46,False,True,0.0567455068
46379,37,17,14,True,False,0.1754744500
46382,64,74,65,True,True,0.0000032665
46391,86,86,86,False,False,0.9651817679
46399,50,36,50,True,True,0.0004581075
46409,98,98,2,False,True,0.0000014331
46414,44,78,18,True,True,0.0000000828
46419,71,49,49,True,False,0.9847710729
46422,64,64,74,False,True,0.0000352354
46426,22,22,22,False,False,0.9946034551
46428,89,89,67,False,True,0.0000740017
46435,96,19,49,True,True,0.0022975507
46442,25,25,25,False,False,0.5530492663
46446,46,46,4,False,True,0.1643488258
46461,25,5,94,True,True,0.0037882754
46468,19,49,55,True,True,0.0000000000
46469,61,61,61,False,False,0.9892906547
46473,64,36,85,True,True,0.0259945989
46480,41,41,58,False,False,0.2062824816
46481,91,91,34,False,True,0.0000160364
46482,74,51,74,True,True,0.0026857161
46485,6,19,38,True,True,0.0000001476
46491,11,98,11,True,True,0.0000176006
46497,17,17,59,False,False,0.2052341104
46499,91,1,32,True,True,0.0025848984
46500,18,18,63,False,True,0.0001180394
46503,95,30,1,True,True,0.0120017985
46506,52,52,52,False,False,0.5005430579
46512,97,34,46,True,True,0.0000000019
46513,39,39,39,False,False,0.9941933751
46520,38,38,34,False,True,0.0002834210
46531,79,79,46,False,True,0.0048617055
46535,58,58,41,False,True,0.0083512757
46546,52,52,52,False,False,0.5889838934
46548,75,75,50,False,True,0.0000007169
46549,98,98,46,False,True,0.0497184843
46557,62,62,47,False,True,0.0057609533
46561,90,90,90,False,False,0.8599019051
46567,14,14,21,False,True,0.0000013018
46569,49,23,23,True,False,0.2852721810
46571,32,18,10,True,True,0.0000030051
46579,95,4,73,True,True,0.0000281828
46580,16,16,16,False,False,0.5933222175
46583,17,17,17,False,False,0.7466414571
46586,50,50,66,False,True,0.0009680810
46587,37,37,17,False,True,0.0026815834
46601,37,37,37,False,False,0.9060267210
46604,78,78,60,False,True,0.0000000355
46609,36,36,85,False,True,0.0481232591
46612,60,60,60,False,False,0.3830712736
46619,67,7,67,True,True,0.0021358654
46624,46,46,55,False,True,0.0452539027
46628,61,16,61,True,True,0.0001065910
46630,97,97,97,False,False,0.9444904327
46632,76,76,76,False,False,0.9982442856
46633,56,96,96,True,False,0.2839110196
46637,81,81,81,False,False,0.9994196892
46640,67,32,66,True,True,0.0576514266
46646,53,53,53,False,False,0.9994949102
46658,99,99,44,False,True,0.2579610944
46660,63,63,1,False,True,0.0126504414
46667,48,48,48,False,False,0.6274940968
46668,15,15,15,False,False,0.8178451061
46670,86,86,86,False,False,0.8470262885
46675,48,48,8,False,True,0.0310971495
46681,89,89,69,False,False,0.1023914292
46682,23,71,23,True,True,0.0213380568
46684,73,73,73,False,False,0.6838171482
46685,61,61,1,False,True,0.0290814377
46689,76,76,76,False,False,0.6744447351
46693,27,27,65,False,True,0.0020546659
46710,78,78,27,False,True,0.0000265827
46720,93,93,93,False,False,0.2801863551
46723,73,73,30,False,True,0.0071358434
46731,91,1,1,True,False,0.9979494214
46737,46,46,98,False,True,0.0029888297
46740,86,86,86,False,False,0.9847499132
46741,43,21,82,True,True,0.0060737063
46761,55,27,33,True,False,0.0804096833
46765,28,28,28,False,False,0.5470035076
46769,7,7,28,False,True,0.0001072232
46771,65,65,43,False,True,0.0021404636
46778,46,46,46,False,False,0.9677633047
46784,77,74,62,True,True,0.0019147925
46792,74,4,50,True,True,0.0049080602
46800,10,10,28,False,True,0.0071461475
46804,75,75,4,False,True,0.0000005255
46808,10,61,61,True,False,0.9939801693
46811,77,77,77,False,False,0.7173914909
46822,97,34,73,True,True,0.0012866518
46824,71,71,72,False,True,0.0000058963
46831,44,44,44,False,False,0.6089281440
46832,82,82,82,False,False,0.9999976158
46835,90,90,13,False,True,0.0981449112
46843,75,75,95,False,True,0.0000281803
46850,14,54,1,True,True,0.0014705353
46851,1,1,1,False,False,0.6995386481
46853,54,54,92,False,True,0.2426328659
46854,18,99,55,True,True,0.0004573642
46855,95,73,72,True,True,0.0001145447
46858,17,76,17,True,True,0.0276256241
46866,77,77,77,False,False,0.8886229992
46870,75,75,75,False,False,0.9524017572
46872,55,55,72,False,True,0.0314998627
46876,95,73,71,True,True,0.0252531972
46878,20,20,84,False,True,0.1350380182
46883,84,84,84,False,False,0.3354738057
46904,6,6,59,False,True,0.0000367053
46908,82,82,82,False,False,0.9999892712
46913,6,49,42,True,True,0.0083191479
46914,54,54,54,False,False,0.9582548738
46933,95,95,51,False,True,0.3882258236
46945,9,9,9,False,False,0.9922060370
46947,89,37,89,True,True,0.0385996439
46949,37,33,37,True,False,0.0003419859
46950,13,13,90,False,True,0.0278902166
46958,3,42,98,True,True,0.0267905761
46963,62,92,70,True,True,0.0225725882
46970,72,34,26,True,True,0.0000111654
46976,16,16,16,False,False,0.9067651033
46983,88,60,53,True,True,0.0000000001
46984,52,52,52,False,False,0.9262127876
46985,41,98,46,True,True,0.0005508321
46989,84,84,37,False,True,0.0015798464
46993,92,82,62,True,True,0.0555060171
46994,45,45,44,False,True,0.0002025742
46997,22,22,77,False,True,0.0217662137
46999,96,33,33,True,False,0.3676543832
47002,58,58,66,False,True,0.0330876894
47006,15,15,19,False,True,0.0014045259
47012,26,18,26,True,True,0.0000147206
47020,72,72,30,False,True,0.0005955434
47022,28,28,28,False,False,0.4223650396
47023,52,56,33,True,True,0.0028514294
47034,92,82,52,True,True,0.0048060939
47036,53,53,53,False,False,0.9788327217
47041,49,49,49,False,False,0.5067164302
47046,58,58,58,False,False,0.9758850336
47048,55,73,97,True,True,0.0000002564
47050,45,45,91,False,True,0.0061115078
47053,28,10,28,True,True,0.0000028653
47057,67,67,67,False,False,0.3446404934
47066,21,21,21,False,False,0.8709065914
47067,24,24,7,False,True,0.2434978932
47069,55,4,3,True,True,0.0000230122
47072,58,58,19,False,True,0.0004960936
47082,54,62,62,True,False,0.9934402108
47083,6,6,14,False,True,0.0095047466
47089,13,81,13,True,True,0.0006268861
47091,24,24,7,False,True,0.0654463992
47094,29,29,44,False,True,0.2508479357
47095,76,76,71,False,True,0.0659266412
47101,7,7,24,False,True,0.0122303218
47103,35,35,98,False,True,0.0011824491
47114,26,26,41,False,False,0.0036417076
47117,31,31,19,False,False,0.2563328743
47121,34,19,72,True,True,0.0000634394
47128,9,9,25,False,True,0.0094076414
47132,28,28,40,False,True,0.0000628253
47146,80,43,33,True,True,0.0002074723
47151,56,56,56,False,False,0.3032401800
47152,34,34,34,False,False,0.9999749660
47165,77,77,51,False,True,0.0104325609
47166,90,90,37,False,True,0.0388474390
47172,62,82,62,True,True,0.0395316556
47174,9,9,28,False,True,0.0951985121
47203,77,66,7,True,True,0.0000000629
47204,52,33,96,True,True,0.1208026335
47205,43,43,88,False,True,0.0190224405
47208,20,20,72,False,True,0.1528008282
47219,93,33,93,True,True,0.0000000313
47220,80,44,80,True,True,0.0005242185
47223,9,9,9,False,False,0.6705639958
47229,67,67,67,False,False,0.9840986133
47230,5,5,5,False,False,0.7333304286
47234,51,51,65,False,True,0.0053767241
47235,53,53,61,False,True,0.2446994931
47236,47,59,33,True,True,0.0134612070
47238,83,83,83,False,False,0.9197010398
47240,10,10,90,False,True,0.0000012762
47241,34,34,84,False,True,0.0576986857
47251,2,2,84,False,True,0.0000000002
47257,52,96,33,True,True,0.0073722033
47265,93,93,78,False,True,0.0589171685
47266,67,67,50,False,True,0.0000376836
47274,71,71,99,False,True,0.0010228481
47275,46,46,46,False,False,0.4728201628
47276,12,49,12,True,True,0.0000006630
47283,47,47,47,False,False,0.7445278764
47286,41,41,33,False,False,0.1533609033
47291,98,98,35,False,True,0.2393835783
47293,10,28,1,True,True,0.0021213701
47294,9,9,9,False,False,0.9942767024
47299,65,80,44,True,True,0.0059918188
47306,82,82,82,False,False,0.9999986887
47316,97,97,97,False,False,0.9976965785
47323,93,26,26,True,False,0.9123788476
47326,24,24,24,False,False,0.9609378576
47329,75,66,75,True,True,0.0315514021
47331,23,23,23,False,False,0.7224852443
47334,96,52,52,True,False,0.5774049163
47336,56,59,33,True,True,0.0283031240
47339,98,98,2,False,False,0.3009884655
47341,10,10,9,False,False,0.1781767309
47342,46,46,46,False,False,0.8866661787
47343,91,1,72,True,True,0.0000001987
47345,96,96,52,False,True,0.0120215099
47353,32,46,98,True,True,0.2324979454
47354,47,47,26,False,True,0.0000210911
47355,4,21,77,True,True,0.0017953779
47356,24,24,24,False,False,0.7452647686
47372,59,52,96,True,False,0.3560449183
47376,36,36,36,False,False,0.4243098795
47378,27,27,44,False,True,0.0000424297
47384,35,2,98,True,True,0.0004549350
47390,2,2,2,False,False,0.9674225450
47391,20,20,84,False,True,0.0016749947
47398,57,57,57,False,False,0.9501988292
47399,99,33,78,True,True,0.0539683588
47413,74,80,43,True,False,0.0006270626
47420,57,0,83,True,True,0.0000908876
47421,2,2,11,False,True,0.0000027574
47422,15,15,38,False,True,0.0208782908
47428,37,37,37,False,False,0.8928084970
47431,11,11,2,False,False,0.2791715562
47441,37,37,18,False,True,0.0319756344
47447,20,20,20,False,False,0.8993999362
47450,27,78,78,True,False,0.2862072885
47451,89,89,89,False,False,0.7413977385
47456,39,39,39,False,False,0.9934870005
47457,52,96,47,True,False,0.2130737752
47460,47,33,47,True,True,0.1735671163
47465,15,15,55,False,False,0.1118495464
47466,48,48,48,False,False,0.5193055868
47467,96,96,59,False,True,0.0628342927
47471,29,29,43,False,True,0.0038888080
47474,38,23,50,True,True,0.0000048569
47476,94,94,94,False,False,0.6580655575
47480,41,41,86,False,True,0.0000553506
47481,1,1,1,False,False,0.9725373387
47482,20,20,20,False,False,0.9978430271
47490,33,23,60,True,True,0.0000000109
47499,91,91,44,False,True,0.0030245220
47501,31,31,31,False,False,0.8456363082
47506,28,10,97,True,True,0.0166012663
47507,99,99,78,False,True,0.0029490914
47510,8,8,8,False,False,0.9999908209
47511,5,5,55,False,True,0.0545350872
47513,97,34,66,True,True,0.0389762893
47522,62,70,62,True,True,0.0694248900
47524,61,61,61,False,False,0.6428927183
47525,54,62,92,True,True,0.0009775569
47528,86,86,39,False,True,0.1228441149
47535,87,9,87,True,True,0.0798695683
47540,25,25,20,False,True,0.0253941473
47547,66,66,78,False,True,0.1234183833
47552,10,40,13,True,True,0.0000415583
47570,91,32,1,True,True,0.0000616687
47577,24,24,24,False,False,0.9278749824
47588,3,3,80,False,True,0.0004149516
47592,38,38,36,False,True,0.0011741641
47595,27,27,80,False,True,0.0116572464
47606,95,95,72,False,True,0.0006593022
47607,83,83,83,False,False,0.9999525547
47609,40,40,40,False,False,0.4467054904
47614,59,59,52,False,True,0.0000001745
47620,83,83,55,False,True,0.0500481538
47622,4,66,50,True,True,0.0008506167
47626,91,32,1,True,True,0.0001288138
47627,81,13,58,True,True,0.0305919517
47631,86,86,86,False,False,0.9369597435
47635,32,46,46,True,False,0.9217304587
47641,70,70,70,False,False,0.9591168761
47643,15,15,15,False,False,0.9998551607
47646,17,17,17,False,False,0.5772286654
47649,14,14,14,False,False,0.9999768734
47652,52,52,52,False,False,0.7346233726
47662,56,56,52,False,True,0.3316731453
47664,92,62,14,True,True,0.0040121898
47670,53,53,53,False,False,0.9505771995
47677,97,97,34,False,True,0.0022832491
47678,88,88,88,False,False,0.9552049637
47679,30,91,30,True,True,0.0000688900
47688,49,49,49,False,False,0.9804322720
47689,79,38,14,True,True,0.0003191350
47699,33,60,68,True,True,0.0000184300
47714,65,65,65,False,False,0.8956065178
47720,65,65,65,False,False,0.9936504960
47722,93,73,95,True,True,0.0002246659
47726,86,86,22,False,False,0.0110377176
47731,43,43,43,False,False,0.9990963936
47734,89,89,60,False,False,0.0707514286
47747,78,78,69,False,True,0.0095718168
47753,17,17,17,False,False,0.6477882862
47758,74,50,91,True,True,0.0003153569
47765,60,60,30,False,True,0.0247897841
47766,96,52,96,True,True,0.0022658200
47780,37,37,37,False,False,0.9984649420
47781,52,33,59,True,True,0.0236887094
47791,13,13,13,False,False,0.8634576797
47798,20,20,20,False,False,0.9922876358
47806,26,79,32,True,True,0.0005474277
47808,72,36,55,True,True,0.0219142437
47809,59,96,32,True,True,0.0156884920
47812,75,75,46,False,True,0.0005483826
47817,81,90,85,True,True,0.0051002088
47823,74,65,36,True,True,0.0043260870
47827,53,53,53,False,False,0.9998787642
47830,92,62,1,True,True,0.0281896107
47835,77,77,77,False,False,0.9999812841
47836,11,11,11,False,False,0.9544492960
47848,87,87,30,False,True,0.0000000000
47850,49,23,49,True,False,0.1707756668
47851,33,33,18,False,True,0.0037283325
47857,94,94,94,False,False,0.9462522864
47862,82,82,56,False,True,0.0032344565
47865,15,15,80,False,True,0.0000001560
47868,68,68,68,False,False,0.6820489764
47870,96,96,69,False,False,0.0697968528
47878,68,60,71,True,True,0.0313208923
47883,86,86,55,False,True,0.0706190467
47888,48,48,48,False,False,0.9997064471
47893,72,30,6,True,True,0.0503818281
47895,62,62,82,False,True,0.0028160647
47897,33,33,33,False,False,0.9948471785
47901,27,27,44,False,True,0.0006837863
47913,85,85,89,False,True,0.0118025159
47918,78,78,78,False,False,0.9999728203
47924,7,7,7,False,False,0.8497838974
47929,57,57,57,False,False,0.8503373861
47950,37,37,37,False,False,0.9952713847
47961,42,42,42,False,False,0.9999986887
47965,96,96,33,False,True,0.0057719941
47970,42,43,36,True,True,0.0061243200
47979,0,0,0,False,False,0.9949892163
47983,79,93,6,True,True,0.0030120425
47987,18,18,44,False,True,0.0011555513
47997,50,85,41,True,True,0.0000698141
47998,62,62,62,False,False,0.4652758539
48004,81,81,81,False,False,0.4532017708
48008,37,37,90,False,True,0.0042905370
48014,31,3,74,True,True,0.0533491634
48017,15,15,15,False,False,0.6054072976
48029,36,36,36,False,False,0.9552416205
48035,56,59,56,True,True,0.0244928878
48039,85,85,13,False,True,0.0550503954
48050,77,77,26,False,True,0.2257369608
48052,21,21,3,False,True,0.0000257437
48054,98,98,46,False,True,0.0000061722
48060,53,53,82,False,True,0.0560576655
48061,19,19,69,False,True,0.1251363009
48065,17,17,90,False,True,0.0358191393
48076,67,67,95,False,True,0.0117499894
48082,80,80,3,False,True,0.0208354611
48095,80,80,3,False,True,0.0060350378
48107,22,22,58,False,True,0.0000241527
48108,41,46,69,True,True,0.0303941164
48109,26,79,55,True,True,0.0000100347
48113,23,23,23,False,False,0.6331441998
48118,46,46,11,False,True,0.0037844786
48123,58,58,89,False,True,0.0853747055
48124,13,13,58,False,True,0.0084920470
48130,41,41,41,False,False,0.7442351580
48137,64,36,38,True,False,0.0037488849
48138,61,61,61,False,False,0.9973431230
48140,50,36,50,True,True,0.0051424815
48144,42,43,34,True,True,0.0002385228
48145,88,88,88,False,False,0.9741540551
48146,94,94,94,False,False,0.9975808859
48149,94,94,94,False,False,0.9949374199
48154,0,0,98,False,True,0.0226288084
48158,94,94,94,False,False,0.9985241294
48170,20,20,5,False,True,0.0259757470
48171,30,30,95,False,True,0.0003227019
48175,32,1,51,True,True,0.0000001867
48188,35,98,32,True,True,0.0033345611
48189,94,94,94,False,False,0.9999849796
48192,91,91,1,False,False,0.0870430246
48203,14,14,67,False,True,0.0605748072
48207,88,34,42,True,True,0.0000881621
48208,94,94,94,False,False,0.9039768577
48210,57,57,0,False,True,0.0002083248
48213,40,40,21,False,True,0.1996717155
48218,79,6,79,True,True,0.0082173953
48226,44,1,16,True,True,0.0000086708
48229,38,38,97,False,True,0.0000010152
48235,96,33,33,True,False,0.8290057182
48238,86,86,86,False,False,0.5866925120
48240,6,6,6,False,False,0.9856533408
48247,87,87,99,False,True,0.0000116792
48253,86,40,48,True,True,0.0006974551
48255,81,87,22,True,True,0.0129176490
48260,21,21,50,False,True,0.2822326720
48265,40,40,41,False,True,0.0001547637
48266,3,31,3,True,True,0.0003727106
48271,48,48,89,False,True,0.2455577999
48274,95,30,86,True,True,0.0031865919
48294,58,58,58,False,False,0.9993062019
48298,26,26,79,False,True,0.0169970468
48310,39,39,39,False,False,0.9890278578
48317,60,60,60,False,False,0.9228323698
48319,58,58,58,False,False,0.9383010268
48321,51,51,62,False,True,0.0246171188
48323,72,72,3,False,True,0.0000169670
48341,78,78,85,False,True,0.0008537608
48342,11,2,58,True,True,0.0000000323
48343,27,44,44,True,False,0.4988493621
48344,96,52,52,True,False,0.4871556461
48358,70,10,70,True,True,0.0000016705
48361,76,76,5,False,False,0.0667077824
48363,3,3,88,False,True,0.0000091706
48364,64,74,3,True,True,0.0000002523
48365,34,34,46,False,True,0.1959106326
48366,77,26,7,True,True,0.0048370981
48370,92,54,54,True,False,0.2898254991
48371,57,83,57,True,True,0.0000000545
48374,51,33,36,True,True,0.0038148712
48381,80,38,69,True,True,0.0005954817
48382,43,43,36,False,True,0.0124070924
48383,42,64,88,True,True,0.0000016242
48394,85,85,85,False,False,0.8215293288
48403,31,55,3,True,True,0.0000002552
48404,6,85,56,True,True,0.0000523528
48408,41,55,41,True,True,0.0000098716
48416,55,55,73,False,True,0.0151840709
48420,87,87,87,False,False,0.9373952150
48457,73,33,99,True,True,0.0000895289
48464,65,65,65,False,False,0.5131696463
48468,34,36,74,True,True,0.0114003541
48471,41,41,7,False,True,0.0343727022
48474,25,5,25,True,True,0.0002390164
48476,65,65,65,False,False,0.4454655945
48484,56,56,56,False,False,0.6208488345
48499,31,85,31,True,True,0.0000008496
48516,37,37,12,False,True,0.2275923342
48525,51,51,93,False,True,0.0001101028
48526,13,13,13,False,False,0.9993056059
48534,89,89,89,False,False,0.9550774097
48536,1,1,1,False,False,0.7501468658
48540,84,84,3,False,True,0.0001368959
48542,78,99,18,True,True,0.0921013579
48553,8,8,8,False,False,0.9989025593
48557,80,80,50,False,True,0.0005842136
48558,99,78,99,True,True,0.0307631176
48561,74,34,36,True,False,0.1205818579
48570,28,28,44,False,True,0.0722399279
48571,76,76,76,False,False,0.9859619737
48582,16,16,89,False,True,0.0068200184
48596,64,64,36,False,True,0.0003211818
48602,74,50,67,True,True,0.0000381454
48611,14,20,95,True,True,0.0000015805
48615,37,37,52,False,True,0.1411994398
48630,69,69,76,False,True,0.0036263070
48633,97,97,37,False,True,0.0109874476
48638,9,9,9,False,False,0.9999549389
48639,61,61,61,False,False,0.9976277947
48647,33,33,19,False,False,0.2670400143
48651,23,23,23,False,False,0.7846170068
48656,30,73,67,True,True,0.0470940173
48658,70,70,62,False,True,0.1033590958
48660,94,94,5,False,True,0.2955139577
48671,39,39,81,False,True,0.0017641825
48672,29,65,93,True,True,0.0000235589
48674,28,28,0,False,True,0.0031899996
48684,19,21,49,True,True,0.0620928481
48686,41,41,86,False,True,0.4199748635
48687,94,16,87,True,True,0.0000358161
48699,95,95,95,False,False,0.8991370797
48721,94,28,87,True,True,0.0000023426
48726,23,23,30,False,True,0.0090878373
48727,41,41,77,False,True,0.0305813961
48742,32,32,61,False,True,0.0000131845
48744,87,87,87,False,False,0.9880693555
48747,44,44,50,False,True,0.0005210282
48751,0,0,0,False,False,0.9975705743
48755,75,75,75,False,False,0.9640601277
48759,11,11,2,False,True,0.0062890993
48762,10,80,17,True,False,0.0016003421
48766,88,88,19,False,True,0.0000001419
48771,44,44,14,False,True,0.0483105890
48781,83,55,83,True,True,0.0005336563
48784,45,85,93,True,True,0.0000000001
48787,12,17,12,True,True,0.0000231883
48788,56,96,56,True,True,0.0493659861
48791,66,66,34,False,True,0.0001648823
48792,28,28,77,False,True,0.0616244152
48793,45,45,45,False,False,0.8513428569
48798,6,6,7,False,True,0.0000005507
48811,29,29,73,False,True,0.0003538874
48818,22,22,22,False,False,0.8299825788
48823,0,0,10,False,True,0.0009714031
48824,75,19,75,True,True,0.0003092414
48827,20,20,20,False,False,0.9919136763
48828,38,42,50,True,True,0.0004820133
48829,65,19,41,True,True,0.0001972723
48836,35,35,2,False,True,0.0000292118
48837,48,48,48,False,False,0.9986132383
48845,83,35,68,True,True,0.0914822668
48852,95,95,73,False,True,0.0000016296
48853,94,94,94,False,False,0.9970452189
48854,21,21,72,False,False,0.4159680903
48855,41,58,89,True,True,0.0019330743
48864,60,60,60,False,False,0.5494976044
48866,32,98,26,True,True,0.0000619048
48870,22,22,22,False,False,0.9767501950
48878,9,9,9,False,False,0.1673045307
48880,29,29,15,False,True,0.0006158462
48884,86,86,86,False,False,0.9995593429
48895,38,38,97,False,True,0.0061801705
48913,6,6,65,False,True,0.0021626775
48919,6,6,6,False,False,0.8445065022
48932,39,39,25,False,True,0.0836677849
48936,52,96,56,True,False,0.1876988113
48940,34,88,34,True,True,0.0007966761
48956,36,36,3,False,True,0.0001529933
48968,12,12,12,False,False,0.9586997032
48974,76,76,76,False,False,0.9986492991
48989,20,20,84,False,True,0.0465990789
48990,78,78,85,False,True,0.0000006687
48993,69,69,69,False,False,0.6540167928
49008,86,86,86,False,False,0.8518541455
49010,90,90,90,False,False,0.5986276269
49011,63,74,65,True,True,0.0066459319
49018,95,30,72,True,True,0.0140554914
49022,75,29,15,True,True,0.0010160218
49026,96,96,52,False,True,0.0921405256
49035,32,11,2,True,True,0.0027469753
49046,25,25,39,False,True,0.0000002090
49049,43,97,3,True,True,0.0001043386
49058,91,91,5,False,True,0.0007854606
49060,25,25,3,False,True,0.0234895442
49061,74,74,66,False,True,0.0022377518
49066,70,70,54,False,True,0.0489478223
49068,33,33,17,False,False,0.0234440845
49069,22,22,22,False,False,0.9521322846
49078,12,12,58,False,True,0.0039548445
49079,43,43,80,False,True,0.0005623852
49081,20,20,84,False,True,0.0001649967
49086,66,66,66,False,False,0.9019131660
49087,54,54,54,False,False,0.9908100367
49093,52,52,52,False,False,0.6420048475
49096,47,52,85,True,True,0.0955316946
49099,90,81,13,True,True,0.0003727950
49100,74,50,50,True,False,0.8047713041
49106,46,46,46,False,False,0.9230507016
49116,40,40,28,False,True,0.0050628842
49121,63,63,77,False,True,0.0050424575
49123,11,11,2,False,False,0.2056488991
49131,88,88,14,False,True,0.0972795486
49133,38,34,36,True,True,0.0079224715
49134,50,50,73,False,True,0.0000371622
49159,27,73,24,True,True,0.0000281300
49168,5,5,39,False,True,0.0000125395
49172,8,8,8,False,False,0.9752904773
49184,37,37,37,False,False,0.8131601214
49186,4,4,36,False,True,0.0000762367
49188,12,12,60,False,True,0.0013344733
49194,29,29,34,False,True,0.1706780046
49197,58,58,58,False,False,0.9977574944
49200,19,19,69,False,True,0.0170079321
49207,63,93,36,True,False,0.0163176898
49214,35,35,2,False,True,0.0003284622
49224,24,24,24,False,False,0.7179930210
49225,35,35,46,False,True,0.0000015156
49230,61,61,84,False,True,0.2406701595
49232,81,13,13,True,False,0.7747383714
49234,58,58,58,False,False,0.9935639501
49237,66,36,66,True,True,0.0005066423
49252,4,21,4,True,True,0.0000000001
49262,67,67,55,False,True,0.0106170336
49263,57,57,55,False,True,0.0031946558
49264,51,51,51,False,False,0.5438242555
49265,95,73,30,True,True,0.0021333431
49266,25,20,25,True,True,0.0048764064
49269,24,7,24,True,True,0.0002892645
49271,26,26,47,False,True,0.0028433332
49275,30,30,14,False,True,0.0000000022
49276,92,92,92,False,False,0.9094426632
49281,73,95,95,True,False,0.6222215295
49284,77,26,77,True,True,0.0000024748
49285,74,74,66,False,True,0.0013293822
49286,70,70,70,False,False,0.4250190258
49288,52,96,33,True,True,0.0001067981
49294,71,23,71,True,True,0.0198216084
49295,55,95,90,True,True,0.0009310025
49303,95,73,30,True,True,0.0902574360
49322,42,42,42,False,False,0.9900622368
49324,17,37,37,True,False,0.4691552818
49325,89,89,41,False,True,0.1614418328
49340,67,71,50,True,True,0.0004325202
49341,88,88,34,False,True,0.1783364415
49347,93,93,95,False,True,0.0000004774
49348,34,34,34,False,False,0.9994676709
49355,87,87,87,False,False,0.4099971056
49361,87,87,87,False,False,0.9946123362
49364,45,49,67,True,True,0.0001359275
49368,82,82,82,False,False,0.9999974966
49380,3,31,71,True,True,0.0007243063
49398,27,27,27,False,False,0.8899546862
49400,29,29,44,False,True,0.0000754645
49403,17,17,17,False,False,0.5769199729
49408,50,50,36,False,True,0.0039382572
49429,54,60,54,True,True,0.0000025152
49441,5,9,5,True,True,0.0000084417
49449,84,84,39,False,True,0.0000982838
49453,19,19,19,False,False,0.5591686964
49458,67,67,67,False,False,0.2657086253
49459,88,88,15,False,True,0.0000002697
49465,11,11,84,False,True,0.0000043561
49467,25,25,25,False,False,0.9796729088
49468,90,90,90,False,False,0.9638558626
49473,81,13,50,True,True,0.0098048421
49474,0,83,53,True,True,0.0139411557
49494,11,11,46,False,True,0.1025537774
49497,0,0,83,False,True,0.2351272553
49498,22,22,22,False,False,0.9741954207
49509,77,65,32,True,True,0.0030149349
49511,36,36,30,False,True,0.0000410713
49531,47,47,59,False,True,0.2350230366
49534,37,37,37,False,False,0.3825910091
49535,24,7,24,True,True,0.3626749814
49537,88,88,88,False,False,0.8337852359
49539,11,11,11,False,False,0.9287695885
49541,78,78,78,False,False,0.9999885559
49550,50,50,36,False,True,0.0000041175
49551,27,27,99,False,True,0.0541581064
49570,45,7,27,True,True,0.0000002171
49572,65,65,34,False,True,0.0056273332
49573,85,85,58,False,False,0.4403529167
49589,54,54,0,False,True,0.0000006183
49596,74,50,63,True,True,0.0010232945
49599,64,64,55,False,True,0.0000005110
49609,21,21,56,False,True,0.0342526436
49610,49,33,46,True,False,0.1127217561
49612,99,99,80,False,True,0.0737765804
49618,53,53,53,False,False,0.9915661812
49626,56,56,23,False,True,0.0002094860
49633,56,56,56,False,False,0.7706782222
49637,74,59,46,True,True,0.0000019385
49639,12,17,85,True,True,0.0043021985
49650,47,52,59,True,True,0.1126234233
49652,57,57,57,False,False,0.7146025300
49656,88,33,34,True,True,0.0000609873
49659,49,49,68,False,True,0.0004729027
49661,96,52,85,True,True,0.0102562625
49674,44,78,75,True,True,0.0701634735
49676,16,16,5,False,True,0.0005594342
49677,0,0,0,False,False,0.8273851871
49687,35,35,11,False,True,0.1023837999
49695,23,23,23,False,False,0.2967329919
49698,15,15,15,False,False,0.7033848763
49700,69,63,32,True,True,0.0000006761
49703,36,74,74,True,False,0.6568518281
49709,93,26,1,True,True,0.0000253437
49714,36,36,30,False,True,0.0009364226
49724,34,34,44,False,True,0.1182658300
49726,1,91,52,True,True,0.0000008382
49732,41,41,41,False,False,0.9920054078
49738,75,75,89,False,True,0.0000020370
49740,76,9,16,True,True,0.0807602555
49746,70,70,92,False,True,0.0188581236
49751,36,36,36,False,False,0.9968181849
49752,65,65,27,False,True,0.0000139663
49753,10,61,61,True,False,0.9464314580
49764,47,47,62,False,True,0.2596978247
49765,1,1,82,False,True,0.1042511314
49771,77,77,77,False,False,0.6174491048
49778,26,14,91,True,True,0.0000159442
49779,55,50,73,True,True,0.0124585601
49780,9,9,22,False,True,0.0948566943
49786,14,14,29,False,True,0.0000121177
49788,64,36,55,True,True,0.0032488254
49790,38,46,55,True,True,0.0000352645
49799,76,89,17,True,True,0.0660273433
49800,96,68,59,True,True,0.0000161315
49806,91,50,30,True,True,0.0000256404
49807,98,98,46,False,False,0.2491733283
49809,17,17,49,False,False,0.3105406761
49810,68,68,81,False,True,0.1189173162
49819,64,64,36,False,True,0.0006105652
49820,1,32,32,True,False,0.7931318879
49836,57,57,57,False,False,0.6265201569
49837,56,56,56,False,False,0.5743160844
49846,61,61,61,False,False,0.9945097566
49848,45,45,51,False,False,0.0013982476
49849,13,90,12,True,True,0.0053424952
49854,33,33,59,False,True,0.0025826697
49858,82,82,82,False,False,0.9813166857
49861,80,80,25,False,True,0.0000114455
49863,16,16,28,False,True,0.0061387476
49864,42,42,19,False,True,0.3291145265
49865,42,36,43,True,True,0.0008245513
49867,88,88,41,False,True,0.0077491216
49894,76,37,76,True,True,0.0000224871
49903,5,5,25,False,True,0.0107442010
49912,61,61,23,False,True,0.1414437145
49919,1,1,1,False,False,0.9617711306
49927,75,49,75,True,True,0.0000000000
49929,4,50,50,True,False,0.8559675813
49930,11,11,88,False,True,0.0000957522
49931,59,96,52,True,True,0.0773906931
49936,59,23,23,True,False,0.7785851955
49944,26,26,26,False,False,0.4532417357
49947,58,58,58,False,False,0.9965489507
49949,38,74,34,True,True,0.0000206118
49950,11,11,46,False,True,0.0013139241
49951,23,67,23,True,True,0.0040780413
49955,5,5,5,False,False,0.9992207289
49962,8,8,8,False,False,0.7706175447
49972,49,49,23,False,True,0.0323485173
49973,34,42,46,True,True,0.0044880356
49974,19,3,19,True,True,0.0000012153
49979,59,47,96,True,True,0.0004549905
49982,94,94,94,False,False,0.8517249823
49990,26,28,26,True,True,0.0000000000
49993,33,33,59,False,True,0.1083038300
49995,80,80,66,False,True,0.0011820334
49997,3,64,43,True,True,0.0000083056
49999,73,95,73,True,True,0.0072787865
